country,method,iter,obj,log_likelihood,trace_Q,eig_min_Q,eig_max_Q,trace_R,eig_min_R,eig_max_R,trace_P0,eig_min_P0,eig_max_P0,theta0_change_norm,theta0_change_std
BRA,fixed_P0,1,0.7438896503242847,-658.5329039027247,3.6155589919488555,3.3811417754601906e-05,2.2107596425715217,6.605805274029596,0.01864776815855297,6.32979225327712,274.4529892445134,0.00028809304106095727,187.88737089981524,1.6124322524580053,13.961794212559903
BRA,fixed_P0,2,0.5267700975384189,-536.2399412646324,2.8245757089856456,3.380754723318574e-05,1.788037986619469,1.9588653983595719,0.021451448719258512,1.5732520139127133,274.4529892445134,0.00028809304106095727,187.88737089981524,0.3773496845558525,1.8664143453190551
BRA,fixed_P0,3,0.4567468168598563,-484.05983989921833,2.090592965919241,3.3802428683305256e-05,1.2723066064563244,1.148770735209075,0.024500691127685714,0.6930214126776026,274.4529892445134,0.00028809304106095727,187.88737089981524,0.30359095191231017,1.1198774741094866
BRA,fixed_P0,4,0.45364087201474423,-451.7750741916735,1.5374732000113411,3.3789086940396415e-05,0.8665661197282089,0.9119292574517506,0.027736910299008634,0.42379587500020666,274.4529892445134,0.00028809304106095727,187.88737089981524,0.1801882600593756,0.7960082712501609
BRA,fixed_P0,5,0.4672634270775241,-429.13673442316656,1.1690333319462716,3.3768022641779645e-05,0.608873563854907,0.8278472203084459,0.03095411559092272,0.42153322504899027,274.4529892445134,0.00028809304106095727,187.88737089981524,0.10016360362249953,0.6348402941305494
BRA,fixed_P0,6,0.4856845596877489,-413.2129427382602,0.9297535962591935,3.3740924823978486e-05,0.45816723181779173,0.7989959519307259,0.033941479146361885,0.43488438047483535,274.4529892445134,0.00028809304106095727,187.88737089981524,0.07758014955931396,0.5156570002611871
BRA,fixed_P0,7,0.5051583151037831,-402.09434616151617,0.7698644554579845,3.37091539783133e-05,0.3694581581631944,0.7930602233625186,0.03655522769154426,0.44542805372283656,274.4529892445134,0.00028809304106095727,187.88737089981524,0.07020454557740281,0.4155103101025443
BRA,fixed_P0,8,0.5241896050347838,-394.13787473023837,0.6577962810821437,3.3673668540574924e-05,0.3133158232898096,0.7968867061752696,0.038735141046995804,0.45381533764437415,274.4529892445134,0.00028809304106095727,187.88737089981524,0.06383175845287081,0.33537508982877295
BRA,fixed_P0,9,0.5421078174263447,-388.1635587761752,0.5754010144883162,3.363517126472684e-05,0.2744557146118992,0.804579707069898,0.040487885515216676,0.4606018862688906,274.4529892445134,0.00028809304106095727,187.88737089981524,0.05865988132670586,0.27870014870766163
BRA,fixed_P0,10,0.5586333057259114,-383.451619468387,0.5123283325396263,3.359421865649446e-05,0.24558506330697558,0.8134233401687236,0.04185919741431251,0.4661979539335037,274.4529892445134,0.00028809304106095727,187.88737089981524,0.054928433801946494,0.24080771307770044
BRA,fixed_P0,11,0.5736940750766304,-379.58793081691687,0.46248611418250873,3.355126962113956e-05,0.22308177522782124,0.822187388889037,0.042909604259960786,0.4708935519886608,274.4529892445134,0.00028809304106095727,187.88737089981524,0.052110192426599124,0.21454918990197708
BRA,fixed_P0,12,0.5873272712014436,-376.3277636029526,0.4221181465273439,3.350669973484971e-05,0.20497348430836348,0.8303485535942909,0.043698983274333844,0.47488377850926033,274.4529892445134,0.00028809304106095727,187.88737089981524,0.04973398683538475,0.1950285072109121
BRA,fixed_P0,13,0.5996226953452891,-373.51703443185147,0.38879265421740944,3.346080640494345e-05,0.19008063789182333,0.8377183629686215,0.0442792479698807,0.47829849172092054,274.4529892445134,0.00028809304106095727,187.88737089981524,0.04756623135431872,0.17976077635819443
BRA,fixed_P0,14,0.6106912372754559,-371.0524999811552,0.3608625318420313,3.341381586778547e-05,0.17763994328130606,0.8442637910477018,0.04469236046536732,0.4812276201096064,274.4529892445134,0.00028809304106095727,187.88737089981524,0.045525000649425336,0.16755355779944972
BRA,fixed_P0,15,0.6206480223014632,-368.86154819429794,0.33716747075325304,3.3365893384920644e-05,0.16712586485201236,0.8500207947581826,0.04497103974199662,0.48373807126500434,274.4529892445134,0.00028809304106095727,187.88737089981524,0.04359369906479148,0.15774382517161453
BRA,fixed_P0,16,0.6296038549127558,-366.89122987038235,0.316862665684036,3.331715480880358e-05,0.15815898859796534,0.8550527216625932,0.04514044143863225,0.48588326601670184,274.4529892445134,0.00028809304106095727,187.88737089981524,0.04177636014951904,0.1498710090807987
BRA,fixed_P0,17,0.6376612231200732,-365.101837889734,0.2993159809264858,3.32676776875498e-05,0.150455379984563,0.859430475012151,0.04521992123862056,0.4877079246534897,274.4529892445134,0.00028809304106095727,187.88737089981524,0.04007963930016041,0.1435685573030593
BRA,fixed_P0,18,0.6449128011278379,-363.46291312488376,0.28404358552211745,3.3217510896565156e-05,0.1437966785291404,0.8632233499905527,0.045224531038218385,0.48925035303537734,274.4529892445134,0.00028809304106095727,187.88737089981524,0.038507013529169874,0.13853371888561672
BRA,fixed_P0,19,0.6514413081769274,-361.95064624503317,0.27066808454715907,3.3166682482183744e-05,0.13801137292511997,0.866495161618431,0.04516617169742096,0.49054361366628907,274.4529892445134,0.00028809304106095727,187.88737089981524,0.03705772252399465,0.134517729866058
BRA,fixed_P0,20,0.6573200682188632,-360.5461283392789,0.25889033420700147,3.311520579929865e-05,0.13296247089254748,0.8693029866844432,0.045054438345066616,0.4916162695766373,274.4529892445134,0.00028809304106095727,187.88737089981524,0.03572728832507993,0.1313186126695568
BRA,fixed_P0,21,0.6626138855246028,-359.23413868716193,0.24846989687971593,3.306308418808755e-05,0.12853903187489735,0.8716971523541899,0.04489722500010168,0.49249297906793965,274.4529892445134,0.00028809304106095727,187.88737089981524,0.03450841741769241,0.12877331684671153
BRA,fixed_P0,22,0.667380013891599,-358.0022831816007,0.23921114068708818,3.3010314474134156e-05,0.12465015155859438,0.8737217664945613,0.04470115253750032,0.49319502623570544,274.4529892445134,0.00028809304106095727,187.88737089981524,0.03339188114139569,0.12674980157864849
BRA,fixed_P0,23,0.6716690989714282,-356.84036786582425,0.2309531400221559,3.2956889552181794e-05,0.1212205715213634,0.8754154324224522,0.04447187111991203,0.4937408003673107,274.4529892445134,0.00028809304106095727,187.88737089981524,0.032367262489924345,0.12514000778752618
BRA,fixed_P0,24,0.6755260362417538,-355.73993399634617,0.22356220391244336,3.2902800272956936e-05,0.11818740625166668,0.8768119761702414,0.04421427472675255,0.4941462199691554,274.4529892445134,0.00028809304106095727,187.88737089981524,0.03142355580479445,0.12385420426933716
BRA,fixed_P0,25,0.6789907241289314,-354.6939066057445,0.21692626282962932,3.2848036807197956e-05,0.11549766197487407,0.8779411120948453,0.043932654404809424,0.4944250986826112,274.4529892445134,0.00028809304106095727,187.88737089981524,0.030549634549822405,0.12281675906172214
BRA,fixed_P0,26,0.682098711814921,-353.69632450846046,0.2109505956568606,3.279258962187235e-05,0.11310633053120803,0.8788290222874263,0.043630808741669094,0.49458945542473975,274.4529892445134,0.00028809304106095727,187.88737089981524,0.029734608191397886,0.1219631453773378
BRA,fixed_P0,27,0.684881750864461,-352.7421299022248,0.20555453939282778,3.273645017097412e-05,0.11097490928998979,0.879498848791468,0.04331212435352044,0.4946497747833074,274.4529892445134,0.00028809304106095727,187.88737089981524,0.02896808829562549,0.12123790527336503
BRA,fixed_P0,28,0.6873682634372399,-351.82700238823384,0.20066893000482539,3.2679611376994735e-05,0.10907024185801831,0.8799711075077581,0.04297963525529515,0.4946152252801704,274.4529892445134,0.00028809304106095727,187.88737089981524,0.028240381358341195,0.1205932985960996
BRA,fixed_P0,29,0.6895837403097452,-350.9472266791001,0.19623409412164916,3.2622067959554244e-05,0.10736360354413246,0.8802640357050276,0.04263606730628116,0.49449384315206957,274.4529892445134,0.00028809304106095727,187.88737089981524,0.027542623094166812,0.11998840888820965
BRA,fixed_P0,30,0.69155108087814,-350.09958628141624,0.19219826024166403,3.256381665045351e-05,0.10582997555943169,0.8803938849311046,0.042283872095969996,0.49429268848228103,274.4529892445134,0.00028809304106095727,187.88737089981524,0.026866866103288898,0.11938853231392635
BRA,fixed_P0,31,0.693290885670864,-349.2812775173905,0.18851629242299428,3.2504856326683126e-05,0.10444746597243307,0.8803751697119004,0.04192525337489632,0.4940179793621198,274.4529892445134,0.00028809304106095727,187.88737089981524,0.02620613044880359,0.118764725860348
BRA,fixed_P0,32,0.6948217101318866,-348.4898397010512,0.1851486738340062,3.244518807975997e-05,0.1031968454817348,0.880220880648703,0.04156218825426035,0.49367520856685354,274.4529892445134,0.00028809304106095727,187.88737089981524,0.025554424529567906,0.11809343249238764
BRA,fixed_P0,33,0.6961602867660432,-347.7230983077151,0.18206068516861157,3.238481523678774e-05,0.10206117338696402,0.8799426687894323,0.04119644477340948,0.4932692461506759,274.4529892445134,0.00028809304106095727,187.88737089981524,0.024906741951579665,0.11735613028801793
BRA,fixed_P0,34,0.6973217212716389,-346.9791187046288,0.17922173583053225,3.2323743343537374e-05,0.10102549456523038,0.8795510066277563,0.04082959698276903,0.49280443045712885,274.4529892445134,0.00028809304106095727,187.88737089981524,0.02425903878663267,0.11653897569063117
BRA,fixed_P0,35,0.6983196670555594,-346.2561685331112,0.17660481541720674,3.226198011606921e-05,0.10007659235368091,0.8790553298253504,0.04046303835969234,0.4922846493199392,274.4529892445134,0.00028809304106095727,187.88737089981524,0.023608194758449472,0.11563242511163303
BRA,fixed_P0,36,0.6991664814942118,-345.5526872152426,0.17418604023430484,3.219953536655263e-05,0.09920278538375821,0.8784641627364564,0.040097994129530794,0.4917134126788266,274.4529892445134,0.00028809304106095727,187.88737089981524,0.022951961362916426,0.11463082953499844
BRA,fixed_P0,37,0.6998733665014136,-344.8672613395686,0.17194427508402801,3.2136420907116654e-05,0.09839375886643711,0.8777852300344791,0.03973553288109947,0.49109391743584274,274.4529892445134,0.00028809304106095727,187.88737089981524,0.02228889951825987,0.11353200393843063
BRA,fixed_P0,38,0.7004504953327031,-344.1986048895608,0.1698608148403259,3.2072650434393426e-05,0.09764042277709128,0.8770255561486336,0.039376577728559334,0.49042910510394877,274.4529892445134,0.00028809304106095727,187.88737089981524,0.021618309374592016,0.11233677692360636
BRA,fixed_P0,39,0.7009071270581361,-343.54554344685,0.16791911360552636,3.2008239398921994e-05,0.0969347909567986,0.8761915537784251,0.03902191716948146,0.489721712622337,274.4529892445134,0.00028809304106095727,187.88737089981524,0.020940154654408894,0.11104852940478667
BRA,fixed_P0,40,0.7012517098066984,-342.90700162644094,0.16610455187545609,3.1943204860507216e-05,0.09626987641942686,0.875289102454027,0.03867221571356706,0.48897431661686397,274.4529892445134,0.00028809304106095727,187.88737089981524,0.02025498408067525,0.10967273289893056
BRA,fixed_P0,41,0.7014919736158134,-342.2819931124257,0.16440423419671224,3.187756533328462e-05,0.09563959919673073,0.8743236178946426,0.03832802430244969,0.48818937133669427,274.4529892445134,0.00028809304106095727,187.88737089981524,0.019563852249850414,0.10821649769850832
BRA,fixed_P0,42,0.7016350135602735,-341.6696127521661,0.16280681143270753,3.1811340624137895e-05,0.09503870390636598,0.8733001127847654,0.03798979050370358,0.48736924049641883,274.4529892445134,0.00028809304106095727,187.88737089981524,0.01886824225957393,0.10668814223206495
BRA,fixed_P0,43,0.7016873637343537,-341.0690302462824,0.1613023230769931,3.1744551663915165e-05,0.09446268492338289,0.8722232495107589,0.0376578684379356,0.48651622327096755,274.4529892445134,0.00028809304106095727,187.88737089981524,0.018169992282168274,0.10509679411585157
BRA,refreshed_P0,1,0.7438896503242847,-658.5329039027247,3.6155589919488555,3.3811417754601906e-05,2.2107596425715217,6.605805274029596,0.01864776815855297,6.32979225327712,21.12520491871875,0.0002623368220871016,14.458486123905015,1.6124322524580053,13.961794212559903
BRA,refreshed_P0,2,0.5263994040304534,-527.191332800101,2.818082249800178,3.3772787290884e-05,1.7827778858439505,1.9515005413041746,0.021375829270501856,1.5679064951396717,11.475490180575298,0.00022441489520610993,7.41541626626049,0.45519476666594555,1.5191354449942769
BRA,refreshed_P0,3,0.4557443354188273,-474.389013734625,2.08177416504771,3.371907463025069e-05,1.2640966785259093,1.1387899677316444,0.024211457639002083,0.6878987103717314,8.079034187478351,0.00020445952495943843,5.130075453863919,0.28497013747367095,1.0746163303011733
BRA,refreshed_P0,4,0.4516065442572293,-441.63709940460245,1.5294472156796401,3.365387974442525e-05,0.8583191028493127,0.8998238033680543,0.02714594815049246,0.4169440518743325,5.949265426523031,0.00019537195037552113,3.663671402819845,0.18870552357703077,0.9176963231227213
BRA,refreshed_P0,5,0.4638972827498461,-418.45640767607244,1.1629269659921004,3.358037044534144e-05,0.6020979603646246,0.8138939801320807,0.030038193376980257,0.4132558985505699,4.401381107716256,0.00019204705093861838,2.5580779966287306,0.15822486678248,0.8477299016428148
BRA,refreshed_P0,6,0.4811074088091173,-401.8801807520469,0.9254765530716917,3.350129137354229e-05,0.4532556820261965,0.7835763368937643,0.03273682203924485,0.4256622231326291,3.313090103719357,0.0001915694855210689,1.7880038290552331,0.14618652200963977,0.7734844781808059
BRA,refreshed_P0,7,0.4997113346022605,-390.0706622198422,0.7669416259467282,3.3418833491352675e-05,0.3660795509748998,0.7766464232953199,0.03513325804763759,0.43563669320857257,2.5772913680143956,0.00019230738473514832,1.2963455950730935,0.1279822399946635,0.6825470835549766
BRA,refreshed_P0,8,0.51821159150641,-381.48336815504854,0.6557700197002146,3.3334495261966864e-05,0.31089630025486603,0.7799011918489688,0.03717324321919007,0.4437863343009722,2.0812704489166163,0.0001933839936729183,0.9957561045306363,0.1080811752775782,0.589823602447485
BRA,refreshed_P0,9,0.5358441827194677,-374.9891232587207,0.5739383409144312,3.32491860140334e-05,0.2725577455024679,0.7873167955068465,0.03884971512035975,0.45052205488552977,1.7385740998285555,0.0001943742307396277,0.8104868196942958,0.09063596735484467,0.5090821900012437
BRA,refreshed_P0,10,0.5522369115013871,-369.8672632820348,0.5112136289786549,3.3163426890690556e-05,0.24395847310581342,0.7960554501275365,0.040187929413502375,0.4561412760007697,1.493076231437474,0.00019511195041319832,0.689760382535166,0.0765285623358337,0.44428858054795217
BRA,refreshed_P0,11,0.5672558740854431,-365.680555925524,0.4615882311071007,3.307751322296935e-05,0.22160154850613914,0.8048063302833711,0.04122978494725099,0.460876136636059,1.310523451318719,0.00019556495176515658,0.6051254107950571,0.0654397498329631,0.39384669535749134
BRA,refreshed_P0,12,0.580903509337218,-362.15987034672827,0.4213607830867332,3.2991611114374575e-05,0.20358551213554935,0.8130029848369273,0.04202167853837582,0.4649026198131614,1.1701511922786492,0.000195759825044829,0.5419793205668197,0.05682408581334657,0.3548405271650676
BRA,refreshed_P0,13,0.59325121148569,-359.13235738391467,0.3881334100977354,3.290580789051002e-05,0.18876889251301082,0.8204363185725773,0.042607200551760274,0.46834945821487783,1.0591204716503442,0.00019574210020997728,0.49271185331649925,0.05017219339835267,0.32465215452858226
BRA,refreshed_P0,14,0.6043995938620151,-356.4818196097268,0.3602793554569578,3.282013823862162e-05,0.17640800151236913,0.8270634615424697,0.04302389338807951,0.47131046782172764,0.969240885955888,0.00019555802718231385,0.4530708806538353,0.04505764623859071,0.3012187529209246
BRA,refreshed_P0,15,0.6144573373517925,-354.1269736928194,0.33665022733398114,3.273459925779117e-05,0.1659866510429768,0.8329150766154374,0.04330258910451945,0.4738560273447174,0.8951013210452614,0.00019524772825319303,0.42048229330102654,0.04113387350022749,0.28293133773936885
BRA,refreshed_P0,16,0.6235307680085795,-352.0090515049052,0.3164079938106117,3.2649160705071116e-05,0.1571291197000674,0.8380511734700173,0.04346802561010381,0.47604134393546077,0.833000213863282,0.00019484357505664883,0.3932717379082992,0.03812279793498616,0.26852271146272544
BRA,refreshed_P0,17,0.631719104737304,-350.0843833348958,0.29892420055913715,3.256377296583041e-05,0.14955210075397563,0.8425403493304672,0.04353990534157853,0.47791153752055654,0.7803217587140208,0.00019437066941732105,0.3702841861422529,0.03580382920014693,0.25699758291248603
BRA,refreshed_P0,18,0.6391126072142022,-348.3197675009104,0.2837168700091239,3.247837361813767e-05,0.14303626589121812,0.8464502813341956,0.04353396790133702,0.47950452032133584,0.7351626100520398,0.00019384801324287112,0.3506851565139698,0.03400414387198223,0.24758680034456487
BRA,refreshed_P0,19,0.6457922056604029,-346.6894719729065,0.27040940371366307,3.2392892854219186e-05,0.13740837468894374,0.849843664185059,0.043462906698791104,0.4808526273085369,0.6961018892851494,0.00019328977592284382,0.3338497921512506,0.03258997244228457,0.2397090584794645
BRA,refreshed_P0,20,0.6518298800797823,-345.17322942749036,0.2587028608163866,3.2307257857110414e-05,0.13252941299012033,0.8527768008929955,0.04333709240601447,0.4819836261376174,0.6620551311121834,0.000192706433561947,0.3192970850972402,0.031458792783288225,0.23293470318270962
BRA,refreshed_P0,21,0.6572893923334346,-343.75485698307364,0.24835668485886775,3.222139621806156e-05,0.12828638069815956,0.8552994670491436,0.04316512136235022,0.48292143648640445,0.6321787113511935,0.0001921057112743635,0.30664868407270385,0.030532535922122735,0.2269522250636981
BRA,refreshed_P0,22,0.662227148376845,-342.421280368554,0.23917495701031188,3.2135238502224924e-05,0.12458640653394201,0.8574553486577302,0.04295422314800484,0.48368670407589465,0.6058054906972365,0.00019149332553563249,0.29560183444340804,0.029751916212215495,0.22153919012382692
BRA,refreshed_P0,23,0.6666930669418217,-341.1618272288825,0.23099637905916393,3.2048720087077425e-05,0.121352415666061,0.8592826960058417,0.04271056102147597,0.48429728437659303,0.5824003143932088,0.0001908735493697789,0.28591086206575944,0.02907189482456394,0.21653856767620258
BRA,refreshed_P0,24,0.670731390692407,-339.9677042947832,0.22368684293970847,3.196178240169886e-05,0.11851987415813264,0.8608150158016459,0.04243945301265434,0.484768655408119,0.5615284977603189,0.00019024963096923506,0.2773740666830752,0.028458179110040123,0.21184042280055745
BRA,refreshed_P0,25,0.674381412014241,-338.8316033231959,0.2171338362129483,3.1874373687748754e-05,0.11603430386635827,0.8620817196875807,0.04214553494077746,0.4851142685054296,0.5428330325918257,0.00018962409613258,0.26982418521980234,0.02788459745919511,0.20736831818779905
BRA,refreshed_P0,26,0.6776781064998373,-337.7473993421661,0.2112421767427179,3.178644938917316e-05,0.11384936257150366,0.8631086976676017,0.04183288110073128,0.485345844345456,0.5260177957628139,0.00018899896138885617,0.2631212976139615,0.027331171344784477,0.20306953094517496
BRA,refreshed_P0,27,0.6806526783314738,-336.70991649510535,0.20593072591783546,3.1697972261217796e-05,0.11192534710378654,0.8639188103450154,0.041505094126740354,0.4854736219391621,0.5108349815714486,0.00018837588015929734,0.2571474558478133,0.02678271784431476,0.19890819237040094
BRA,refreshed_P0,28,0.6833330269041398,-335.714744374609,0.2011298325311337,3.160891227281133e-05,0.11022801799432663,0.864532305531553,0.04116537243401665,0.4855065684069709,0.49707556516362683,0.00018775623986821936,0.2518025598760619,0.026227841441419725,0.19486057396852122
BRA,refreshed_P0,29,0.6857441456982225,-334.75809274815435,0.19677932875538207,3.151924636125607e-05,0.10872767150170895,0.8649671692113718,0.04081656139141392,0.4854525567987412,0.4845619785403847,0.00018714122400165882,0.24700115445673199,0.02565820281877763,0.19091189149570015
BRA,refreshed_P0,30,0.6879084642133226,-333.8366759520365,0.19282694745796836,3.142895808515276e-05,0.10739840369696385,0.8652394216392503,0.040461192752960604,0.48531851820926175,0.47314242541978624,0.00018653184985115555,0.24266991720061282,0.02506797923209424,0.18705414164252712
BRA,refreshed_P0,31,0.6898461426819087,-332.9476205419946,0.18922706369638023,3.1338037210702405e-05,0.10621752460363434,0.8653633684908035,0.04010151569102883,0.485110573261308,0.4626864250912292,0.00018592899004705465,0.23874567193323837,0.02445345376832794,0.1832846085724359
BRA,refreshed_P0,32,0.691575327851772,-332.0883913982978,0.18593968726833704,3.1246479257891895e-05,0.10516509001018601,0.8653518154997301,0.03973952189902306,0.4848341468844053,0.4530812875107907,0.0001853333838980361,0.23517380499389495,0.023812688988382267,0.17960477737530448
BRA,refreshed_P0,33,0.693112376661885,-331.2567326191619,0.18292965065708477,3.115428502629374e-05,0.10422352566964388,0.8652162534299712,0.03937696657719048,0.4844940693197478,0.44422930015707685,0.0001847456429154602,0.23190699264033798,0.02314525455242426,0.17601947083676134
BRA,refreshed_P0,34,0.6944720532892023,-330.4506203494167,0.18016594960220889,3.106146011499613e-05,0.10337732394538857,0.8649670187764825,0.03901538662028499,0.484094665473465,0.43604546284754775,0.00018416625362360542,0.22890416971017585,0.022451989077487782,0.17253608824431932
BRA,refreshed_P0,35,0.6956677038796345,-329.6682252817843,0.17762120317909846,3.096801444722889e-05,0.1026127970686056,0.864613434357769,0.038656116948468024,0.4836398341238858,0.42845564701617844,0.00018359557976581426,0.2261296858816334,0.02173478433016017,0.1691638735062901
BRA,refreshed_P0,36,0.6967114123126786,-328.9078830044626,0.17527120760145956,3.087396180727138e-05,0.10191787439226319,0.8641639329734357,0.038300305634107974,0.48313311804401976,0.42139508558578065,0.0001830338652528457,0.22355260805492783,0.02099638547207867,0.16591317724873594
BRA,refreshed_P0,37,0.6976141395781682,-328.1680706980887,0.17309456360359438,3.0779319395009475e-05,0.1012819335976578,0.8636261665329935,0.037948928256739144,0.4825777657992394,0.4148071216653044,0.00018248123861785723,0.2211461367034449,0.02024020491520433,0.162794705713797
BRA,refreshed_P0,38,0.6983858487452557,-327.44738894035726,0.17107236165340656,3.068410740184064e-05,0.10069565789546889,0.8630071024862196,0.037602801751710054,0.48197678579086634,0.40864216098117473,0.00018193771930711614,0.2188871112944512,0.019470149787364048,0.15981876960694993
BRA,refreshed_P0,39,0.6990356170526489,-326.74454758010296,0.16918791270296193,3.058834861037893e-05,0.1001509129747675,0.8623131089651612,0.037262597894151976,0.4813329930097778,0.40285678566527894,0.00018140322581989247,0.21675558557447588,0.01869046437384486,0.15699455953106933
BRA,refreshed_P0,40,0.6995717363194839,-326.0583548099616,0.1674265149203996,3.049206801945658e-05,0.09964063886605792,0.8615500297499463,0.036928856470419935,0.4806490489149043,0.3974129967834983,0.00018087758549272434,0.21473445801390173,0.01790558945753088,0.15432948203478886
BRA,refreshed_P0,41,0.7000018026433991,-325.38770870801545,0.16577524902249044,3.0395292495182364e-05,0.09915875305024383,0.8607232499656496,0.03660199812740442,0.4799274948390059,0.39227756051580365,0.00018036054558508792,0.21280914626165975,0.01712004045854915,0.15182859219122966
BRA,refreshed_P0,42,0.7003327961948712,-324.73159064075026,0.16422279655613026,3.0298050448243222e-05,0.09870006210148322,0.8598377532812826,0.03628233685052409,0.4791707793327884,0.387421438710729,0.00017985178524906496,0.21096729725820723,0.016338305868514452,0.14949415561757898
BRA,refreshed_P0,43,0.7005711518158605,-324.0890600263493,0.16275927684555447,3.0200371537169905e-05,0.0982601799262342,0.8588981712952239,0.035970091999069684,0.4783812798770287,0.38281928901668894,0.00017935092794208956,0.20919852683284196,0.01556476684187179,0.14732536569604093
BRA,refreshed_P0,44,0.7007228210711682,-323.4592500512921,0.16137609939644737,3.0102286396918477e-05,0.09783545127630122,0.8579088257390668,0.03566539981885178,0.47756131941352736,0.3784490232294816,0.00017885755385631664,0.2074941842806136,0.014803638067112684,0.14531823145898104
BRA,refreshed_P0,45,0.7007933263699796,-322.84136401590064,0.16006582938137556,3.0003826391820196e-05,0.09742287969062527,0.8568737641026183,0.03536832435334573,0.4767131781649018,0.3742914151132668,0.00017837121197996494,0.2058471386665181,0.014058929275041513,0.14346563942569338
CHL,fixed_P0,1,0.4601666546965786,-377.89857892041965,0.04767081288309799,3.0221458082157473e-05,0.013321090421646788,0.5102094587101316,0.0411777179508518,0.2655068670247012,6.59448991228388,0.0005115457671661949,3.9430879492207858,1.5088107068309171,15.559288472760247
CHL,fixed_P0,2,0.572920970161659,-318.4992951016904,0.04846348988736738,3.0169886442811842e-05,0.013451028848295066,0.6699073153256314,0.05361372168344787,0.3372816345664811,6.59448991228388,0.0005115457671661949,3.9430879492207858,0.18270793960577478,1.7509834857517794
CHL,fixed_P0,3,0.6006434719393742,-310.9089315208579,0.048436040204890965,3.0103943057626022e-05,0.013228142058517633,0.7171330812894072,0.05793034159801778,0.3550508343112207,6.59448991228388,0.0005115457671661949,3.9430879492207858,0.06566406919780064,0.6057549845397973
CHL,fixed_P0,4,0.6036694651336451,-308.1761666835074,0.048273514512424606,3.0034544798859973e-05,0.01296585032071276,0.7261810950439795,0.05905140279481541,0.3563188232270451,6.59448991228388,0.0005115457671661949,3.9430879492207858,0.037894609849691376,0.3215904497768871
CHL,fixed_P0,5,0.5999074038456832,-306.2750676938142,0.04813978086511319,2.996308386777239e-05,0.012748920609117115,0.7239721096157367,0.059102495664195766,0.35338788558735074,6.59448991228388,0.0005115457671661949,3.9430879492207858,0.03162622001285068,0.24131125311460047
CHL,fixed_P0,6,0.5941830497878717,-304.6014486205977,0.048082286481780964,2.9890190315849133e-05,0.012607512797585027,0.7184444063667172,0.0588062277374705,0.3494459550923938,6.59448991228388,0.0005115457671661949,3.9430879492207858,0.028070048873229895,0.2055006734661023
CHL,fixed_P0,7,0.5878194986964778,-303.0173836203203,0.04811657717175018,2.9816299296919145e-05,0.012555353665181897,0.7118834095216257,0.058398825599849824,0.34526427779868846,6.59448991228388,0.0005115457671661949,3.9430879492207858,0.0256416179345416,0.18611646496327858
CHL,fixed_P0,8,0.5811871081947798,-301.47892066096824,0.048248515452980284,2.9741719367599376e-05,0.012598125918376463,0.7049553019092738,0.057959113821436904,0.3410186752589892,6.59448991228388,0.0005115457671661949,3.9430879492207858,0.0241334794596095,0.17574652209393973
CHL,fixed_P0,9,0.5743894040661944,-299.9680544609255,0.04848099021378481,2.966666902695971e-05,0.012734983023238323,0.6978558339570906,0.05751435414417147,0.33674428503814857,6.59448991228388,0.0005115457671661949,3.9430879492207858,0.023249099776106466,0.1702939526407593
CHL,fixed_P0,10,0.5674531350772688,-298.47566308112823,0.048816141648072964,2.9591304401350018e-05,0.01295965419309246,0.6906406221497045,0.05707423334932133,0.3324455030645279,6.59448991228388,0.0005115457671661949,3.9430879492207858,0.022734912067983195,0.16732527216039972
CHL,fixed_P0,11,0.5603827343736143,-296.9961074219708,0.04925617621070773,2.9515738629626986e-05,0.013262505943670809,0.6833227008635421,0.056642140539664716,0.3281214650087668,6.59448991228388,0.0005115457671661949,3.9430879492207858,0.02242892436884857,0.16553978146794074
CHL,fixed_P0,12,0.5531766624068367,-295.5252579332298,0.04980371372975101,2.9440054832600963e-05,0.013632794696646928,0.6759024316426526,0.05621908260558658,0.3237715235715272,6.59448991228388,0.0005115457671661949,3.9430879492207858,0.02224150747271545,0.16430968091072407
CHL,fixed_P0,13,0.5458328223227097,-294.05973084401086,0.0504619673082827,2.936431471630679e-05,0.014060241758583034,0.6683773101571449,0.055805113390981535,0.3193963587456303,6.59448991228388,0.0005115457671661949,3.9430879492207858,0.02212793303120402,0.1633670210602335
CHL,fixed_P0,14,0.5383508347925955,-292.596618460855,0.051234849158230955,2.928856434671396e-05,0.014535766860380512,0.6607457122275069,0.0553998826919219,0.3149983280375023,6.59448991228388,0.0005115457671661949,3.9430879492207858,0.02206876182882058,0.16262449830899955
CHL,fixed_P0,15,0.5307334219513722,-291.13345108061924,0.0521270242209617,2.921283811948361e-05,0.015051656007071465,0.6530087972502275,0.0550028571266628,0.3105817677984116,6.59448991228388,0.0005115457671661949,3.9430879492207858,0.022058167327762647,0.1620807559157359
CHL,fixed_P0,16,0.5229875072795573,-289.66828151282203,0.05314390748581757,2.9137161574800505e-05,0.01560147561124427,0.6451718086360383,0.05461341048645075,0.3061532967423731,6.59448991228388,0.0005115457671661949,3.9430879492207858,0.02209747461884204,0.16177204465753334
CHL,fixed_P0,17,0.5151251202649421,-288.1998368550294,0.054291591805647695,2.9061553457590232e-05,0.01617993269047642,0.6372450660159529,0.054230856799083356,0.30172203950433746,6.59448991228388,0.0005115457671661949,3.9430879492207858,0.022191726369350937,0.16174799393110395
CHL,fixed_P0,18,0.5071640162283098,-286.7276983976151,0.055576692201192324,2.8986027261639923e-05,0.016782786057252426,0.6292446256911288,0.053854454366423436,0.297299672934146,6.59448991228388,0.0005115457671661949,3.9430879492207858,0.022347942147304123,0.16205980191662753
CHL,fixed_P0,19,0.4991278639979229,-285.2524720929451,0.057006098092497355,2.891059239430925e-05,0.017406877177301223,0.6211924811210043,0.05348339310064595,0.29290021431028046,6.59448991228388,0.0005115457671661949,3.9430879492207858,0.022574319941783407,0.1627549203004979
CHL,fixed_P0,20,0.49104586411539397,-283.7759096284077,0.058586636096592065,2.883525503956064e-05,0.01805037722815717,0.6131161694928513,0.05311677286204643,0.2885395072976076,6.59448991228388,0.0005115457671661949,3.9430879492207858,0.022879937395019128,0.16387514780727488
CHL,fixed_P0,21,0.48295172850064927,-282.30094091172214,0.060324661749514535,2.8760018768879316e-05,0.018713475961224555,0.6050477146746356,0.0527535803506325,0.2842344175065127,6.59448991228388,0.0005115457671661949,3.9430879492207858,0.023274635953360625,0.16545628473069265
CHL,fixed_P0,22,0.4748820690881667,-280.83158795227416,0.06222561560556557,2.8684884943933022e-05,0.019400128355357017,0.597021955228357,0.052392673155457245,0.2800018171715266,6.59448991228388,0.0005115457671661949,3.9430879492207858,0.023768802021114838,0.16752795534172318
CHL,fixed_P0,23,0.46687438001998277,-279.3727498912296,0.06429359257422247,2.860985296170541e-05,0.02012270904209898,0.5890744486139547,0.052032779759438166,0.275857499811951,6.59448991228388,0.0005115457671661949,3.9430879492207858,0.024372779605399016,0.17011242990832287
CHL,fixed_P0,24,0.4589649100175641,-277.9298765885477,0.06653097752681206,2.853492040288342e-05,0.02091547547343927,0.5812392617276272,0.05167252233516165,0.27181519804007137,6.59448991228388,0.0005115457671661949,3.9430879492207858,0.025095735708454168,0.17322166730298946
CHL,fixed_P0,25,0.4511867620903263,-276.5085758731378,0.06893819166346898,2.846008314831071e-05,0.021871807190696105,0.5735470041318673,0.05131046478834674,0.26788586448437435,6.59448991228388,0.0005115457671661949,3.9430879492207858,0.025943991592474937,0.17685253134581036
CHL,fixed_P0,26,0.4435685040272895,-275.11421717208486,0.07151357380906954,2.8385335521171054e-05,0.023181056004556333,0.5660234077650624,0.0509451827085859,0.2640773173748394,6.59448991228388,0.0005115457671661949,3.9430879492207858,0.026919090557959508,0.18098107299809746
CHL,fixed_P0,27,0.4361334418869093,-273.7515944737503,0.07425339445803888,2.8310670494298336e-05,0.02495071213725665,0.5586886203593633,0.05057534657430144,0.26039426802227233,6.59448991228388,0.0005115457671661949,3.9430879492207858,0.028016076941378747,0.18555750457670245
CHL,fixed_P0,28,0.4288995495466917,-272.4246942679397,0.07715197635299534,2.8236079977636756e-05,0.02706753678755725,0.5515572097153328,0.05019980659661502,0.2568386668270324,6.59448991228388,0.0005115457671661949,3.9430879492207858,0.029222483038895155,0.19050359394652552
CHL,fixed_P0,29,0.4218799166501497,-271.1365863947675,0.08020188085520827,2.8161555177537027e-05,0.029417975367229433,0.5446387324096593,0.0498176678268615,0.2534102528703483,6.59448991228388,0.0005115457671661949,3.9430879492207858,0.030518325450959154,0.19571356388630728
CHL,fixed_P0,30,0.4150835105158734,-269.88942807678654,0.08339411741381098,2.8087087003088094e-05,0.03194737372720732,0.5379386436464548,0.04942834707532722,0.2501071796606093,6.59448991228388,0.0005115457671661949,3.9430879492207858,0.031877098624442,0.20105851451955792
CHL,fixed_P0,31,0.4085160479994234,-268.68455225108534,0.08671834239033963,2.8012666487462512e-05,0.034627597803810445,0.5314593212858478,0.04903160735449695,0.24692660997398685,6.59448991228388,0.0005115457671661949,3.9430879492207858,0.03326748368354544,0.20639342942291333
CHL,fixed_P0,32,0.4021808197530696,-267.5226039476077,0.09016302855159203,2.793828519312928e-05,0.037439911896498236,0.5252010258209497,0.04862756945698893,0.24386521043693377,6.59448991228388,0.0005115457671661949,3.9430879492207858,0.03465537629812703,0.2115653709993604
CHL,fixed_P0,33,0.3960793730929712,-266.40369124311627,0.09371560226802603,2.7863935575812776e-05,0.04036880657230574,0.519162688442252,0.048216702979310945,0.24091951583934187,6.59448991228388,0.0005115457671661949,3.9430879492207858,0.0360058819972016,0.21642157062650078
CHL,fixed_P0,34,0.3902120181661894,-265.3275260605183,0.09736255769338503,2.7789611289836405e-05,0.0433997079515506,0.5133424857278333,0.047799800428915455,0.23808616397074894,6.59448991228388,0.0005115457671661949,3.9430879492207858,0.03728505869302923,0.22081655683504017
CHL,fixed_P0,35,0.38457816397306965,-264.2935405021955,0.10108956388776971,2.7715307424981056e-05,0.046518073092142204,0.507738208125108,0.04737793834086142,0.23536202048984622,6.59448991228388,0.0005115457671661949,3.9430879492207858,0.03846132235333777,0.22461795656035952
CHL,fixed_P0,36,0.3791765142689759,-263.3009735545477,0.10488158185480473,2.7641020670766648e-05,0.049709041015224234,0.5023474572494606,0.04695242908054849,0.2327442211368855,6.59448991228388,0.0005115457671661949,3.9430879492207858,0.03950652439341042,0.22771095913402695
CHL,fixed_P0,37,0.37400516197177835,-262.3489295214671,0.10872300498929678,2.7566749408515245e-05,0.05295734284138018,0.49716771758114287,0.04652476662071058,0.23023015874448013,6.59448991228388,0.0005115457671661949,3.9430879492207858,0.04039674892679986,0.23000159456177963
CHL,fixed_P0,38,0.3690616195515648,-261.43641327760645,0.11259783029279108,2.7492493734699335e-05,0.056247353761006424,0.4921963471162156,0.04609656925611061,0.22781743841631025,6.59448991228388,0.0005115457671661949,3.9430879492207858,0.04111287852329108,0.23141898806761182
CHL,fixed_P0,39,0.3643428165646892,-260.5623488697412,0.11648986077786565,2.7418255421542207e-05,0.059563232655849216,0.48743052429768235,0.04566952198608788,0.2255038185642942,6.59448991228388,0.0005115457671661949,3.9430879492207858,0.04164095914595691,0.23191668926519424
CHL,fixed_P0,40,0.3598450873293608,-259.72558784707593,0.12038293327535547,2.7344037822872646e-05,0.06288911779819234,0.4828671790955076,0.04524532108560186,0.22328714987869192,6.59448991228388,0.0005115457671661949,3.9430879492207858,0.04197237538226822,0.2314731056112048
CHL,fixed_P0,41,0.35556416377202876,-258.9249126464977,0.12426116136826683,2.726984573484006e-05,0.06620935532808611,0.4785029268874447,0.04482562311466547,0.22116531958914365,6.59448991228388,0.0005115457671661949,3.9430879492207858,0.04210383558724117,0.23009103644255255
CHL,fixed_P0,42,0.35149518176513195,-258.1590389301262,0.12810918080833472,2.7195685222223376e-05,0.06950874084755507,0.4743340160730013,0.04441200023195378,0.2191362048366911,6.59448991228388,0.0005115457671661949,3.9430879492207858,0.04203716594272577,0.22779631668873895
CHL,fixed_P0,43,0.3476327042160845,-257.42661933426706,0.13191238444173728,2.7121563421579076e-05,0.07277275710734579,0.4703562945551929,0.04400590317906299,0.2171976365710485,6.59448991228388,0.0005115457671661949,3.9430879492207858,0.041778920793113766,0.22463562784459837
CHL,fixed_P0,44,0.3439707607274546,-256.72624985276224,0.13565713496806414,2.7047488332371848e-05,0.07598779358586435,0.4665651962741901,0.04360863272820129,0.2153473739105042,6.59448991228388,0.0005115457671661949,3.9430879492207858,0.0413398297086535,0.22067359760931268
CHL,fixed_P0,45,0.3405029015806781,-256.0564791365698,0.13933094622509923,2.6973468606382e-05,0.07914133695134959,0.46295574655028093,0.04322131980129186,0.21358308810293775,6.59448991228388,0.0005115457671661949,3.9430879492207858,0.040734114997015736,0.21598936811001787
CHL,fixed_P0,46,0.33722226276800377,-255.41582035673346,0.14292262658194632,2.6899513344304095e-05,0.0822221247644066,0.45952258369062865,0.04284491393671604,0.21190235487091436,6.59448991228388,0.0005115457671661949,3.9430879492207858,0.039978723291420944,0.21067285101144892
CHL,fixed_P0,47,0.33412163848337695,-254.8027649137404,0.1464223809862511,2.6825631906744973e-05,0.08522025804915292,0.45625999376240994,0.04248017935046958,0.21030265382505045,6.59448991228388,0.0005115457671661949,3.9430879492207858,0.03909251944857985,0.20482089939976778
CHL,fixed_P0,48,0.33119355761134534,-254.21579712550204,0.14982187093739047,2.6751833744799513e-05,0.08812727131543005,0.4531619553394275,0.04212769753820796,0.2087813736585932,6.59448991228388,0.0005115457671661949,3.9430879492207858,0.03809548996274267,0.19853361186159885
CHL,fixed_P0,49,0.3284303611239991,-253.6534090283254,0.1531142339655082,2.667812825351503e-05,0.09093616111238331,0.4502221911851809,0.041787875197901454,0.20733582191532834,6.59448991228388,0.0005115457671661949,3.9430879492207858,0.037007997313196685,0.19191094946286494
CHL,fixed_P0,50,0.32582427777750067,-253.11411452590528,0.15629406600606705,2.660452464972896e-05,0.09364137617097454,0.4474342241159945,0.041460956206389406,0.20596323821513818,6.59448991228388,0.0005115457671661949,3.9430879492207858,0.03585011765159541,0.18504979947291803
CHL,refreshed_P0,1,0.4601666546965786,-377.89857892041965,0.04767081288309799,3.0221458082157473e-05,0.013321090421646788,0.5102094587101316,0.0411777179508518,0.2655068670247012,0.31773015838644636,0.00035840019593208293,0.0880119365220495,1.5088107068309171,15.559288472760247
CHL,refreshed_P0,2,0.5718835844788638,-309.0751074576689,0.04842023100881923,3.014589415999195e-05,0.013437941553377672,0.6655920298778133,0.05325907620178914,0.3341885152696824,0.23237352476021494,0.00030205393103671245,0.057557325972549755,0.0901367674875818,1.172937996573485
CHL,refreshed_P0,3,0.5986630572893611,-300.90659533578605,0.048354529385918894,3.0053225966320943e-05,0.013207794111551579,0.7096053194243198,0.05727549757809513,0.34982853232870637,0.20351121176518222,0.00027457612279102475,0.047361421139500565,0.05670548162392088,0.7521420527935704
CHL,refreshed_P0,4,0.6014191594096716,-297.7656542684337,0.048155581677299636,2.9956125007477378e-05,0.012941160429494416,0.7174197192675795,0.058263649041096675,0.3504349804268113,0.189093282182546,0.00025554485435023104,0.042582921079697855,0.040980849277619955,0.5490166923315482
CHL,refreshed_P0,5,0.5978673339717616,-295.59446019407756,0.04798405932552212,2.9856347668089288e-05,0.012720955797471258,0.7150590132791467,0.05828220855862145,0.3475749868292302,0.18037472103051932,0.00024108705081761077,0.03991636522387411,0.030593292315762882,0.42023166102534903
CHL,refreshed_P0,6,0.5925616626362079,-293.7406808040701,0.04788567706293514,2.97546685706138e-05,0.01257617836608774,0.7098235534092474,0.05799890910464178,0.34397461664889584,0.17460021676349916,0.0002298774221239665,0.03828116256286965,0.023272686386242598,0.3331581178551384
CHL,refreshed_P0,7,0.5866803306763863,-292.03385277669594,0.04787516017084107,2.9651611274321004e-05,0.012519629301818814,0.703710315999562,0.05762331751238574,0.34021351979895376,0.1706352187012116,0.00022112032153915513,0.037260325320787185,0.01836018702768527,0.2755718680068686
CHL,refreshed_P0,8,0.58053306741592,-290.4101847522509,0.047957979940712964,2.954755748147218e-05,0.012556133441230327,0.6972710819833815,0.057222661644206495,0.3363981648764284,0.16789938253607678,0.00021422936086994935,0.03666628683298122,0.01543206540291363,0.24022035991018684
CHL,refreshed_P0,9,0.5742006760962582,-288.8391258970692,0.04813680759256227,2.9442793196249632e-05,0.012684096164601758,0.6906580813274849,0.056819177161946566,0.33254024156733486,0.16604851593562203,0.000208759207264682,0.036398724997788165,0.01404008752753347,0.22120768718280528
CHL,refreshed_P0,10,0.5677024750328895,-287.30330678744303,0.04841363169445782,2.933753694877915e-05,0.012896710929330393,0.6839108036668873,0.05642031859343704,0.3286369159372955,0.16486073057270653,0.00020437278143698896,0.03639337584096043,0.013686212299256975,0.2133013422499487
CHL,refreshed_P0,11,0.5610416016942499,-285.7915395366613,0.04879053442447212,2.923195787326788e-05,0.013184054766320601,0.677036979699295,0.056028476513702345,0.3246858637321268,0.16418672094602477,0.00020081572742508894,0.036602381174288996,0.013923595686503275,0.2122176250429057
CHL,refreshed_P0,12,0.5542177965307578,-284.2959218697125,0.0492700253172348,2.912618763322499e-05,0.013535296954647787,0.6700362560714189,0.0556442362910788,0.32068716293835714,0.16392383112795345,0.0001978959347098355,0.036986790374394354,0.014441961614391655,0.2148941988050166
CHL,refreshed_P0,13,0.5472313544132515,-282.8105018843122,0.04985521445466017,2.902032863615817e-05,0.01394021075915142,0.662907506865362,0.05526751433687683,0.31664309901598703,0.16400075267342434,0.00019546779354197007,0.03751387660690223,0.015064752489420534,0.21940039114766813
CHL,refreshed_P0,14,0.5400847012465022,-281.3306352391013,0.05054991189105981,2.8914459963478114e-05,0.014389863555148635,0.6556514306538408,0.05489796706091382,0.31255794394774766,0.1643678123738309,0.00019342042708198642,0.03815611918193468,0.015706323203097488,0.22464578552457465
CHL,refreshed_P0,15,0.5327833732858693,-279.85269303735464,0.05135867424128143,2.880864183436834e-05,0.01487676593052814,0.648271816122156,0.0545351402370786,0.3084379320069558,0.1649905419312995,0.0001916689974671491,0.03889057435955037,0.01633406534620747,0.23009017157699577
CHL,refreshed_P0,16,0.5253368414806316,-278.37396666701886,0.05228679576271905,2.8702919082961254e-05,0.015394784744591945,0.6407764250955195,0.054178520786983604,0.3042913393469008,0.1658452972287774,0.00019014829163912912,0.03969825521876195,0.016944903030096096,0.23552987021808466
CHL,refreshed_P0,17,0.5177592131378288,-276.89268755148015,0.0533402331990038,2.859732394118263e-05,0.015939016219736042,0.6331776854885529,0.05382754823342186,0.3001285483254543,0.16691619447519962,0.00018880797068805246,0.040563496118064146,0.01755226615736307,0.24095751058396664
CHL,refreshed_P0,18,0.5100697055594527,-275.40810651157085,0.05452545322646752,2.8491878315300117e-05,0.016505727992076065,0.6254931375823081,0.05348160650630187,0.295961994817227,0.1681928979706553,0.00018760902935603742,0.04147336026801125,0.01817888144923937,0.24647254716770703
CHL,refreshed_P0,19,0.5022927469080198,-273.9205859270256,0.05584919657394019,2.8386595684656843e-05,0.017092453610375508,0.6177455014388353,0.05314000463344435,0.2918059224237469,0.16966895363208695,0.00018652113872291392,0.04241713524162548,0.018852368409969254,0.252222538889265
CHL,refreshed_P0,20,0.49445757777265953,-272.4316605331954,0.05731816313339152,2.8281482715888355e-05,0.01769837174333273,0.6099622401934699,0.05280195194348326,0.28767590407915905,0.17134046600007646,0.00018552063716664169,0.04338593323665663,0.019601945352713743,0.2583620030305926
CHL,refreshed_P0,21,0.48659729483671144,-270.9440270646442,0.05893863631222743,2.8176540663535477e-05,0.01832528229087569,0.6021745595255343,0.052466533964581556,0.2835881414216348,0.17320498958137584,0.00018458900046008,0.04437239595338632,0.020455375422732097,0.2650214046129251
CHL,refreshed_P0,22,0.478747385276044,-269.46143403083465,0.060716079532210865,2.8071766611260145e-05,0.018980015527311548,0.5944158923845232,0.05213269646942472,0.27955860917579706,0.17526056119118216,0.00018371166894539845,0.045370500465203134,0.02143584969885542,0.27228304252285873
CHL,refreshed_P0,23,0.47094392108305405,-267.98846242324163,0.0626547486666468,2.796715459230007e-05,0.01968066677242383,0.586720042291741,0.05179924536958039,0.27560216085845535,0.17750484443059752,0.00018287714379301273,0.046375469985209195,0.022558949954126543,0.2801635269993872
CHL,refreshed_P0,24,0.46322167680411613,-266.53021342817067,0.06475736665056489,2.7862696611669677e-05,0.020473252907151563,0.5791192572423607,0.05146486836080864,0.2717317355822015,0.1799343915874543,0.00018207628916310593,0.04738381200233032,0.023830145421026093,0.288604242487574
CHL,refreshed_P0,25,0.4556124639809082,-265.0919433635374,0.06702489781656806,2.775838357665869e-05,0.02146710400475605,0.5716425393069416,0.051128180254965745,0.2679577918080347,0.18254404992385104,0.000181301794952101,0.048393542562039274,0.025243369695044714,0.29747147624626696
CHL,refreshed_P0,26,0.4481439243199819,-263.67870065627307,0.0694564408798855,2.765420612915418e-05,0.022828059875807924,0.5643144438627219,0.05078778877805343,0.26428804451041354,0.18532654563560752,0.0001805477671486589,0.04940473028344654,0.026781052724627816,0.3065667617737761
CHL,refreshed_P0,27,0.44083890795659225,-262.29501907967926,0.07204923613438009,2.7550155366307522e-05,0.024599861190550187,0.5571545025261657,0.05044237297111051,0.2607275138829439,0.1882722690847322,0.0001798094207278612,0.050420662048140365,0.028415626191224033,0.31564592808128755
CHL,refreshed_P0,28,0.4337154260946753,-260.9447060540044,0.07479876158680582,2.7446223436329136e-05,0.026679064287651308,0.5501772590316136,0.05009076380336438,0.25727883007241326,0.19136926291183404,0.00017908285460161688,0.05145033866093087,0.030112148238843086,0.324443297948892
CHL,refreshed_P0,29,0.42678705596299127,-259.63074087141194,0.07769888060625482,2.734240400261093e-05,0.028978606342123937,0.543392787272625,0.04973201687912369,0.2539426988808405,0.1946033882080343,0.00017836489068085131,0.0525140212890697,0.031831464255535236,0.33269638748516805
CHL,refreshed_P0,30,0.4200636195126278,-258.3552740199965,0.08074200278573981,2.7238692578796287e-05,0.0314537445035436,0.5368074977678637,0.04936546969195167,0.2507184250620585,0.19795862237601655,0.0001776529608190758,0.05365586017948192,0.03353329908844012,0.3401667819300894
CHL,refreshed_P0,31,0.41355195782556853,-257.11970233462245,0.08391922861023977,2.71350867462179e-05,0.03407968865455509,0.5304250372867592,0.04899077948368228,0.2476044072460878,0.2014174325446639,0.00017694502720393986,0.05496980005537271,0.035178826168630696,0.3466543737658545
CHL,refreshed_P0,32,0.40725666294762,-255.92478821526353,0.08722046296931771,2.703158627086755e-05,0.03683930315379379,0.5242471285320126,0.048607941096747154,0.24459854920691232,0.20496117228830285,0.00017623952404694447,0.056622601691931375,0.03673248986929379,0.3520041599653857
CHL,refreshed_P0,33,0.4011806837178424,-254.77079331162233,0.09063449765030787,2.6928193138873578e-05,0.03971819270853778,0.5182742569547386,0.048217286479462884,0.24169856379591742,0.20857046371840116,0.00017553531112413106,0.05876394964061836,0.03816307808379184,0.3561065658603824
CHL,refreshed_P0,34,0.39532577305484456,-253.6576044311303,0.09414907482299978,2.6824911528024796e-05,0.04270270979193379,0.5125061686780022,0.047819468581971156,0.23890217049688692,0.21222554562717244,0.00017483163251231143,0.06134462950113273,0.039444193644274816,0.3588933265913315
CHL,refreshed_P0,35,0.38969278127790474,-252.58483841603282,0.09775095008565582,2.672174772951494e-05,0.04577910410914643,0.5069421855551584,0.04741543258270389,0.2362072025308642,0.21590658509171134,0.00017412807638775141,0.06419569187350974,0.04055433681705971,0.3603312154420087
CHL,refreshed_P0,36,0.3842818215726024,-251.5519208242185,0.1014259745460672,2.6618710030273358e-05,0.04893316665479375,0.5015813679463611,0.047006377170392,0.2336116457339766,0.2195939606907238,0.00017342453377602765,0.06718727816210368,0.04147679910876783,0.3604155420983308
CHL,refreshed_P0,37,0.3790923423545499,-250.5581391959937,0.1051592116132149,2.651580856299441e-05,0.05215012279170639,0.49642256559576126,0.046593708342276205,0.23111363164127532,0.22326852896097985,0.00017272115559753852,0.07024379438432635,0.04219950993063721,0.359164651832277
CHL,refreshed_P0,38,0.37412314117583667,-249.60267525378788,0.1089350973456705,2.641305512891086e-05,0.0554146727553306,0.4914643967010584,0.04617898804630417,0.22871140402276144,0.22691188304761184,0.00017201830830209733,0.07331931650120597,0.0427149038091535,0.3566159209268181
CHL,refreshed_P0,39,0.36937234976160704,-248.68462189597872,0.11273764521513199,2.6310462997462344e-05,0.058711130197713735,0.4867051893375969,0.04576388000375241,0.22640327359765663,0.23050660619201907,0.0001713165289425459,0.07638239797633883,0.043019811564182046,0.3528231571835374
CHL,refreshed_P0,40,0.36483741259693664,-247.80299086901215,0.11655068867703558,2.6208046687163108e-05,0.06202362777435609,0.48214291118887154,0.04535009510790655,0.22418757110010193,0.23403651557704824,0.00017061648081751743,0.07940921295326356,0.04311533818977306,0.3478549644850844
CHL,refreshed_P0,41,0.3605150740657036,-246.95671610916497,0.12035814922104106,2.6105821732608833e-05,0.06533636492714717,0.4777751052094676,0.04493933878834492,0.22206260495983182,0.23748688642563182,0.00016991891090403034,0.0823805660400162,0.04300667643425109,0.34179351715971623
CHL,refreshed_P0,42,0.35640138255636666,-246.14465642502935,0.12414431425461579,2.6003804443456708e-05,0.06863387546444397,0.4735988416011486,0.04453326257360882,0.22002662685003,0.24084464348483586,0.00016922461025858644,0.08528056158775903,0.04270281370825443,0.33473325797607223
CHL,refreshed_P0,43,0.35249171471948104,-245.36559980719048,0.12789410834472498,2.590201166176521e-05,0.07190129464601785,0.4696106908279028,0.044133421748073956,0.21807780624759954,0.24409850744259234,0.00016853437842321412,0.0880959905849652,0.04221611211230017,0.3267792048160366
CHL,refreshed_P0,44,0.3487808193300748,-244.61827043640386,0.1315933426567492,2.5800460524346427e-05,0.07512460834270146,0.4658067183983783,0.04374124050710515,0.21621421382461783,0.24723908689446064,0.0001678489926550792,0.09081602675740819,0.041561767488190515,0.3180447503953734
CHL,refreshed_P0,45,0.3452628778685226,-243.90133853478395,0.13522893027477761,2.5699168236410635e-05,0.07829087052596184,0.4621824996149554,0.04335798543095263,0.21443381276613915,0.2502589111784942,0.00016716918252759994,0.09343204691860282,0.04075717574135502,0.30864901116280546
CHL,refreshed_P0,46,0.34193157774083005,-243.21343259514927,0.13878905877222514,2.5598151862051015e-05,0.08138837949762098,0.4587331511194347,0.0429847474993039,0.21273445680512298,0.25315240457519145,0.00016649561015420842,0.09593748974101493,0.03982124872771958,0.2987138956026638
CHL,refreshed_P0,47,0.33878019371551055,-242.55315320059256,0.1422633152989667,2.5497428135964208e-05,0.08440680744271445,0.45545337552453435,0.042622432325389814,0.21111389371890682,0.255915807041281,0.0001658288559917295,0.09832771436561372,0.03877372652240862,0.288361112021394
CHL,refreshed_P0,48,0.3358016733716314,-241.9190875468851,0.14564276308095184,2.5397013299485283e-05,0.08733728169299709,0.4523375154133816,0.04227175785183614,0.2095697731191579,0.2585470501604715,0.00016516940991559724,0.10059984416729513,0.037634529198102264,0.27770933148881477
CHL,refreshed_P0,49,0.33298872289088643,-241.30982383334776,0.14891997128383658,2.5296922962669467e-05,0.09017241926830138,0.4493796132863925,0.04193325844621136,0.20809965750496517,0.26104559907353225,0.00016451766704531857,0.1027525933684382,0.036423182033685574,0.26687168099704783
CHL,refreshed_P0,50,0.33033389020731513,-240.72396482886353,0.1520890025245701,2.5197171992857764e-05,0.09290631869453622,0.4465734744769105,0.04160729416576497,0.20670103568903422,0.2634122718302052,0.00016387392764853612,0.10478608034894527,0.03515833633895992,0.2559536840737925
COL,fixed_P0,1,0.8070235415874984,-210.07307284146736,0.013726013192016079,2.7970146719898978e-05,0.0035352938243636833,0.841696750039672,0.0199840819166501,0.5679341361150986,2.2523735294635907,6.374674771947086e-05,0.7941787655119124,1.2421948339437145,15.181130308441405
COL,fixed_P0,2,0.8972585793358732,-174.29637751426412,0.013983808132106104,2.797071705604835e-05,0.003763146475591385,0.9748727893309895,0.023180409808965134,0.6362504335231932,2.2523735294635907,6.374674771947086e-05,0.7941787655119124,0.1678840084880195,1.783576770232424
COL,fixed_P0,3,0.9078988185719916,-170.80474683686205,0.014124833191588849,2.796667804424369e-05,0.003946107859825791,0.9950225083317035,0.02409347859533982,0.642923390925696,2.2523735294635907,6.374674771947086e-05,0.7941787655119124,0.055382535556167525,0.5863265561326079
COL,fixed_P0,4,0.9063532597352159,-169.56099653451912,0.014266170011639979,2.796098537438552e-05,0.004146053025301516,0.9953390026671223,0.02428191627226218,0.6425612247158795,2.2523735294635907,6.374674771947086e-05,0.7941787655119124,0.031418876161578,0.315071115090826
COL,fixed_P0,5,0.9020781407993508,-168.6859301320816,0.014435249321377438,2.7954199922107786e-05,0.004379530261180646,0.9913079228744773,0.024247965912834443,0.6408762264625598,2.2523735294635907,6.374674771947086e-05,0.7941787655119124,0.024485633030439876,0.23024601243837164
COL,fixed_P0,6,0.8971217345867368,-167.9082676417244,0.014640903089751444,2.7946540180846684e-05,0.004651985706183146,0.9862271467316518,0.024147326222414917,0.6388564732157469,2.2523735294635907,6.374674771947086e-05,0.7941787655119124,0.020670729052193495,0.18969983236447016
COL,fixed_P0,7,0.8920066680080034,-167.16873250355812,0.014886797924022418,2.7938124390474516e-05,0.004965383703578014,0.980914531567429,0.024028051620666478,0.6367466111601217,2.2523735294635907,6.374674771947086e-05,0.7941787655119124,0.01826868727826783,0.16696130770518297
COL,fixed_P0,8,0.8868876828497565,-166.451184556439,0.0151748205745093,2.792902663519903e-05,0.005320420263326365,0.9756006576763416,0.023904853673240193,0.6346242504075634,2.2523735294635907,6.374674771947086e-05,0.7941787655119124,0.016658847794470084,0.15290113169527178
COL,fixed_P0,9,0.8818205397867249,-165.75097446265994,0.015506042986874049,2.791929909963214e-05,0.0057172372289131055,0.9703616451346282,0.02378215410808148,0.632520609278886,2.2523735294635907,6.374674771947086e-05,0.7941787655119124,0.015474879005196552,0.1431667185947943
COL,fixed_P0,10,0.87683086854677,-165.06714446343406,0.015881010259154886,2.7908983413827552e-05,0.006155647911482697,0.9652282516000253,0.02366125809310108,0.630451157893388,2.2523735294635907,6.374674771947086e-05,0.7941787655119124,0.014518130821163178,0.1356132877643611
COL,fixed_P0,11,0.8719332937448087,-164.40005692516092,0.01629982617821648,2.7898116374345906e-05,0.006635192670111693,0.9602156541980719,0.02354257016473756,0.6284246415579287,2.2523735294635907,6.374674771947086e-05,0.7941787655119124,0.013690804880847009,0.1292091507581228
COL,fixed_P0,12,0.8671371993350174,-163.75051646752942,0.016762179814284635,2.7886732506577798e-05,0.007155138533835556,0.9553322306298302,0.02342625995739031,0.6264462062854373,2.2523735294635907,6.374674771947086e-05,0.7941787655119124,0.012948875042703568,0.12347984093068268
COL,fixed_P0,13,0.8624486910539643,-163.11938611697965,0.01726735927708322,2.7874864962697507e-05,0.007714466473429006,0.950582436653524,0.023312448144681877,0.6245187154336878,2.2523735294635907,6.374674771947086e-05,0.7941787655119124,0.012275237410459182,0.11822775755374608
COL,fixed_P0,14,0.8578714487085074,-162.50740340400958,0.017814267424262814,2.786254563238134e-05,0.008311862704219783,0.9459679689080912,0.02320124884093222,0.6226434414124034,2.2523735294635907,6.374674771947086e-05,0.7941787655119124,0.011665522975977366,0.11339003152328765
COL,fixed_P0,15,0.85340725397636,-161.9150945614553,0.01840144354321823,2.7849804943535495e-05,0.008945719203432623,0.9414884264610356,0.02309277278123326,0.6208205098704389,2.2523735294635907,6.374674771947086e-05,0.7941787655119124,0.011120611044433211,0.10896425452158717
COL,fixed_P0,16,0.8490564153942673,-161.34274381251447,0.019027091218844057,2.7836671592890992e-05,0.009614143998787843,0.937141817968862,0.022987122400294796,0.6190492259132356,2.2523735294635907,6.374674771947086e-05,0.7941787655119124,0.010642550428842797,0.10496830727453989
COL,fixed_P0,17,0.8448181415483246,-160.79039535628854,0.01968911134059116,2.7823172314859126e-05,0.010314980017318898,0.9329250006994029,0.02288438714063644,0.6173283292628438,2.2523735294635907,6.374674771947086e-05,0.7941787655119124,0.01023229988172959,0.10141846134336581
COL,fixed_P0,18,0.8406908656743394,-160.25787435789033,0.020385138923221094,2.7809331728309756e-05,0.011045830775888166,0.9288340627403099,0.02278464053228263,0.6156561966454777,2.2523735294635907,6.374674771947086e-05,0.7941787655119124,0.009888570827240081,0.09831821137940823
COL,fixed_P0,19,0.8366725162663996,-159.74481786553352,0.02111258250026709,2.779517226671041e-05,0.011804091213620607,0.924864643525579,0.022687938810735123,0.6140310000837289,2.2523735294635907,6.374674771947086e-05,0.7941787655119124,0.009607443096937226,0.09565397789803336
COL,fixed_P0,20,0.8327607311454595,-159.2507095619896,0.021868665034765894,2.778071418174562e-05,0.012586982165204444,0.9210121892337106,0.022594320562417086,0.6124508269941463,2.2523735294635907,6.374674771947086e-05,0.7941787655119124,0.009382557945256827,0.09339537780518734
COL,fixed_P0,21,0.8289530172679892,-158.77491440250088,0.022650465467125052,2.77659756048262e-05,0.013391587195259274,0.9172721447956225,0.02250380699369954,0.6109137674736005,2.2523735294635907,6.374674771947086e-05,0.7941787655119124,0.009205709052025017,0.09149838211276068
COL,fixed_P0,22,0.8252468623180309,-158.31671076742606,0.023454960147343818,2.7750972650248812e-05,0.01421489069725369,0.9136400887040006,0.02241640257421152,0.6094179741530517,2.2523735294635907,6.374674771947086e-05,0.7941787655119124,0.009067639480149766,0.0899099674044728
COL,fixed_P0,23,0.8216398061832044,-157.87531888750533,0.024279063477809316,2.773571954532234e-05,0.015053816294870449,0.9101118194407181,0.022332095920821162,0.6079616998958198,2.2523735294635907,6.374674771947086e-05,0.7941787655119124,0.008958861316737808,0.08857311329586941
COL,fixed_P0,24,0.8181294809858968,-157.44992506892441,0.025119667139642907,2.772022877527315e-05,0.015905264681038284,0.9066834032545201,0.02225086085653774,0.6065433182775712,2.2523735294635907,6.374674771947086e-05,0.7941787655119124,0.008870358188160834,0.08743130275388947
COL,fixed_P0,25,0.8147136278814507,-157.03970173336805,0.025973677310459926,2.7704511233459925e-05,0.016766150108820398,0.9033511927068008,0.022172657610468768,0.6051613312441808,2.2523735294635907,6.374674771947086e-05,0.7941787655119124,0.008794094281417144,0.0864320267819655
COL,fixed_P0,26,0.8113900977865481,-156.64382356837314,0.026838049321612018,2.7688576369884498e-05,0.017633434826019583,0.9001118243563868,0.02209743413497608,0.603814367688237,2.2523735294635907,6.374674771947086e-05,0.7941787655119124,0.008723313710656311,0.08552911415798183
COL,fixed_P0,27,0.8081568419038668,-156.2614802192164,0.02770981925964053,2.7672432333103767e-05,0.01850416083317817,0.8969622025710131,0.02202512751537678,0.6025011759989072,2.2523735294635907,6.374674771947086e-05,0.7941787655119124,0.008652655480500412,0.08468394572934919
COL,fixed_P0,28,0.8050118965912646,-155.89188599646099,0.028586132094086513,2.7656086102476854e-05,0.019375478447564064,0.8938994750044202,0.021955665443194414,0.6012206129844508,2.2523735294635907,6.374674771947086e-05,0.7941787655119124,0.00857812873111819,0.08386575184015164
COL,fixed_P0,29,0.801953365918889,-155.53428706125337,0.02946426601058841,2.763954360891358e-05,0.02024467127309095,0.8909210039265653,0.021888967720074603,0.5999716309795956,2.2523735294635907,6.374674771947086e-05,0.7941787655119124,0.008496995549204243,0.08305124312630208
COL,fixed_P0,30,0.7989794042306099,-155.1879665099802,0.030341652739066402,2.762280984344501e-05,0.021109177303324317,0.8880243364228361,0.021824947757846096,0.5987532644493481,2.2523735294635907,6.374674771947086e-05,0.7941787655119124,0.008407601895127908,0.0822238168815318
COL,fixed_P0,31,0.7960882001963908,-154.85224772803534,0.03121589378433677,2.7605888953559893e-05,0.021966606015084704,0.8852071755150057,0.021763514041178777,0.5975646169906479,2.2523735294635907,6.374674771947086e-05,0.7941787655119124,0.008309187205607266,0.08137254169722793
COL,fixed_P0,32,0.7932779632024782,-154.52649632931343,0.03208477258289478,2.758878432784446e-05,0.02281475143647098,0.8824673534989453,0.021704571522520956,0.5964048493091815,2.2523735294635907,6.374674771947086e-05,0.7941787655119124,0.008201693565586598,0.08049107322268177
COL,fixed_P0,33,0.7905469124552784,-154.2101209489776,0.03294626271781126,2.7571498669700958e-05,0.023651601288884043,0.8798028082213056,0.021648022923802978,0.5952731685012894,2.2523735294635907,6.374674771947086e-05,0.7941787655119124,0.008085587506254866,0.07957660618270718
COL,fixed_P0,34,0.7878932688452737,-153.9025731142809,0.033798532418055534,2.755403406117134e-05,0.024475342402735203,0.8772115626017052,0.02159376992507389,0.5941688187888714,2.2523735294635907,6.374674771947086e-05,0.7941787655119124,0.00796170174989667,0.07862892791806847
COL,fixed_P0,35,0.78531524940161,-153.60334638219717,0.03463994564539044,2.7536392017932353e-05,0.025284362687648144,0.8746917074192562,0.02154171422616489,0.5930910737268223,2.2523735294635907,6.374674771947086e-05,0.7941787655119124,0.00783110029209872,0.07764960813918023
COL,fixed_P0,36,0.7828110640400794,-153.31197490284467,0.03546906012932799,2.7518573536560922e-05,0.02607724999855791,0.8722413871949594,0.021491758473190695,0.5920392298168506,2.2523735294635907,6.374674771947086e-05,0.7941787655119124,0.007694967642122297,0.07664133755162726
COL,fixed_P0,37,0.7803789142443683,-153.0280315432199,0.03628462274818953,2.7500579135067272e-05,0.026852788279199846,0.8698587888903095,0.021443807046881792,0.5910126014086301,2.2523735294635907,6.374674771947086e-05,0.7941787655119124,0.007554521420982045,0.07560741304847689
COL,fixed_P0,38,0.7780169933041525,-152.75112568561138,0.037085562673193156,2.7482408887703453e-05,0.02760995138538168,0.8675421330872,0.021397766714223394,0.5900105167410006,2.2523735294635907,6.374674771947086e-05,0.7941787655119124,0.007410946526402372,0.07455135762421504
COL,fixed_P0,39,0.7757234877481272,-152.4809007982993,0.03787098269459891,2.7464062454891675e-05,0.028347894994342236,0.8652896672980638,0.021353547148551692,0.5890323149652705,2.2523735294635907,6.374674771947086e-05,0.7941787655119124,0.007265348499335307,0.0734766576958154
COL,fixed_P0,40,0.7734965796440759,-152.21703186196024,0.03864014913695767,2.7445539109038047e-05,0.02906594699618789,0.8630996610652902,0.02131106132614721,0.5880773439942436,2.2523735294635907,6.374674771947086e-05,0.7941787655119124,0.007118723425775953,0.07238659798413961
COL,fixed_P0,41,0.7713344494821897,-151.95922272298125,0.03939248074724876,2.7426837756887992e-05,0.029763596741855185,0.8609704025351044,0.021270225809496446,0.5871449590300207,2.2523735294635907,6.374674771947086e-05,0.7941787655119124,0.006971941597711344,0.07128417368406297
COL,fixed_P0,42,0.7692352794059651,-151.7072034341666,0.04012753690807903,2.740795695898531e-05,0.030440483492263557,0.8589001962259986,0.021230960928826967,0.5862345216377374,2.2523735294635907,6.374674771947086e-05,0.7941787655119124,0.006825742184377709,0.07017206066498273
COL,fixed_P0,43,0.7671972566024616,-151.4607276337508,0.04084500549087072,2.738889494669124e-05,0.031096384378062072,0.8568873617500685,0.02119319087436447,0.5853453992488004,2.2523735294635907,6.374674771947086e-05,0.7941787655119124,0.006680736299029829,0.0690526263980822
COL,fixed_P0,44,0.7652185767076316,-151.2195700049685,0.041544690623537835,2.7369649637129862e-05,0.03173120214110706,0.8549302332835648,0.021156843712071438,0.5844769649941896,2.2523735294635907,6.374674771947086e-05,0.7941787655119124,0.00653741606428385,0.06792796681975083
COL,fixed_P0,45,0.7632974471212451,-150.98352385053605,0.04222650060560299,2.73502186463779e-05,0.032344952889579365,0.8530271596183565,0.02112185133551812,0.5836285977848483,2.2523735294635907,6.374674771947086e-05,0.7941787655119124,0.00639616755681372,0.06679995706611806
COL,fixed_P0,46,0.7614320901586797,-150.7523988091438,0.04289043616271114,2.7330599301118e-05,0.032937754060112415,0.85117650465744,0.02108814936607216,0.5827996825714121,2.2523735294635907,6.374674771947086e-05,0.7941787655119124,0.006257285834165165,0.06567030675561683
COL,fixed_P0,47,0.759620745993709,-150.5260187344058,0.043536579193398144,2.7310788648933662e-05,0.033509812743689894,0.8493766482446189,0.021055677012857273,0.5819896107291527,2.2523735294635907,6.374674771947086e-05,0.7941787655119124,0.006120990586490753,0.06454061304884172
COL,fixed_P0,48,0.7578616753671809,-150.30421975063442,0.044165082124637614,2.7290783467397246e-05,0.0340614144982522,0.8476259872407581,0.021024376902992768,0.5811977805256806,2.2523735294635907,6.374674771947086e-05,0.7941787655119124,0.005987441298489576,0.06341240697557582
COL,fixed_P0,49,0.7561531620523254,-150.08684849428158,0.0447761579598086,2.727058027201954e-05,0.034592912740469536,0.8459229367771156,0.02099419489154622,0.580423597638919,2.2523735294635907,6.374674771947086e-05,0.7941787655119124,0.005856751128942391,0.06228719041344018
COL,fixed_P0,50,0.7544935150784737,-149.8737605449279,0.04537007107361807,2.725017532316837e-05,0.03510471878226766,0.8442659316303274,0.0209650798594665,0.5796664757008712,2.2523735294635907,6.374674771947086e-05,0.7941787655119124,0.005728999007355383,0.06116646262894522
COL,refreshed_P0,1,0.8070235415874984,-210.07307284146736,0.013726013192016079,2.7970146719898978e-05,0.0035352938243636833,0.841696750039672,0.0199840819166501,0.5679341361150986,0.13975807152424116,0.0001606820919373166,0.02873668278669329,1.2421948339437145,15.181130308441405
COL,refreshed_P0,2,0.8962815489155878,-166.06129122314655,0.013980960678456575,2.7971593442591167e-05,0.003767747388845284,0.9646901620483268,0.023046280743853544,0.6286768018419923,0.1081173762763504,0.0002374510692691115,0.021686704115436304,0.07054556883749025,1.1295503219885343
COL,refreshed_P0,3,0.905569551484411,-162.3490692876899,0.014119826692617209,2.7967512101853383e-05,0.003959647379593657,0.9801174151229306,0.023887114802785055,0.632265599522289,0.09533324110927288,0.00029197510925457255,0.01843006654246065,0.042706639956803405,0.7438322545554829
COL,refreshed_P0,4,0.9032342103470313,-160.75616675067948,0.014257894420366313,2.7961090562120813e-05,0.004169789740231465,0.978480063641216,0.024049249267691312,0.6306819792711338,0.08814805995187465,0.0003298611050973447,0.016402322743946204,0.03160480177087407,0.5764279732860966
COL,refreshed_P0,5,0.8986298604084383,-159.60054114218846,0.014422416020853923,2.795298413784075e-05,0.004413604362489968,0.9735870834809837,0.024008041648450783,0.6284383892212121,0.08351831113459746,0.00035414707844656865,0.01510809643147375,0.025555910312776906,0.4743835996185412
COL,refreshed_P0,6,0.893593668586456,-158.6144081336657,0.014622506309098064,2.794346791752431e-05,0.004696127606349019,0.9681290311113918,0.023906381089980198,0.6261565535402336,0.08032794946327725,0.00036582989253968086,0.014597853141438766,0.02166905380908366,0.402540728321202
COL,refreshed_P0,7,0.8885310558464651,-157.72000520299306,0.01486219415915068,2.7932709887422567e-05,0.005019225771758416,0.9626813076330338,0.023787491816490904,0.6239395162606878,0.07806500036803066,0.00036782436600531985,0.014756343104718028,0.018929201454024547,0.3487616685619001
COL,refreshed_P0,8,0.883536129080868,-156.8850249710233,0.015143693209072091,2.7920834496530888e-05,0.005383650496423463,0.957365220168545,0.023664484549852306,0.621797839940585,0.07645652911323486,0.0003657102203130742,0.015179166624526253,0.016881293357709708,0.30725645881324537
COL,refreshed_P0,9,0.8786315404321556,-156.09332862272552,0.015468345141275406,2.790794445667306e-05,0.0057896703605290496,0.9522010322097592,0.02354135038220293,0.6197265059391497,0.07533979367564178,0.0003624189404059544,0.015744841111035853,0.015279250115331267,0.27457372229355337
COL,refreshed_P0,10,0.873823789731799,-155.33615118859873,0.01583691040630631,2.7894129853205477e-05,0.006237248026337386,0.9471878953944735,0.023419352231847303,0.6177198765216518,0.07460934526734134,0.0003588685145200381,0.016423545451324864,0.013976424230867012,0.24844182881715118
COL,refreshed_P0,11,0.8691161008093522,-154.60855648715324,0.016249659792452596,2.7879472019168498e-05,0.006726067518685227,0.942321894303005,0.023298962166713115,0.6157739073134021,0.07419252717685718,0.00035532727530034134,0.017203581854122966,0.012884358320415918,0.22732111885581566
COL,refreshed_P0,12,0.8645110302797795,-153.90770584684068,0.016706405807642793,2.7864045072188497e-05,0.007255518416678545,0.9375994571228781,0.023180435774534214,0.613885834337258,0.074036854407425,0.00035186552449834193,0.018077824952625686,0.011952585599866205,0.21015956019929072
COL,refreshed_P0,13,0.8600106814276429,-153.2319159313006,0.017206519879059218,2.7847916475851128e-05,0.007824675631789178,0.9330174545959972,0.02306397333129872,0.6120535808387526,0.0741028939683144,0.00034849123927432527,0.01904043963422631,0.011155806511432442,0.19622841782648398
COL,refreshed_P0,14,0.8556165230315157,-152.5801181119631,0.017748950709952242,2.783114727067914e-05,0.008432287806127179,0.9285727859299675,0.02294975908119,0.6102753293930102,0.07435995030893913,0.0003451943534535035,0.02008588294533268,0.010484206345186806,0.18500364465019903
COL,refreshed_P0,15,0.8513292812816916,-151.95154338004838,0.018332248193743943,2.7813792258082617e-05,0.009076777374743179,0.9242620875659239,0.022837966802020004,0.6085492890936424,0.07478331369797661,0.00034196176265721353,0.021208545281267442,0.009935518099855658,0.17608047186721087
COL,refreshed_P0,16,0.8471489622719048,-151.34554144136644,0.018954593280759234,2.77959002419064e-05,0.009756251578393774,0.9200816387770551,0.022728757482810204,0.6068736040075644,0.0753524467733584,0.00033878209469923693,0.022402608132934307,0.009508532755064626,0.16911550778510417
COL,refreshed_P0,17,0.843074963621246,-150.76148177524587,0.019613832844320597,2.7777514349016695e-05,0.010468522534596944,0.916027407054184,0.022622276130218007,0.6052463462266205,0.07604976716661153,0.0003356467864266897,0.023661993729471927,0.009198362656351313,0.1637927921655593
COL,refreshed_P0,18,0.8391062239723089,-150.1987047938649,0.020307518305008793,2.7758672415743187e-05,0.011211134349637532,0.9120951639721733,0.02251864927434694,0.6036655509914912,0.07685982405714899,0.0003325498862876936,0.02498036419804707,0.00899397596020862,0.15980973208760196
COL,refreshed_P0,19,0.8352413723971867,-149.65650294217258,0.021032946881691557,2.7739407416095106e-05,0.011981395508991754,0.9082806195480271,0.02241798331686773,0.6021292661164844,0.07776874158750251,0.00032948750189742564,0.02635115197899876,0.00887819859171021,0.15687724539276296
COL,refreshed_P0,20,0.8314788557491107,-149.13411885947963,0.021787204548822547,2.771974790746941e-05,0.012776415114453953,0.9045795436258586,0.022320363584589515,0.6006355995479055,0.07876384554903161,0.000326457231655901,0.02776761086018731,0.008829678341432048,0.15472750717159403
COL,refreshed_P0,21,0.8278170347841206,-148.6307524799382,0.022567209961644644,2.7699718473726545e-05,0.013593141814231987,0.9009878592253835,0.02222585395706944,0.5991827570281362,0.07983341663958571,0.00032345768960452586,0.029222880004076565,0.00882574277013858,0.1531233698369797
COL,refreshed_P0,22,0.8242542483743748,-148.14557211040164,0.023369758720164002,2.767934015077085e-05,0.014428404457724982,0.8975017038567622,0.022134496983272696,0.5977690670880398,0.08096653108067868,0.0003204881433060739,0.03071005508513005,0.008845066618655353,0.15186549715214687
COL,refreshed_P0,23,0.8207888499126802,-147.677726606413,0.024191567380371697,2.7658630824730345e-05,0.015278953605467525,0.8941174612781464,0.022046314432211632,0.596392993679638,0.08215296114080611,0.0003175482526849267,0.03222226198535327,0.008869507507489008,0.15079552170229868
COL,refreshed_P0,24,0.8174192220710124,-147.22635709917628,0.025029316610007263,2.763760559698628e-05,0.016141503063274477,0.8908317692812205,0.021961308231488546,0.5950531383472205,0.08338311618181046,0.0003146378892522394,0.033752729582256114,0.0088849851622189,0.14979526869895718
COL,refreshed_P0,25,0.8141437763920566,-146.79060754055544,0.02587969285549537,2.7616277113445835e-05,0.017012770619853325,0.88764151000169,0.021879461743680363,0.5937482344449065,0.08464801045029688,0.00031175701555554716,0.035294859033526915,0.008881597025713114,0.1487830026538453
COL,refreshed_P0,26,0.810960943528515,-146.3696338003651,0.026739427863253545,2.759465585774962e-05,0.017889517177578577,0.884543788889063,0.021800741321738017,0.5924771359328278,0.08593924776289211,0.00030890560799836514,0.036842287640025104,0.008853253933325866,0.14770789367747994
COL,refreshed_P0,27,0.807869158837824,-145.9626112954615,0.02760533540175494,2.7572750409626554e-05,0.018768583497417654,0.8815359074849076,0.02172509807667307,0.5912388029944773,0.08724901601265672,0.0003060836099424014,0.03838894589245691,0.008797079444289563,0.1465437577624644
COL,refreshed_P0,28,0.8048668468301121,-145.5687412418399,0.028474344571010602,2.7550567670573274e-05,0.019646923842578053,0.8786153339689031,0.021652469786705573,0.590032286292475,0.08857008641878375,0.0003032909053524077,0.0399291067219385,0.008712737678496547,0.14528284376922937
COL,refreshed_P0,29,0.8019524068463602,-145.18725565865648,0.029343529165538312,2.7528113059567006e-05,0.020521635904082812,0.8757796742789675,0.021582782877631473,0.5888567112278414,0.08989581390341342,0.0003005273059391659,0.041457426319529284,0.008601784440371915,0.1439301589934321
COL,refreshed_P0,30,0.7991242014021993,-144.81742125459644,0.0302101326706474,2.7505390681746016e-05,0.021389986521012233,0.8730266456158008,0.02151595440905648,0.5877112631495784,0.09122013607720515,0.00029779254681912997,0.04296897619206588,0.008467088062230978,0.1424986011757632
COL,refreshed_P0,31,0.7963805478980215,-144.45854231452824,0.031071588610649077,2.7482403473001e-05,0.02224943285974619,0.8703540533473202,0.021451894009261535,0.5865951741061056,0.09253756916040431,0.0002950862872418636,0.04445926639597822,0.008312337465177193,0.14100500615144082
COL,refreshed_P0,32,0.7937197138597927,-144.10996268966196,0.031925536119719794,2.7459153323317546e-05,0.0230976388789672,0.8677597717344968,0.02139050571157432,0.5855077114473229,0.093843199829106,0.00029240811405236203,0.04592426014158832,0.008141639360683035,0.13946711609690998
COL,refreshed_P0,33,0.7911399155112547,-143.77106698263444,0.03276983075957597,2.7435641181504948e-05,0.023932487068813534,0.8652417284844649,0.021331689656021408,0.5844481683738267,0.09513267250067683,0.0002897575463561002,0.04736038018515082,0.007959199009830012,0.13790140849696172
COL,refreshed_P0,34,0.7886393192549517,-143.44128101146188,0.033602550752026575,2.7411867143718053e-05,0.024752085602926563,0.8627978928680838,0.021275343630784125,0.5834158563802757,0.09640217198421912,0.00028713404042150163,0.0487645076188449,0.007769075930846342,0.136321687799926
COL,refreshed_P0,35,0.7862160455243423,-143.12007163259673,0.034421998920216926,2.738783052791363e-05,0.025554771172910537,0.860426266984637,0.021221364437878837,0.5824100994425965,0.09764840173807988,0.000284536994250809,0.05013397382398829,0.007575005225733299,0.13473832136955868
COL,refreshed_P0,36,0.7838681744331549,-142.8069460021202,0.03522670073403887,2.7363529936141975e-05,0.026339107880288766,0.8581248796862684,0.02116964907612229,0.5814302297428546,0.0988685582083657,0.00028196575152338537,0.05146654646552229,0.007380275540236717,0.13315799324462732
COL,refreshed_P0,37,0.7815937526665008,-142.50145035401337,0.036015398929611996,2.733896330632971e-05,0.027103882638525756,0.855891782663772,0.021120095741612388,0.5804755847010139,0.10006030187993233,0.00027941960480071135,0.05276041047464129,0.007187655388336376,0.131583850076385
COL,refreshed_P0,38,0.7793908011113645,-142.20316837435283,0.03678704521933232,2.7314127954986365e-05,0.027848097586727474,0.8537250482230909,0.021072604651651398,0.5795455050806044,0.10122172576382255,0.0002768977980060749,0.05401414499258651,0.006999360295931778,0.1300159213066728
COL,refreshed_P0,39,0.7772573227966275,-141.9117192493864,0.037540789629205346,2.7289020612058964e-05,0.028570960038907342,0.851622768332695,0.021027078702302974,0.5786393339482092,0.10235132208236201,0.00027439952827335777,0.055226697235981864,0.006817053779464261,0.12845170848160958
COL,refreshed_P0,40,0.7751913107934906,-141.62675546332457,0.03827596799702358,2.726363744899692e-05,0.029271870491392245,0.8495830545842209,0.020983423972812276,0.5777564162887648,0.10344794790518262,0.0002719239473128159,0.056397354198527455,0.006641875537629217,0.12688685492304436
COL,refreshed_P0,41,0.7731907558079619,-141.34796041820871,0.038992088142355615,2.723797410089885e-05,0.029950409190119043,0.8476040387741661,0.02094155009204765,0.5768960991055295,0.10451079044640632,0.00026947016247744177,0.057525713032396134,0.00647449045366742,0.12531582511846343
COL,refreshed_P0,42,0.7712536532726151,-141.07504594343595,0.03968881518167508,2.7212025683507007e-05,0.03060632172374312,0.8456838738773893,0.020901370483184138,0.5760577318619315,0.10553933266478244,0.000267037237738964,0.058611650862755174,0.006315152192262422,0.12373254152228039
COL,refreshed_P0,43,0.7693780098117868,-140.80774975664644,0.04036595641366867,2.718578680566256e-05,0.03123950406210789,0.84382073524023,0.020862802503170567,0.5752406671500898,0.1065333197235599,0.00026462419480259054,0.05965529468763055,0.00616377545321041,0.12213094360291847
COL,refreshed_P0,44,0.7675618490110796,-140.5458329309765,0.041023446144928734,2.715925157774522e-05,0.03184998740685538,0.8420128218702796,0.020825767493288492,0.5744442614961657,0.1074927267730392,0.0002622300146074586,0.06065699190934491,0.006020011412722966,0.12050544890878222
COL,refreshed_P0,45,0.7658032164678648,-140.28907741642962,0.04166133076844955,2.7132413616529797e-05,0.03243792316538599,0.8402583577403742,0.02079019075643805,0.5736678762349938,0.1084177284224953,0.0002598536394766705,0.06161728193844651,0.00588332158681017,0.11885130808606488
COL,refreshed_P0,46,0.7641001841347748,-140.03728365560755,0.04227975434957898,2.71052660467964e-05,0.03300356830395049,0.8385555930563369,0.020756001475795312,0.5729108784052626,0.1093086701745077,0.0002574939761966253,0.06253686921067328,0.005753046268672064,0.11716485499407875
COL,refreshed_P0,47,0.7624508539936898,-139.79026832650456,0.042878944918648985,2.707780149997835e-05,0.033547271282647534,0.8369028054618569,0.02072313258825929,0.5721726416318668,0.11016604200744864,0.0002551499003182627,0.06341659786523343,0.005628464747249078,0.115443659488708
COL,refreshed_P0,48,0.760853361114689,-139.5478622377319,0.0434592016181012,2.7050012110067737e-05,0.034069458726125226,0.8352983011706485,0.020691520624740188,0.5714525469740743,0.11099045421340233,0.0002528202619794134,0.06425742825048203,0.005508845600516589,0.11368659445222723
COL,refreshed_P0,49,0.7593058761641321,-139.30990839455524,0.04402088280565418,2.7021889506938705e-05,0.034570622939876755,0.8337404160266926,0.020661105527881987,0.5707499837271526,0.11178261553065894,0.0002505038935427152,0.06506041535206394,0.005393486367231063,0.1118938307097977
COL,refreshed_P0,50,0.7578066074299031,-139.07626024765233,0.044564395174552386,2.699342480720604e-05,0.03505131034372674,0.8322275164992334,0.020631830456330272,0.5700643501715952,0.11254331355271263,0.0002481996193209458,0.06582668917901208,0.0052817427503670696,0.1100667740766378
MEX,fixed_P0,1,1.1786537328207465,-316.5798733137332,0.03219617471296064,1.2061549582042009e-05,0.00584706449666681,1.2355187898775721,0.009683859809551302,1.0016441657260322,5.097919036253242,0.0001082799341462046,3.1306983251344143,2.2123638807055195,20.647471147806616
MEX,fixed_P0,2,1.3553278911125692,-255.94975106972282,0.03234497409502436,1.2140468986975087e-05,0.0059808714228372865,1.4879198183572981,0.012483900088434918,1.1710666726462218,5.097919036253242,0.0001082799341462046,3.1306983251344143,0.19127446551272023,1.6470176542635964
MEX,fixed_P0,3,1.3761263125193568,-249.92914468161035,0.03217326531050288,1.218477221972908e-05,0.006009016908082871,1.5269045348125947,0.013246370920219724,1.1872015911227374,5.097919036253242,0.0001082799341462046,3.1306983251344143,0.0493187831954789,0.452021100559828
MEX,fixed_P0,4,1.3776293444938834,-247.97557964926787,0.03195927978753049,1.2220969231981828e-05,0.006022647989236298,1.5314579560385007,0.013358903570298394,1.1863706130652594,5.097919036253242,0.0001082799341462046,3.1306983251344143,0.02734848244531711,0.19195835006028605
MEX,fixed_P0,5,1.3760450566310445,-246.65485128596654,0.03175649367443663,1.225431963296769e-05,0.00604011826118151,1.5300772767202955,0.01328930520491397,1.1840612608540675,5.097919036253242,0.0001082799341462046,3.1306983251344143,0.026236055232089304,0.22639174178210508
MEX,fixed_P0,6,1.3738924446878054,-245.5046968777318,0.03157784816279341,1.2286225457588306e-05,0.006065457557641138,1.5275376708351944,0.013173142196507106,1.181754286319283,5.097919036253242,0.0001082799341462046,3.1306983251344143,0.025523993742923436,0.24089673667771985
MEX,fixed_P0,7,1.3716569749684426,-244.43514681397454,0.03142636382946121,1.231711293556969e-05,0.006099350725701948,1.5247877673979269,0.013048644658084496,1.1795481216511194,5.097919036253242,0.0001082799341462046,3.1306983251344143,0.02438395965916317,0.23860498746227243
MEX,fixed_P0,8,1.3694479838995681,-243.4214743210621,0.03130227337379605,1.2347116802228351e-05,0.006141702458856549,1.5220472214170009,0.012926435232396028,1.1774318646628366,5.097919036253242,0.0001082799341462046,3.1306983251344143,0.02316027396101074,0.23051765140644245
MEX,fixed_P0,9,1.3672902313632096,-242.4543955899306,0.031204999887801316,1.2376271865976613e-05,0.006192302519240375,1.5193696747089178,0.012809239687685972,1.1753949230269565,5.097919036253242,0.0001082799341462046,3.1306983251344143,0.021995349297271215,0.2206606217899071
MEX,fixed_P0,10,1.3651859951726808,-241.52917581544926,0.031133757229479964,1.2404572524647428e-05,0.006250997052976123,1.5167648904565096,0.012697496539734756,1.173430069596498,5.097919036253242,0.0001082799341462046,3.1306983251344143,0.020921093610829146,0.21038563023261175
MEX,fixed_P0,11,1.3631308427991022,-240.64259228026026,0.031087740348608985,1.2431993478754914e-05,0.006317722826663614,1.5142298141677908,0.01259098815640439,1.1715311222222935,5.097919036253242,0.0001082799341462046,3.1306983251344143,0.019935184645089105,0.20017217685220173
MEX,fixed_P0,12,1.3611183024486906,-239.7919682651879,0.03106618672739432,1.2458498186622592e-05,0.0063925037479407466,1.5117575547616673,0.01248932601467336,1.1696920645149202,5.097919036253242,0.0001082799341462046,3.1306983251344143,0.019028653244282285,0.19021745653462774
MEX,fixed_P0,13,1.3591414399820592,-238.97485445107566,0.03106839627165113,1.248404307512167e-05,0.006475438559360405,1.5093402590356604,0.0123920972100382,1.1679069277606244,5.097919036253242,0.0001082799341462046,3.1306983251344143,0.018193570915628447,0.1806208274711173
MEX,fixed_P0,14,1.357193452308652,-238.18892878088727,0.03109373771674638,1.250858005744401e-05,0.006566688084263861,1.5069701101284252,0.01229890809396864,1.166169891825719,5.097919036253242,0.0001082799341462046,3.1306983251344143,0.017424276073303678,0.17144118117383872
MEX,fixed_P0,15,1.3552679072809064,-237.43197073421902,0.031141650711959894,1.2532058231597342e-05,0.006666464301618545,1.5046396945216605,0.012209395885727427,1.1644754066955825,5.097919036253242,0.0001082799341462046,3.1306983251344143,0.016716888549651122,0.16271552395825245
MEX,fixed_P0,16,1.3533588392705538,-236.70185939415123,0.031211646594343778,1.255442509725193e-05,0.0067750217596952815,1.5023421353240902,0.01212323013987294,1.162818281244181,5.097919036253242,0.0001082799341462046,3.1306983251344143,0.016068601951994017,0.15446601370708016
MEX,fixed_P0,17,1.3514607776516585,-235.99657739728494,0.03130330884445234,1.2575627447613815e-05,0.006892651377684069,1.5000711291030806,0.012040111026992917,1.1611937335730083,5.097919036253242,0.0001082799341462046,3.1306983251344143,0.015477138288125764,0.1467036165555166
MEX,fixed_P0,18,1.3495687405113606,-235.31421468383164,0.031416293555064576,1.2595612025785688e-05,0.007019676585423648,1.4978209382059888,0.011959766711077773,1.1595974100382602,5.097919036253242,0.0001082799341462046,3.1306983251344143,0.014940405426043472,0.1394306994390728
MEX,fixed_P0,19,1.3476782092508643,-234.6529702958798,0.03155033002959923,1.261432600582551e-05,0.0071564517186300716,1.4955863607986246,0.01188195059816921,1.158025381812775,5.097919036253242,0.0001082799341462046,3.1306983251344143,0.014456310368399635,0.13264314724854348
MEX,fixed_P0,20,1.3457850928017019,-234.0111520371306,0.031705221558661845,1.2631717343046717e-05,0.007303362536653769,1.4933626896087644,0.011806438724839715,1.156474126555833,5.097919036253242,0.0001082799341462046,3.1306983251344143,0.01402267372170554,0.1263321263259793
MEX,fixed_P0,21,1.343885686817156,-233.38717432921564,0.0318808464015838,1.2647735028051636e-05,0.007460828651216771,1.491145665548606,0.011733027376128417,1.1549405009839626,5.097919036253242,0.0001082799341462046,3.1306983251344143,0.01363720341968823,0.12048551623309889
MEX,fixed_P0,22,1.3419766312869963,-232.77955472426888,0.032077158992525834,1.2662329271703387e-05,0.007629307562881646,1.4889314299723964,0.011661530954821631,1.1534217085414324,5.097919036253242,0.0001082799341462046,3.1306983251344143,0.013297499939850238,0.11508902649511119
MEX,fixed_P0,23,1.3400548688001728,-232.18690951067052,0.03229419138725703,1.267545164273864e-05,0.007809299919204777,1.4867164779133082,0.011591780096524675,1.1519152650985287,5.097919036253242,0.0001082799341462046,3.1306983251344143,0.013001076161298796,0.11012702601967553
MEX,fixed_P0,24,1.338117604846088,-231.60794877818316,0.03253205496397116,1.268705517539272e-05,0.00800135555435822,1.4844976137314383,0.011523620013541803,1.1504189646421334,5.097919036253242,0.0001082799341462046,3.1306983251344143,0.01274538232282512,0.1055831211869224
MEX,fixed_P0,25,1.3361622709637917,-231.04147122985782,0.032790942388500194,1.26970944610593e-05,0.008206079857121688,1.4822719099866757,0.011456909046232179,1.1489308462122458,5.097919036253242,0.0001082799341462046,3.1306983251344143,0.012527831058890422,0.10144052196663421
MEX,fixed_P0,26,1.3341864911459254,-230.4863589563982,0.033071129850807596,1.2705525735407975e-05,0.008424140046391655,1.4800366699280323,0.011391517399601616,1.1474491628256722,5.097919036253242,0.0001082799341462046,3.1306983251344143,0.012345820121266013,0.09768223552566199
MEX,fixed_P0,27,1.3321880516307971,-229.94157232889748,0.03337297957548984,1.2712306970363968e-05,0.00865627100644407,1.47778939370665,0.011327326043730676,1.145972352766419,5.097919036253242,0.0001082799341462046,3.1306983251344143,0.012196751831465808,0.09429112533556892
MEX,fixed_P0,28,1.3301648740373293,-229.4061451184226,0.03369694260413652,1.2717397978765823e-05,0.008903280437774597,1.4755277482347813,0.011264225758311847,1.144499013373811,5.097919036253242,0.0001082799341462046,3.1306983251344143,0.012078049050385108,0.09124987188213712
MEX,fixed_P0,29,1.3281149916868635,-228.8791799144319,0.034043561841602246,1.2720760538345675e-05,0.009166053199491955,1.4732495404991068,0.01120211630359588,1.143027877293828,5.097919036253242,0.0001082799341462046,3.1306983251344143,0.01198716780754248,0.08854086904280874
MEX,fixed_P0,30,1.3260365288936315,-228.35984388655004,0.03441347535129315,1.2722358540660572e-05,0.009445554840692474,1.4709526940732913,0.01114090570212696,1.1415577910541264,5.097919036253242,0.0001082799341462046,3.1306983251344143,0.011921606898416131,0.08614608795717471
MEX,fixed_P0,31,1.3239276829775644,-227.84736491390302,0.03480741987642984,1.2722158169767229e-05,0.009742834426324794,1.468635228546424,0.01108050961761474,1.1400876957617376,5.097919036253242,0.0001082799341462046,3.1306983251344143,0.011878914835286742,0.0840469373538378
MEX,fixed_P0,32,1.3217867087476047,-227.34102809133333,0.0352262345545333,1.2720128114696586e-05,0.010059026845077746,1.46629524157922,0.011020850819086816,1.1386166096913857,5.097919036253242,0.0001082799341462046,3.1306983251344143,0.011856694584053805,0.08222414545249916
MEX,fixed_P0,33,1.3196119052138964,-226.84017261098538,0.035670864781157455,1.2716239818898806e-05,0.010395354833739209,1.4639308933111357,0.01096185872001536,1.1371436125234022,5.097919036253242,0.0001082799341462046,3.1306983251344143,0.011852606551269768,0.08065768350645189
MEX,fixed_P0,34,1.3174016043063541,-226.34418900984437,0.03614236616584682,1.2710467768928865e-05,0.010753130959782062,1.4615403928622175,0.010903468983439817,1.135667830995859,5.097919036253242,0.0001082799341462046,3.1306983251344143,0.011864370310305544,0.07932674488839694
MEX,fixed_P0,35,1.3151541614023068,-225.85251676792822,0.0366419085085721,1.2702789823484974e-05,0.011133759772632446,1.4591219867002283,0.010845623185202883,1.134188425752134,5.097919036253242,0.0001082799341462046,3.1306983251344143,0.011889765567816669,0.07820978680462705
MEX,fixed_P0,36,1.312867947493158,-225.36464223731213,0.03717077970841165,1.2693187582462183e-05,0.011538740270264497,1.4566739486727533,0.010788268528271156,1.1327045791887322,5.097919036253242,0.0001082799341462046,3.1306983251344143,0.01192663286803558,0.07728463494689108
MEX,fixed_P0,37,1.3105413428481918,-224.88009687842577,0.037730389498284965,1.2681646793887806e-05,0.011969668741625111,1.4541945715341509,0.010731357601780143,1.1312154841373814,5.097919036253242,0.0001082799341462046,3.1306983251344143,0.011972874508541616,0.07652864544294888
MEX,fixed_P0,38,1.3081727320605334,-224.39845577669374,0.038322272880407314,1.2668157794461662e-05,0.0124282419490979,1.451682159826476,0.010674848178878444,1.1297203332483097,5.097919036253242,0.0001082799341462046,3.1306983251344143,0.01202645609882411,0.07591891400808222
MEX,fixed_P0,39,1.3057605003853683,-223.91933640925828,0.03894809311745721,1.2652715976796112e-05,0.012916260520770568,1.4491350240013139,0.010618703047713451,1.128218308977753,5.097919036253242,0.0001082799341462046,3.1306983251344143,0.012085409130998263,0.07543251958803804
MEX,fixed_P0,40,1.303303031302278,-223.44239762793072,0.039609644115006344,1.2635322273560269e-05,0.013435632339510034,1.446551475694494,0.01056288986998079,1.1267085741209129,5.097919036253242,0.0001082799341462046,3.1306983251344143,0.01214783485636136,0.07504678903573762
MEX,fixed_P0,41,1.30079870525208,-222.9673388205225,0.040308852012684915,1.2615983645474038e-05,0.013988375651400074,1.4439298240881269,0.010507381061373963,1.1251902628718466,5.097919036253242,0.0001082799341462046,3.1306983251344143,0.012211909675027012,0.07473957015744052
MEX,fixed_P0,42,1.2982458995128079,-222.4938992081478,0.041047775786336546,1.2594713556862142e-05,0.01457662157315457,1.441268373313374,0.01045215368806471,1.1236624724329993,5.097919036253242,0.0001082799341462046,3.1306983251344143,0.012275892153090716,0.07448950229182807
MEX,fixed_P0,43,1.2956429891892813,-222.0218572309928,0.04182860665264515,1.2571532419288628e-05,0.015202615657076524,1.4385654208628884,0.010397189373028371,1.1221242552385777,5.097919036253242,0.0001082799341462046,3.1306983251344143,0.01233813168855729,0.07427627588477649
MEX,fixed_P0,44,1.2929883492962602,-221.55102996950103,0.0426536660636484,1.2546467981139432e-05,0.01586871817166503,1.435819256994025,0.010342474205662956,1.1205746118968496,5.097919036253242,0.0001082799341462046,3.1306983251344143,0.012397078754838801,0.07408087480056944
MEX,fixed_P0,45,1.2902803579157875,-221.08127254219295,0.043525402083070895,1.2519555639165825e-05,0.016577402774020276,1.4330281651123573,0.010287998647804109,1.1190124849946201,5.097919036253242,0.0001082799341462046,3.1306983251344143,0.012451296564645838,0.07388579703722016
MEX,fixed_P0,46,1.2875174004063445,-220.61247741586175,0.04444638395211406,1.24908386473584e-05,0.017331253284888118,1.4301904231307343,0.01023375742896139,1.1174367539416044,5.097919036253242,0.0001082799341462046,3.1306983251344143,0.012499473916642804,0.07367525090926207
MEX,fixed_P0,47,1.2846978746341207,-220.1445735592591,0.04541929468102514,1.2460368199432321e-05,0.01813295832715408,1.4273043058014698,0.010179749423515282,1.1158462310598394,5.097919036253242,0.0001082799341462046,3.1306983251344143,0.012540438915571968,0.07343532462006754
MEX,fixed_P0,48,1.2818201971870073,-219.6775253684326,0.04644692154644231,1.2428203363938132e-05,0.018985303653051504,1.4243680880197227,0.010125977502752893,1.1142396591421364,5.097919036253242,0.0001082799341462046,3.1306983251344143,0.012573173190858836,0.07315412752880922
MEX,fixed_P0,49,1.2788828105194356,-219.21133129148146,0.047532144433833655,1.2394410855584504e-05,0.019891162063728658,1.4213800490940314,0.010072448355129297,1.1126157107101307,5.097919036253242,0.0001082799341462046,3.1306983251344143,0.012596826179865388,0.07282190147348121
MEX,fixed_P0,50,1.2758841909632352,-218.74602208370916,0.04867792203957929,1.2359064632835676e-05,0.020853480916323434,1.418338477976893,0.010019172269012755,1.1109729891952402,5.097919036253242,0.0001082799341462046,3.1306983251344143,0.012610728986203043,0.07243110037403507
MEX,refreshed_P0,1,1.1786537328207465,-316.5798733137332,0.03219617471296064,1.2061549582042009e-05,0.00584706449666681,1.2355187898775721,0.009683859809551302,1.0016441657260322,0.30379489929604064,5.003212281479451e-05,0.09851446768024774,2.2123638807055195,20.647471147806616
MEX,refreshed_P0,2,1.3540514910326304,-247.19736084508585,0.03232421523873477,1.2153592121581754e-05,0.005979253472553106,1.475704091930999,0.012282858493055108,1.1602910987224297,0.23189898567505238,4.7651565904659953e-05,0.06861985188545822,0.07895685912399512,1.0187878024402761
MEX,refreshed_P0,3,1.3741956521091798,-240.474985064005,0.03213011926214478,1.2201282871156376e-05,0.006005944367420591,1.5097239989388789,0.012920352921034143,1.1725332244481033,0.2022956285426099,4.8174718820763244e-05,0.055098412758479334,0.04363218162183577,0.6124717992853306
MEX,refreshed_P0,4,1.3757734285048677,-238.1082991818783,0.03189021426598084,1.2232856546683711e-05,0.006017716025200993,1.5130562935498824,0.01301244539050461,1.1708296546466874,0.1852315337741483,4.843273880571488e-05,0.0470416479466617,0.0277231555852854,0.39016855963088454
MEX,refreshed_P0,5,1.3745274907233704,-236.5614899693506,0.031657463874496736,1.2255643485993074e-05,0.006032578764256063,1.5114534933619705,0.01296846075420037,1.168308818398594,0.17392780091878737,4.8280968281188924e-05,0.04176677477701797,0.020086149821405434,0.2710790015804039
MEX,refreshed_P0,6,1.372761740572228,-235.29822939913166,0.03144504793337498,1.2272710632875074e-05,0.006054461615872933,1.5089649435511854,0.012890464364709005,1.165953260672298,0.16585846189044134,4.7914263737596624e-05,0.03813189390969581,0.01645283267529125,0.21656098014809685
MEX,refreshed_P0,7,1.3708987906856462,-234.18027772576306,0.03125642322367393,1.228572557750626e-05,0.006084044280004924,1.5063481620724344,0.012804087163279286,1.1637571452511697,0.15983346085748865,4.747890335141658e-05,0.03554591776768705,0.014822743688290672,0.20159959772758376
MEX,refreshed_P0,8,1.369030965474012,-233.1550648864955,0.031092259711117155,1.2295721903168173e-05,0.006121243034117764,1.5037624981600015,0.012716156621300065,1.1616772842197451,0.15520088700920243,4.705014668321818e-05,0.03366899690422827,0.014171777360117939,0.2063044379649465
MEX,refreshed_P0,9,1.367179807948356,-232.19695999917315,0.030952362624849964,1.2303386315184483e-05,0.006165847137071566,1.5012390477659217,0.01262865517780298,1.1596878942993976,0.15156441907767534,4.6659293021418465e-05,0.03229114881423517,0.013976414246734188,0.21799145221558877
MEX,refreshed_P0,10,1.365349073115038,-231.2912802898526,0.030836265569071524,1.2309193870401373e-05,0.006217683877223441,1.4987785496232888,0.012542228112018374,1.1577733754363746,0.14866534560838895,4.631518232242088e-05,0.031275491888965695,0.01397382266607145,0.2305574397272413
MEX,refreshed_P0,11,1.3635375474988425,-230.42863596074318,0.03074342794568361,1.2313481088692603e-05,0.006276654416675822,1.496374716494853,0.012457119674653854,1.1559229879374968,0.14632637545705213,4.601638210014814e-05,0.030529070699049955,0.014033619638336502,0.24153938790063026
MEX,refreshed_P0,12,1.3617425829844254,-229.60253759267894,0.03067330574070842,1.2316489144419056e-05,0.0063427340226703075,1.494020211034867,0.012373439112296188,1.154128507246814,0.14442180503529506,4.575740830515493e-05,0.029986730737123928,0.014092725856891159,0.2501100329051304
MEX,refreshed_P0,13,1.3599611620376784,-228.80823575511576,0.030625379463015072,1.2318391074111787e-05,0.006415963723179789,1.4917081394824514,0.012291240693468507,1.1523832036639026,0.1428602554043548,4.553171805709049e-05,0.02960165523025525,0.014122847697629533,0.25613794323702943
MEX,refreshed_P0,14,1.3581902366030665,-228.04209394409835,0.030599166712156164,1.2319309802912452e-05,0.006496441268210413,1.489432331760284,0.012210549368657278,1.1506813579632689,0.14157400862404682,4.533305120022663e-05,0.02933952537313856,0.014113886732737288,0.25978185991111674
MEX,refreshed_P0,15,1.3564268393131782,-227.30122084343196,0.030594228802688618,1.2319330588875021e-05,0.006584313537348467,1.4871873055297726,0.012131370064231642,1.1490180032872603,0.14051209330463293,4.5155952127336565e-05,0.029174763269420527,0.01406517690470195,0.26131334655591587
MEX,refreshed_P0,16,1.354668120512126,-226.58324174328496,0.0306101748583107,1.231850990903622e-05,0.006679770813717333,1.4849681668617607,0.012053692012723152,1.147388771219779,0.13963563684423824,4.499589850732108e-05,0.02908803189012954,0.013980722447031775,0.26103654835562023
MEX,refreshed_P0,17,1.3529113599665883,-225.8861506621998,0.03064666470868334,1.2316881984768477e-05,0.006783042863689203,1.4827705145498373,0.011977491565826844,1.1457897903957854,0.13891465513105944,4.4849253271555553e-05,0.02906452640642045,0.013866573564210555,0.259251102989372
MEX,refreshed_P0,18,1.3511539689208685,-225.20821201323028,0.030703411167388957,1.2314463687023222e-05,0.00689439665526927,1.4805903614222575,0.011902734496504036,1.1442176137201387,0.13832578770372317,4.4713147944410815e-05,0.029092781542927347,0.013729386096332133,0.2562352985072609
MEX,refreshed_P0,19,1.349393487563568,-224.54789392391194,0.030780181976971757,1.2311258297686882e-05,0.007014135539814502,1.4784240717109498,0.011829378055669524,1.1426691622042722,0.13785067247261565,4.458534966758362e-05,0.02916382501659707,0.013575651940721623,0.2522391971500616
MEX,refreshed_P0,20,1.347627579716904,-223.90382234493208,0.030876801582355368,1.2307258443751381e-05,0.007142599725149634,1.4762683108254777,0.011757372837323029,1.1411416791005575,0.13747476272526313,4.4464135667495135e-05,0.029270568294186946,0.013411312835474037,0.24748281885873238
MEX,refreshed_P0,21,1.3458540256227183,-223.27474907453936,0.03099315283400264,1.2302448421128626e-05,0.007280167860193103,1.4741200042389035,0.011686664455346388,1.139632690916014,0.1371864554845121,4.434818443539943e-05,0.029407362973390833,0.013241592106653056,0.24215690439545448
MEX,refreshed_P0,22,1.344070713436202,-222.65952922288494,0.031129178689283606,1.2296806060257407e-05,0.007427259530881947,1.471976303086333,0.011617195029902844,1.1381399734252229,0.13697644231751144,4.423648579072062e-05,0.029569674436517104,0.013070947732531221,0.23642494280456422
MEX,refreshed_P0,23,1.3422756299346679,-222.05710514089944,0.03128488396006866,1.2290304242561353e-05,0.00758433844108322,1.4698345548415392,0.011548904486347593,1.136661521618278,0.1368372211049811,4.412826874285644e-05,0.029753839595987847,0.012903090036969834,0.2304257414979164
MEX,refreshed_P0,24,1.340466850864246,-221.46649480696863,0.031460337140468586,1.2282912147420894e-05,0.007751916029050765,1.4676922779691923,0.011481731675096762,1.1351955229414954,0.136762725580807,4.40229447842638e-05,0.029956885658076027,0.01274103101993021,0.224276136426153
MEX,refreshed_P0,25,1.3386425312582724,-220.88678330454962,0.03165567233807955,1.2274596288827607e-05,0.007930555258223147,1.4655471397914375,0.011415615324868645,1.1337403333971303,0.13674804190460246,4.3920063943736854e-05,0.03017639369786567,0.012587146532928487,0.21807361940053602
MEX,refreshed_P0,26,1.336800895972532,-220.3171164537062,0.03187109132360054,1.2265321386403532e-05,0.00812087432735363,1.4633969370191287,0.011350494844029684,1.1322944561652997,0.13678919013808283,4.381928107864967e-05,0.030410395578460307,0.012443241028587314,0.21189876436578547
MEX,refreshed_P0,27,1.334940230602791,-219.75669595167878,0.03210686570642021,1.2255051105025128e-05,0.00832355007294003,1.4612395785290244,0.011286310985804366,1.130856522454145,0.13688295452692806,4.3720330216088436e-05,0.030657296067067265,0.012310609685391933,0.20581739712063177
MEX,refreshed_P0,28,1.333058872884282,-219.20477557764892,0.032363339237174785,1.224374868970031e-05,0.008539320887086702,1.4590730700517809,0.011223006393182976,1.1294252743037276,0.13702675076418203,4.362300512843055e-05,0.030915814360879167,0.012190095667536389,0.19988249118666965
MEX,refreshed_P0,29,1.3311552046222666,-218.66065815438174,0.03264093023197611,1.2231377516728872e-05,0.008768989042955182,1.456895500492064,0.011160526038793236,1.1279995490812622,0.13721852147184194,4.352714468498627e-05,0.031184940945446687,0.012082141941914828,0.1941357960630972
MEX,refreshed_P0,30,1.3292276441670001,-218.12369305403968,0.032940134106722516,1.2217901577957744e-05,0.009013422400884536,1.454705029643845,0.011098817574000873,1.126578265417453,0.13745665334896684,4.343262183192615e-05,0.03146390697916548,0.01198683794611655,0.18860921864914498
MEX,refreshed_P0,31,1.3272746394231425,-217.59327410042397,0.03326152600343128,1.2203285911736552e-05,0.009273555551186656,1.4524998770975126,0.011037831600240681,1.1251604103487214,0.13773991104619424,4.333933531077216e-05,0.03175216437844009,0.011903961799760976,0.18332598750401685
MEX,refreshed_P0,32,1.3252946613707455,-217.06883776431496,0.03360576348372887,1.2187496991673016e-05,0.009550390523073625,1.4502783121647087,0.010977521874191171,1.1237450274487566,0.13806738400981022,4.324720343412113e-05,0.032049375577108595,0.01183301887640846,0.17830163476474115
MEX,refreshed_P0,33,1.323286198070184,-216.54986157873637,0.03397358925741704,1.2170503082306427e-05,0.009844997242083382,1.4480386446736662,0.010917845456978723,1.1223312057547556,0.1384384434134347,4.315615940172954e-05,0.03235541263234956,0.011773277530211094,0.17354483300849807
MEX,refreshed_P0,34,1.321247749124753,-216.03586272127413,0.03436583390637108,1.2152274569184458e-05,0.010158513942314606,1.44577921651324,0.010858762816195439,1.1209180693184497,0.1388527069465616,4.30661477681389e-05,0.03267036601127886,0.011723802678403668,0.1690581246461363
MEX,refreshed_P0,35,1.3191778205805509,-215.52639672407685,0.03478341855595844,1.2132784269466486e-05,0.010492147730916515,1.4434983938283166,0.010800237888191604,1.1195047672389302,0.13931000971689267,4.2977121771406894e-05,0.03299456406725301,0.011683487824341473,0.16483857979838681
MEX,refreshed_P0,36,1.3170749202524004,-215.0210562810281,0.03522735743779435,1.2112007727946021e-05,0.010847175462324787,1.4411945597929798,0.01074223810686774,1.1180904640630356,0.13981037989091827,4.288904130736507e-05,0.033328604934453075,0.011651085991476455,0.16087841515419404
MEX,refreshed_P0,37,1.3149375534757313,-214.51947012726035,0.035698760279169045,1.2089923502281483e-05,0.011224945015659986,1.438866107910739,0.010684734404062271,1.1166743304692384,0.14035401797597064,4.280187139029877e-05,0.033673403333167116,0.011625239937989765,0.15716560120290723
MEX,refreshed_P0,38,1.312764219296774,-214.02130196973,0.036198834446156916,1.206651344015129e-05,0.011626876991106212,1.4365114358132018,0.01062770118561091,1.1152555341824533,0.14094127886004038,4.271558098300077e-05,0.03403025551708965,0.011604511936841087,0.15368447875346347
MEX,refreshed_P0,39,1.3105534071261273,-213.5262494496668,0.03672888675963144,1.2041762949926232e-05,0.012054466761802104,1.4341289395496282,0.010571116286223781,1.1138332310995844,0.14157265589009976,4.2630142110319555e-05,0.03440092609415948,0.011587413333469142,0.15041639825529501
MEX,refreshed_P0,40,1.3083035938932068,-213.0340431188166,0.0372903248966306,1.2015661265379884e-05,0.01250928674744822,1.4317170083795523,0.01051496090550397,1.1124065566387658,0.14224876639833886,4.2545529192830846e-05,0.03478776021332881,0.011572434027167067,0.14734038770430188
MEX,refreshed_P0,41,1.3060132417504675,-212.5444454118334,0.03788465828431453,1.198820170367758e-05,0.01299298872212682,1.4292740200988603,0.010459219526692317,1.110974617358527,0.14297033818835353,4.2461718553517555e-05,0.035193822607659735,0.011558071955535132,0.14443384750049662
MEX,refreshed_P0,42,1.3036807963861126,-212.05724959715246,0.03851349839079301,1.1959381914644387e-05,0.013507305935672422,1.4267983369460162,0.010403879819075227,1.1095364829260537,0.14373819657744247,4.237868806152036e-05,0.03562305936373654,0.01154286258859357,0.1416732641263396
MEX,refreshed_P0,43,1.3013046860115858,-211.5722786883497,0.039178558317081495,1.1929204117892534e-05,0.014054054815758426,1.4242883021491508,0.010348932524443534,1.1080911785452936,0.14455325166260857,4.229641688467172e-05,0.03608046619448101,0.011525408355932817,0.13903492939697432
MEX,refreshed_P0,44,1.2988833210952557,-211.0893842975397,0.039881651598120176,1.1897675322951673e-05,0.014635136024548787,1.4217422371861694,0.010294371327556074,1.1066376779848948,0.14541648554117154,4.221488532741479e-05,0.03657222528268273,0.01150440783490728,0.13649564854563595
MEX,refreshed_P0,45,1.2964150949156723,-210.60844541191278,0.04062469012885695,1.1864807526093091e-05,0.015252534665787375,1.419158439838579,0.010240192710237754,1.105174897371541,0.14632893927557278,4.2134074733715466e-05,0.03710574119780427,0.011478684420604792,0.13403341857482942
MEX,refreshed_P0,46,1.2938983850065915,-210.1293670742984,0.04140968114445902,1.1830617876131127e-05,0.015908319471704496,1.4165351831250348,0.010186395788595252,1.1037016899345926,0.14729169944855627,4.205396743641106e-05,0.03768947514269713,0.01144721408176167,0.13162805795337645
MEX,refreshed_P0,47,1.29133155556144,-209.6520789488805,0.04223872320218959,1.1795128800278179e-05,0.01660464084062406,1.4138707152025307,0.010132982132819992,1.102216841901576,0.14830588421115531,4.1974546735482674e-05,0.038332475779742275,0.011409151685403865,0.12926176957649174
MEX,refreshed_P0,48,1.2887129608568926,-209.17653375417078,0.043114001136499144,1.1758368080234208e-05,0.017343727642852892,1.4111632603214272,0.01007995556925427,1.1007190697492832,0.14937262878265237,4.18957968886456e-05,0.039043579164115785,0.011363855252911417,0.12691962058858056
MEX,refreshed_P0,49,1.2860409497441365,-208.7027055473514,0.04403777998819776,1.17203688682287e-05,0.01812788276220545,1.408411020915163,0.01002732196476874,1.0992070190107404,0.150493070418926,4.1817703098688174e-05,0.03983041587469274,0.01131090739916503,0.12458992488356764
MEX,refreshed_P0,50,1.2833138712422711,-208.230587847412,0.045012397942514465,1.1681169632934856e-05,0.018959477391715406,1.4056121808962942,0.009975088994068968,1.097679264822811,0.1516683329224853,4.174025148340575e-05,0.040698538635264146,0.011250133113434339,0.12226451661363517
KEN,fixed_P0,1,1.8113995666464828,-666.3889103328959,97.58717167884298,0.03767763785141961,28.908073773881604,148.25476338462067,0.03816531275920408,148.01824155575795,10490.74516937288,5.9174273358038035e-05,9819.827289032852,1.347057888814314,0.6989485180920371
KEN,fixed_P0,2,1.0752454095957091,-618.4635080601182,79.81139547459881,0.03635279042923533,23.33070534508937,45.63586281479738,0.03764613946735555,45.40574390950418,10490.74516937288,5.9174273358038035e-05,9819.827289032852,0.6307353913588933,0.41382252963423555
KEN,fixed_P0,3,0.5776981976741492,-585.5526193803704,65.79491986692327,0.034942250223001285,18.77793463404314,21.06196945640437,0.03699507016686052,20.83856636060369,10490.74516937288,5.9174273358038035e-05,9819.827289032852,0.4596426205594343,0.3237878966437122
KEN,fixed_P0,4,0.3220101774904164,-559.9277994597776,54.51516136609678,0.03346155231560427,14.969460201055885,12.044437894045695,0.03620051376994252,11.827747748387212,10490.74516937288,5.9174273358038035e-05,9819.827289032852,0.3878540333829627,0.2603430129318493
KEN,fixed_P0,5,0.19575628471154694,-538.2200143856905,45.42459274105836,0.03191526016589865,11.883856047344198,7.790490096831653,0.03525917141484379,7.580268986146836,10490.74516937288,5.9174273358038035e-05,9819.827289032852,0.2840242594849059,0.20135206788458435
KEN,fixed_P0,6,0.12824510666413388,-518.9699966801372,38.08859426355949,0.03030135009017713,9.444439337537816,5.4437631509725675,0.03418058838062976,5.239604904164738,10490.74516937288,5.9174273358038035e-05,9819.827289032852,0.20033276014028484,0.15397611826214705
KEN,fixed_P0,7,0.08926436206916903,-501.47295290830306,32.145145956970666,0.028618448330942733,7.539809651552739,4.007648383005126,0.03298920238368789,3.8090523929592544,10490.74516937288,5.9174273358038035e-05,9819.827289032852,0.14408533685022692,0.11988117003786401
KEN,fixed_P0,8,0.0654706969492662,-485.334311705659,27.30214428539014,0.026875809368618893,6.059372634584973,3.0628448491196085,0.03172143079479588,2.8692705571538535,10490.74516937288,5.9174273358038035e-05,9819.827289032852,0.10658694572157838,0.09620982167140456
KEN,fixed_P0,9,0.05037554854579507,-470.3014385197408,23.33004530777795,0.02510042467802477,4.909661150315321,2.4077187138933644,0.03041853796383851,2.2186273715764826,10490.74516937288,5.9174273358038035e-05,9819.827289032852,0.08170314433247067,0.07986281297039274
KEN,fixed_P0,10,0.04055272685232838,-456.1961922812699,20.050794651527973,0.023333923343092276,4.022521268479024,1.93517265627246,0.029118867129586022,1.7500578114558678,10490.74516937288,5.9174273358038035e-05,9819.827289032852,0.06546791884038498,0.06841423971019878
KEN,fixed_P0,11,0.03406680644704677,-442.8852841139865,17.326714463978952,0.021620117608510146,3.3848814638850433,1.5837981713450129,0.027852683019650007,1.40220663314542,10490.74516937288,5.9174273358038035e-05,9819.827289032852,0.05504721618577305,0.060243879106998834
KEN,fixed_P0,12,0.0297609524840686,-430.2657015475755,15.051032202251792,0.019993099146454252,2.9616046689260425,1.3161837775686913,0.02664046421956945,1.1377288257919038,10490.74516937288,5.9174273358038035e-05,9819.827289032852,0.04834644892286313,0.05438691135230414
KEN,fixed_P0,13,0.026910582636080694,-418.2566082444833,13.14040267814615,0.01847279431748695,2.6218471867573823,1.1083895870466056,0.02549366661299247,0.9327580081842548,10490.74516937288,5.9174273358038035e-05,9819.827289032852,0.04385837476943719,0.05027372266399338
KEN,fixed_P0,14,0.025044286063565895,-406.7942334451986,11.529220803686119,0.017066748750226707,2.330709393144924,0.9444626911051988,0.024416604543832973,0.7714169578607688,10490.74516937288,5.9174273358038035e-05,9819.827289032852,0.04058417216559191,0.04750961269229757
KEN,fixed_P0,15,0.023845969171871612,-395.82825393226705,10.165370783444452,0.015774105079798994,2.0790469056186254,0.8134068546207978,0.023408504019011175,0.6427835128604122,10490.74516937288,5.9174273358038035e-05,9819.827289032852,0.03793651746948611,0.04576097453412461
KEN,fixed_P0,16,0.02309871574190377,-385.3190018717995,9.00706821974099,0.014589240869426812,1.861574727898458,0.707424084354112,0.022465275583335262,0.5391292325190099,10490.74516937288,5.9174273358038035e-05,9819.827289032852,0.035619021802831725,0.044732025238876066
KEN,fixed_P0,17,0.022651201343225926,-375.2351944769514,8.02051264126411,0.013504316250702659,1.6742063932567581,0.6208506737640277,0.021580877314784766,0.4548533462022096,10490.74516937288,5.9174273358038035e-05,9819.827289032852,0.03351432142669086,0.044180545484857926
KEN,fixed_P0,18,0.02239686198736258,-365.552044168985,7.178134221964198,0.012510819631346246,1.5134907083000164,0.5494896592157119,0.020748294900519264,0.38581396549951796,10490.74516937288,5.9174273358038035e-05,9819.827289032852,0.0316002058691368,0.04393172617139391
KEN,fixed_P0,19,0.022260539712149918,-356.2496823768573,6.457274922411815,0.011600407246162615,1.3764106604046844,0.4901783395637115,0.019960221659963813,0.32889537019234316,10490.74516937288,5.9174273358038035e-05,9819.827289032852,0.029894526289080247,0.04387638247578909
KEN,fixed_P0,20,0.02218962989363803,-347.3118645926015,5.839187884439312,0.010765303019150557,1.2602687208437118,0.4404998741137068,0.019209527892152925,0.2817206885897191,10490.74516937288,5.9174273358038035e-05,9819.827289032852,0.028421965273920317,0.04395745942274037
KEN,refreshed_P0,1,1.8113995666464828,-666.3889103328959,97.58717167884298,0.03767763785141961,28.908073773881604,148.25476338462067,0.03816531275920408,148.01824155575795,399.396949180451,0.004322478321871963,199.6931510542152,1.347057888814314,0.6989485180920371
KEN,refreshed_P0,2,1.0803672720160158,-616.4269544439738,79.87545240169791,0.036352488223161866,23.322643644809467,45.48478808523645,0.037646924154778855,45.25466631698711,234.13974556412825,0.004261951257488098,92.94825141588638,0.6948313665912096,0.43483303394150413
KEN,refreshed_P0,3,0.5788581254686467,-583.6229064928867,65.88768860513083,0.034942069629625136,18.736285189036465,20.959629329753312,0.03699809803486247,20.73622317395709,179.47652111620712,0.0041739543200409205,63.26392934833443,0.5057983088368074,0.3871645458530581
KEN,refreshed_P0,4,0.3236224027073576,-557.986237699889,54.604468225316296,0.033460832314523625,14.89202357519931,11.965671130951655,0.03620748801336936,11.748989390756119,145.31446651120953,0.004062054948456656,47.83264027058409,0.33207389230044526,0.3092544306234869
KEN,refreshed_P0,5,0.19717987608790283,-536.1932262698434,45.49537022492365,0.03191365914145186,11.779950099516515,7.727158260123537,0.03527161520648618,7.516974008852727,119.42772220352836,0.003928030370602207,37.23674889109925,0.25693383104079076,0.23832361580691444
KEN,refreshed_P0,6,0.12954853872104408,-516.8143980995334,38.136813423881414,0.030300525313074856,9.32537500656289,5.391835937818653,0.03419945757126231,5.1877619006892814,98.90081152890053,0.003774743243893886,29.274903087337883,0.2206182029768395,0.18080924342217516
KEN,refreshed_P0,7,0.0905221545340872,-499.1542140074413,32.17178071870705,0.028622704196184002,7.41501393851369,3.9644295149143143,0.03301460984240481,3.765983392661423,82.43042008262364,0.003607019015078966,23.141181894049573,0.1868925249048846,0.1351468856610217
KEN,refreshed_P0,8,0.06665209518780005,-482.8247208208952,27.31001680451182,0.02689113404040069,5.935844172532905,3.026373980183016,0.031752591287299216,2.833031282359768,69.13130377790401,0.003431125776846592,18.38324953073428,0.1518904115365956,0.09969836196856079
KEN,refreshed_P0,9,0.051430597558570955,-467.57832990533103,23.32242782075759,0.025132107001607982,4.79305024632777,2.376540048012278,0.030453956456500512,2.187774915285812,58.32642082569731,0.003253414673560404,14.681203469727546,0.11953260367531329,0.07333706561519404
KEN,refreshed_P0,10,0.04144651308448149,-453.240397804823,20.0308371542261,0.023384360300621715,3.9224477646412326,1.9081931297912458,0.02915666406699996,1.7235084095931166,49.49065717740464,0.0030791801422957116,11.791960713098057,0.09285236134359084,0.055416873233190146
KEN,refreshed_P0,11,0.03478312315007721,-439.67993831108066,17.29723433090671,0.021688416493471366,3.325717040892749,1.560189195304361,0.027890916798709944,1.379137351768151,42.217945954614045,0.0029121696432105083,9.530366791293222,0.07292768593703038,0.045409919500359844
KEN,refreshed_P0,12,0.03029812458845043,-426.7954284002371,15.014458460747155,0.020076236857433444,2.916753162419313,1.2953121208769418,0.026677370955821143,1.117508623057526,36.19458541919663,0.002754621713553232,7.766512506471058,0.05939752967391063,0.04196244534294416
KEN,refreshed_P0,13,0.027276615653833974,-414.50700688835485,13.098784898599416,0.018567045801752943,2.579601371675386,1.0897682285346204,0.02552780586503347,0.9148989318159706,31.177463219487176,0.0026075593540914065,6.5209004729943745,0.05100079428414322,0.04259147637284129
KEN,refreshed_P0,14,0.025252931870278276,-402.7515871183191,11.484263398477449,0.017168618372119113,2.2904589206775476,0.9277151711476301,0.024446933449312893,0.7555389784821098,26.97699165618354,0.0024711378534651796,5.705054307080203,0.046096016107449324,0.0449349083603002
KEN,refreshed_P0,15,0.02391386544894135,-391.4794097424771,10.118475283219823,0.015880716398394668,2.0412679933487152,0.7982408143567098,0.023434407101610506,0.6285886691148821,23.444130050884304,0.00234495081185482,5.026200819606716,0.04320183349803164,0.04761369193630794
KEN,refreshed_P0,16,0.023043431715407073,-380.65138288812733,8.959375594882546,0.014698395965047076,1.8267755933486334,0.6936112215047364,0.022486570035671765,0.5263823097971696,20.46067521323788,0.0022282656588572527,4.438098996240042,0.04130553473357836,0.0500427418000841
KEN,refreshed_P0,17,0.02248997236919415,-370.2369108140034,7.972942092100579,0.013614409486638904,1.642763038714671,0.608211338739823,0.021597803789772267,0.4433673051338447,17.93204349127582,0.002120191036477367,3.9259481863244314,0.039848197208949325,0.052043536381516736
KEN,refreshed_P0,18,0.022145817705007908,-360.2120707654988,7.131417048356899,0.012620710172525125,1.485620179898941,0.5378809274363654,0.020761495389276425,0.37543895291383256,15.781904108392824,0.002019788757444401,3.479649217636789,0.038565864245502894,0.05360483640939519
KEN,refreshed_P0,19,0.021934271576413252,-350.5580718943026,6.411983240381034,0.011709296845101268,1.3521743808640587,0.47948476884521424,0.01997070000357315,0.31951054067806756,13.948170913716378,0.0019261442904623598,3.091031539781576,0.03734460631311135,0.054767002946724194
KEN,refreshed_P0,20,0.021800985605074808,-341.25996604206114,5.795758627028826,0.010872635021576989,1.239584416849334,0.43062638454817154,0.01921858552257241,0.27322835558070946,12.379986519985598,0.0018384078344439699,2.7531516651630996,0.036132955684222916,0.055572334500766055
KEN,refreshed_P0,21,0.02170802192948294,-332.3055964249639,5.267026069228951,0.010103828221316332,1.1452610257263824,0.38945226696308,0.01849873402215344,0.23477931663291327,11.035432003735778,0.0017558155000661985,2.45999229755205,0.03490120242779001,0.05604937519707424
ZAF,fixed_P0,1,1.3370886620048836,-401.24779724782934,0.00809031154893504,4.162315997335722e-05,0.0017531731939147465,1.3737521085781867,0.07249099010534751,0.9492655259949996,2.3694791308835326,0.0004071947759699401,0.9477647053437375,0.9921806229099728,15.21760940759775
ZAF,fixed_P0,2,1.4688284317781042,-360.49324509163887,0.00817347680782602,4.155555171462117e-05,0.0017737329327892537,1.5543329690659853,0.09324958228793886,1.0417899174820566,2.3694791308835326,0.0004071947759699401,0.9477647053437375,0.17952436244949255,2.5539022719390276
ZAF,fixed_P0,3,1.480357077750442,-356.09047431617205,0.008227206695852063,4.149076921059594e-05,0.0017827663829612654,1.574701869900227,0.09790459952892532,1.048373011575673,2.3694791308835326,0.0004071947759699401,0.9477647053437375,0.053307119365510705,0.6119737841687815
ZAF,fixed_P0,4,1.477255741924995,-354.39240403118595,0.008285278227631183,4.1426211362819634e-05,0.0017909891421806151,1.5729220338913101,0.09805883263997381,1.0476808613225963,2.3694791308835326,0.0004071947759699401,0.9477647053437375,0.025572961208643094,0.3057278159931701
ZAF,fixed_P0,5,1.4712773149866205,-353.0615355358944,0.008356030713754454,4.136188346703217e-05,0.001801652884992509,1.5670024200217723,0.09708312260576821,1.0458137825775813,2.3694791308835326,0.0004071947759699401,0.9477647053437375,0.02011323525400548,0.2722652064266536
ZAF,fixed_P0,6,1.464504694205459,-351.75411476340196,0.008443370452374966,4.129784479535208e-05,0.0018173073147522661,1.5600565760678435,0.09579165382304457,1.0435995649274319,2.3694791308835326,0.0004071947759699401,0.9477647053437375,0.020119185113444203,0.27560054995025823
ZAF,fixed_P0,7,1.4574383554881603,-350.4070019971941,0.008550277597692942,4.123412129654478e-05,0.0018415876325399718,1.5527792827748506,0.0943847862573033,1.041245700830744,2.3694791308835326,0.0004071947759699401,0.9477647053437375,0.021006493089635574,0.2820979352850943
ZAF,fixed_P0,8,1.4502658623603224,-349.0118517122155,0.008679544538022839,4.1170719905965645e-05,0.0018806173782866095,1.5454016911098947,0.09292136872481231,1.03883862278998,2.3694791308835326,0.0004071947759699401,0.9477647053437375,0.021764532738491504,0.2863870740136958
ZAF,fixed_P0,9,1.4431057203188136,-347.5753190213606,0.008833880334291442,4.110763766182787e-05,0.001944142387613305,1.5380559927360928,0.0914285559971004,1.0364310151715899,2.3694791308835326,0.0004071947759699401,0.9477647053437375,0.022166566460856834,0.28701588382241544
ZAF,fixed_P0,10,1.436057267731573,-346.11038626138355,0.009015831419934426,4.104486449362534e-05,0.0020440463704299162,1.5308486631659566,0.08992700068006258,1.034062395626008,2.3694791308835326,0.0004071947759699401,0.9477647053437375,0.02218019692139463,0.2836087053610143
ZAF,fixed_P0,11,1.4292085598289925,-344.63356749822975,0.009227636533773795,4.098238330891168e-05,0.0021886498436305564,1.5238729853592738,0.08843590700475612,1.0317647026591976,2.3694791308835326,0.0004071947759699401,0.9477647053437375,0.02184025457724173,0.27635897507634444
ZAF,fixed_P0,12,1.422634272844971,-343.1631474558579,0.00947106299759783,4.092016964064247e-05,0.0023792394781280085,1.5172076700880057,0.0869731740319336,1.0295636246107231,2.3694791308835326,0.0004071947759699401,0.9477647053437375,0.021215802587715563,0.265873553498066
ZAF,fixed_P0,13,1.416391836485501,-341.717525326823,0.00974725686026457,4.085819193813861e-05,0.0026130285098007336,1.510912856404627,0.08555445928932161,1.0274785673451277,2.3694791308835326,0.0004071947759699401,0.9477647053437375,0.020397060218048303,0.25306581207375917
ZAF,fixed_P0,14,1.4105186446251452,-340.3136389493376,0.010056633481673852,4.07964128475007e-05,0.002886529000544454,1.5050270858184096,0.08419227061095326,1.0255223464283691,2.3694791308835326,0.0004071947759699401,0.9477647053437375,0.019483852444230676,0.23902100779461266
ZAF,fixed_P0,15,1.405031467501787,-338.9656636869274,0.010398826543427555,4.0734791358863496e-05,0.003196488410942909,1.4995665996232612,0.08289545059126376,1.023701137435971,2.3694791308835326,0.0004071947759699401,0.9477647053437375,0.018572147484052844,0.22483350106465397
ZAF,fixed_P0,16,1.3999281913665713,-337.68416869931815,0.01077270175742021,4.067328542634708e-05,0.0035397637990239776,1.4945271548583619,0.08166912932798569,1.0220149226337096,2.3694791308835326,0.0004071947759699401,0.9477647053437375,0.017740854250570773,0.2114503616365356
ZAF,fixed_P0,17,1.3951913305479797,-336.4758048787528,0.011176429761176684,4.0611854579526686e-05,0.003913105125069607,1.4898877930052041,0.0805150689170238,1.0204584408853887,2.3694791308835326,0.0004071947759699401,0.9477647053437375,0.017042721991702252,0.19956133852828012
ZAF,fixed_P0,18,1.390792429096572,-335.3434742113118,0.011607604028961108,4.055046211501812e-05,0.004313058435124639,1.4856156190107601,0.07943225350372385,1.0190224831960593,2.3694791308835326,0.0004071947759699401,0.9477647053437375,0.016502101779079344,0.18955897683068232
ZAF,fixed_P0,19,1.386696485311191,-334.28684397511296,0.012063385649859914,4.04890766201263e-05,0.004735973346207635,1.4816706458699944,0.07841757338752695,1.0176953043939498,2.3694791308835326,0.0004071947759699401,0.9477647053437375,0.01611954023322012,0.1815670226750283
ZAF,fixed_P0,20,1.3828657738636216,-333.3030409756485,0.012540657206571167,4.042767276192855e-05,0.005178070476232465,1.478010009609559,0.0774664858443113,1.0164639374257591,2.3694791308835326,0.0004071947759699401,0.9477647053437375,0.015880437091826172,0.1755134807836869
ZAF,fixed_P0,21,1.3792627519642071,-332.38738103162626,0.01303617126390442,4.0366231417755624e-05,0.0056355342423871704,1.4745911950958845,0.07657358260233207,1.0153152668029908,2.3694791308835326,0.0004071947759699401,0.9477647053437375,0.015764021256780683,0.17121626874993728
ZAF,fixed_P0,22,1.3758520018138105,-331.5340335700509,0.013546683462640534,4.03047393031468e-05,0.006104608783331272,1.4713742057962733,0.07573303589504174,1.0142368011529705,2.3694791308835326,0.0004071947759699401,0.9477647053437375,0.015749970897172304,0.1684556326143125
ZAF,fixed_P0,23,1.372601330984854,-330.7365686447879,0.014069064622207167,4.024318827544208e-05,0.00658168419042977,1.4683228013202585,0.07493892386811007,1.0132171526331097,2.3694791308835326,0.0004071947759699401,0.9477647053437375,0.01582190082397653,0.16702144710550273
ZAF,fixed_P0,24,1.3694822272222393,-329.9883712247602,0.014600389866133136,4.018157447398176e-05,0.007063366746074041,1.465405013983557,0.07418545168315419,1.0122462716893548,2.3694791308835326,0.0004071947759699401,0.9477647053437375,0.015968327017236723,0.16673613759599357
ZAF,fixed_P0,25,1.3664698715879722,-329.2829314103248,0.015138005358479239,4.0119897421698524e-05,0.0075465311122015506,1.4625931677827473,0.07346709033657713,1.0113155010864636,2.3694791308835326,0.0004071947759699401,0.9477647053437375,0.016182170860013504,0.1674603846826561
ZAF,fixed_P0,26,1.3635428846296929,-328.614030997098,0.015679574835563443,4.005815917301061e-05,0.00802835499506471,1.4598635933679187,0.07277865495633491,1.01041751119494,2.3694791308835326,0.0004071947759699401,0.9477647053437375,0.016459695209415374,0.16908950831159333
ZAF,fixed_P0,27,1.3606829379119727,-327.9758501963626,0.016223108928197207,3.999636355800141e-05,0.00850633822638849,1.457196187037045,0.07211534126705091,1.0095461676073363,2.3694791308835326,0.0004071947759699401,0.9477647053437375,0.01679940497525072,0.17154632807944975
ZAF,fixed_P0,28,1.3578743219012857,-327.36301692168706,0.01676698051704388,3.9934515546280736e-05,0.008978308831808599,1.4545739164194857,0.07147273499744448,1.0086963685639607,2.3694791308835326,0.0004071947759699401,0.9477647053437375,0.017201142304259145,0.17477375296334985
ZAF,fixed_P0,29,1.3551035272532193,-326.770617506395,0.01730992924404933,3.987262073572045e-05,0.009442418793648336,1.4519823378422523,0.07084680527991444,1.0078638770519377,2.3694791308835326,0.0004071947759699401,0.9477647053437375,0.01766542407528333,0.17872845713358335
ZAF,fixed_P0,30,1.3523588715842874,-326.19418365481573,0.017851057967798182,3.981068496009779e-05,0.00989713206289013,1.4494091623980974,0.07023388998347216,1.0070451623737777,2.3694791308835326,0.0004071947759699401,0.9477647053437375,0.018192985002236147,0.18337590949201119
ZAF,fixed_P0,31,1.3496301869314198,-325.62966669443983,0.018389823506225117,3.9748714003680744e-05,0.010341207074668412,1.4468438886472283,0.06963067850966108,1.0062372587388757,2.3694791308835326,0.0004071947759699401,0.9477647053437375,0.018784463721609846,0.18868653283637546
ZAF,fixed_P0,32,1.3469085725133962,-325.0734071200398,0.018926023524283415,3.968671340822167e-05,0.010773675662754036,1.4442775077874086,0.0690341957869923,1.0054376436519141,2.3694791308835326,0.0004071947759699401,0.9477647053437375,0.019440171356016524,0.19463262224059533
ZAF,fixed_P0,33,1.344186211237356,-324.52210505167807,0.01945978093642187,3.962468835733979e-05,0.011193819905464902,1.441702279988537,0.06844178988501971,1.0046441359796288,2.3694791308835326,0.0004071947759699401,0.9477647053437375,0.02015989456994872,0.20118567157074907
ZAF,fixed_P0,34,1.3414562450501422,-323.97279547353276,0.019991526724324242,3.9562643623842826e-05,0.01160114809790207,1.439111576660062,0.06785112468998357,1.003854812007312,2.3694791308835326,0.0004071947759699401,0.9477647053437375,0.020942699765293338,0.2083138409900837
ZAF,fixed_P0,35,1.3387127025077536,-323.4228308323591,0.020521981628428318,3.9500583566428156e-05,0.01199537074722419,1.436499781360626,0.06726017831146901,1.0030679370896811,2.3694791308835326,0.0004071947759699401,0.9477647053437375,0.021786718765240503,0.21597939977493488
ZAF,fixed_P0,36,1.3359504709740173,-322.8698725956117,0.02105213676176719,3.943851216303026e-05,0.01237637723303131,1.433862240917621,0.06666724721965214,1.0022819103255651,2.3694791308835326,0.0004071947759699401,0.9477647053437375,0.02268890855462828,0.22413608054032325
ZAF,fixed_P0,37,1.3331653051128223,-322.3118925532253,0.02158323282207562,3.937643306851578e-05,0.01274421356270003,1.43119525748049,0.06607095546953552,1.0014952198252507,2.3694791308835326,0.0004071947759699401,0.9477647053437375,0.023644788713646513,0.23272637897453485
ZAF,fixed_P0,38,1.3303538625077207,-321.747183868734,0.022116737253683773,3.9314349684403446e-05,0.013099061478140862,1.4284961113413617,0.06547026770784152,1.0007064064675426,2.3694791308835326,0.0004071947759699401,0.9477647053437375,0.02464817051783345,0.24167892721634865
ZAF,fixed_P0,39,1.327513756244684,-321.17438104990885,0.022654318453939594,3.925226522795036e-05,0.013441219031858909,1.4257631033106972,0.06486450397231208,0.9999140345003594,2.3694791308835326,0.0004071947759699401,0.9477647053437375,0.025690901357716407,0.25090615722662046
ZAF,fixed_P0,40,1.324643613236059,-320.592487062015,0.02319781595960348,3.9190182787443834e-05,0.013771082642997479,1.422995604334227,0.06425335361694214,0.9991166679040089,2.3694791308835326,0.0004071947759699401,0.9477647053437375,0.026762656694086367,0.26030254681709486
ZAF,fixed_P0,41,1.3217431262218822,-320.0009047483671,0.02374920552585017,3.912810535036875e-05,0.014089130566133819,1.4201940991640583,0.06363688511117134,0.9983128521048059,2.3694791308835326,0.0004071947759699401,0.9477647053437375,0.027850818117565776,0.2697437938140441
ZAF,fixed_P0,42,1.3188130871582697,-319.3994686220451,0.024310558167388793,3.906603579183402e-05,0.014395907656260271,1.4173602106731122,0.06301554809012658,0.9975011013806415,2.3694791308835326,0.0004071947759699401,0.9477647053437375,0.028940478582681388,0.2790872769112091
ZAF,fixed_P0,43,1.315855390534327,-318.78847209597507,0.024883992605204096,3.9003976812831995e-05,0.014692011292845988,1.4144966923036635,0.06239016402747854,0.9966798930821942,2.3694791308835326,0.0004071947759699401,0.9477647053437375,0.03001461262721279,0.28817411710446883
ZAF,fixed_P0,44,1.3128729974098754,-318.16868454308053,0.025471621170641293,3.8941930822197083e-05,0.014978078334286403,1.4116073785663623,0.06176190240772259,0.9958476704857762,2.3694791308835326,0.0004071947759699401,0.9477647053437375,0.03105443874114686,0.2968330370994346
ZAF,fixed_P0,45,1.3098698547628775,-317.54135247974483,0.02607549004088918,3.887989976270311e-05,0.015254773010104528,1.4086970876140794,0.06113224038273477,0.995002856513483,2.3694791308835326,0.0004071947759699401,0.9477647053437375,0.03203998242640812,0.3048860249195823
ZAF,fixed_P0,46,1.3068507698336849,-316.9081798776222,0.026697515644698855,3.881788489044401e-05,0.015522775717733087,1.4057714754727575,0.06050290559307294,0.9941438804809776,2.3694791308835326,0.0004071947759699401,0.9477647053437375,0.03295082310815756,0.31215555786247073
ZAF,fixed_P0,47,1.30382124488172,-316.2712842581514,0.027339420056484286,3.875588652643742e-05,0.015782772765462333,1.4028368478248525,0.059875803953900505,0.9932692192634406,2.3694791308835326,0.0004071947759699401,0.9477647053437375,0.03376697939542932,0.31847287187105744
ZAF,fixed_P0,48,1.300787283115394,-315.63312774928113,0.028002669018209105,3.8693903808739354e-05,0.016035447181353177,1.3998999412287474,0.05925293643064271,0.9923774527201199,2.3694791308835326,0.0004071947759699401,0.9477647053437375,0.0344698607235052,0.3236865257422577
ZAF,fixed_P0,49,1.2977551804027145,-314.9964253871858,0.028688416705517344,3.863193448004693e-05,0.016281470775802567,1.3969676900954573,0.05863631073599806,0.9914673310062587,2.3694791308835326,0.0004071947759699401,0.9477647053437375,0.03504319546519179,0.3276703715650672
ZAF,fixed_P0,50,1.294731318842034,-314.36403611556983,0.029397461333693104,3.856997474785047e-05,0.016521497690469844,1.3940469976243501,0.05802785503684936,0.9905378488944114,2.3694791308835326,0.0004071947759699401,0.9477647053437375,0.0354738414698786,0.33033005086437744
ZAF,refreshed_P0,1,1.3370886620048836,-401.24779724782934,0.00809031154893504,4.162315997335722e-05,0.0017531731939147465,1.3737521085781867,0.07249099010534751,0.9492655259949996,0.11306117808375478,0.00047749948684240145,0.021987764560275572,0.9921806229099728,15.21760940759775
ZAF,refreshed_P0,2,1.464999974442883,-348.54385751025904,0.008172055904832276,4.154706371168416e-05,0.0017718720891605217,1.5395920538086785,0.09154331059402089,1.034250010944651,0.08389501520004794,0.0005351666740776745,0.015877984345915218,0.06644393505074477,1.4174978110948764
ZAF,refreshed_P0,3,1.4738418250434284,-344.62544727514376,0.008225193981074444,4.147160034500848e-05,0.0017808145085227425,1.5536738720213847,0.09541225972806247,1.0373581211559304,0.07129133014742928,0.0005475264887751713,0.013286866538831186,0.03709076748303838,0.8170091090809527
ZAF,refreshed_P0,4,1.470104015257654,-342.4426705205217,0.008281256762976337,4.1395045514606975e-05,0.0017892809583870354,1.5500701027457178,0.0954961693008412,1.0352735775546789,0.06401235944586638,0.0005296385187782629,0.011813962698766448,0.022986538992517964,0.5186982657881782
ZAF,refreshed_P0,5,1.464562483767374,-340.69965066303257,0.008347813172529236,4.13177529203532e-05,0.0017999684646314257,1.5440582746464018,0.09471892788757907,1.032947606021605,0.059346092464989536,0.0005065262484832969,0.010888945196870427,0.015105461025141192,0.3505192963619077
ZAF,refreshed_P0,6,1.4586481309380663,-339.1333048308913,0.008428583574200376,4.12399615376823e-05,0.0018152733562135889,1.5376840853903906,0.0936951263304965,1.0307004699231381,0.056194275059478216,0.0004872128438687672,0.010279948350018924,0.011057093160077342,0.26623399258114494
ZAF,refreshed_P0,7,1.4525818359956715,-337.6414655762335,0.008526530536296595,4.116181839307924e-05,0.0018388413744959177,1.5312356684082717,0.09255609755802086,1.0285143226716087,0.054005703302194424,0.00047207198248792203,0.0098710651475734,0.00987496309012264,0.24527216691661313
ZAF,refreshed_P0,8,1.4464275107097277,-336.1779297861272,0.008644448147219323,4.108341918906085e-05,0.001876879860205713,1.5247700107664302,0.0913395561849564,1.0263638927798273,0.052470470372357324,0.0004602168631302266,0.009598503797677228,0.010481062089410232,0.26265985783955415
ZAF,refreshed_P0,9,1.4402443467045902,-334.72295822278875,0.008785020432050445,4.100482878859845e-05,0.0019391986682458404,1.518334519040108,0.09006724005667531,1.0242411448546829,0.05140156906857869,0.00045075323401066656,0.009425969468253217,0.011765467572991638,0.29404510875197426
ZAF,refreshed_P0,10,1.4341031071103552,-333.2718016508006,0.00895072888546706,4.092609206921102e-05,0.002037511311281037,1.511991909257514,0.08875958244661313,1.022151499869883,0.0506805644848144,0.0004429807000945926,0.009333632203624348,0.013092460455645688,0.3255550220663564
ZAF,refreshed_P0,11,1.4280803503241464,-331.82903081985864,0.009143703818865895,4.084724003962193e-05,0.0021795776834580708,1.5058140174814159,0.0874375446278482,1.0201084673989356,0.050229667237119136,0.0004363923863174596,0.009312727589610364,0.014188825672274318,0.35100759268884263
ZAF,refreshed_P0,12,1.4222494435146744,-330.40488784778177,0.00936556186792795,4.076829347547835e-05,0.0023659825052407824,1.4998714372814579,0.08612169550732583,1.0181291379534763,0.04999608271865248,0.0004306354413143872,0.00936261554383385,0.014949851271060945,0.36795374815932536
ZAF,refreshed_P0,13,1.4166724159628046,-329.0124090692215,0.009617263686599476,4.068926525051586e-05,0.0025933847676665863,1.4942242077649528,0.08483077619231785,1.0162305616779972,0.049942619850911994,0.00042547060034649713,0.009488541812744822,0.015351013816154259,0.3758364358383812
ZAF,refreshed_P0,14,1.411394263929966,-327.66500871790385,0.00989902071404297,4.061016201774557e-05,0.0028579066742362115,1.4889152897033386,0.08358043531552295,1.0144270335279746,0.050041772277226,0.0004207391562397855,0.00969881636345015,0.01541526287752169,0.3752493478252018
ZAF,refreshed_P0,15,1.4064404708098082,-326.3745733326127,0.010210269140723018,4.05309855896998e-05,0.0031560140325704736,1.4839675873356,0.0823824348646741,1.0127283856507923,0.05027190093291266,0.00041633786155618926,0.010000885575877031,0.015198915961605962,0.3675653099110933
ZAF,refreshed_P0,16,1.401817684569247,-325.15019114627194,0.010549714079078988,4.045173416853129e-05,0.003484371922795452,1.4793844290669336,0.08124442337345397,1.0111393117917737,0.050614800317017164,0.0004122004861666984,0.010397345082370963,0.014781647792545831,0.35465193771424275
ZAF,refreshed_P0,17,1.3975167753311375,-323.99756179230303,0.010915432437312515,4.037240345566148e-05,0.0038396365819913037,1.4751526736886287,0.08017021338683751,1.0096595867881637,0.05105423282594512,0.0004082846064420588,0.010883973267441376,0.01425563791608256,0.3385923863064218
ZAF,refreshed_P0,18,1.393517130651787,-322.9190048050851,0.011305013712228612,4.029298761433627e-05,0.004218372734363008,1.4712472169990456,0.07916039964167863,1.0082849060423482,0.05157515051351787,0.00040456241715724686,0.011450621718699778,0.013712904771153368,0.32140996936060545
ZAF,refreshed_P0,19,1.3897910974183958,-321.91389065960243,0.011715715629546262,4.021348005018865e-05,0.004617068352356443,1.4676357166182057,0.07821312802086378,1.0070080221754663,0.052163385364303705,0.0004010145838976146,0.012083690475785173,0.013232008902525669,0.304826351736127
ZAF,refreshed_P0,20,1.3863078101301083,-320.97929039848094,0.012144615024238095,4.013387399286449e-05,0.0050321974854181314,1.464282697452762,0.07732485758192324,1.0058199009874356,0.05280562698054543,0.00039762633365610024,0.012768501620125619,0.012866936995040339,0.29009102739443093
ZAF,refreshed_P0,21,1.383036049828813,-320.1106706386866,0.012588740774519604,4.0054162886273486e-05,0.005460296657249427,1.4611526325968907,0.07649101704240864,1.0047107153825943,0.05348954277446678,0.00039438513016059956,0.013490849683102095,0.012641728644454509,0.2779132567172191
ZAF,refreshed_P0,22,1.3799461036781369,-319.3025199428678,0.013045182298030172,3.997434061391452e-05,0.005898035702533893,1.4582119496950547,0.07570651470324209,1.0036705967027508,0.0542039355037167,0.00039127941577920785,0.014237799477930538,0.01255301314554741,0.26850595235366137
ZAF,refreshed_P0,23,1.3770107847716666,-318.5488518304411,0.013511172428478803,3.989440159503363e-05,0.006342274574566695,1.4554301247307895,0.07496610188690621,1.0026901383561428,0.05493887277506715,0.0003882980276170891,0.014998011023971265,0.012579104598430417,0.26171761203617827
ZAF,refreshed_P0,24,1.374205839594261,-317.84357350906674,0.013984146861297371,3.981434078817897e-05,0.006790104031962299,1.4527801053449527,0.0742646119914632,1.001760688888378,0.055685757426228596,0.00038543000711479413,0.015761808540154104,0.012691283781580544,0.2572004112717548
ZAF,refreshed_P0,25,1.371509960532295,-317.180734515687,0.014461783975351751,3.9734153634296104e-05,0.007238871413046827,1.4502382994869076,0.073597104528911,1.000874486696242,0.056437332766262956,0.000382664614672324,0.016521117740146307,0.012862905770459614,0.25455946092619963
ZAF,refreshed_P0,26,1.3689045754505587,-316.5546796353165,0.014942029210483997,3.965383596479623e-05,0.007686194044596471,1.4477843182044954,0.07295894207148702,1.0000246868876577,0.05718763174675272,0.0003799914313076141,0.01726933709077466,0.013074380437924945,0.2534504957131205
ZAF,refreshed_P0,27,1.3663735341874588,-315.96013140263955,0.015423107835928523,3.957338389315729e-05,0.008129963060889686,1.4454006052609443,0.072345822824168,0.9992053214797598,0.05793188578707457,0.0003774004794264429,0.018001178954100486,0.013314439294975965,0.25362230780584566
ZAF,refreshed_P0,28,1.363902767135626,-315.3922239943073,0.01590352929173943,3.949279370265333e-05,0.008568340110450722,1.443072037316902,0.07175378564514018,0.9984112231004189,0.05866640978616595,0.0003748823279600699,0.018712501734371806,0.01357911301563113,0.25491875648996304
ZAF,refreshed_P0,29,1.3614799583154134,-314.84650548603855,0.016382085582668994,3.941206173811975e-05,0.00899974895224492,1.4407855420863143,0.07117919921461997,0.9976379325629867,0.05938847741579918,0.00037242816762929695,0.019400145919810978,0.013869761432646628,0.25725955121656874
ZAF,refreshed_P0,30,1.3590942538204276,-314.3189208729778,0.01685784558261979,3.933118430627427e-05,0.009422863473417607,1.4385297577776581,0.07061874315364551,0.9968816031205316,0.06009619711119785,0.00037002985379511226,0.020061781622121896,0.01419102160576993,0.26061485737887935
ZAF,refreshed_P0,31,1.3567360136288469,-313.8057845429973,0.01733014661263603,3.9250157586811254e-05,0.009836593272112719,1.436294742605932,0.0700693861554971,0.9961389088615009,0.06078839551190411,0.00036767992034457365,0.020695771555959183,0.014549095936439197,0.2649824284986273
ZAF,refreshed_P0,32,1.3543966077779417,-313.30374813578493,0.017798584282512298,3.916897755505357e-05,0.010240067656312517,1.4340717352347827,0.06952836436568693,0.9954069611724706,0.06146451207680965,0.0003653715705719408,0.021301050887952054,0.014950512242243804,0.27037077127465203
ZAF,refreshed_P0,33,1.3520682545638556,-312.8097677809233,0.018263001310225572,3.908763991614669e-05,0.01063261869992951,1.4318529632227428,0.06899316206637351,0.9946832349824434,0.06212450638208085,0.0003630986515571822,0.02187702376845939,0.015401332567486901,0.2767886275684148
ZAF,refreshed_P0,34,1.349743897183556,-312.32107339418116,0.018723475824441862,3.900614005043849e-05,0.011013763848820305,1.429631495142828,0.06846149596821076,0.9939655051989977,0.06276877814611434,0.00036085561807533894,0.02242347542804063,0.015906719624304098,0.28423949557466033
ZAF,refreshed_P0,35,1.3474171150671144,-311.8351418448971,0.019180309486659046,3.892447296965629e-05,0.011383188461337065,1.427401131872622,0.06793130392573236,0.9932517930322542,0.06339809914787725,0.0003586374911664905,0.022940498277782752,0.01647075115176489,0.29271943936201544
ZAF,refreshed_P0,36,1.3450820664404943,-311.3496752453673,0.01963401562093028,3.884263328365907e-05,0.011740728584704728,1.4251563329105763,0.06740073855879163,0.9925403215541968,0.06401355573517775,0.0003564398154800687,0.023428430328025607,0.017096379516012405,0.3022165608525541
ZAF,refreshed_P0,37,1.3427334590515367,-310.86258524603477,0.020085307397110556,3.8760615177840765e-05,0.012086354199516477,1.4228921740531988,0.0668681660043751,0.9918294797067926,0.06461650040475084,0.00035425861854258513,0.023887804301078307,0.017785452855615867,0.3127108906738582
ZAF,refreshed_P0,38,1.3403665462775554,-310.3719839644733,0.020535085970666896,3.8678412401584485e-05,0.01242015310407214,1.4206043331327056,0.06633216978505654,0.9911177939521687,0.06520851086286701,0.00035209037425139983,0.024319305966195866,0.018538737003238645,0.3241738879211423
ZAF,refreshed_P0,39,1.3379771458912952,-309.8761819655435,0.02098442833587204,3.8596018268505186e-05,0.012742315555452115,1.4182891006323404,0.06579155952224472,0.990403906786163,0.0657913549676912,0.0003499319721801317,0.024723740408209294,0.019355899643226225,0.3365671191291217
ZAF,refreshed_P0,40,1.3355616785242475,-309.3736934898028,0.021434574501888543,3.851342566950168e-05,0.013053119734503026,1.41594341179337,0.06524538391550563,0.9896865613704977,0.06636695996819554,0.00034778069367483205,0.02510200511815043,0.020235437334185192,0.3498399783691724
ZAF,refreshed_P0,41,1.3331172223013836,-308.8632488504538,0.021886913459766226,3.843062709977317e-05,0.013352918057924313,1.4135648962722775,0.06469294703670048,0.988964591552482,0.06693738446823394,0.00034563419519173077,0.025455068945041168,0.021174541439855293,0.36392651864742587
ZAF,refreshed_P0,42,1.3306415792379325,-308.3438135471851,0.022342967284722393,3.8347614700958e-05,0.013642124323703812,1.411151940509785,0.06413382654758112,0.9882369165214646,0.06750479155557948,0.0003434904988415462,0.025783956063354423,0.02216891106243485,0.37874161277306145
ZAF,refreshed_P0,43,1.3281333478452952,-307.81461315166126,0.022804372629680547,3.826438031929915e-05,0.013921201647961508,1.4087037567984007,0.0635678919602085,0.9875025392967509,0.06807142155549495,0.00034134798963138556,0.026089734187743865,0.0232125306490466,0.3941767747733062
ZAF,refreshed_P0,44,1.3255919951134938,-307.275162396791,0.023272858835537244,3.818091558023254e-05,0.014190651133715454,1.4062204517137158,0.06299532056557165,0.9867605481630761,0.0686395629193566,0.00033920541841282,0.026373506307259938,0.024297437906599596,0.41009606886129873
ZAF,refreshed_P0,45,1.3230179198209542,-306.7252961720728,0.02375022193733281,3.80972119789653e-05,0.01445100120703531,1.4037030853179058,0.06241660823155029,0.9860101200895798,0.06921151987269153,0.00033706190905056203,0.026636405221155214,0.025413514461773912,0.4263326186304914
ZAF,refreshed_P0,46,1.32041249824312,-306.1651993515397,0.02423829400999468,3.8013260985493155e-05,0.014702797564994565,1.4011537116420665,0.06183257201992525,0.9852505251196745,0.06978957566127886,0.0003349169678375177,0.026879590147485193,0.02654833715497919,0.44268629872997195
ZAF,refreshed_P0,47,1.317778103114063,-305.5954316668313,0.024738907593595802,3.7929054161155625e-05,0.014946593703425642,1.3985753907522107,0.06124434161481456,0.9844811307404735,0.07037595058671511,0.0003327704927400694,0.027104244658726462,0.02768713108425619,0.4589232275008218
ZAF,refreshed_P0,48,1.3151180874618995,-305.0169433381729,0.025253855373522323,3.7844583282327296e-05,0.015182942029902443,1.395972163546616,0.060653337008786515,0.9837014053659974,0.07097275454401503,0.00033062277972546104,0.027311575194910974,0.02881286507990789,0.4747776565766366
ZAF,refreshed_P0,49,1.3124367269272423,-304.4310770713085,0.025784845850420013,3.775984046543034e-05,0.015412385615658556,1.3933489825775678,0.060061230836739435,0.9829109203157124,0.07158193447385158,0.0003284745232794649,0.02750280943693221,0.02990652452218118,0.48995674489168
ZAF,refreshed_P0,50,1.3097391174391344,-303.8395524930087,0.026333456373194744,3.767481828631599e-05,0.015635450693686513,1.3907115957048721,0.05946989518123246,0.9821093500264426,0.07220521799872812,0.0003263268083459193,0.027679193913191118,0.03094758393806599,0.50414848935645
IND,fixed_P0,1,1.2528900846238709,-356.13903563046875,0.08972732817623544,6.879553255175951e-05,0.022067741352337522,1.3446479625061571,0.04361158646759576,0.9673636262243479,10.102763737256334,0.00011669853882109335,6.5518071942349,1.7836646625696797,13.989067786585085
IND,fixed_P0,2,1.3615963846963817,-309.8899038524335,0.08963053284466196,6.868280702129515e-05,0.02158201146581535,1.5215752310473716,0.058096380508962334,1.0498319771536413,10.102763737256334,0.00011669853882109335,6.5518071942349,0.23223750879237487,1.424045354233752
IND,fixed_P0,3,1.3706998382778748,-304.39694137155715,0.08850363655766288,6.85623119910123e-05,0.020950099828737148,1.5466076615914004,0.06740070971556965,1.047606849904229,10.102763737256334,0.00011669853882109335,6.5518071942349,0.07475845211461117,0.4235675858087232
IND,fixed_P0,4,1.3691586622234162,-302.5575009777703,0.08715232417155852,6.844072304252622e-05,0.020396571798429592,1.548911923947442,0.07272572454219588,1.0414433477002092,10.102763737256334,0.00011669853882109335,6.5518071942349,0.04684531067097709,0.2835177218574634
IND,fixed_P0,5,1.3656723585561024,-301.4178175560713,0.08581144191636339,6.831785960086329e-05,0.01995637324868995,1.546187996785752,0.07556579823689503,1.0361374096001197,10.102763737256334,0.00011669853882109335,6.5518071942349,0.039767207194838,0.23507628893080473
IND,fixed_P0,6,1.3615297331542249,-300.4649126340202,0.08456248498325131,6.819352997017682e-05,0.019623814484258238,1.5417477383758489,0.0770085984355102,1.0313483645828292,10.102763737256334,0.00011669853882109335,6.5518071942349,0.03533256118790627,0.20009594413744394
IND,fixed_P0,7,1.3570790627711469,-299.5838837904028,0.08343409188585493,6.806757957051811e-05,0.019383418282328337,1.536574837091735,0.07770332040577282,1.0267944532148208,10.102763737256334,0.00011669853882109335,6.5518071942349,0.03216214968492466,0.17638230099236135
IND,fixed_P0,8,1.35248473836316,-298.7443501911076,0.08243401673449846,6.793987277341184e-05,0.019219858619431172,1.5310873134760445,0.07800396504919602,1.0223767252833198,10.102763737256334,0.00011669853882109335,6.5518071942349,0.029797536559339786,0.16045971788248717
IND,fixed_P0,9,1.3478412564755429,-297.9363408025156,0.0815612428228738,6.781028986426408e-05,0.019120537277584497,1.525494087034863,0.07809514285018289,1.0180707787255943,10.102763737256334,0.00011669853882109335,6.5518071942349,0.027948869177173177,0.14943907918289848
IND,fixed_P0,10,1.3432037831626216,-297.1554381726868,0.08081110864676476,6.767872709670077e-05,0.019075588110814723,1.5199043750834897,0.07807096136117123,1.0138746731037827,10.102763737256334,0.00011669853882109335,6.5518071942349,0.026434167161725954,0.14141826959894666
IND,fixed_P0,11,1.3386036494661089,-296.3990308238527,0.08017760773646501,6.754509703078288e-05,0.01907734229525632,1.5143749969631757,0.07797885928568922,1.0097906923051374,10.102763737256334,0.00011669853882109335,6.5518071942349,0.025140391239380205,0.1352167496844432
IND,fixed_P0,12,1.3340579620576554,-295.6652556027338,0.0796544381863252,6.74093288074357e-05,0.01911985189633902,1.5089345248588906,0.07784266427241282,1.0058201852506055,10.102763737256334,0.00011669853882109335,6.5518071942349,0.02399719159417573,0.13011620781780034
IND,fixed_P0,13,1.329575501332329,-294.95263827178167,0.07923547159413705,6.727136827513314e-05,0.019198568466538304,1.5035962484755958,0.077674390676236,1.0019626917234552,10.102763737256334,0.00011669853882109335,6.5518071942349,0.022960543221054276,0.1256836585686773
IND,fixed_P0,14,1.3251601901267946,-294.2599377580951,0.07891494733576462,6.713117787552272e-05,0.019310163955651827,1.4983651677549208,0.07748018479896357,0.998216210615588,10.102763737256334,0.00011669853882109335,6.5518071942349,0.02200273547810622,0.12165993264907342
IND,fixed_P0,15,1.3208130672687561,-293.58606306576,0.07868753729739028,6.698873622292457e-05,0.019452480769346643,1.4932417371905775,0.07726329431168263,0.9945776257214192,10.102763737256334,0.00011669853882109335,6.5518071942349,0.021106254573182878,0.11789144831334855
IND,fixed_P0,16,1.3165333941485358,-292.93002359271145,0.07854835085320222,6.684403736606802e-05,0.019624618948405538,1.4882238611826644,0.07702554398369203,0.9910430449711285,10.102763737256334,0.00011669853882109335,6.5518071942349,0.020260016130862857,0.11428892607261223
IND,fixed_P0,17,1.312319281217361,-292.29089829302063,0.07849291352963449,6.669708976573398e-05,0.019827189401942998,1.483307964479843,0.07676806801679249,0.9876080322661555,10.102763737256334,0.00011669853882109335,6.5518071942349,0.019457014178959835,0.11080239085615727
IND,fixed_P0,18,1.3081680573016492,-291.6678167204795,0.0785171350814692,6.654791504931957e-05,0.020062764884373707,1.4784895819288162,0.07649167465181493,0.9842677615549775,10.102763737256334,0.00011669853882109335,6.5518071942349,0.01869283220186086,0.10740591392038595
IND,fixed_P0,19,1.304076503733575,-291.0599479024853,0.07861727409541162,6.639654661397089e-05,0.020336487742288495,1.4737637013855562,0.07619702966247974,0.981017123191793,10.102763737256334,0.00011669853882109335,6.5518071942349,0.017964688547900953,0.10408819299500859
IND,fixed_P0,20,1.300041017361926,-290.466494424225,0.07878990211341917,6.624302814836815e-05,0.020656504983371286,1.4691249799781245,0.07588475084629842,0.9778508029943164,10.102763737256334,0.00011669853882109335,6.5518071942349,0.017270820338941888,0.10084667130769093
IND,fixed_P0,21,1.2960577349073539,-289.8866899447595,0.07903186835177585,6.608741213508712e-05,0.021033285692236166,1.4645678940882365,0.07555545870759318,0.9747633458767779,10.102763737256334,0.00011669853882109335,6.5518071942349,0.016610086102050628,0.0976838357739983
IND,fixed_P0,22,1.2921226346116788,-289.3197989113892,0.07934026525481747,6.592975838398956e-05,0.02147659452185971,1.4600868527445177,0.0752098053654585,0.9717492103680948,10.102763737256334,0.00011669853882109335,6.5518071942349,0.01598171164881897,0.09460487949996615
IND,fixed_P0,23,1.2882316228300343,-288.7651176074108,0.07971239480656638,6.577013263515396e-05,0.02199088229831406,1.4556762887965422,0.07484849233346663,0.9688028171747942,10.102763737256334,0.00011669853882109335,6.5518071942349,0.015385130188579732,0.09161623080908166
IND,fixed_P0,24,1.2843806092021657,-288.2219759232205,0.08014573545677728,6.560860525847561e-05,0.022573133735764663,1.4513307347857203,0.07447228223921146,0.9659185933308618,10.102763737256334,0.00011669853882109335,6.5518071942349,0.01481988401750411,0.08872463806061871
IND,fixed_P0,25,1.280565572176585,-287.6897394187147,0.0806379095668695,6.544525006709658e-05,0.023215364020626857,1.4470448869026824,0.0740820068256331,0.963091012713878,10.102763737256334,0.00011669853882109335,6.5518071942349,0.014285565630859235,0.08593661219383883
IND,fixed_P0,26,1.2767826158325,-287.16781136996417,0.0811866513828618,6.528014325382029e-05,0.023908618293233444,1.4428136587970495,0.07367857224894675,0.9603146333739443,10.102763737256334,0.00011669853882109335,6.5518071942349,0.01378178310123045,0.08325809845294754
IND,fixed_P0,27,1.2730280185874154,-286.6556345816405,0.08178977566447666,6.51133624531451e-05,0.024645262615825135,1.4386322262734044,0.07326296204921416,0.9575841319800931,10.102763737256334,0.00011669853882109335,6.5518071942349,0.013308139375417756,0.08069429275709245
IND,fixed_P0,28,1.2692982742259264,-286.15269281003253,0.08244514722699832,6.494498592675173e-05,0.025419457937171083,1.4344960635788098,0.07283623787369327,0.9548943356166051,10.102763737256334,0.00011669853882109335,6.5518071942349,0.012864218543175175,0.07824954675505925
IND,fixed_P0,29,1.2655901256162958,-285.6585116882552,0.08315065177450703,6.47750918667556e-05,0.026226843475464064,1.4304009718363218,0.07239953791298008,0.9522402511037346,10.102763737256334,0.00011669853882109335,6.5518071942349,0.012449574601190033,0.07592732464703732
IND,fixed_P0,30,1.2619005914481776,-285.1726590814314,0.0839041685123384,6.460375780902138e-05,0.027064080860982144,1.4263431001069302,0.07195407298475129,0.9496170919538626,10.102763737256334,0.00011669853882109335,6.5518071942349,0.012063720078974728,0.07373018788212735
IND,fixed_P0,31,1.258226986311627,-284.69474482967945,0.0847035451155089,6.44310601470997e-05,0.027928476686600135,1.4223189595304162,0.07150112022980275,0.947020303003123,10.102763737256334,0.00011669853882109335,6.5518071942349,0.011706113303320645,0.07165979299983599
IND,fixed_P0,32,1.2545669344419423,-284.2244198637425,0.08554657569062626,6.425707373703578e-05,0.02881771318107566,1.4183254309904796,0.07104201444916657,0.9444455826860225,10.102763737256334,0.00011669853882109335,6.5518071942349,0.011376144172090328,0.06971689448179255
IND,fixed_P0,33,1.2509183774774773,-283.7613747038235,0.0864309823938356,6.40818715830015e-05,0.02972966598002407,1.4143597667663041,0.07057813719660766,0.9418889028542072,10.102763737256334,0.00011669853882109335,6.5518071942349,0.011073119144008362,0.06790134929662836
IND,fixed_P0,34,1.2472795766192812,-283.30533737746464,0.0873544013502166,6.390552459408499e-05,0.03066228364044075,1.4104195866698905,0.07011090383808374,0.9393465259893803,10.102763737256334,0.00011669853882109335,6.5518071942349,0.01079624674712824,0.0662121233060587
IND,fixed_P0,35,1.2436491096382376,-282.8560708170505,0.08831437345511584,6.372810140290285e-05,0.0316135097449864,1.406502869220479,0.06964174888990762,0.9368150196296235,10.102763737256334,0.00011669853882109335,6.5518071942349,0.010544625252678592,0.06464730205460716
IND,fixed_P0,36,1.2400258632435721,-282.4133698207104,0.08930834052360524,6.354966823764752e-05,0.032581234817322155,1.4026079384688477,0.0691721100416253,0.9342912678229591,10.102763737256334,0.00011669853882109335,6.5518071942349,0.010317234236057377,0.06320410980156864
IND,fixed_P0,37,1.2364090213970829,-281.9770576808013,0.09033364709184163,6.337028883958228e-05,0.03356326981872022,1.3987334471457482,0.06870341134945362,0.9317724794422912,10.102763737256334,0.00011669853882109335,6.5518071942349,0.010112931547395084,0.06187894101056756
IND,fixed_P0,38,1.2327980502220033,-281.5469825999541,0.09138754796994135,6.319002441890879e-05,0.03455733587563044,1.3948783568610088,0.06823704614377182,0.9292561932403691,10.102763737256334,0.00011669853882109335,6.5518071942349,0.009930456759586778,0.0606674079603679
IND,fixed_P0,39,1.2291926802043593,-281.12301402434275,0.0924672214103493,6.30089336427029e-05,0.03556106660089457,1.3910419161132845,0.06777436022341451,0.9267402795875759,10.102763737256334,0.00011669853882109335,6.5518071942349,0.009768441515651944,0.05956440681636169
IND,fixed_P0,40,1.225592886410888,-280.7050390259965,0.09356978750417964,6.282707264904737e-05,0.03657202034135994,1.387223636877663,0.06731663590650697,0.9242229389131469,10.102763737256334,0.00011669853882109335,6.5518071942349,0.009625426452932287,0.05856420263077604
IND,fixed_P0,41,1.2219988674445097,-280.29295886006724,0.09469233116749927,6.264449508242187e-05,0.03758770020497921,1.3834232705140708,0.06686507747122582,0.921702696953986,10.102763737256334,0.00011669853882109335,6.5518071942349,0.00949988365706533,0.05766053162055612
IND,fixed_P0,42,1.2184110238245252,-279.8866858088769,0.09583192885090762,6.24612521457011e-05,0.03860557998376307,1.3796407836824436,0.06642079845225365,0.9191783969969876,10.102763737256334,0.00011669853882109335,6.5518071942349,0.009390243010413569,0.05684671705188522
IND,fixed_P0,43,1.2148299364138602,-279.4861404035294,0.096985677916178,6.227739266483129e-05,0.039623134219672805,1.3758763348630079,0.06598481116477489,0.9166491893732693,10.102763737256334,0.00011669853882109335,6.5518071942349,0.009294920435077,0.056115793450940615
IND,fixed_P0,44,1.2112563454251966,-279.0912490872393,0.09815072749092775,6.209296316264282e-05,0.04063787073950096,1.3721302519677596,0.06555801871501069,0.9141145185203692,10.102763737256334,0.00011669853882109335,6.5518071942349,0.009212345935482853,0.05546063290865928
IND,fixed_P0,45,1.2076911304274285,-278.7019423549552,0.09932430954643426,6.190800793870636e-05,0.04164736406259644,1.3684030114006278,0.06514120963343752,0.9115741079673827,10.102763737256334,0.00011669853882109335,6.5518071942349,0.009140989512900755,0.05487406706943339
IND,fixed_P0,46,1.2041352916530774,-278.31815337355994,0.10050376895145995,6.172256915255812e-05,0.04264928819161829,1.3646952187887744,0.06473505514340928,0.9090279436166732,10.102763737256334,0.00011669853882109335,6.5518071942349,0.009079383402059243,0.054348998963169956
IND,fixed_P0,47,1.2005899327843639,-277.9398170587928,0.10168659133434213,6.153668690809333e-05,0.04364144744519757,1.361007591476396,0.06434010896280916,0.9064762556948588,10.102763737256334,0.00011669853882109335,6.5518071942349,0.009026139589863681,0.053878500022780704
IND,fixed_P0,48,1.1970562452804991,-277.5668695609892,0.10287042772990884,6.135039933724368e-05,0.04462180418435846,1.3573409427545666,0.06395680943705548,0.9039194997281377,10.102763737256334,0.00011669853882109335,6.5518071942349,0.008979962129556937,0.05345588920743114
IND,fixed_P0,49,1.1935354942077443,-277.199248093585,0.10405311518385303,6.116374268131675e-05,0.045588502514985,1.3536961677032273,0.06358548372368186,0.9013583368660865,10.102763737256334,0.00011669853882109335,6.5518071942349,0.00893965427975866,0.053074792849530844
IND,fixed_P0,50,1.1900290054530962,-276.83689102693796,0.10523269271855969,6.0976751368884923e-05,0.046539887303887514,1.350074230449637,0.06322635369472937,0.8987936138391489,10.102763737256334,0.00011669853882109335,6.5518071942349,0.008904120921369081,0.05272918546572343
IND,refreshed_P0,1,1.2528900846238709,-356.13903563046875,0.08972732817623544,6.879553255175951e-05,0.022067741352337522,1.3446479625061571,0.04361158646759576,0.9673636262243479,0.4989251555351498,0.00043212162361458135,0.16061940177507106,1.7836646625696797,13.989067786585085
IND,refreshed_P0,2,1.3558168718177341,-303.42173136350306,0.08951547562248768,6.866526460955392e-05,0.021558995723048383,1.5055012711604159,0.05809528381766492,1.0364158275418989,0.37065955004893353,0.0006044595537924956,0.09686006460984209,0.1155752848722963,0.925007784161789
IND,refreshed_P0,3,1.3638699668414758,-297.5593602789826,0.08825365992765967,6.852758788522443e-05,0.020901400637904216,1.5261390807853286,0.06739059255265722,1.031086468943767,0.32596455044187983,0.0006769764334854499,0.07481704182247173,0.062430043838668,0.5402840135111066
IND,refreshed_P0,4,1.3632930215080492,-295.44538622629017,0.08677023048375429,6.838795754827843e-05,0.02032785754062501,1.5283200208118917,0.07270480698601793,1.0250595254165786,0.30297265222418035,0.0007022285590701731,0.0642696305997009,0.04586388607772056,0.3849954422432271
IND,refreshed_P0,5,1.3611162778560433,-294.12500130033743,0.08530256182053617,6.824613995529808e-05,0.01987199491060873,1.5263819192195232,0.07554228668532009,1.0204484356562005,0.2884482916153781,0.000707010980945556,0.05860526905983325,0.03834385295599154,0.30234074664719784
IND,refreshed_P0,6,1.3582699274887027,-293.05040353244567,0.08393138472840397,6.810210095026638e-05,0.019525083602603795,1.52290511504309,0.0769926741524855,1.0164315277106168,0.27806027127885485,0.0007030398399197646,0.05543493906331466,0.032825619964519555,0.24692141460940648
IND,refreshed_P0,7,1.3550547127866432,-292.0859010550043,0.08268453981632864,6.79558564279558e-05,0.019270114863386104,1.5187274862971456,0.07770150928370222,1.012660417103428,0.2700491148201601,0.0006954290395867675,0.05362599366323324,0.028169468663045847,0.2072161938031997
IND,refreshed_P0,8,1.3516310818186452,-291.1879716611851,0.08156921704957998,6.78074239575386e-05,0.019091603602404777,1.5142267421654778,0.0780181846993159,1.009022711468595,0.26358180972797546,0.0006864922921023312,0.05258749590953591,0.02433243605865513,0.18023629207865752
IND,refreshed_P0,9,1.3480910792664305,-290.337891007105,0.08058398445505272,6.765681913641127e-05,0.018977359153859636,1.5095904359815429,0.07812392615725092,1.0054831704452472,0.25821061489170216,0.0006772975418179384,0.05201260667705129,0.02133816455516488,0.16425343013050972
IND,refreshed_P0,10,1.344486607876779,-289.5253112227566,0.07972385531985526,6.7504058064348e-05,0.018918019062662578,1.5049126829023542,0.07811098948486937,1.0020291861458377,0.25366722806062025,0.0006683308965217684,0.0517409818524114,0.019130792758850882,0.15696731059414143
IND,refreshed_P0,11,1.3408467230441992,-288.74358109284555,0.0789825634367527,6.73491592410617e-05,0.018906340722231248,1.500240117987389,0.07802612175345415,0.9986544107583006,0.2497760105905476,0.0006597979470035989,0.05168466286401421,0.017589752800029338,0.1555907431623114
IND,refreshed_P0,12,1.3371881535706585,-287.9880855939735,0.07835360206882087,6.719214456853507e-05,0.018936684266332007,1.4955955645794563,0.0778931668838766,0.9953543771191106,0.24641405389419307,0.0006517673502897382,0.05179164995948786,0.016564855558967317,0.15754194723076512
IND,refreshed_P0,13,1.3335212386656456,-287.25548587921486,0.07783068608890042,6.703303982976735e-05,0.01900469502440362,1.4909902189306345,0.07772452048606383,0.992125495398266,0.24349114294879753,0.0006442415982384926,0.05202861746792517,0.015907183720094153,0.16090081535770265
IND,refreshed_P0,14,1.329853033502343,-286.5432926787229,0.07740793984557269,6.687187488361121e-05,0.019107133847613315,1.4864297385217973,0.07752685838586096,0.9889648217936831,0.2409387804682263,0.0006371926180343255,0.05237258036301981,0.01548941914437846,0.1644467115181374
IND,refreshed_P0,15,1.3261888141720857,-285.849597186632,0.07707995523626332,6.670868368866699e-05,0.01924182039757631,1.481917148634324,0.07730398431753832,0.9858699186822196,0.2387036514438553,0.0006305798239456054,0.052806696772229336,0.015214100896286005,0.16749305005923867
IND,refreshed_P0,16,1.3225327481606695,-285.1728918548776,0.07684178993489807,6.654350421007113e-05,0.019407675758239214,1.4774541482018755,0.07705824472684948,0.9828386890188325,0.23674344445315748,0.0006243592119525764,0.05331802973256365,0.015012778173821269,0.16970408577535262
IND,refreshed_P0,17,1.3188881669077182,-284.51194846277434,0.07668893948963992,6.63763782401601e-05,0.019604862065784174,1.4730416519229164,0.07679123556856084,0.9798692019584694,0.23502402930554006,0.0006184878166635203,0.05389627736179041,0.014840714998493707,0.17095745705025175
IND,refreshed_P0,18,1.3152576712013109,-283.86573472214883,0.07661729921517921,6.62073511551339e-05,0.019835009383332842,1.4686799956712047,0.07650416046112088,0.9769595392117612,0.23351747467180844,0.0006129257518035278,0.05453300679168635,0.01467068235380341,0.17125432662422418
IND,refreshed_P0,19,1.3116431819069707,-283.233357485686,0.07662312309727631,6.603647162560069e-05,0.020101473246675966,1.4643690125121855,0.0761980171936142,0.9741076784391208,0.23220061756312652,0.0006076369955189088,0.055221165001517136,0.014487560810963748,0.17066375892316854
IND,refreshed_P0,20,1.3080459849707347,-282.6140245206265,0.07670298272989688,6.586379129593336e-05,0.02040944785833354,1.460108072857973,0.07587369935010961,0.9713114172512402,0.23105401134345938,0.0006025895343699473,0.055954750563238634,0.01428422986331903,0.16928901058103146
IND,refreshed_P0,21,1.304466787697277,-282.00701926137936,0.07685372734446924,6.568936444480329e-05,0.020765576613599766,1.4558961258570646,0.07553205543138768,0.9685683338695503,0.2300611411799339,0.0005977551924425459,0.05672858395680781,0.014058648939860616,0.16724731140004062
IND,refreshed_P0,22,1.3009057885979536,-281.4116845887808,0.07707244513285931,6.551324763700279e-05,0.021176651223801468,1.4517317527348517,0.07517392610864757,0.9658757773299655,0.229207832206752,0.0005931093191082901,0.0575381411517681,0.01381186691680592,0.16465789114105353
IND,refreshed_P0,23,1.2973627572777802,-280.8274128124204,0.07735642574659204,6.533549937456775e-05,0.02164750553805675,1.447613231609086,0.07480016961609433,0.9632308795827245,0.22848179842824484,0.0005886304268602769,0.05837942939830537,0.01354670006009645,0.1616350729556911
IND,refreshed_P0,24,1.293837119283722,-280.25363982920595,0.07770312379575062,6.515617975346894e-05,0.02217923708180558,1.4435386094316591,0.0744116800988814,0.9606305826226076,0.2278722953988616,0.0005842998262996756,0.05924889205077287,0.013266872040709886,0.1582845029772
IND,refreshed_P0,25,1.2903280411514104,-279.68984200100795,0.07811012323482805,6.497535013059148e-05,0.022769083222514544,1.439505776118641,0.07400940119594202,0.9580716750551377,0.2273698500126449,0.0005801012813411142,0.060143333835327245,0.012976466155368887,0.15470132665734165
IND,refreshed_P0,26,1.2868345118582292,-279.1355347042673,0.0785751026423568,6.479307280445158e-05,0.023411874207683078,1.435512536632881,0.07359433589685212,0.9555508338228275,0.2269660479808763,0.0005760206947545957,0.0610598607885154,0.012679585250411973,0.15096956505160802
IND,refreshed_P0,27,1.283355417960299,-278.5902718008811,0.07909580154268533,6.460941071205709e-05,0.024101774951678524,1.4315566778475866,0.073167553109917,0.9530646679763237,0.2266533647657596,0.0005720458272593211,0.06199583090796676,0.012380147860034935,0.14716221379638325
IND,refreshed_P0,28,1.2798896106341726,-278.0536454949883,0.07966998806352674,6.442442714346466e-05,0.024833376466363823,1.427636028049597,0.07273019109738907,0.9506097623081892,0.22642502949754242,0.000568166049803176,0.06294881277675451,0.01208177212118065,0.14334175606110164
IND,refreshed_P0,29,1.2764359635972022,-277.525286198121,0.08029542836006352,6.423818547493431e-05,0.025602071107628917,1.4237485078004282,0.0722834578199363,0.9481827193709773,0.2262749141484148,0.0005643721269058351,0.0639165502722126,0.01178771488266975,0.13956088933913663
IND,refreshed_P0,30,1.27299342145158,-277.00486214293034,0.0809698583558844,6.405074892108281e-05,0.0264040190030547,1.4198921715409831,0.07182862821191109,0.9457801989066599,0.22619744225391747,0.0005606560281858898,0.06489693207514835,0.011500844323549775,0.13586333807539172
IND,refreshed_P0,31,1.2695610384199234,-276.49207857588203,0.0816909584437548,6.386218030607081e-05,0.027235968148253877,1.4160652398274407,0.07136703844431543,0.9433989540622958,0.2261875129608673,0.0005570107649760696,0.06588796513217263,0.011223631940504769,0.13228467344656666
IND,refreshed_P0,32,1.266138007753171,-275.98667643094575,0.08245633184617551,6.36725418536357e-05,0.028095060339642604,1.412266122458864,0.07090007730313151,0.9410358639983897,0.22624043728123952,0.0005534302489974963,0.06688775153924176,0.010958155044230235,0.12885309608820386
IND,refreshed_P0,33,1.2627236823270072,-275.4884304452883,0.0832634873483926,6.348189499560382e-05,0.0289786696800675,1.4084934330360452,0.07042917490333803,0.9386879626478704,0.22635188424493724,0.0005499091702721733,0.0678944685386565,0.010706104629868443,0.1255901618670433
IND,refreshed_P0,34,1.2593175871247377,-274.9971467279667,0.08410982707796777,6.329030019847164e-05,0.02988428221794901,1.4047459957022523,0.06995578906239769,0.9363524634846846,0.2265178352434009,0.0005464428917224565,0.06890635147478477,0.010468796104179825,0.12251144762472307
IND,refreshed_P0,35,1.255919424447002,-274.51265983530493,0.08499263991082719,6.309781680758679e-05,0.030809412347667216,1.401022844976441,0.0694813897608278,0.9340267802340347,0.22673454529298193,0.0005430273581920044,0.06992167964957272,0.010247182133473311,0.11962716470741709
IND,refreshed_P0,36,1.2525290727987446,-274.03482944235805,0.08590910093332456,6.290450290846499e-05,0.03175154893355306,1.3973232197066174,0.06900744221141307,0.9317085435168428,0.22699851026025708,0.0005396590179020249,0.07093876506773142,0.010041867983311303,0.11694273397178592
IND,refreshed_P0,37,1.2491465804825947,-273.5635367279864,0.08685627718751165,6.271041520478408e-05,0.03270812477072936,1.393646552247754,0.06853538913304544,0.9293956134786852,0.22730643930956643,0.0005363347546162461,0.07195594407157946,0.009853130258137187,0.11445933751632102
IND,refreshed_P0,38,1.2457721549731682,-273.09868061052595,0.08783113968204272,6.251560891257422e-05,0.033676504308057624,1.3899924540040025,0.06806663287178744,0.92708608851257,0.22765523197794502,0.0005330518290227222,0.07297157184427386,0.009680940004456512,0.1121744603687443
IND,refreshed_P0,39,1.2424061491553984,-272.640173980745,0.08883058137862479,6.232013767011512e-05,0.03465398569628431,1.386360698466892,0.06760251802453371,0.9247783102459841,0.228041959371811,0.0005298078280486975,0.0739840197148462,0.009524990815196616,0.11008243069632627
IND,refreshed_P0,40,1.2390490454796774,-272.187940078112,0.08985144058261778,6.212405346298524e-05,0.03563781402320297,1.3827512028288809,0.06714431519655809,0.9224708650232027,0.22846384902788824,0.0005266006210063782,0.07499167513657554,0.009384731990235725,0.10817496094094502
IND,refreshed_P0,41,1.2357014390171095,-271.7419091453639,0.09089052889788432,6.192740656364444e-05,0.03662520310425891,1.3791640091567636,0.06669320646375126,0.9201625821699182,0.22891827300049333,0.0005234283216249325,0.07599294413953567,0.0092594061152884,0.10644168587628952
IND,refreshed_P0,42,1.2323640202926198,-271.30201547597267,0.09194466267235787,6.173024548483292e-05,0.037613363505294775,1.37559926597709,0.06625027301746311,0.9178525293744435,0.2294027387395961,0.0005202892551590066,0.07698625598644418,0.009148089767819856,0.1048706881270051
IND,refreshed_P0,43,1.2290375586382576,-270.8681949411466,0.09301069668211935,6.15326169459559e-05,0.03859953467135262,1.37205721096432,0.0658164853516451,0.9155400055540698,0.2299148823186154,0.0005171819298797612,0.07797006969554826,0.009049735573014956,0.10344899809984147
IND,refreshed_P0,44,1.2257228866526277,-270.4403830500772,0.09408555869376106,6.133456585152404e-05,0.03958101918864452,1.3685381552430103,0.06539269621780619,0.9132245315940584,0.2304524635658355,0.0005141050123532652,0.07894288204160063,0.008963213598618843,0.10216305404053518
IND,refreshed_P0,45,1.2224208861856842,-270.01851356224904,0.0951662835169268,6.11361352806023e-05,0.04055521736159297,1.3650424696303984,0.06497963643366654,0.9109058393491597,0.23101336265492334,0.0005110573059953975,0.07990323661084786,0.008887350121355237,0.10099910905771962
IND,refreshed_P0,46,1.2191324761022662,-269.60251763687774,0.09625004521321513,6.093736648614481e-05,0.0415196604699091,1.3615705729679881,0.06457791349677022,0.9085838592842737,0.23159557772261327,0.0005080377324647872,0.08084973347135624,0.008820962090130613,0.09994357502664038
IND,refreshed_P0,47,1.2158586019232578,-269.19232347471524,0.09733418625864453,6.073829890302167e-05,0.04247204129302026,1.3581229225313525,0.06418801283396024,0.9062587071041746,0.23219722310743288,0.0005050453155172822,0.08178103902678183,0.008762886081026522,0.09898329760037729
IND,refreshed_P0,48,1.2126002273087204,-268.78785638376365,0.09841624265238745,6.0538970163513296e-05,0.04341024074961369,1.3547000063751637,0.0638103014186876,0.9039306696854631,0.2328165278425734,0.0005020791669989132,0.0826958956486834,0.008712001094829346,0.09810576131683549
IND,refreshed_P0,49,1.2093583272389874,-268.3890391842439,0.09949396420717237,6.033941611907065e-05,0.04433234978874519,1.3513023373709854,0.06344503341516422,0.9016001905810821,0.23345183408711292,0.0004991384747003494,0.08359313072675087,0.008667245099385615,0.09729922826074204
IND,refreshed_P0,50,1.2061338826708143,-267.9957928599457,0.10056532952635328,6.013967086714244e-05,0.04523668597073277,1.3479304486308645,0.06309235746315518,0.8992678553227601,0.23410159523986046,0.0004962224918352402,0.08447166483368618,0.008627625694810624,0.09655281737586235
IDN,fixed_P0,1,0.9502931129610619,-385.97442910980175,0.02890844351107967,2.3270005308882503e-05,0.007488778792310942,1.0188140800841465,0.08772563715309764,0.5678015588046161,5.2151991236122335,0.00026288622916596533,3.0861749393207516,1.7412538210740685,20.07937937489225
IDN,fixed_P0,2,1.0513402701585646,-333.3095568894634,0.02890530878297194,2.3340794451245116e-05,0.007421154164305759,1.1731938867811489,0.1081983773227888,0.6311531085702765,5.2151991236122335,0.00026288622916596533,3.0861749393207516,0.15335318151392568,1.3744706502986026
IDN,fixed_P0,3,1.0556365951318438,-329.1369349159436,0.028838714026827944,2.3383238394789216e-05,0.007320109033710042,1.1873804929240952,0.11344278532894396,0.6304858299175998,5.2151991236122335,0.00026288622916596533,3.0861749393207516,0.04578201501142022,0.38897027842043763
IDN,fixed_P0,4,1.0518849359414904,-327.641746520854,0.028793344893886675,2.3419820134603897e-05,0.0072154369983141835,1.1844121885171568,0.11417799337014876,0.6270892342191285,5.2151991236122335,0.00026288622916596533,3.0861749393207516,0.025482829782413455,0.21486896987160287
IDN,fixed_P0,5,1.0475722794881988,-326.5213711681276,0.02878962381605197,2.3453384116963142e-05,0.007115182816422701,1.1796264329704453,0.11357230608614548,0.6249386366354011,5.2151991236122335,0.00026288622916596533,3.0861749393207516,0.023885762046085984,0.19200280948207601
IDN,fixed_P0,6,1.0433364133489393,-325.4935056537317,0.028834023385730517,2.3484530041105015e-05,0.007021832991670586,1.1747378046073054,0.11257385392051748,0.6234410087585796,5.2151991236122335,0.00026288622916596533,3.0861749393207516,0.024718104851905648,0.18578624119864665
IDN,fixed_P0,7,1.0392037765743598,-324.51141568653514,0.028928454875401577,2.351348922305849e-05,0.0069360246055855555,1.1699448955049654,0.11148373975439584,0.6221898874484172,5.2151991236122335,0.00026288622916596533,3.0861749393207516,0.02507925035722367,0.1798412965690943
IDN,fixed_P0,8,1.0351686177770334,-323.56519647997965,0.029072901159634987,2.3540415966587125e-05,0.006857721769348327,1.165280029741779,0.11040309730752848,0.6210266496154406,5.2151991236122335,0.00026288622916596533,3.0861749393207516,0.0248855268038882,0.17320709832513462
IDN,fixed_P0,9,1.031230764834705,-322.65272486070717,0.02926635848491844,2.356544477664166e-05,0.006786651188132381,1.1607537301299846,0.10936679220569624,0.6198970537788517,5.2151991236122335,0.00026288622916596533,3.0861749393207516,0.02431875058413927,0.16612272854500218
IDN,fixed_P0,10,1.0273912354077877,-321.7738919024821,0.02950724022671746,2.3588704313745704e-05,0.00672247294364368,1.1563695719020348,0.10838604120768772,0.6187844072340363,5.2151991236122335,0.00026288622916596533,3.0861749393207516,0.023520838114350493,0.15881067903636442
IDN,fixed_P0,11,1.0236493924590242,-320.92892680139727,0.029793590999775743,2.361032060325539e-05,0.0066649468703677195,1.1521263062745635,0.10746284220671151,0.6176846808043827,5.2151991236122335,0.00026288622916596533,3.0861749393207516,0.022588440942149766,0.15145314066727208
IDN,fixed_P0,12,1.020002373697256,-320.11779610100166,0.030123229235539433,2.3630416822690596e-05,0.007085550918190662,1.1480190203843332,0.10659523512569508,0.6165977444500873,5.2151991236122335,0.00026288622916596533,3.0861749393207516,0.021589053258245335,0.14420986480315823
IDN,fixed_P0,13,1.0164454356898025,-319.3400135319136,0.03049385767186415,2.364911202065371e-05,0.007622850797181169,1.1440402298399497,0.1057794473941179,0.6155243578209524,5.2151991236122335,0.00026288622916596533,3.0861749393207516,0.020570475231492334,0.13721302143276093
IDN,fixed_P0,14,1.0129725449892506,-318.594635290582,0.030903153510337553,2.366651972148659e-05,0.008183997744540848,1.1401808592961054,0.10501091132660836,0.614465184505629,5.2151991236122335,0.00026288622916596533,3.0861749393207516,0.019565758944288976,0.1305590972017913
IDN,fixed_P0,15,1.0095769515895032,-317.8803374744902,0.03134884115204993,2.3682746808647544e-05,0.008766827437044055,1.1364310497883854,0.10428482021354471,0.6134205179995267,5.2151991236122335,0.00026288622916596533,3.0861749393207516,0.01859645720285243,0.12430708915210299
IDN,fixed_P0,16,1.0062516520645968,-317.19552181905544,0.0318287484473466,2.369789280963784e-05,0.00936935879700461,1.1327807720074872,0.1035964564415532,0.6123902558377563,5.2151991236122335,0.00026288622916596533,3.0861749393207516,0.017675307184777944,0.11848289156850353
IDN,fixed_P0,17,1.002989723406867,-316.53842134976384,0.03234084760263843,2.371204957277749e-05,0.009989793928260167,1.1292202551638353,0.1029413835477244,0.6113739550134574,5.2151991236122335,0.00026288622916596533,3.0861749393207516,0.016808589586067544,0.1130869524855029
IDN,fixed_P0,18,0.9997845399350298,-315.90719220940326,0.03288328249564308,2.3725301268483705e-05,0.010626523156068483,1.1257402587248277,0.1023155478457342,0.6103709071843719,5.2151991236122335,0.00026288622916596533,3.0861749393207516,0.015998131523899475,0.1081025247906553
IDN,fixed_P0,19,0.9966298968955476,-315.2999865168626,0.033454384572261284,2.373772463094823e-05,0.011278127502707035,1.1223322211494375,0.1017153186796803,0.6093802108455568,5.2151991236122335,0.00026288622916596533,3.0861749393207516,0.015242906045601842,0.10350289437831814
IDN,fixed_P0,20,0.9935200657288913,-314.7150059437759,0.03405267962419502,2.374938936039199e-05,0.011943377419120878,1.1189883191422738,0.10113748843811021,0.6084008325455086,5.2151991236122335,0.00026288622916596533,3.0861749393207516,0.014540231245704447,0.09925692259010997
IDN,fixed_P0,21,0.9904498028297926,-314.15053812934383,0.03467688763431614,2.376035861933382e-05,0.012621228010788757,1.1157014662796407,0.10057924804221571,0.6074316552733813,5.2151991236122335,0.00026288622916596533,3.0861749393207516,0.01388661583233398,0.09533285726461285
IDN,fixed_P0,22,0.9874143289806396,-313.6049790152761,0.035325917621172404,2.3770689571864095e-05,0.013310811481760991,1.1124652737099927,0.10003814923419967,0.6064715146682587,5.2151991236122335,0.00026288622916596533,3.0861749393207516,0.013278319231850962,0.09170067466058926
IDN,fixed_P0,23,0.9844092920186656,-313.0768443024754,0.03599885909666296,2.3780433929514146e-05,0.014011427631846568,1.1092739895944457,0.09951206141583518,0.6055192246951348,5.2151991236122335,0.00026288622916596533,3.0861749393207516,0.012711696734781537,0.08833331310472556
IDN,fixed_P0,24,0.981430721380541,-312.56477292267937,0.0366949714281625,2.3789638479343518e-05,0.01472253318397869,1.1061224288060825,0.09899912801012502,0.6045735947130488,5.2151991236122335,0.00026288622916596533,3.0861749393207516,0.012183391797089509,0.08520714299549101
IDN,fixed_P0,25,0.9784749801365186,-312.0675249367615,0.03741367210102059,2.379834557924732e-05,0.01544373059300519,1.1030059003886583,0.09849772528272245,0.6036334398008429,5.2151991236122335,0.00026288622916596533,3.0861749393207516,0.011690425064844256,0.08230195338764613
IDN,fixed_P0,26,0.9755387179251187,-311.5839757612478,0.03815452462460692,2.3806593612367776e-05,0.016174756845335377,1.0999201373321856,0.09800642514844135,0.602697585991948,5.2151991236122335,0.00026288622916596533,3.0861749393207516,0.011230217059332857,0.07960066148059335
IDN,fixed_P0,27,0.9726188266801483,-311.1131081586863,0.03891722661904162,2.3814417397266838e-05,0.016915472626224518,1.0968612311759103,0.09752396256352074,0.6017648718005018,5.2151991236122335,0.00026288622916596533,3.0861749393207516,0.010800570680396044,0.07708888631851232
IDN,fixed_P0,28,0.9697124000406879,-310.6540030354324,0.03970159845799399,2.382184855375784e-05,0.017665852118580065,1.0938255725914587,0.09704920753507437,0.600834147149435,5.2151991236122335,0.00026288622916596533,3.0861749393207516,0.010399631325846388,0.0747544778607518
IDN,fixed_P0,29,0.9668166967058751,-310.2058297776391,0.04050757272012549,2.382891582630021e-05,0.01842597360681214,1.0908097982420522,0.096581141456038,0.5999042705629567,5.2151991236122335,0.00026288622916596533,3.0861749393207516,0.010025836351356782,0.07258705702524737
IDN,fixed_P0,30,0.9639291076243617,-309.7678366165301,0.041335184611313844,2.3835645368117618e-05,0.019196010990322997,1.0878107437053046,0.09611883731313753,0.5989741052722168,5.2151991236122335,0.00026288622916596533,3.0861749393207516,0.009677861384421203,0.0705775985537058
IDN,fixed_P0,31,0.961047126707103,-309.33934133605555,0.04218456345543448,2.3842060989739155e-05,0.019976226260950608,1.084825401972013,0.09566144325658488,0.5980425147060698,5.2151991236122335,0.00026288622916596533,3.0861749393207516,0.00935456819147007,0.06871807333885907
IDN,fixed_P0,32,0.9581683246603897,-308.91972250782356,0.043055925307395895,2.3848184375935176e-05,0.02076696296377646,1.0818508869087498,0.09520816902181482,0.5971083576969982,5.2151991236122335,0.00026288622916596533,3.0861749393207516,0.00905495696204897,0.06700115735439907
IDN,fixed_P0,33,0.9552903255117181,-308.5084113484123,0.04394956671349262,2.3854035274973408e-05,0.02156864063800369,1.0788844010404643,0.09475827472825861,0.5961704836211561,5.2151991236122335,0.00026288622916596533,3.0861749393207516,0.008778124692288385,0.06542000839094364
IDN,fixed_P0,34,0.9524107854159994,-308.1048842334246,0.0448658596269921,2.385963166394043e-05,0.02238175022132536,1.075923207032011,0.09431106163050444,0.5952277276066016,5.2151991236122335,0.00026288622916596533,3.0861749393207516,0.008523230580172873,0.0639681079851513
IDN,fixed_P0,35,0.9495273733653714,-307.7086558631288,0.04580524747797597,2.3864989893610113e-05,0.02320685039499517,1.0729646022990824,0.09386586445270736,0.5942789058803336,5.2151991236122335,0.00026288622916596533,3.0861749393207516,0.008289468821785925,0.06263916332681461
IDN,fixed_P0,36,0.9466377534709105,-307.319273050272,0.046768242393470466,2.387012481594066e-05,0.02404456484582239,1.0700058962433379,0.09342204499167792,0.5933228112787519,5.2151991236122335,0.00026288622916596533,3.0861749393207516,0.008076048811243578,0.061427062071051836
IDN,fixed_P0,37,0.9437395685315745,-306.93630908702295,0.04775542356486574,2.3875049897031535e-05,0.024895580424071258,1.0670443896735837,0.09297898672452252,0.5923582089138832,5.2151991236122335,0.00026288622916596533,3.0861749393207516,0.007882182434451782,0.06032587164087929
IDN,fixed_P0,38,0.9408304246507133,-306.5593586415607,0.04876743676326673,2.3879777317955042e-05,0.02576064618165398,1.0640773560389438,0.09253609020157631,0.59138383196641,5.2151991236122335,0.00026288622916596533,3.0861749393207516,0.007707077876957106,0.05932987373629979
IDN,fixed_P0,39,0.9379078767011318,-306.1880331330483,0.04980499500872634,2.3884318065546517e-05,0.026640573282247774,1.061102024157933,0.0920927690442144,0.5903983775636709,5.2151991236122335,0.00026288622916596533,3.0861749393207516,0.007549939131588789,0.05843362436414078
IDN,fixed_P0,40,0.934969414475287,-305.82195653476157,0.050868880405689966,2.3888682014948408e-05,0.027536235783474916,1.058115562178079,0.09164844640017016,0.5894005026946869,5.2151991236122335,0.00026288622916596533,3.0861749393207516,0.007409970199869372,0.05763202979018534
IDN,fixed_P0,41,0.9320124493873833,-305.4607615577483,0.05195994716407817,2.3892878005365906e-05,0.028448572300686654,1.0551150625439292,0.09120255173664757,0.5883888201133564,5.2151991236122335,0.00026288622916596533,3.0861749393207516,0.007286382845162362,0.05692042936718541
IDN,fixed_P0,42,0.9290343016197107,-305.10408617063484,0.05307912583306415,2.389691391027271e-05,0.02937858857198295,1.052097527787713,0.09075451787443407,0.5873618941842629,5.2151991236122335,0.00026288622916596533,3.0861749393207516,0.00717840668907992,0.05629467714710952
IDN,fixed_P0,43,0.9260321876270051,-304.7515704145633,0.054227428782789355,2.3900796702978968e-05,0.030327360954800348,1.0490598569874527,0.09030377818497623,0.5863182366322198,5.2151991236122335,0.00026288622916596533,3.0861749393207516,0.007085300450454546,0.05575121544497867
IDN,fixed_P0,44,0.9230032079312598,-304.4028534753411,0.05540595697821168,2.3904532518371765e-05,0.03129604089575737,1.0459988327633938,0.08984976388762232,0.58525630216624,5.2151991236122335,0.00026288622916596533,3.0861749393207516,0.007006363208648796,0.055287134950040506
IDN,fixed_P0,45,0.9199443351560082,-304.05757097758783,0.056615908099129454,2.3908126711341407e-05,0.03228586042758648,1.0429111087064649,0.08939190139649424,0.5841744839606158,5.2151991236122335,0.00026288622916596533,3.0861749393207516,0.006940944716489177,0.054900217459956505
IDN,fixed_P0,46,0.9168524022651587,-303.7153524678745,0.05785858607155683,2.3911583912318845e-05,0.033298138760126286,1.0397931971536627,0.08892960967622039,0.5830711089901474,5.2151991236122335,0.00026288622916596533,3.0861749393207516,0.006888453976896941,0.05458895872655458
IDN,fixed_P0,47,0.9137240909879062,-303.3758190556385,0.05913541208838233,2.3914908080159172e-05,0.03433429004677202,1.0366414572461116,0.08846229757348884,0.5819444332331049,5.2151991236122335,0.00026288622916596533,3.0861749393207516,0.00684836550772563,0.054352570159473694
IDN,fixed_P0,48,0.9105559204292769,-303.03858118207256,0.06044793721193163,2.3918102552536074e-05,0.035395832423838966,1.0334520832273912,0.08798936109742492,0.5807926367743423,5.2151991236122335,0.00026288622916596533,3.0861749393207516,0.006820222931278067,0.054190959187242004
IDN,fixed_P0,49,0.9073442358867326,-302.70323648837126,0.06179785666812026,2.392117009391488e-05,0.036484398438365415,1.0302210929639526,0.08751018062649649,0.5796138188623731,5.2151991236122335,0.00026288622916596533,3.0861749393207516,0.006803639720138252,0.05410468890609817
IDN,fixed_P0,50,0.904085197917795,-302.36936775578044,0.06318702596159084,2.3924112941035125e-05,0.037601747000411495,1.0269443166970627,0.08702411802325792,0.5784059929982632,5.2151991236122335,0.00026288622916596533,3.0861749393207516,0.006798297095373096,0.05409491824957502
IDN,refreshed_P0,1,0.9502931129610619,-385.97442910980175,0.02890844351107967,2.3270005308882503e-05,0.007488778792310942,1.0188140800841465,0.08772563715309764,0.5678015588046161,0.28502929626299134,0.00032697705231858544,0.06858572473388666,1.7412538210740685,20.07937937489225
IDN,refreshed_P0,2,1.050100362545141,-323.4187533271093,0.028887251044999663,2.3344829716279354e-05,0.007412306745877948,1.162284050932365,0.10725616793828435,0.6258461346023223,0.20421611550930382,0.000366720904646114,0.04604226311456959,0.06418666563401361,0.8378490974112642
IDN,refreshed_P0,3,1.0531985747074224,-318.9735956080959,0.028798667545107903,2.3388558152097783e-05,0.007303128185070623,1.1716046167773047,0.1119275816088748,0.622776982791595,0.1714180475625975,0.00036966150265999704,0.03768926670438315,0.039695895682243874,0.5324070664926732
IDN,refreshed_P0,4,1.0493635770585072,-317.139184817977,0.028723991849753192,2.3423927328888262e-05,0.007189484839853677,1.1674549042855116,0.11252631494348309,0.6184574516590934,0.15359271097966334,0.0003592186755364631,0.03324991054448995,0.027760212868314413,0.383595005190361
IDN,refreshed_P0,5,1.0454712135140272,-315.7856914822046,0.028683107631244986,2.3454088598364108e-05,0.007079037049831384,1.1626284630866188,0.11198440998821192,0.6157891627428926,0.1426154358530023,0.000345506610031,0.03059791311734395,0.021766317433078455,0.2999846134372404
IDN,refreshed_P0,6,1.0417765694912016,-314.61091780760137,0.028683316304505546,2.348010831568239e-05,0.006974435895471668,1.158025425621508,0.11111074170243052,0.6139539626985315,0.1353277801291816,0.0003321461536387133,0.028904784531035954,0.01952641294916631,0.25691008988399794
IDN,refreshed_P0,7,1.038170148422132,-313.5351080054708,0.028727801273391845,2.350264470700581e-05,0.006876647122857717,1.1535898203886177,0.11014528908176728,0.6124871767758693,0.13022682305333155,0.0003202361568902244,0.02776579490368245,0.019342396639795808,0.23936619270303108
IDN,refreshed_P0,8,1.0346065236391189,-312.52623223672293,0.02881786139084129,2.3522184757178645e-05,0.00678599992849912,1.1492702250792837,0.10916783930715285,0.6111986865083083,0.12650847026076256,0.0003099688226165222,0.026963442672812588,0.019915547084477597,0.2351839709273997
IDN,refreshed_P0,9,1.0310806044450145,-311.5689969730128,0.028953682094240613,2.3539109417868266e-05,0.006702653292703134,1.1450527128014851,0.10820963478501114,0.6100105690134916,0.1237075833166368,0.0003012328089681559,0.02637448881469201,0.02053497015456621,0.23594257666296672
IDN,refreshed_P0,10,1.0276006624379665,-310.6556467504491,0.029134672699648693,2.3553728174386108e-05,0.006627295119230379,1.140938829622294,0.1072851606908672,0.6088880266317828,0.12153954745814033,0.0002938328191670569,0.025926547466482312,0.020913648941148645,0.23710553272451476
IDN,refreshed_P0,11,1.0241766766733114,-309.782012248531,0.029359663924935525,2.356630094557431e-05,0.006584697808410118,1.1369334111677738,0.106401627985412,0.6078135569607852,0.11982254055462609,0.00028756760248833653,0.02557590806337043,0.02098092097512268,0.2367867912399859
IDN,refreshed_P0,12,1.0208161995356615,-308.945552680915,0.029627058876057096,2.3577051939222174e-05,0.007011585748795083,1.133039688757009,0.10556214549605544,0.6067771883732469,0.11843626649020755,0.00028225547897860144,0.0252955547488133,0.02076036342189316,0.23452427899674924
IDN,refreshed_P0,13,1.0175233586685628,-308.1443679054549,0.02993496494884333,2.358617824034186e-05,0.00752456464674019,1.129257836672426,0.10476711368380139,0.6057725557510492,0.11729872438870334,0.00027774044393506125,0.025068435801166307,0.02031022312490437,0.23050535453262247
IDN,refreshed_P0,14,1.0142991107518338,-307.37672569270956,0.030281311772097336,2.359385510948903e-05,0.008061665981443254,1.1255850277518127,0.10401509352024908,0.6047951821007257,0.11635253442096552,0.0002738913418527313,0.024883569865171984,0.019695630659075574,0.225151529274516
IDN,refreshed_P0,15,1.0111419294832826,-306.64086645795464,0.03066395374752942,2.360023933332553e-05,0.008619809804785689,1.12201607639679,0.10330346636647472,0.6038416556552422,0.11555659958541795,0.0002705988755614269,0.024733740954721202,0.018976115789837465,0.21891431316080778
IDN,refreshed_P0,16,1.0080485616655122,-305.9349522852656,0.031080755043695604,2.3605471481099752e-05,0.009196906530200144,1.1185442226347408,0.10262895062165993,0.6029092053107994,0.11488086912945242,0.0002677722431127249,0.02461410749476837,0.01820067792205049,0.21218516342365565
IDN,refreshed_P0,17,1.0050146937829134,-305.257084274032,0.03152965614614735,2.3609677575676892e-05,0.009791134889336424,1.1151618491945625,0.10198798898675132,0.6019954700975931,0.11430296309780359,0.00026533603308575296,0.024521347910763505,0.01740669399827733,0.2052653104608192
IDN,refreshed_P0,18,1.0020354747945155,-304.6053457435195,0.032008722608771606,2.3612970461291047e-05,0.010400861944503622,1.1118610503520088,0.1013770189738096,0.6010983700748851,0.11380594350817741,0.0002632275562092741,0.02445312605701383,0.016620751126727826,0.19836574661513262
IDN,refreshed_P0,19,0.9991058921736161,-303.9778489403003,0.032516177846604884,2.3615451011209885e-05,0.011024634001302724,1.1086340382119049,0.10079264561556617,0.6002160324562325,0.11337680860915242,0.00026139462091956286,0.02440774976573539,0.015860347159015287,0.19162083913143962
IDN,refreshed_P0,20,0.9962210212647695,-303.37277481619617,0.033050422490552095,2.361720923941357e-05,0.01166117721617951,1.1054734042804821,0.10023173853789098,0.5993467481824182,0.11300545318713895,0.00025979370313836353,0.02438394753466131,0.015135852501458184,0.1851063488077739
IDN,refreshed_P0,21,0.9933761754881295,-302.7884022099679,0.033610043042013316,2.3618325339143402e-05,0.012309396725638959,1.1023722662254007,0.09969147479125548,0.598488945085864,0.11268393572781758,0.00025838844754593306,0.024380718720164785,0.014452391131832661,0.17885694964333937
IDN,refreshed_P0,22,0.9905669843252881,-302.22312631483635,0.034193812452483235,2.3618870652398426e-05,0.012968372353930883,1.0993243308356093,0.09916934562123285,0.5976411698094102,0.11240595194076836,0.0002571484409628713,0.02439723064774392,0.013811466669271966,0.17288097403176064
IDN,refreshed_P0,23,0.9877894218850587,-301.67546793252393,0.03480068494692636,2.3618908567983005e-05,0.013637351218482151,1.0963239001661662,0.09866314126011369,0.5968020741104626,0.11216645000335267,0.00025604820682866887,0.024432746838688124,0.013212267395615642,0.16717167913992903
IDN,refreshed_P0,24,0.98503980372993,-301.14407554410997,0.03542978701990882,2.3618495345086536e-05,0.014315738101766846,1.0933658420961354,0.09817092386861871,0.5959704032137774,0.11196134512543182,0.00025506637876348523,0.024486576960433035,0.012652650455904278,0.16171519233433712
IDN,refreshed_P0,25,0.9823147648343634,-300.6277221964358,0.03608040613441922,2.3617680861267046e-05,0.015003084488404244,1.0904455408429639,0.09769099544659465,0.5951449850599563,0.11178730506416705,0.00025418501926536326,0.024558042827797756,0.012129841720464324,0.15649568701372554
IDN,refreshed_P0,26,0.9796112275672475,-300.12529892319037,0.03675197828807099,2.3616509286040744e-05,0.01569907703182607,1.087558838155215,0.09722186500275048,0.5943247199672711,0.11164158721422449,0.000253389056325904,0.024646456840011398,0.011640903167426156,0.15149844670253348
IDN,refreshed_P0,27,0.9769263655459465,-299.63580606515444,0.03744407529992582,2.3615019683421397e-05,0.01640352604157029,1.0847019721640718,0.09676221746919769,0.5935085705831775,0.11152191377343286,0.0002526658161836574,0.02475111028833929,0.011183021721920552,0.14671142823786254
IDN,refreshed_P0,28,0.9742575670041749,-299.15834351116644,0.03815639241865906,2.361324654820002e-05,0.01711635441788012,1.0818715181452723,0.09631088563086986,0.592695552173443,0.11142637539493983,0.000252004634758115,0.024871269447345575,0.010753668178314356,0.14212582356112563
IDN,refreshed_P0,29,0.9716023997874794,-298.6921005872638,0.03888873665596057,2.3611220281678516e-05,0.017837587321608395,1.0790643335487697,0.09586682556410774,0.5918847233594335,0.11135335639305208,0.0002513965337259905,0.025006177565275674,0.010350666328042123,0.13773599642830242
IDN,refreshed_P0,30,0.9689585790713282,-298.236346086278,0.03964101610072549,2.3608967612938872e-05,0.01856734275800874,1.0762775083956408,0.09542909561242448,0.591075177416907,0.1113014764102487,0.0002508339499025367,0.025155060988226292,0.009972203361781756,0.13353906109355126
IDN,refreshed_P0,31,0.9663239382444079,-297.7904187511708,0.04041323036128856,2.3606511971727593e-05,0.019305823170802157,1.0735083213448127,0.09499683866866597,0.5902660342231493,0.11126954475278378,0.0002503105087294476,0.02531713779763803,0.009616804438410438,0.1295342838113021
IDN,refreshed_P0,32,0.9636964030013644,-297.35371839435635,0.0412054622064868,2.360387381877898e-05,0.020053308083858676,1.0707542012555802,0.09456926740706828,0.5894564329018129,0.11125652453728327,0.00024982083437150363,0.025491627553601345,0.009283287603791445,0.1257224249611962
IDN,refreshed_P0,33,0.9610739684617008,-296.92569774271715,0.042017870424436,2.360107093897307e-05,0.020810147787436395,1.0680126938103824,0.09414565206463303,0.5886455251768311,0.11126150447441208,0.0002493603902829885,0.02567776101289405,0.008970710084488716,0.12210509594732667
IDN,refreshed_P0,34,0.9584546790155074,-296.5058550350527,0.04285068388449949,2.3598118702227098e-05,0.021576758040022667,1.0652814326403572,0.09372531037454214,0.5878324694137376,0.11128367662295185,0.00024892534519676776,0.025874789000046437,0.008678313202018603,0.11868417595866386
IDN,refreshed_P0,35,0.9558366105510765,-296.0937273577128,0.043704196768114836,2.359503029647297e-05,0.02235361574187221,1.0625581143613296,0.09330759928306367,0.5870164253008323,0.11132231882879406,0.00024851246037100276,0.026081989914385942,0.00840547048172656,0.1154613147769057
IDN,refreshed_P0,36,0.9532178547162685,-295.68888467908135,0.04457876492408555,2.3591816936542196e-05,0.023141255529441677,1.0598404769445202,0.09289190812190584,0.5861965491043656,0.11137678085283301,0.0002481189946450534,0.026298675624289614,0.008151641689325542,0.11243753553986076
IDN,refreshed_P0,37,0.9505965048863355,-295.29092452963704,0.0454748033006991,2.3588488052275018e-05,0.023940267238797275,1.0571262808909108,0.09247765295212435,0.5853719894206204,0.11144647341350343,0.00024774262444105964,0.026524195712477702,0.007916334276020119,0.1096129431344043
IDN,refreshed_P0,38,0.947970643543762,-294.8994672679677,0.04639278440839378,2.3585051458690464e-05,0.024751294188965045,1.0544132927357863,0.09206427183885524,0.584541883342441,0.11153085954072513,0.00024738137632745083,0.026757940186861173,0.007699072859616128,0.10698653796964017
IDN,refreshed_P0,39,0.9453383308129735,-294.5141518717433,0.04733323777105353,2.358151351062934e-05,0.025575032241779018,1.0516992704710346,0.09165122085589643,0.5837053529571479,0.11162944777052894,0.00024703357015554687,0.026999340864151372,0.007499376775142232,0.10455613022273091
IDN,refreshed_P0,40,0.9426975939300015,-294.1346321943405,0.0482967503302146,2.3577879243905745e-05,0.02641222960209158,1.0489819505319002,0.09123797065443523,0.5828615020958217,0.11174178681259364,0.0002466977711068562,0.027247871678184085,0.00731674530081062,0.1023183457306615
IDN,refreshed_P0,41,0.9400464174618768,-293.76057363124175,0.04928396777373771,2.357415250465446e-05,0.027263687330550658,1.0462590360489765,0.0908240034606754,0.5820094132595541,0.11186746140298037,0.00024637274925891513,0.027503048174045662,0.007150649846672711,0.10026871136204053
IDN,refreshed_P0,42,0.9373827341213964,-293.39165014458496,0.0502955967683366,2.357033606827456e-05,0.028130260550044493,1.0435281861140497,0.09040881039294335,0.5811481446557396,0.1120060891165304,0.00024605744550219703,0.02776442643454615,0.007000532155002255,0.09840180501455295
IDN,refreshed_P0,43,0.9347044160496882,-293.0275415987121,0.05133240808346681,2.3566431749104947e-05,0.029012860336070832,1.0407870058497148,0.08999188901037254,0.580276727286124,0.11215731796153997,0.0002457509428272104,0.028031601657378176,0.006865807392424642,0.0967114535173454
IDN,refreshed_P0,44,0.9320092664618806,-292.66793136388355,0.05239524060234523,2.3562440501768992e-05,0.02991245629052952,1.0380330371078375,0.08957274102298717,0.5793941620376885,0.11232082461641546,0.00024545244215669755,0.028304206566963017,0.006745870913561305,0.09519096084231501
IDN,refreshed_P0,45,0.9292950115705958,-292.3125041492766,0.05348500622427729,2.3558362514909723e-05,0.030830079807705982,1.0352637496517332,0.0891508701073921,0.5784994167372486,0.11249631319638423,0.00024516124202746375,0.028581909809662152,0.006640107446902267,0.09383334923193208
IDN,refreshed_P0,46,0.9265592927187293,-291.960944029869,0.05460269567108835,2.3554197297913608e-05,0.03176682805052329,1.0324765327023036,0.08872577978385521,0.5775914231406372,0.11268351445982656,0.0002448767215348389,0.028864414447882375,0.006547901495479629,0.0926315970990395
IDN,refreshed_P0,47,0.9237996586676711,-291.61293263481093,0.05574938521941188,2.354994376107763e-05,0.03272386866456624,1.02966868675033,0.08829697131973228,0.5766690738374921,0.11288218537987404,0.00024459832604321885,0.029151456639278435,0.006468647851949867,0.09157885968545486
IDN,refreshed_P0,48,0.9210135580006379,-291.26814746743463,0.05692624439004007,2.354560028956713e-05,0.03370244526704995,1.026837415556647,0.08786394163138735,0.5757312190629148,0.11309210901873587,0.0002443255552419709,0.029442804562405493,0.006401761287729021,0.09066866122495275
IDN,refreshed_P0,49,0.9181983316137562,-290.9262603291943,0.058134544635657606,2.3541164811451728e-05,0.034703883757970705,1.0239798182799718,0.08742618116231501,0.5747766634177084,0.11331309465069586,0.0002440579531893477,0.02973825762978269,0.006346684671581631,0.08989505043589346
IDN,refreshed_P0,50,0.9153512052807481,-290.58693582165745,0.05937566907923229,2.353663486002579e-05,0.03572959951132569,1.021092881689624,0.0869831717194054,0.573804162509687,0.11354497808556392,0.00024379510004044947,0.030037646013039855,0.006302894984821807,0.08925271426717883
THA,fixed_P0,1,0.9971740061616928,-244.39745079710733,0.10840279700277947,0.0010483983060269842,0.02207171124846067,1.1401969607110904,0.04649354826547695,0.8429595231057913,15.622999677273294,8.027666286977051e-05,9.992625803230418,1.6586348015778165,9.1052336923745
THA,fixed_P0,2,1.1629844545230794,-204.08150709055093,0.10835389437201413,0.0010366505802951356,0.022700495981853336,1.3941317932811614,0.04324358755024686,1.0372220443007962,15.622999677273294,8.027666286977051e-05,9.992625803230418,0.374960136184566,1.7071231846320785
THA,fixed_P0,3,1.194135577629199,-197.55609310328578,0.10742263256614842,0.0010228106563894915,0.022714498537079516,1.4529242430212452,0.039197998778699686,1.073727762008289,15.622999677273294,8.027666286977051e-05,9.992625803230418,0.08098339424384647,0.4088951236543536
THA,fixed_P0,4,1.1947047270458842,-195.21949439135574,0.10647589977838959,0.0010076897710324802,0.02262779589839308,1.459035493931818,0.03667980556593913,1.0739280473853323,15.622999677273294,8.027666286977051e-05,9.992625803230418,0.05393972256816734,0.23822566073361853
THA,fixed_P0,5,1.1879038125075236,-193.75802920324725,0.10569436191608378,0.0009915077590717154,0.02256425371261247,1.4519149265981237,0.035082771824385406,1.0668603594851742,15.622999677273294,8.027666286977051e-05,9.992625803230418,0.056584306381622824,0.2350329039587928
THA,fixed_P0,6,1.1791900053558035,-192.53862903380318,0.10511638656077878,0.0009744211577788394,0.022561107584418698,1.4413968791281568,0.033993255358307925,1.058381320204751,15.622999677273294,8.027666286977051e-05,9.992625803230418,0.05666613756180618,0.2323519539857187
THA,fixed_P0,7,1.1699629942367629,-191.41012800081688,0.1047452963723825,0.0009565621171856812,0.02263278306532201,1.430035605555772,0.033185070975861965,1.0496562677152474,15.622999677273294,8.027666286977051e-05,9.992625803230418,0.05648740303407613,0.2303901439275395
THA,fixed_P0,8,1.160609950469127,-190.32888747004577,0.1045761105180043,0.0009380448220448463,0.02278799781807922,1.4185336941392224,0.032535777625153986,1.0409271129785536,15.622999677273294,8.027666286977051e-05,9.992625803230418,0.05675826717318845,0.23127413653643913
THA,fixed_P0,9,1.1512389959361462,-189.27959940624004,0.10460299444544717,0.000918971005656328,0.023034830475919026,1.4070843185710045,0.031977685685287326,1.0322452263474122,15.622999677273294,8.027666286977051e-05,9.992625803230418,0.05746612353437449,0.2346509707050936
THA,fixed_P0,10,1.14187454589837,-188.25557101858317,0.10482132208707445,0.0008994347098740635,0.023382047267054215,1.395730183333427,0.031472290602608324,1.0236180482614512,15.622999677273294,8.027666286977051e-05,9.992625803230418,0.058497336966547124,0.23977317853975932
THA,fixed_P0,11,1.1325151920770515,-187.25306911441038,0.10522813382540777,0.000879525567040174,0.023839120204828937,1.3844686092935283,0.030996980737419706,1.0150417115485344,15.622999677273294,8.027666286977051e-05,9.992625803230418,0.0597617147379417,0.24606156044472874
THA,fixed_P0,12,1.1231523218740205,-186.2695011470314,0.10582213331483908,0.0008593305716176795,0.024415811608543544,1.3732845141700127,0.030538007690282254,1.0065097300915102,15.622999677273294,8.027666286977051e-05,9.992625803230418,0.06119858568817631,0.25312939726896394
THA,fixed_P0,13,1.1137763180355085,-185.30277820648266,0.10660358150874279,0.0008389346244574962,0.025121753590518922,1.3621610181325632,0.030086693162124967,0.9980157249008901,15.622999677273294,8.027666286977051e-05,9.992625803230418,0.06276663830454712,0.26072009545485697
THA,fixed_P0,14,1.1043785878229035,-184.35107856173767,0.10757419349179988,0.0008184202138022462,0.025966268050244313,1.3510827282376587,0.02963734418440993,0.9895543268100353,15.622999677273294,8.027666286977051e-05,9.992625803230418,0.06443581059483114,0.2686564210464039
THA,fixed_P0,15,1.094952200658786,-183.41275834513664,0.10873705907197578,0.0007978665828679867,0.02695850029673376,1.3400366410726754,0.02918608980268356,0.981121462463504,15.622999677273294,8.027666286977051e-05,9.992625803230418,0.06618225362181893,0.27680834186780634
THA,fixed_P0,16,1.0854921082189273,-182.4863211883709,0.11009657985779346,0.0007773486814321199,0.028107771641244648,1.3290123453208376,0.028730224856426064,0.972714448508307,15.622999677273294,8.027666286977051e-05,9.992625803230418,0.06798523501080925,0.2850730820430715
THA,fixed_P0,17,1.075995275184934,-181.5704141973752,0.11165840679159313,0.000756936130680543,0.029423970298276887,1.3180020791726204,0.02826783783291143,0.9643320450005564,15.622999677273294,8.027666286977051e-05,9.992625803230418,0.06982516281994586,0.29336237233968454
THA,fixed_P0,18,1.066460810044481,-180.66383712127922,0.11342936010021568,0.0007366923583685767,0.030917823833275213,1.3070007957782952,0.02779760011842077,0.9559745076479237,15.622999677273294,8.027666286977051e-05,9.992625803230418,0.07168230416951273,0.30159413608319424
THA,fixed_P0,19,1.0568900988367873,-179.76555845207656,0.11541731402697923,0.0007166739936835037,0.032600980065696034,1.2960062497426792,0.02731864757903414,0.9476436336440124,15.622999677273294,8.027666286977051e-05,9.992625803230418,0.07353599229054752,0.30968718293508746
THA,fixed_P0,20,1.0472869165887067,-178.87473455133377,0.11763103025375943,0.0006969305542230792,0.03448589920530522,1.2850190738527556,0.02683051450992259,0.9393427806628414,15.622999677273294,8.027666286977051e-05,9.992625803230418,0.07536422147419844,0.3175581530521151
THA,fixed_P0,21,1.0376574852910496,-177.99072864214818,0.12007992650343452,0.0006775044145805485,0.03658559623646318,1.2740428065883498,0.026333096049586446,0.9310768365692534,15.622999677273294,8.027666286977051e-05,9.992625803230418,0.07714357896238073,0.3251202830233705
THA,fixed_P0,22,1.0280104500354665,-177.1131267271899,0.12277377074445837,0.000658431017722446,0.03891327477044672,1.26308383499885,0.025826624208874875,0.92285212127254,15.622999677273294,8.027666286977051e-05,9.992625803230418,0.07884948355538897,0.332283719532401
THA,fixed_P0,23,1.0183567517278638,-176.24174764988362,0.12572229708004423,0.000639739275170695,0.04148188139733423,1.2521512265693864,0.02531164797872769,0.9146762090141632,15.622999677273294,8.027666286977051e-05,9.992625803230418,0.08045670350106202,0.3389571592952834
THA,fixed_P0,24,1.008709384297547,-175.37664482043593,0.1289347470018268,0.0006214520973325181,0.04430359879486491,1.2412564355243338,0.024789011348142015,0.9065576681918952,15.622999677273294,8.027666286977051e-05,9.992625803230418,0.08194011590010059,0.34505057864394534
THA,fixed_P0,25,0.9990830360420841,-174.5180976928002,0.1324193490587261,0.0006035869982477991,0.0473892932389689,1.2304128829314482,0.02425982546485698,0.8985057259722512,15.622999677273294,8.027666286977051e-05,9.992625803230418,0.08327565039044815,0.3504787575140578
THA,fixed_P0,26,0.9894936279108514,-173.6665919431768,0.1361827604389333,0.0005861567268245824,0.050747937433666776,1.2196354251615684,0.02372543310949938,0.8905298755414202,15.622999677273294,8.027666286977051e-05,9.992625803230418,0.0844413363578843,0.35516522612331575
THA,fixed_P0,27,0.9799577746821844,-172.82278843249946,0.14022950419821512,0.0005691698870720343,0.054386039095628155,1.2089397402012627,0.02318736533716073,0.8826394534906015,15.622999677273294,8.027666286977051e-05,9.992625803230418,0.0854183519030504,0.3590461971150443
THA,fixed_P0,28,0.9704922060963881,-171.9874823240161,0.14456144410318192,0.0005526315211065591,0.058307115152054015,1.198341673823586,0.022647291589813844,0.874843221764804,15.622999677273294,8.027666286977051e-05,9.992625803230418,0.08619196134410517,0.36207401997579747
THA,fixed_P0,29,0.9611131919107659,-171.1615549927502,0.14917734331130203,0.0005365436394503231,0.06251125705441761,1.1878565953305258,0.02210696571681169,0.8671489911467258,15.622999677273294,8.027666286977051e-05,9.992625803230418,0.08675223187976719,0.36421972931962493
THA,fixed_P0,30,0.9518360158860488,-170.34592238816117,0.15407255167665224,0.0005209056923314894,0.06699483209695073,1.1774988136431168,0.02156817104812108,0.8595633203560591,15.622999677273294,8.027666286977051e-05,9.992625803230418,0.08709444184841839,0.3654743616921331
THA,fixed_P0,31,0.9426745383317557,-169.54148408739258,0.15923885847615923,0.0005057149826967024,0.07175035774130062,1.1672810982738322,0.02103266786986881,0.852091316576039,15.622999677273294,8.027666286977051e-05,9.992625803230418,0.08721913080815304,0.36584887567212365
THA,fixed_P0,32,0.9336408758449262,-168.749077264957,0.16466453317697288,0.0004909670261420248,0.07676657134874545,1.1572143370526207,0.020502146356472895,0.8447365508732798,15.622999677273294,8.027666286977051e-05,9.992625803230418,0.08713178907866488,0.36537269976270825
THA,fixed_P0,33,0.9247452123359825,-167.9694391801107,0.1703345582853018,0.00047665586506362727,0.08202869846136077,1.147307345703386,0.019978187311214306,0.8375010878455356,15.622999677273294,8.027666286977051e-05,9.992625803230418,0.0868422319513951,0.3640911141275213
THA,fixed_P0,34,0.9159957401055385,-167.20318065048747,0.17623103821990452,0.0004627743444322841,0.08751890199921147,1.1375668266267898,0.019462232121730323,0.8303856155854352,15.622999677273294,8.027666286977051e-05,9.992625803230418,0.0863637419807633,0.3620618101436233
THA,fixed_P0,35,0.9073987163269868,-166.4507715532088,0.18233374990556211,0.0004493143553677345,0.09321687599659059,1.1279974586834502,0.018955562340162928,0.8233896520147511,15.622999677273294,8.027666286977051e-05,9.992625803230418,0.08571208455847684,0.3593510420043086
THA,fixed_P0,36,0.8989586107799623,-165.71253793995018,0.1886207874149219,0.0004362670508525145,0.09910053390448337,1.1186020887406,0.018459288419980673,0.816511798223543,15.622999677273294,8.027666286977051e-05,9.992625803230418,0.08490450487170358,0.35602978164440774
THA,fixed_P0,37,0.8906783159427125,-164.98866912250935,0.19506924647248072,0.00042362303611390536,0.105146735018923,1.1093819903387214,0.017974346495405802,0.8097500088793909,15.622999677273294,8.027666286977051e-05,9.992625803230418,0.08395880042495332,0.3521702236640125
THA,fixed_P0,38,0.88255939036044,-164.27923225760068,0.20165589549402496,0.0004113725348661862,0.11133199372849628,1.1003371548494598,0.017501501716376794,0.80310185326808,15.622999677273294,8.027666286977051e-05,9.992625803230418,0.08289253804527837,0.34784288379735806
THA,fixed_P0,39,0.8746023095385431,-163.58419160513336,0.20835778715507386,0.0003995055319128692,0.11763312402070636,1.0914665847551597,0.01704135653156577,0.7965647466782352,15.622999677273294,8.027666286977051e-05,9.992625803230418,0.08172245438070426,0.34311441885715654
THA,fixed_P0,40,0.8668067040837879,-162.9034297200942,0.2151527763090082,0.00038801189255243534,0.1240277840112691,1.0827685655336983,0.016594362384808763,0.7901361390890138,15.622999677273294,8.027666286977051e-05,9.992625803230418,0.08046405036924717,0.3380461900085989
THA,fixed_P0,41,0.8591715710868911,-162.23676825643744,0.22201992398688702,0.00037688145961511693,0.1304948996727413,1.074240900432808,0.01616083348398909,0.7838136551302357,15.622999677273294,8.027666286977051e-05,9.992625803230418,0.07913136713360425,0.3326935086611391
THA,fixed_P0,42,0.8516954507572315,-161.5839866700841,0.22893978089663122,0.00036610412957457564,0.13701496107930466,1.065881099853409,0.015740961550403918,0.7775951851629271,15.622999677273294,8.027666286977051e-05,9.992625803230418,0.07773691516554475,0.3271054507368256
THA,fixed_P0,43,0.8443765654204541,-160.94483776971242,0.235894555513625,0.0003556699097956413,0.1435701965403816,1.057686523289949,0.01533483071253691,0.7714789316435113,15.622999677273294,8.027666286977051e-05,9.992625803230418,0.0762917206075388,0.32132509954894717
THA,fixed_P0,44,0.837212921875646,-160.31905967094758,0.24286818046594555,0.00034556895945968524,0.15014463890176,1.0496544764168148,0.014942431941680438,0.7654634176389967,15.622999677273294,8.027666286977051e-05,9.992625803230418,0.07480545074064358,0.31539007474419567
THA,fixed_P0,45,0.8302023807502003,-159.70638419579075,0.24984629612971782,0.00033579161696294877,0.15672410371527812,1.0417822689350864,0.014563676624449417,0.7595474656504261,15.622999677273294,8.027666286977051e-05,9.992625803230418,0.073286583818816,0.30933321832606586
THA,fixed_P0,46,0.8233426980289644,-159.10654209775444,0.2568161724085107,0.00032632841660959765,0.16329610116767462,1.0340672404009117,0.014198409025828211,0.7537301550960422,15.622999677273294,8.027666286977051e-05,9.992625803230418,0.07174259429083861,0.30318333182750046
THA,fixed_P0,47,0.8166315445836877,-158.51926568807892,0.2637665891824146,0.0003171700972417782,0.16984970323446613,1.026506761746017,0.013846417518619212,0.7480107662413551,15.622999677273294,8.027666286977051e-05,9.992625803230418,0.07018013172504887,0.29696588594046036
THA,fixed_P0,48,0.8100665095233496,-157.94428951222835,0.27068769364444706,0.0003083076051345893,0.17637538526361685,1.0190982198952994,0.013507444545900376,0.742388717343768,15.622999677273294,8.027666286977051e-05,9.992625803230418,0.06860517910144172,0.29070365085694505
THA,fixed_P0,49,0.8036450927365177,-157.38134970978197,0.2775708494550611,0.0002997320930910213,0.18286485786814394,1.011838992075758,0.013181195347689557,0.7368635005430975,15.622999677273294,8.027666286977051e-05,9.992625803230418,0.06702318275122998,0.2844172195456416
THA,fixed_P0,50,0.7973646912820433,-156.83018261654587,0.2844084889857773,0.00029143491725644645,0.189310901273555,1.004726415332342,0.012867345526324526,0.7314346207498097,15.622999677273294,8.027666286977051e-05,9.992625803230418,0.06543915158931325,0.2781254154767624
THA,refreshed_P0,1,0.9971740061616928,-244.39745079710733,0.10840279700277947,0.0010483983060269842,0.02207171124846067,1.1401969607110904,0.04649354826547695,0.8429595231057913,0.7074847530191469,0.001452564120078904,0.1757233321417392,1.6586348015778165,9.1052336923745
THA,refreshed_P0,2,1.1533246681954448,-197.8552648453328,0.10829048931435609,0.00103557195327586,0.022663630200188495,1.371095047579012,0.04318409755250454,1.015498534668713,0.4991193590463004,0.0021260259034772224,0.11611344674376353,0.17004320759071734,1.1163517903613969
THA,refreshed_P0,3,1.1810289833971817,-190.82657415404765,0.10726570562479425,0.0010205684110505629,0.02263716183618084,1.4195988523290364,0.03907160784764,1.0426424124412454,0.42570682282074446,0.002047490920314768,0.09280990633586472,0.08115942447902047,0.6074410912404966
THA,refreshed_P0,4,1.1819195022146984,-188.1209718583075,0.10620177046236559,0.0010043849464548482,0.022510592272714007,1.4239841631081047,0.036492695585497094,1.0415060189958827,0.38780666011944076,0.0018906495216265773,0.08006210201073366,0.05123748218004666,0.43000608748848085
THA,refreshed_P0,5,1.1768175231226976,-186.41165304121128,0.10528320815238891,0.0009872432183687457,0.022407571499130467,1.4180216312467575,0.034844890224619146,1.0357087907812572,0.364365238379431,0.0017748647795586664,0.07213178572099868,0.04051192321578736,0.35287544691564243
THA,refreshed_P0,6,1.1701908902142504,-185.02460616238184,0.10455010445645992,0.0009692437478756648,0.022364233505312484,1.4094685206400708,0.03371738336358551,1.029191742979452,0.34837688621383456,0.0016902915062937053,0.06682060788076911,0.036517021056849966,0.31146771067807083
THA,refreshed_P0,7,1.1631317765838936,-183.778259341091,0.1040059120824426,0.0009504613729575996,0.02239347423968518,1.4002786420366757,0.032883972371744626,1.0225839782806019,0.3368393337371891,0.0016248379634580632,0.06308541155966144,0.03527374827054974,0.2895998096453259
THA,refreshed_P0,8,1.155938793624291,-182.6109666415612,0.10364472382013701,0.0009309678336769566,0.02250201142017227,1.3909878685578714,0.03222058293459723,1.015982540969953,0.3282099193649738,0.0015709793459238281,0.06037325903316662,0.03542313449722041,0.281755792698095
THA,refreshed_P0,9,1.1486944283950802,-181.49681387809147,0.10345913671175913,0.0009108384099692392,0.022695377081529876,1.3817394102313132,0.031657383869933345,1.0093967821181988,0.32158986331292194,0.0015243401040416083,0.05836877072656215,0.036363165541055606,0.28394933439650705
THA,refreshed_P0,10,1.1414169371170972,-180.42261733224612,0.10344257548169174,0.000890153881202269,0.022979204744416237,1.3725594396353307,0.031153795004370224,1.0028217911927282,0.31641110343184786,0.0014823669388172999,0.05688343301082126,0.03775334891579156,0.29263459196326114
THA,refreshed_P0,11,1.1341061970071689,-179.3805347247098,0.10358989025760987,0.0008690006316511866,0.02335926272685993,1.3634406767671576,0.03068543073809847,0.9962522446876962,0.3122954541099202,0.0014435454364618387,0.055802389146478205,0.03938201018025483,0.3050215430134973
THA,refreshed_P0,12,1.126758314992946,-178.3653144258389,0.10389741453533728,0.0008474696947026439,0.023841114022521797,1.354368999354247,0.03023713309749251,0.9896851823283801,0.30898238386155524,0.0014069609800503836,0.05505580558031558,0.04111773648491161,0.3191918982315621
THA,refreshed_P0,13,1.1193699565959139,-177.37312067048214,0.10436287566801694,0.0008256550667976834,0.024429812049094616,1.3453314157972618,0.029799160522658498,0.9831200970229528,0.30628809165895704,0.0013720508280707388,0.054600204653849155,0.04288206868533479,0.3339516434487851
THA,refreshed_P0,14,1.1119392191821051,-176.4009666550909,0.10498528669086529,0.0008036515669733282,0.02512983761572708,1.3363177991947945,0.029365051728495586,0.9765583038825517,0.30408059472208543,0.0013384617270922343,0.05440345425503075,0.044630982908801214,0.3486134383432003
THA,refreshed_P0,15,1.1044654626886279,-175.4464132800402,0.1057648557814437,0.0007815525309802837,0.025945318795024878,1.3273206972866112,0.02893040156972156,0.9700022312894263,0.3022637819593773,0.001305966807976424,0.05443323045597691,0.046342104427776774,0.36281235285570007
THA,refreshed_P0,16,1.096948957134047,-174.507398827719,0.10670291652011066,0.0007594476130789918,0.026880441337735903,1.3183347347904424,0.028492145955789867,0.9634548584979294,0.3007668388439403,0.001274416443014247,0.054652289938299584,0.048006039451613455,0.3763761688224067
THA,refreshed_P0,17,1.0893906234592943,-173.58214043620126,0.10780187054229762,0.0007374209108177579,0.027939897892201696,1.309356100853872,0.028048137640613348,0.9569193511450635,0.2995370509612847,0.0012437088931577924,0.05502110002971558,0.0496205971556548,0.38924103615518274
THA,refreshed_P0,18,1.0817919237623523,-172.6690783011765,0.10906513059150488,0.0007155495456187881,0.02912924622455477,1.3003822364580664,0.027596891718388472,0.9503988736261313,0.29853480628626794,0.0012137726489310685,0.0555032530475788,0.051186990687591145,0.40139863953856525
THA,refreshed_P0,19,1.0741548783528696,-171.76684658748454,0.11049705140075637,0.0006939027476327623,0.030455108932645275,1.2914117040121305,0.027137431718366897,0.9438965323264712,0.29773006171853,0.0011845557553002313,0.05606915168880108,0.0527073808377693,0.4128638758848181
THA,refreshed_P0,20,1.0664821645648832,-170.8742611942508,0.11210283647485016,0.0006725414238976496,0.0319252043581674,1.2824441828747533,0.026669195726617766,0.9374154005961254,0.29709979974579726,0.0011560193379232557,0.056697057731080414,0.054183333862561245,0.4236556252074284
THA,refreshed_P0,21,1.0587772513648013,-169.99031768063506,0.11388841019123623,0.0006515181420042654,0.03354823049887534,1.273480531153119,0.026191977937361933,0.930958582375476,0.29662616148759646,0.001128133663863154,0.05737265957864895,0.05561490979808984,0.43378590507652043
THA,refreshed_P0,22,1.0510445304856284,-169.11419442855285,0.11586024665098947,0.0006308774372807632,0.035333633402859624,1.264522862723108,0.02570589020021731,0.9245292804915339,0.29629504551285113,0.001100875725472103,0.058088294501181977,0.057000194791498905,0.44325447682727026
THA,refreshed_P0,23,1.04328941367248,-168.24525721687715,0.11802514953109502,0.0006106563456610881,0.037291289290159305,1.2555746002116135,0.025211333570386248,0.9181308452456511,0.2960950305482219,0.0010742277269660217,0.05884237591854921,0.05833515464295007,0.45204707442777925
THA,refreshed_P0,24,1.0355183747650025,-167.38306216762868,0.12038998095915043,0.0005908850711780318,0.0394311241535492,1.246640476673844,0.02470897327983492,0.9117667880506517,0.29601652737782047,0.0010481760898748567,0.05963915234004895,0.059613727089295576,0.46013608793961586
THA,refreshed_P0,25,1.0277389242709865,-166.5273546951338,0.12296134219033342,0.0005715877111186575,0.04176269038540628,1.237726470073535,0.024199712867424415,0.905440753271231,0.29605109844077027,0.0010227107397778922,0.060488676666467026,0.06082809435225251,0.46748291586237795
THA,refreshed_P0,26,1.019959512683502,-165.67806275597687,0.12574521445921363,0.0005527829792000454,0.0442947185226554,1.2288396652766613,0.023684664945753504,0.8991564489566095,0.2961909073801078,0.0009978245295254934,0.06140665405528856,0.061969090142814175,0.47404141160606883
THA,refreshed_P0,27,1.0121893668793798,-164.83528341644353,0.1287465743959627,0.0005344848848613128,0.047034663260013806,1.2199880479462029,0.023165117497950666,0.8929175436215524,0.2964282777501506,0.0009735127149982963,0.06241360397414335,0.06302670061713198,0.4797619604152108
THA,refreshed_P0,28,1.0044382711155146,-163.99926253388412,0.1319690041594519,0.0005167033431685834,0.04998826540298555,1.2111802431022654,0.022642495786561894,0.8867275412740195,0.2967553517471506,0.0009497724406522216,0.06353264761757366,0.06399062004044417,0.4845957834284194
THA,refreshed_P0,29,0.9967163098388381,-163.1703681557967,0.13541432105923967,0.0004994447038733585,0.053159154037477924,1.202425217610417,0.022118320921928565,0.8805896500677195,0.2971638469790926,0.0009266022204274528,0.06478557962189739,0.0648508219046242,0.4884991088252567
THA,refreshed_P0,30,0.9890335931424199,-162.34905900715245,0.13908225395469873,0.00048271219930800017,0.05654851449229635,1.193731969859266,0.02159416683580746,0.8745066609100023,0.29764491237805324,0.0009040014186157543,0.06618797268831213,0.06559810706850853,0.49143689724353096
THA,refreshed_P0,31,0.9813999867943187,-161.53585007235523,0.1429701933127262,0.00046650631882060836,0.060154846533680334,1.185109230937922,0.021071617789231722,0.8684808509562689,0.2981890837867448,0.0008819697467886611,0.06774529110523418,0.06622459344925889,0.4933858698214719
THA,refreshed_P0,32,0.9738248672322456,-160.7312776907113,0.1470730380308119,0.00045082512237017066,0.06397383302496062,1.1765651996456732,0.02055222859094249,0.862513923411133,0.2987863361252324,0.0008605067979574855,0.0694519146631693,0.06672411733512237,0.4943366629941808
THA,refreshed_P0,33,0.9663169180684623,-159.9358667018883,0.15138315510839429,0.0004356645079733408,0.06799833203651284,1.1681073290486774,0.02003748943976592,0.8566069900531319,0.29942622330466745,0.0008396116387617335,0.07129322923063107,0.06709252422163663,0.49429501867103276
THA,refreshed_P0,34,0.9588839791789188,-159.15010197174885,0.15589045872729446,0.0004210184473757737,0.07221849581889045,1.1597421758611781,0.019528796805291144,0.8507605972950865,0.30009809046543495,0.0008192824759387923,0.0732492286480115,0.06732783641055232,0.49328200271746625
THA,refreshed_P0,35,0.9515329532829706,-158.37440612590328,0.16058260456919915,0.0004068792022375766,0.07662200943191907,1.1514753167559832,0.01902743113448788,0.844974791349246,0.3007913371000628,0.0007995164062284875,0.07529790098287949,0.06743029447817077,0.49133332013429065
THA,refreshed_P0,36,0.9442697690017445,-157.60912459950663,0.16544528482863902,0.0003932375299815324,0.08119443171509225,1.1433113289102395,0.018534541534755526,0.8392492139951631,0.3014957054886075,0.0007803092509834697,0.07741757727172359,0.06740227918809817,0.48849785582986294
THA,refreshed_P0,37,0.937099394483602,-156.85451829658524,0.17046260089572918,0.00038008288494754,0.08591961318432875,1.1352538265698553,0.01805113703596481,0.8335832180346325,0.3022015675399078,0.000761655469706052,0.07958824739628131,0.06724812872734857,0.4848356124043745
THA,refreshed_P0,38,0.9300258922686575,-156.11076337109532,0.1756174852287289,0.0003674036172087536,0.09078016044991655,1.1273055417091373,0.017578083638190946,0.8279759908592287,0.3029001849098346,0.0007435481416645842,0.08179216562947461,0.06697387269102995,0.48041524040275424
THA,refreshed_P0,39,0.9230525042607766,-155.37795700783605,0.18089214206192694,0.0003551871687404834,0.09575791537109091,1.1194684351084903,0.01711610612821827,0.8224266754090537,0.3035839218271693,0.0007259790021584825,0.08401405234856614,0.06658690858264961,0.47531136298532084
THA,refreshed_P0,40,0.9161817553373282,-154.656127667339,0.18626847819828868,0.00034342026479837343,0.10083441924626929,1.1117438241705861,0.016665793580140673,0.8169344797111626,0.3042463965514555,0.0007089385197569016,0.08624108769005205,0.06609564843705715,0.4696018875323698
THA,refreshed_P0,41,0.9094155649340163,-153.94524808888661,0.19172849956811705,0.0003320890973842598,0.10599133719718773,1.1041325151292576,0.016227607504912048,0.8114987686350672,0.3048825646966037,0.0006924160023177909,0.08846279956631839,0.06550916242163168,0.46336547348551993
THA,refreshed_P0,42,0.902755357511849,-153.24524939892447,0.1972546555022902,0.000321179497449659,0.11121082452520234,1.0966349294845599,0.015801891735134365,0.8061191340342622,0.3054887346690456,0.0006763997219853256,0.09067089389007196,0.06483684311723781,0.456679291622448
THA,refreshed_P0,43,0.8962021647856633,-152.55603489602757,0.20283011967864256,0.0003106770928249042,0.1164758240981521,1.0892512170636939,0.015388883284677699,0.8007954417309651,0.30606252131512535,0.0006608770518975697,0.09285904915537921,0.06408810911871578,0.4496171687777608
THA,refreshed_P0,44,0.8897567146780685,-151.87749241198276,0.2084390034694011,0.0003005674495614157,0.12177029078716156,1.0819813506989417,0.014988723579278012,0.7955278556668629,0.30660274803376786,0.0006458346094721238,0.09502268766716085,0.06327216037138757,0.44224816830888886
THA,refreshed_P0,45,0.8834195039526695,-151.20950451663586,0.2140665032107676,0.00029083619524507623,0.12707934489102568,1.0748251998847134,0.014601469597753774,0.7903168409293209,0.30710930994417357,0.000631258402619049,0.09715873286462451,0.0623977911406431,0.43463561505114584
THA,refreshed_P0,46,0.8771908532459457,-150.55195618912543,0.21969898730147078,0.00028146912372879767,0.1323893609455104,1.0677825827869625,0.014227104587366611,0.7851631482972437,0.30758301136269095,0.0006171339760525748,0.09926536164688246,0.06147326051777674,0.42683653817851464
THA,refreshed_P0,47,0.8710709446879512,-149.9047398839334,0.22532403187488043,0.0002724522815366106,0.13768800119097951,1.060853297572037,0.01386554812052641,0.7800677835030689,0.30802539018546554,0.0006034465551970937,0.10134176030370237,0.06050621553193639,0.41890147908993125
THA,refreshed_P0,48,0.8650598434500869,-149.2677581576096,0.23093041517023982,0.0002637720368483534,0.14296420436843393,1.054037135195699,0.01351666534557457,0.7750319646585276,0.30843854021591605,0.0005901811852312407,0.10338789189418066,0.05950365862987902,0.41087459538694815
THA,refreshed_P0,49,0.8591575053837971,-148.64092418576226,0.23650808089651698,0.00025541513245783923,0.1482081406846878,1.0473338765760805,0.013180275354221133,0.7700570713166758,0.30882494042478226,0.0005773228628007783,0.10540428164968679,0.05847194958298292,0.40279398587074045
THA,refreshed_P0,50,0.8533637734357234,-148.02416059449507,0.24204808015535045,0.00024736872440981694,0.1534111430558682,1.040743277512634,0.012856158644289217,0.7651445885016177,0.30918729792031174,0.000564856658005781,0.10739182538464478,0.05741683162555129,0.39469216372912985
PER,fixed_P0,1,1.4551869960493735,-201.01674368323947,0.028570467665657517,4.9060305453760004e-05,0.009987608401267969,1.510798967958697,0.0247689580737407,1.2240435123920244,6.602095617468583,2.119723248471828e-05,4.271952473655504,0.7527235344523497,7.052946204020123
PER,fixed_P0,2,1.566563223560424,-170.59627196379654,0.028531198708799447,4.905634411638749e-05,0.009939890684499759,1.691156412219681,0.034126609873777226,1.340755115325148,6.602095617468583,2.119723248471828e-05,4.271952473655504,0.16832224047450411,1.5865282178114402
PER,fixed_P0,3,1.579191814721518,-167.4478696695793,0.028258295055777715,4.9026034973088994e-05,0.009805229026764044,1.716140991236868,0.03696484445180443,1.3521736090691197,6.602095617468583,2.119723248471828e-05,4.271952473655504,0.05861857760554743,0.5169499753439305
PER,fixed_P0,4,1.579937058866205,-166.6266114404751,0.027946631069087433,4.898950307288866e-05,0.009656478937867911,1.719315397103086,0.03760648526649771,1.3528336322096486,6.602095617468583,2.119723248471828e-05,4.271952473655504,0.03069679446304141,0.24390855642340975
PER,fixed_P0,5,1.578299207042871,-166.18564920359705,0.02763779270620816,4.894883858578814e-05,0.009509688317503248,1.7180658039689216,0.03765049845270361,1.3517646720433425,6.602095617468583,2.119723248471828e-05,4.271952473655504,0.02199612782755079,0.15538670624312081
PER,fixed_P0,6,1.5759780631737619,-165.8312951719346,0.027343318642435534,4.890467227262382e-05,0.009369284234827784,1.715602560976687,0.0375393446076418,1.3502688432281928,6.602095617468583,2.119723248471828e-05,4.271952473655504,0.018711672481330488,0.12655344514042652
PER,fixed_P0,7,1.5733516848217501,-165.5019183254502,0.027066757714105383,4.8857324244052726e-05,0.009236489290716549,1.712684230344745,0.03739177990091449,1.348593259934864,6.602095617468583,2.119723248471828e-05,4.271952473655504,0.01716557468161384,0.11816550592109765
PER,fixed_P0,8,1.5705207840901771,-165.1804718577783,0.02680925232216992,4.880699835019405e-05,0.009111521196223745,1.7095201851482735,0.03723898975321772,1.3467950821005026,6.602095617468583,2.119723248471828e-05,4.271952473655504,0.016288360027704528,0.11665338878570464
PER,fixed_P0,9,1.5675166652517984,-164.86090220706876,0.026571218190798364,4.8753849013326344e-05,0.008994273777089064,1.7061749444285133,0.037088278854138595,1.3448915913080324,6.602095617468583,2.119723248471828e-05,4.271952473655504,0.015731603381630065,0.11759474555286098
PER,fixed_P0,10,1.56434975299324,-164.54040864554545,0.02635288752692042,4.869800826305511e-05,0.008884543404171653,1.7026696765774525,0.036940630433532316,1.3428895692901535,6.602095617468583,2.119723248471828e-05,4.271952473655504,0.015373085227366641,0.11956977471183389
PER,fixed_P0,11,1.5610231862119444,-164.217327225647,0.026154492369309564,4.863959601779484e-05,0.008782107719025125,1.6990112888836828,0.03679560193130948,1.340792033351905,6.602095617468583,2.119723248471828e-05,4.271952473655504,0.015163715040860695,0.12210009157144122
PER,fixed_P0,12,1.557537595097977,-163.89049182549653,0.025976329984531726,4.857872362775603e-05,0.008686754765233675,1.6952019752202823,0.036652646364540395,1.338600441207144,6.602095617468583,2.119723248471828e-05,4.271952473655504,0.015076504322358733,0.12499090138372015
PER,fixed_P0,13,1.553893240467701,-163.55903108165572,0.02581878819717308,4.851549511683046e-05,0.008598295242402007,1.6912428838650793,0.03651142009878544,1.3363157922442173,6.602095617468583,2.119723248471828e-05,4.271952473655504,0.01509009440189224,0.12812322761875047
PER,fixed_P0,14,1.5500911994178226,-163.22230435317624,0.025682355743892032,4.8450007937828385e-05,0.008516569121558525,1.6871358119749202,0.03637181426340143,1.3339393313785526,6.602095617468583,2.119723248471828e-05,4.271952473655504,0.01518405477204637,0.13139077008763062
PER,fixed_P0,15,1.546134134149154,-162.87988527124156,0.02556762542539425,4.838235388608745e-05,0.008441450695854788,1.6828841508178995,0.03623392072332232,1.3314730478213903,6.602095617468583,2.119723248471828e-05,4.271952473655504,0.015337978842205056,0.1346835293617849
PER,fixed_P0,16,1.5420268382670335,-162.53156267354413,0.025475292092755245,4.831262032300558e-05,0.008372853764471893,1.678493494730756,0.03609798942093096,1.3289200446052307,6.602095617468583,2.119723248471828e-05,4.271952473655504,0.015531663855857419,0.1378862668559294
PER,fixed_P0,17,1.5377766325991955,-162.17734768397673,0.025406145597439263,4.824089166338818e-05,0.008310737913240832,1.6739720567414098,0.035964389475693,1.326284813602289,6.602095617468583,2.119723248471828e-05,4.271952473655504,0.015745515616246906,0.14088141600361823
PER,fixed_P0,18,1.5333936310560987,-161.81748163215576,0.025361058242423816,4.816725100875853e-05,0.008255116717818145,1.669330934495325,0.0358335746021156,1.3235734293475971,6.602095617468583,2.119723248471828e-05,4.271952473655504,0.015960950961864374,0.14355322878566057
PER,fixed_P0,19,1.52889087313972,-161.45244135265722,0.025340966194373798,4.809178178649779e-05,0.008206068817930099,1.6645842304767389,0.035706051116623845,1.3207936624737697,6.602095617468583,2.119723248471828e-05,4.271952473655504,0.01616076889952416,0.14579226426967662
PER,fixed_P0,20,1.5242843095727614,-161.08293902902415,0.025346844510920938,4.801456925321124e-05,0.008163753104335425,1.6597490152637813,0.035582347134488476,1.3179550069372379,6.602095617468583,2.119723248471828e-05,4.271952473655504,0.016329506605508293,0.14749997242172241
PER,fixed_P0,21,1.5195926264535864,-160.70991413675938,0.025379675832007058,4.7935701729002e-05,0.008128429730083663,1.6548451200746759,0.03546298246654683,1.3150686132164537,6.602095617468583,2.119723248471828e-05,4.271952473655504,0.01645379078024404,0.14859320270453183
PER,fixed_P0,22,1.5148368995091714,-160.33451556434733,0.025440413344675977,4.7855271446428725e-05,0.008100489358098907,1.6498947510404034,0.03534843961994587,1.3121471216778213,6.602095617468583,2.119723248471828e-05,4.271952473655504,0.01652267572364109,0.14900837707441233
PER,fixed_P0,23,1.510040082125963,-159.95807279288593,0.025529939309375794,4.777337492493687e-05,0.008080494074855157,1.6449219303815672,0.035239137002651355,1.3092043958321211,6.602095617468583,2.119723248471828e-05,4.271952473655504,0.01652794157438555,0.148704968245433
PER,fixed_P0,24,1.50522634710366,-159.58205610904477,0.025649021150149942,4.769011281959244e-05,0.008069234828529174,1.639951786836019,0.035135405847095354,1.3062551634903974,6.602095617468583,2.119723248471828e-05,4.271952473655504,0.016464315325250386,0.14766788226726069
PER,fixed_P0,25,1.500420319826832,-159.20802712714377,0.025798267747491152,4.760558924092035e-05,0.008067812119350407,1.635009736361285,0.0350374724565959,1.3033145836403977,6.602095617468583,2.119723248471828e-05,4.271952473655504,0.016329575756392836,0.1459083861543279
PER,fixed_P0,26,1.495646256352579,-158.83758223098155,0.025978088999595566,4.7519910594960224e-05,0.008077748722317615,1.630120610663686,0.03494544712711878,1.3003977664751993,6.602095617468583,2.119723248471828e-05,4.271952473655504,0.016124511425203953,0.14346334820091913
PER,fixed_P0,27,1.4909272301783927,-158.47229268333945,0.026188661816455662,4.743318404292664e-05,0.008101144318449318,1.6253078016818785,0.03485932054682037,1.297519281414208,6.602095617468583,2.119723248471828e-05,4.271952473655504,0.015852716700248765,0.14039275176111868
PER,fixed_P0,28,1.4862843933521963,-158.11364585481752,0.026429905408752098,4.734551571931154e-05,0.008140878617452366,1.6205924917901873,0.03477896772652974,1.294692691332418,6.602095617468583,2.119723248471828e-05,4.271952473655504,0.015520231369279045,0.13677566613663994
PER,fixed_P0,29,1.48173636995679,-157.7629921194085,0.026701468033238807,4.725700886790566e-05,0.008200853381210925,1.6159930309757415,0.034704158712308995,1.2919301494215412,6.602095617468583,2.119723248471828e-05,4.271952473655504,0.015135050414681172,0.13270506481819216
PER,fixed_P0,30,1.4772988238671254,-157.42150139783388,0.02700272634476391,4.7167762054963584e-05,0.008286217883556317,1.611524504693195,0.034634574636721475,1.2892420881147189,6.602095617468583,2.119723248471828e-05,4.271952473655504,0.014706547780224594,0.12828202721018142
PER,fixed_P0,31,1.472984221092173,-157.09013219364275,0.027332797339066937,4.707786759685432e-05,0.008403426055773357,1.6071985127800548,0.03456982721064511,1.2866370184930707,6.602095617468583,2.119723248471828e-05,4.271952473655504,0.014244867871614173,0.12360991504643054
PER,fixed_P0,32,1.468801784199801,-156.76961448086172,0.027690561738614602,4.698741030263561e-05,0.008559840869241206,1.6030231552530578,0.03450947961181382,1.2841214456454062,6.602095617468583,2.119723248471828e-05,4.271952473655504,0.013760339433369623,0.11878907123268871
PER,fixed_P0,33,1.4647576164790095,-156.46044625120328,0.028074696749126226,4.6896466587217064e-05,0.008762577685401797,1.5990031995055807,0.034453066882669234,1.2816998929883803,6.602095617468583,2.119723248471828e-05,4.271952473655504,0.01326295878356768,0.11391246316781967
PER,fixed_P0,34,1.4608549596639362,-156.16290218632102,0.02848371551660846,4.6805103966872e-05,0.00901665845391343,1.5951403886655307,0.03440011433601345,1.2793750186464827,6.602095617468583,2.119723248471828e-05,4.271952473655504,0.012761975528937252,0.10906251835817414
PER,fixed_P0,35,1.4570945425067188,-155.8770519789593,0.028916010387233754,4.671338091193409e-05,0.009323329253138241,1.5914338440346705,0.03435015297408997,1.277147800884944,6.602095617468583,2.119723248471828e-05,4.271952473655504,0.01226559726718995,0.10430921754293747
PER,fixed_P0,36,1.4534749777751912,-155.60278536471242,0.029369897187154936,4.662134700599062e-05,0.009679692297804151,1.587880515109791,0.03430273144529732,1.2750177675353207,6.602095617468583,2.119723248471828e-05,4.271952473655504,0.0117808138783001,0.0997093542706452
PER,fixed_P0,37,1.4499931706710087,-155.33984091304035,0.029843658116124543,4.652904334660224e-05,0.010079867639132895,1.5844756368416548,0.034257424508327104,1.2729832457633878,6.602095617468583,2.119723248471828e-05,4.271952473655504,0.011313329415065168,0.09530676166239962
PER,fixed_P0,38,1.446644710012148,-155.0878359561333,0.03033558138362639,4.643650311939275e-05,0.010516744759792118,1.5812131631165487,0.03421383829926634,1.2710416123182244,6.602095617468583,2.119723248471828e-05,4.271952473655504,0.010867581634592208,0.09113325333605486
PER,fixed_P0,39,1.4434242227314789,-154.84629556937546,0.030843996307285217,4.634375228126967e-05,0.010983341722763138,1.5780861556809673,0.03417161289247819,1.269189529370985,6.602095617468583,2.119723248471828e-05,4.271952473655504,0.010446825901180281,0.08721001986783578
PER,fixed_P0,40,1.4403256807647247,-154.61467912611624,0.03136730315913486,4.6250810297399294e-05,0.011473480224704838,1.5750871171734162,0.034130422726310075,1.2674231561726388,6.602095617468583,2.119723248471828e-05,4.271952473655504,0.010053260665641621,0.08354925108800051
PER,fixed_P0,41,1.4373426563410134,-154.39240353110554,0.03190399753160774,4.615769088807267e-05,0.011981961244792803,1.5722082645917796,0.034089975458803955,1.265738331321644,6.602095617468583,2.119723248471828e-05,4.271952473655504,0.00968817472046641,0.08015580242399518
PER,fixed_P0,42,1.4344685267256443,-154.17886272854656,0.03245268937506315,4.6064402752260685e-05,0.01250449845606534,1.569441745056384,0.03405000975824232,1.2641307240587527,6.602095617468583,2.119723248471828e-05,4.271952473655504,0.009352100657921589,0.07702877696990067
PER,fixed_P0,43,1.4316966326854328,-153.97344345507486,0.03301211712721464,4.597095024537581e-05,0.013037574618005261,1.5667797992280952,0.0340102924460262,1.2625959555982984,6.602095617468583,2.119723248471828e-05,4.271952473655504,0.009044963405986433,0.07416294442174709
PER,fixed_P0,44,1.4290203966611612,-153.77553746407466,0.03358115752212161,4.5877333997161296e-05,0.01357829631777873,1.5642148795558746,0.03397061531537968,1.2611296931448737,6.602095617468583,2.119723248471828e-05,4.271952473655504,0.008766216728295882,0.07154995842935981
PER,fixed_P0,45,1.4264334072287184,-153.58455060059242,0.03415883174905039,4.578355146215334e-05,0.014124272014656623,1.5617397310974286,0.033930791861578484,1.259727720108003,6.602095617468583,2.119723248471828e-05,4.271952473655504,0.008514963813230513,0.06917936343465356
PER,fixed_P0,46,1.4239294762836894,-153.3999091777959,0.03474430865144724,4.568959740059306e-05,0.014673516707277491,1.55934744239965,0.033890654084460264,1.2583859863190883,6.602095617468583,2.119723248471828e-05,4.271952473655504,0.008290060469901042,0.06703940141057292
PER,fixed_P0,47,1.4215026747992727,-153.2210641195297,0.03533690563084314,4.5595464290773985e-05,0.015224379334299029,1.5570314731887613,0.03385004946419526,1.2571006419635031,6.602095617468583,2.119723248471828e-05,4.271952473655504,0.008090201066366712,0.0651176398358149
PER,fixed_P0,48,1.4191473522145877,-153.04749330935016,0.03593608786796684,4.5501142676170246e-05,0.015775487709052623,1.5547856646607081,0.03380883816618947,1.2558680586210373,6.602095617468583,2.119723248471828e-05,4.271952473655504,0.007913988335383659,0.06340144694405028
PER,fixed_P0,49,1.4168581436623873,-152.87870254082856,0.03654146640593714,4.540662145214614e-05,0.016325706448763758,1.5526042371539448,0.03376689049866976,1.2546848403756494,6.602095617468583,2.119723248471828e-05,4.271952473655504,0.007759988696497596,0.06187834085869877
PER,fixed_P0,50,1.4146299684362778,-152.71422540862926,0.0371527955678066,4.5311888097594685e-05,0.016874104437143538,1.5504817790335703,0.033724084624564415,1.253547827489014,6.602095617468583,2.119723248471828e-05,4.271952473655504,0.007626774954672999,0.06053623729507197
PER,refreshed_P0,1,1.4551869960493735,-201.01674368323947,0.028570467665657517,4.9060305453760004e-05,0.009987608401267969,1.510798967958697,0.0247689580737407,1.2240435123920244,0.25501571809621054,0.00014052737528463647,0.07023654361372969,0.7527235344523497,7.052946204020123
PER,refreshed_P0,2,1.5626538609695788,-161.85479727108415,0.028498097144221166,4.9007296014457846e-05,0.009930237946933852,1.6682499722323647,0.03383083136567284,1.323094717668934,0.18662220878926206,0.00023686944042081886,0.04702332216244553,0.08102607894577424,1.0503146329337434
PER,refreshed_P0,3,1.5732751681015829,-158.4984054271342,0.028185518865152942,4.893038745214829e-05,0.009787128329379897,1.6850549939415504,0.03647694475291028,1.328919367578965,0.16153615410426525,0.00030410364328591793,0.03997904683037822,0.05148161169767405,0.6506542160311781
PER,refreshed_P0,4,1.5736571149891934,-157.3182510540005,0.02783166981097075,4.884638175186023e-05,0.009632114014639724,1.6856966719200535,0.03705261661192,1.3279568443776444,0.1485908001432406,0.000345853267714784,0.03708322666083441,0.03903491888227699,0.46291488442793444
PER,refreshed_P0,5,1.572430395860063,-156.6109904368685,0.027480295068732667,4.875722342746036e-05,0.0094814713164054,1.6837282909478077,0.037076406301341874,1.326453376121807,0.14056089558201074,0.0003695508131892715,0.03559800456407899,0.031463505924953575,0.35394127604367276
PER,refreshed_P0,6,1.5708184310300366,-156.07312427596776,0.02714395374469645,4.866382651638312e-05,0.0093393794101717,1.6812485113447018,0.036957504480449425,1.324970438564828,0.13494858790428407,0.00038202904351335447,0.03464558098838655,0.025583452850744128,0.279244576901028
PER,refreshed_P0,7,1.569011618675103,-155.61734756919992,0.026826548362056217,4.85668091113918e-05,0.00920659206642506,1.6786329528206179,0.03680621410838962,1.3235027172694895,0.1307168267755265,0.00038804070958741913,0.03392136695177889,0.020673481726514314,0.22320965000716286
PER,refreshed_P0,8,1.5670373065366645,-155.2077733566421,0.0265292092733981,4.846661567261338e-05,0.009082812902767072,1.6759361241946118,0.036652279786308826,1.3220074075059909,0.12736831330798976,0.0003904781463180342,0.033314223584712685,0.016617818423838582,0.18081730499647197
PER,refreshed_P0,9,1.5648954947272893,-154.8257206691546,0.02625215729299156,4.836357345825794e-05,0.00896746448039093,1.6731491894649535,0.03650278658769765,1.3204564559240333,0.12463151245281742,0.00039098866300586423,0.03277990904201433,0.013394192128535497,0.1506707327338937
PER,refreshed_P0,10,1.5625824908600987,-154.46005786777292,0.025995351024042587,4.825792807030874e-05,0.00885994777141035,1.670254208378883,0.036358428276421294,1.3188338063777088,0.12234148587349827,0.0003904789429968402,0.03229803850662931,0.010973545874252814,0.1323040939547891
PER,refreshed_P0,11,1.5600955018168592,-154.10365375498222,0.025758724199113958,4.814986771931293e-05,0.008759725268225037,1.6672359548136524,0.03621830862225328,1.3171303823972806,0.12039002941492825,0.0003894375222895333,0.03185730499170314,0.009311577494174458,0.12469322738458914
PER,refreshed_P0,12,1.5574335305609999,-153.751760113525,0.025542275231386028,4.8039540429796914e-05,0.008666341470250591,1.6640839278210202,0.03608137065686155,1.315341256931854,0.11870247510981458,0.0003881225002915327,0.03145031050731231,0.008337372014073214,0.1255620989197674
PER,refreshed_P0,13,1.554597468426735,-153.40115429325894,0.025346100437449788,4.792706647271929e-05,0.00857942166276698,1.6607920849985085,0.03594678779881508,1.3134642143498994,0.11722563812467263,0.000386666707045857,0.03107167799801102,0.007934415251849944,0.13196117725359818
PER,refreshed_P0,14,1.5515900336574104,-153.04964155720887,0.02517040442732611,4.781254742226302e-05,0.008498664119177175,1.6573581954779333,0.03581403213183981,1.3114990078866384,0.1159208839120851,0.0003851357423305961,0.03071729092144205,0.00794759454641928,0.14131151733953515
PER,refreshed_P0,15,1.5484157252140467,-152.69575171293891,0.02501550034161628,4.7696072772252836e-05,0.00842383136791364,1.6537832840858915,0.03568284772537269,1.3094469718070796,0.1147597992416074,0.0003835598083919427,0.030383928880451966,0.008222211156688067,0.1518436935084151
PER,refreshed_P0,16,1.5450808282699908,-152.3385494433759,0.02488180472443769,4.757772476616382e-05,0.008354742582974388,1.650071247619784,0.03555320190332441,1.3073108275004954,0.11372132202661869,0.0003819510884414164,0.030069051966516408,0.008637171491132797,0.16248499681127376
PER,refreshed_P0,17,1.541593462823797,-151.97751406652748,0.0247698286708676,4.745758190071895e-05,0.00829126780230464,1.6462286164803714,0.035425236417713016,1.3050945988382,0.11278975711673449,0.0003803131607406062,0.029770650306555443,0.009111476716965232,0.17261491262526996
PER,refreshed_P0,18,1.5379636501719687,-151.6124623084081,0.024680165595828064,4.733572142196112e-05,0.008233324198673744,1.6422644093978453,0.03529922370869317,1.3028035846598356,0.11195336336798074,0.00037864602089944933,0.029487129791152526,0.00959507153446727,0.18187528624612312
PER,refreshed_P0,19,1.534203366369453,-151.2434973464794,0.024613475479491817,4.7212221030212655e-05,0.008180874511060789,1.638190027628291,0.03517552824919383,1.3004443515264443,0.11120332445915275,0.00037694868302560076,0.02921722261873564,0.010057689691574282,0.19005449013208275
PER,refreshed_P0,20,1.5303265515279525,-150.8709729864028,0.02457046534770288,4.708715993898895e-05,0.008133927795126943,1.634019140753401,0.03505457177592748,1.2980247183311966,0.11053298451509368,0.000375220449695978,0.02895991691274402,0.010480709163045181,0.1970232710760851
PER,refreshed_P0,21,1.5263490470561416,-150.4954652932373,0.024551865881127857,4.696061938762027e-05,0.008092542801042676,1.6297675246077516,0.03493680136256372,1.2955537103792203,0.10993726986333603,0.00037346145446337335,0.02871440157055709,0.010852196790246914,0.20270138531620366
PER,refreshed_P0,22,1.522288439298551,-150.11774631539922,0.02455840433760401,4.6832682683756824e-05,0.008056834527020244,1.6254528221403333,0.034822659854599446,1.2930414661997287,0.10941224364349843,0.00037167281115481706,0.02848002335277859,0.011164168309714007,0.20704166307673602
PER,refreshed_P0,23,1.51816379729474,-149.7387562747273,0.024590774367048585,4.6703434845627236e-05,0.008026984856009669,1.621094210222211,0.03471255880070172,1.2904990866238744,0.10895475692991638,0.0003698565548901838,0.0282562538039487,0.011411193994993962,0.21002365765299177
PER,refreshed_P0,24,1.5139953040532108,-149.35957205402337,0.02464960374437179,4.6572961919926146e-05,0.00800325872588692,1.61671196927978,0.034606854521841736,1.2879384228486312,0.10856217179683575,0.00036801547744644086,0.028042664100431984,0.011589772615903505,0.2116522418839536
PER,refreshed_P0,25,1.509803793735529,-148.98137113496009,0.024735421479296305,4.644135006354468e-05,0.007986028122304154,1.6123269672427525,0.034505828268703756,1.2853718080452199,0.10823214012005261,0.00036615291477148476,0.02783890637089581,0.011698118027946501,0.21195828639691083
PER,refreshed_P0,26,1.5056102198149537,-148.605391349064,0.024848626110112584,4.6308684489792975e-05,0.007975807499579178,1.6079600830673781,0.034409671480132444,1.2828117448281513,0.10796242785427018,0.00036427252043593367,0.02764470041915633,0.011736139288114672,0.21099957152228585
PER,refreshed_P0,27,1.5014350896105522,-148.23288784877235,0.024989457179748847,4.6175048386319234e-05,0.007973306306866636,1.6036316060611826,0.03431847696115002,1.2802705675420976,0.1077507786135283,0.0003623780460602132,0.02745982509160492,0.011705476381646845,0.20886074621224476
PER,refreshed_P0,28,1.497297906699909,-147.8650894899251,0.02515797187203396,4.604052190829309e-05,0.007979507509114886,1.5993606535173757,0.03423223638512895,1.2777601027614773,0.10759481295366627,0.0003604731427720802,0.027284113776543616,0.011609504826054658,0.2056516553773051
PER,refreshed_P0,29,1.4932166632905421,-147.5031572475662,0.025354028530152346,4.5905181334941226e-05,0.007995785729396777,1.5951646495197966,0.03415084397255352,1.2752913527935448,0.10749196105878824,0.0003585611934155857,0.0271174537164193,0.011453258773064022,0.2015037956434925
PER,refreshed_P0,30,1.4892074194166125,-147.1481473087798,0.025577278305741417,4.576909845154264e-05,0.008024084721983293,1.5910589020225694,0.03407410562005262,1.2728742250045064,0.10743942680584442,0.00035664518187958057,0.026959788982065185,0.011243251091058159,0.19656504322073
PER,refreshed_P0,31,1.4852839957307253,-146.80098111005717,0.025827165554733352,4.563234018672026e-05,0.008067178511541134,1.5870563044755266,0.0340017522636905,1.2705173247730186,0.10743418069451942,0.00035472760279553587,0.026811127135536843,0.010987192707925473,0.19099310575616135
PER,refreshed_P0,32,1.4814577935648563,-146.46242389434448,0.026102936893878582,4.5494968501858805e-05,0.008129032055724584,1.5831671743912419,0.033933455950826835,1.268227822736964,0.10747297819628446,0.0003528104117967007,0.026671549838488556,0.01069363206975585,0.1849483527098884
PER,refreshed_P0,33,1.4777377422161586,-146.13307249122278,0.026403658159855264,4.535704050133268e-05,0.008215220600338425,1.5793992268560337,0.033868847009959194,1.2660113990294382,0.10755239902477283,0.00035089501367797764,0.02654122799977536,0.010371547906762526,0.17858675545685385
PER,refreshed_P0,34,1.4741303613393248,-145.8133521312926,0.02672823796037604,4.521860871296239e-05,0.008333187370042905,1.5757576684576016,0.033807530839536755,1.2638722597373695,0.1076689019576455,0.00034898228341225836,0.026420442567041583,0.01002993389385422,0.1720536189456519
PER,refreshed_P0,35,1.4706399175396767,-145.50352133602874,0.027075456135271417,4.507972147937119e-05,0.008491765558128254,1.5722453881406335,0.033749103132648166,1.2618132149373096,0.10781888936837584,0.0003470726133022912,0.02630961284438447,0.0096774124904334,0.16547863380827693
PER,refreshed_P0,36,1.467268649507315,-145.20368337571645,0.02744399528005654,4.494042340203912e-05,0.008699187364906014,1.5688632168579817,0.033693162738724226,1.2598358039813389,0.10799877566552363,0.0003451659787042521,0.02620933539300665,0.00932190852061541,0.15897256077156155
PER,refreshed_P0,37,1.464017035176914,-144.9138025012178,0.02783247351430805,4.480075578838722e-05,0.008959781904889219,1.565610227374144,0.0336393217587339,1.2579404523274242,0.10820505438119318,0.00034326201473665433,0.026120438333390675,0.008970402920928428,0.1526256244657911
PER,refreshed_P0,38,1.4608840766557831,-144.63372311681707,0.028239476864771528,4.4660757064974386e-05,0.009271710952494874,1.5624840483338889,0.033587212815988414,1.2561266448200308,0.10843435959697147,0.00034136009705306814,0.02604405847067405,0.008628775774085043,0.14650748384355497
PER,refreshed_P0,39,1.457867582932022,-144.36319021953625,0.02866358992656566,4.4520463133769915e-05,0.00962798700391576,1.5594811715384684,0.03353649370491976,1.2543931023651869,0.10868351858374628,0.00033945942090191864,0.025981752372695167,0.00830173723610801,0.14066849191357494
PER,refreshed_P0,40,1.454964435543086,-144.10186971555063,0.0291034238110405,4.4379907661104056e-05,0.010019594183927547,1.5565972370824697,0.03348684978437469,1.2527379517739388,0.10894959378556485,0.00033755907409277263,0.025935657324210347,0.00799283662868671,0.13514187271681768
PER,refreshed_P0,41,1.452170827543638,-143.84936756750193,0.02955764073870662,4.423912229886271e-05,0.010438017533385422,1.5538272866283678,0.033437994558453095,1.2511588816006132,0.10922991344336436,0.00033565810092931516,0.025908722648424816,0.007704534485001954,0.1299464269846484
PER,refreshed_P0,42,1.4494824706490053,-143.60524707102698,0.030024974955265023,4.409813684431771e-05,0.010876253972477573,1.5511659799902047,0.033389668895911995,1.2496532796544044,0.1095220911233961,0.00033375555549652414,0.025905030610332364,0.007438319753818131,0.12508941625556053
PER,refreshed_P0,43,1.446894769032779,-143.36904386609433,0.03050424991672221,4.395697934879539e-05,0.011328850450904118,1.5486077740402409,0.033341639301261404,1.2482183502582926,0.10982403513149197,0.00033185054380305436,0.025930201430689977,0.007194854286314123,0.12056934847779915
PER,refreshed_P0,44,1.4444029608481772,-143.14027853805638,0.030994391896578002,4.3815676186760176e-05,0.011791608802295765,1.5461470656761742,0.03329369558764259,1.246851211160073,0.11013394924949976,0.0003299422551334943,0.02599178508484432,0.0069741285164628365,0.11637847558424075
PER,refreshed_P0,45,1.4420022302050408,-142.91846684848682,0.03149444031414816,4.3674252096535415e-05,0.012261267700839783,1.5437783022934968,0.03324564822962107,1.2455489712678953,0.11045032645066935,0.0003280299835558805,0.02609930953432038,0.006775615196982518,0.11250489803271702
PER,refreshed_P0,46,1.4396877932332268,-142.7031277606072,0.03200355517435814,4.353273020244698e-05,0.012735252009081693,1.54149606408641,0.03319732560410669,1.2443087911559214,0.11077193728311656,0.00032611314088339886,0.026263279364574406,0.006598411521744337,0.10893424155475286
PER,refreshed_P0,47,1.4374549621900514,-142.49378949768223,0.03252102205519005,4.339113202624667e-05,0.013211494435312656,1.5392951227652367,0.03314857126602719,1.243127928664593,0.11109781450827219,0.00032419126254759124,0.02649235262530913,0.006441363427257235,0.10565092219764968
PER,refreshed_P0,48,1.4352991915048106,-142.28999390656878,0.033046255089772325,4.3249477493631744e-05,0.013688312846026672,1.5371704811282108,0.03309924135483539,1.2420037720103094,0.11142723539534638,0.00032226400785093865,0.026789243335029755,0.006303168946911186,0.10263904702672665
PER,refreshed_P0,49,1.433216109348294,-142.09129940383784,0.03357879837579869,4.310778493978196e-05,0.014164326132720634,1.5351173975261392,0.03304920218877576,1.2409338627163238,0.11175970284586206,0.0003203311559751923,0.027148283907828242,0.006182459971601571,0.09988301260987123
PER,refreshed_P0,50,1.4312015378846399,-141.89728276831494,0.034118326214167854,4.296607111622906e-05,0.014638395817203283,1.533131398735267,0.032998328075021933,1.239915910458527,0.11209492628624032,0.0003183925989679185,0.02755721568513108,0.006077863565285834,0.09736786606014393
PHL,fixed_P0,1,1.2541460975253544,-231.9047029719094,0.013879786110820781,2.02499774950866e-05,0.005185009590605215,1.2972279154565747,0.09699719467858607,0.8368669928043821,2.698736581654581,0.00013348468578680206,1.3680277760876787,1.0309331254196983,13.149921996338602
PHL,fixed_P0,2,1.3752293124703105,-202.21901424060763,0.013946305701300352,2.0242166989945015e-05,0.005185686492710442,1.4806557746410731,0.12177216383156964,0.9214484546098156,2.698736581654581,0.00013348468578680206,1.3680277760876787,0.25482844906558055,2.819139760260736
PHL,fixed_P0,3,1.3846590604063183,-200.57959458634153,0.01398332621152795,2.0236232735407854e-05,0.005188040572992157,1.5017443956452832,0.12574720783661797,0.9285550008363489,2.698736581654581,0.00013348468578680206,1.3680277760876787,0.03371461459228291,0.4025542645986699
PHL,fixed_P0,4,1.3818474575002433,-200.09284969920026,0.01403141529921701,2.0230636418313107e-05,0.005203117660269265,1.5005730231296281,0.12597764263827377,0.9274273631649144,2.698736581654581,0.00013348468578680206,1.3680277760876787,0.02056647206461651,0.1747011797506555
PHL,fixed_P0,5,1.3768165603667644,-199.70149731576856,0.014098976980363994,2.022518650187507e-05,0.005234681640076655,1.4955871965157677,0.12558147334375236,0.9248519202399014,2.698736581654581,0.00013348468578680206,1.3680277760876787,0.027552765405961025,0.22445360543494478
PHL,fixed_P0,6,1.3711463932811954,-199.31238538582406,0.014189648373698762,2.0219859587027318e-05,0.0052857383275270575,1.4896895071866307,0.12508220311443147,0.9218452680659622,2.698736581654581,0.00013348468578680206,1.3680277760876787,0.03102186139755998,0.2482217335768888
PHL,fixed_P0,7,1.3651478523906275,-198.91273493817954,0.014306176128433833,2.0214649585271867e-05,0.005359389199635979,1.4834192980261804,0.12457060636838495,0.9186161602556686,2.698736581654581,0.00013348468578680206,1.3680277760876787,0.03362865736820356,0.2655700167440325
PHL,fixed_P0,8,1.358908303161503,-198.50015653594951,0.014451181097701623,2.0209551784922494e-05,0.005459030365739999,1.4769085602195042,0.12406269266714291,0.9152260456248081,2.698736581654581,0.00013348468578680206,1.3680277760876787,0.03602095241749757,0.28175329848070657
PHL,fixed_P0,9,1.3524742013741955,-198.07447327647242,0.014627302891661387,2.0204561264533553e-05,0.005588361390073501,1.4702149668202433,0.12356159086464691,0.911706157312622,2.698736581654581,0.00013348468578680206,1.3680277760876787,0.03832447116780338,0.29749509181205774
PHL,fixed_P0,10,1.3458870121760729,-197.63649326338648,0.014837187282634168,2.0199672788758787e-05,0.0057512945658384235,1.463384709785105,0.12306849290250592,0.9080823268591258,2.698736581654581,0.00013348468578680206,1.3680277760876787,0.04053687463514099,0.312592628933166
PHL,fixed_P0,11,1.339190533453661,-197.18775888396138,0.01508341989857532,2.0194880819327032e-05,0.005951792019990481,1.4564649654402122,0.12258445631191481,0.9043808231628561,2.698736581654581,0.00013348468578680206,1.3680277760876787,0.04261932116817637,0.3266568197327053
PHL,fixed_P0,12,1.3324315437368452,-196.73043785535427,0.015368435185277574,2.019017950278398e-05,0.006193652000754802,1.449505536158569,0.12211056548896454,0.9006294020858521,2.698736581654581,0.00013348468578680206,1.3680277760876787,0.04452278414911457,0.33928054472763597
PHL,fixed_P0,13,1.3256584402692946,-196.26721566376287,0.015694413691565615,2.0185562635615975e-05,0.006480274414267247,1.4425576091733396,0.12164783146989044,0.8968567933290983,2.698736581654581,0.00013348468578680206,1.3680277760876787,0.04619853545799851,0.3500945375405159
PHL,fixed_P0,14,1.3189191611231144,-195.80116389112092,0.01606317770848434,2.0181023625064364e-05,0.006814442564107433,1.4356715903076998,0.12119708492673611,0.8930915724026443,2.698736581654581,0.00013348468578680206,1.3680277760876787,0.04760393752017817,0.3587982055149366
PHL,fixed_P0,15,1.3122589616442595,-195.33558532387002,0.01647609469868508,2.0176555465402723e-05,0.007198154779086589,1.4288947430212806,0.1207589086754674,0.8893608364939536,2.698736581654581,0.00013348468578680206,1.3680277760876787,0.048706203541076985,0.36518038480012194
PHL,fixed_P0,16,1.305718414575138,-194.87384657803875,0.016933997060353465,2.017215074592063e-05,0.007632525793691855,1.4222690571576602,0.12033361544857787,0.8856889509531202,2.698736581654581,0.00013348468578680206,1.3680277760876787,0.049484676977655795,0.3691308972366406
PHL,fixed_P0,17,1.2993318880889693,-194.41921320679947,0.017437124930749927,2.0167801700280447e-05,0.008117759749398556,1.4158296295243544,0.119921265528375,0.882096554318686,2.698736581654581,0.00013348468578680206,1.3680277760876787,0.049931698692321204,0.370642033035706
PHL,fixed_P0,18,1.2931266405857806,-193.97470250673564,0.017985096075850894,2.0163500299009628e-05,0.00865318248034876,1.409603710560591,0.11952171329273424,0.8785999353112179,2.698736581654581,0.00013348468578680206,1.3680277760876787,0.050052141887468156,0.3698002813233813
PHL,fixed_P0,19,1.2871225545381026,-193.54296625002354,0.018576903912625325,2.0159238379091526e-05,0.009237314530462074,1.4036104446708624,0.11913466905087407,0.8752108179981052,2.698736581654581,0.00013348468578680206,1.3680277760876787,0.04986184315419304,0.3667702673057518
PHL,fixed_P0,20,1.2813324331110016,-193.1262105291543,0.019210941927275613,2.0155007798760958e-05,0.009867967241936247,1.3978612242275068,0.11875976283740691,0.8719365220578399,2.698736581654581,0.00013348468578680206,1.3680277760876787,0.04938529034097403,0.36177398682426426
PHL,fixed_P0,21,1.2757627192046304,-192.72615429077968,0.019885050623829125,2.0150800602548593e-05,0.010542348742779954,1.3923605062798257,0.11839659965621567,0.8687804156454308,2.698736581654581,0.00013348468578680206,1.3680277760876787,0.04865297956831251,0.3550687231154029
PHL,fixed_P0,22,1.2704144723279716,-192.34402327729046,0.02059658187425674,2.0146609181316668e-05,0.011257171536582209,1.387106912927956,0.11804479988778993,0.8657425546827011,2.698736581654581,0.00013348468578680206,1.3680277760876787,0.04769881638448517,0.34692655271345424
PHL,fixed_P0,23,1.2652844485181467,-191.98057280285596,0.021342475127058773,2.0142426414363446e-05,0.012008757055562664,1.3820944454691144,0.11770402288351747,0.8628204028566928,2.698736581654581,0.00013348468578680206,1.3680277760876787,0.046557836668397745,0.3376173994745222
PHL,fixed_P0,24,1.2603661600889136,-191.63613127956626,0.02211934019100412,2.0138245784322266e-05,0.01279313473767726,1.3773136758822297,0.1173739751755858,0.8600095442580217,2.698736581654581,0.00013348468578680206,1.3680277760876787,0.04526440082312884,0.32739653549971404
PHL,fixed_P0,25,1.255650832093895,-191.3106564243544,0.022923542003842175,2.013406145978611e-05,0.013606134319884194,1.3727528227006147,0.1170544067798776,0.857304326663793,2.698736581654581,0.00013348468578680206,1.3680277760876787,0.043850903877985466,0.3164965313986522
PHL,fixed_P0,26,1.251128210723223,-191.00379712454048,0.023751283692761527,2.012986834460572e-05,0.014443470575101095,1.3683986604699505,0.11674509980150867,0.8546984003400377,2.698736581654581,0.00013348468578680206,1.3680277760876787,0.042346963647659885,0.3051230624455872
PHL,fixed_P0,27,1.2467872094963088,-190.71495549760823,0.02459868515831143,2.012566209584518e-05,0.015300819992221493,1.3642372460881247,0.11644585330504609,0.8521851399243483,2.698736581654581,0.00013348468578680206,1.3680277760876787,0.040779003736733384,0.29345369221982615
PHL,fixed_P0,28,1.2426164001093016,-190.4433453323422,0.02546185525630875,2.0121439114635945e-05,0.01617388908049114,1.3602544689831388,0.11615646760780923,0.8497579532532165,2.698736581654581,0.00013348468578680206,1.3680277760876787,0.03917013264698869,0.28163871472935953
PHL,fixed_P0,29,1.2386043668429203,-190.18804457833355,0.02633695635997053,2.0117196515276515e-05,0.017058474139500773,1.356436445889269,0.1158767301622192,0.847410490835651,2.698736581654581,0.00013348468578680206,1.3680277760876787,0.03754022504141608,0.26980324734000083
PHL,fixed_P0,30,1.2347399485278934,-189.94804073309083,0.027220260645088208,2.0112932078266067e-05,0.01795051248981005,1.352769787014852,0.11560640425965223,0.8451367741652694,2.698736581654581,0.00013348468578680206,1.3680277760876787,0.03590612685883348,0.2580499464104705
PHL,fixed_P0,31,1.2310123924741674,-189.72226883505854,0.028108197866279022,2.010864419278624e-05,0.018846125303979437,1.3492417611216012,0.11534522104086886,0.8429312617602206,2.698736581654581,0.00013348468578680206,1.3680277760876787,0.03428192519307147,0.24646190616018832
PHL,fixed_P0,32,1.2274114424794151,-189.50964233970927,0.02899739470488207,2.0104331793434045e-05,0.019741652307969485,1.3458403846463796,0.11509287477295617,0.8407888702095145,2.698736581654581,0.00013348468578680206,1.3680277760876787,0.032679242096666956,0.235105465358395
PHL,fixed_P0,33,1.2239273795136056,-189.30907749267294,0.029884705993587047,2.0099994295246525e-05,0.02063367873504588,1.3425544561436298,0.11484902103143199,0.838704964762639,2.698736581654581,0.00013348468578680206,1.3680277760876787,0.031107526531045045,0.22403277266815497
PHL,fixed_P0,34,1.2205510298891995,-189.11951198054828,0.030767238281492984,2.009563153014463e-05,0.02151905500764094,1.3393735531039184,0.11461327726588008,0.8366753309379422,2.698736581654581,0.00013348468578680206,1.3680277760876787,0.02957432993287578,0.2132840492495112
PHL,fixed_P0,35,1.2172737522135137,-188.93991869114814,0.031642366313371445,2.0091243687097168e-05,0.022394909697580033,1.3362880042421774,0.11438522518072128,0.8346961357304472,2.698736581654581,0.00013348468578680206,1.3680277760876787,0.028085558590447476,0.20288954248470575
PHL,fixed_P0,36,1.2140874114313918,-188.7693153934618,0.03250774307104317,2.008683125756148e-05,0.023258656372624288,1.3332888469490574,0.11416441438779272,0.8327638845139949,2.698736581654581,0.00013348468578680206,1.3680277760876787,0.0266457008989813,0.1928711953940479
PHL,fixed_P0,37,1.2109843458686673,-188.60677108485956,0.03336130407148815,2.0082394987107876e-05,0.024107994978253028,1.3303677768497075,0.11395036685216335,0.8308753777358637,2.698736581654581,0.00013348468578680206,1.3680277760876787,0.025258030355044852,0.18324407022821723
PHL,fixed_P0,38,1.207957331345094,-188.4514096703943,0.03420126664103297,2.0077935833672316e-05,0.024940908428612088,1.327517094287314,0.1137425817345987,0.8290276699795313,2.698736581654581,0.00013348468578680206,1.3680277760876787,0.023924786531785803,0.17401756811815025
PHL,fixed_P0,39,1.2049995450585986,-188.3024115501676,0.03502612489120871,2.0073454932466172e-05,0.025755655090175134,1.3247296509589408,0.11354054031896027,0.827218032861037,2.698736581654581,0.00013348468578680206,1.3680277760876787,0.022647336779529265,0.16519648415429916
PHL,fixed_P0,40,1.2021045309577096,-188.15901360385638,0.0358346411121077,2.0068953567325906e-05,0.026550757836621162,1.3219987987767599,0.1133437107922022,0.8254439224485035,2.698736581654581,0.00013348468578680206,1.3680277760876787,0.021426321404657743,0.15678193197640175
PHL,fixed_P0,41,1.1992661676272196,-188.0205079811496,0.03662583427526342,2.006443314806669e-05,0.027324990334801777,1.3193183422101302,0.11315155271430435,0.823702951375586,2.698736581654581,0.00013348468578680206,1.3680277760876787,0.020261784845171642,0.1487721657587567
PHL,fixed_P0,42,1.19647863923892,-187.88624003513098,0.03739896630220936,2.0059895193353184e-05,0.028077361190939377,1.3166824947986469,0.11296352107390147,0.8219928654907829,2.698736581654581,0.00013348468578680206,1.3680277760876787,0.019153295037375645,0.14116332139515103
PHL,fixed_P0,43,1.1937364098034988,-187.7556056732146,0.03815352670900849,2.005534131845631e-05,0.028807096545247414,1.31408584014425,0.1127790698725261,0.8203115246905422,2.698736581654581,0.00013348468578680206,1.3680277760876787,0.01810005284292444,0.13395009318225154
PHL,fixed_P0,44,1.1910342007558963,-187.62804834687472,0.03888921618338144,2.0050773227329536e-05,0.029513621654182417,1.3115232974391715,0.11259765521719628,0.818656887482849,2.698736581654581,0.00013348468578680206,1.3680277760876787,0.017100993107930316,0.12712635736220926
PHL,fixed_P0,45,1.1883669717793106,-187.5030558564485,0.03960592959191858,2.0046192708406067e-05,0.03019654194487987,1.308990091425642,0.11241873792880432,0.8170269987874631,2.698736581654581,0.00013348468578680206,1.3680277760876787,0.016154878667760202,0.12068574939221421
PHL,fixed_P0,46,1.185729904697995,-187.38015710985144,0.040303738852495254,2.0041601633530342e-05,0.0308556239683462,1.3064817265843396,0.11224178569381749,0.8154199804768928,2.698736581654581,0.00013348468578680206,1.3680277760876787,0.01526038836852363,0.1146221973750114
PHL,fixed_P0,47,1.183118390227354,-187.25891894316888,0.04098287604351634,2.003700195950713e-05,0.03149077661890143,1.3039939652899855,0.11206627480058877,0.8138340241820974,2.698736581654581,0.00013348468578680206,1.3680277760876787,0.014416199925180834,0.10893040939675405
PHL,fixed_P0,48,1.1805280173490007,-187.13894308582695,0.04164371705891175,2.003239573178256e-05,0.03210203292917844,1.3015228096396698,0.11189169151033178,0.8122673859182623,2.698736581654581,0.00013348468578680206,1.3680277760876787,0.013621068123353067,0.10360630711789451
PHL,fixed_P0,49,1.1779545650689003,-187.01986333250935,0.04228676605738963,2.0027785089790114e-05,0.03268953269432301,1.2990644866414653,0.11171753311767667,0.8107183821213378,2.698736581654581,0.00013348468578680206,1.3680277760876787,0.012873898449016909,0.09864739163513257
PHL,fixed_P0,50,1.1753939963118203,-186.90134296731276,0.04291264089757624,2.002317227354243e-05,0.03325350612718781,1.296615436439949,0.11154330875764705,0.8091853867206948,2.698736581654581,0.00013348468578680206,1.3680277760876787,0.01217381562019871,0.09405302025608259
PHL,refreshed_P0,1,1.2541460975253544,-231.9047029719094,0.013879786110820781,2.02499774950866e-05,0.005185009590605215,1.2972279154565747,0.09699719467858607,0.8368669928043821,0.1619238580623625,0.000173323903676549,0.05227483166058591,1.0309331254196983,13.149921996338602
PHL,refreshed_P0,2,1.364760094021335,-194.71724490132684,0.013993848120308416,2.0243889897763347e-05,0.005215353079726837,1.456456915427045,0.11990280479515099,0.9092004927406192,0.12160779401519027,0.00021913849580645277,0.03725941072322367,0.08936045768542179,1.445002747658636
PHL,refreshed_P0,3,1.3710170393699599,-192.54188722061474,0.014064432074376711,2.0236515267770824e-05,0.005242839448537012,1.4690008420273029,0.12337934289415722,0.9115744012857211,0.10452087203108959,0.0002568964692874553,0.031237317474768163,0.044081448740176124,0.7439742758838916
PHL,refreshed_P0,4,1.3686931579156147,-191.49705779475525,0.014127296325052534,2.022774157635294e-05,0.005274652197009908,1.4667030369279672,0.1237369476089139,0.9094243870514447,0.09505512436904123,0.00028705545263084126,0.028136052032824238,0.024157512863627183,0.4306213878913752
PHL,refreshed_P0,5,1.365332454087995,-190.7712469417443,0.01419282444569682,2.0218109449557682e-05,0.005315067012133046,1.4627786884948377,0.12359432650483218,0.9070354979845832,0.08922134321213254,0.00031048812301382687,0.0263790033656034,0.014750951698889915,0.2675266187338767
PHL,refreshed_P0,6,1.3616830839778522,-190.1900139010881,0.014266694787170691,2.0207962119621452e-05,0.005367647810108778,1.4586129112119992,0.12334328066512139,0.9046762202403595,0.085408673132351,0.00032782120027070015,0.025340561099875168,0.012339297014316962,0.19312929318351763
PHL,refreshed_P0,7,1.3578076705735975,-189.6839099213236,0.014352917753091301,2.0197488183909347e-05,0.005435541098722539,1.4543071443427147,0.12305166298679354,0.9023068553835634,0.0828285701709126,0.0003389075694376207,0.024726534895975052,0.014172090819842675,0.18494998757220252
PHL,refreshed_P0,8,1.3537124768559008,-189.21905722556036,0.014454677103681826,2.018679456940481e-05,0.0055216754348771865,1.4498471147890999,0.1227364104894333,0.8998907263339875,0.08105000227389661,0.0003431938919794398,0.024385184667563523,0.01734464491278607,0.2142632743912222
PHL,refreshed_P0,9,1.3494100244436102,-188.77715709780793,0.014574669558235404,2.0175945159040642e-05,0.005628859409046547,1.4452276399738393,0.12240503467782284,0.897411059258578,0.07981919526644124,0.00034226982874937026,0.02423331365850564,0.02066012474594403,0.25626523860237854
PHL,refreshed_P0,10,1.3449209660708688,-188.34782501992234,0.014715268730369442,2.016498010747244e-05,0.005759802658382732,1.4404582170891995,0.122062568251344,0.8948639576005089,0.07897851806469791,0.00033901572275755576,0.024223265940970143,0.023799598931475374,0.30012327484397827
PHL,refreshed_P0,11,1.3402713616151571,-187.92514102697538,0.0148786063347448,2.015392590186906e-05,0.005917085887369075,1.435558257867283,0.12171294355431958,0.8922531210987624,0.07842607434548698,0.00033505143514153175,0.024326856103429884,0.02668740980221081,0.34202499541674647
PHL,refreshed_P0,12,1.3354905637751688,-187.50590354873785,0.015066607471749071,2.0142800839262128e-05,0.006103100951634929,1.430553259800303,0.12135937374069013,0.8895868330380536,0.07809393616573601,0.0003310133565136229,0.024526988068996412,0.02930972008030077,0.3805805968803473
PHL,refreshed_P0,13,1.3306096904483615,-187.08865576442582,0.015280998212971575,2.0131618103053774e-05,0.006319978975735507,1.4254721927650789,0.12100451623492402,0.8868761570965928,0.07793565010953732,0.00032714376824877656,0.02481300838295627,0.03166702693005668,0.4152383005356779
PHL,refreshed_P0,14,1.3256604349866916,-186.67309580913738,0.015523295902961776,2.012038751860723e-05,0.006569521562400229,1.4203456286832514,0.12065056981761756,0.8841337420821798,0.07791868130398821,0.00032353226563708803,0.02517798151950964,0.033761405391397235,0.44576477558202937
PHL,refreshed_P0,15,1.3206740912712882,-186.2596930228447,0.015794788853839278,2.0109116556058245e-05,0.006853145866328313,1.4152043260196552,0.12029934315732846,0.8813729556136505,0.07801964739729879,0.0003202045364607956,0.025617013375993918,0.03559338331483708,0.4720619938631915
PHL,refreshed_P0,16,1.3156807399303256,-185.84942231998207,0.01609651020405303,2.0097810896805352e-05,0.007171848834314945,1.4100781217101899,0.11995230821604602,0.8786072185583624,0.07822121401826032,0.00031715792106446064,0.02612618409139781,0.03716173115849981,0.4940984366415715
PHL,refreshed_P0,17,1.310708571399931,-185.4435703079113,0.01642920969691631,2.0086474749115675e-05,0.00752619065683798,1.4049950538621205,0.11961064476488656,0.8758494799086551,0.07851002728916749,0.00031437709491303334,0.026701861229208264,0.03846422484465508,0.5118842468428234
PHL,refreshed_P0,18,1.3057833356536788,-185.04358760398642,0.016793326541269693,2.007511102593552e-05,0.007916293906824776,1.3999806748409185,0.11927527926807613,0.8731118037233763,0.07887532117665248,0.0003118414998544853,0.027340268228102663,0.03949875582554893,0.5254654085657319
PHL,refreshed_P0,19,1.3009279165305823,-184.6509730695195,0.017188966092033714,2.00637214554153e-05,0.008341853584139353,1.3950575345298675,0.11894691988847789,0.8704050552927577,0.07930798002657491,0.00030952901868544757,0.0280372348508625,0.04026452898182958,0.5349264550272168
PHL,refreshed_P0,20,1.2961620327287684,-184.26718212517255,0.01761588268976987,2.0052306667802433e-05,0.008802153943983225,1.3902448244846433,0.11862608853164046,0.8677386806584265,0.07979991713519474,0.0003074178139169531,0.028788082117254248,0.04076318866640178,0.5403961973966221
PHL,refreshed_P0,21,1.2915020678647438,-183.89355503555026,0.018073470549111036,2.0040866284300334e-05,0.009296089604140911,1.3855581779329018,0.11831315033721473,0.8651205754954692,0.08034367717921781,0.00030548722358580835,0.029587607046038196,0.040999746599005134,0.5420530497813218
PHL,refreshed_P0,22,1.2869610288317985,-183.5312630640724,0.018560764054518307,2.002939902079682e-05,0.0098221900667446,1.3810096195953923,0.11800834068787672,0.8625570380932135,0.08093219857482833,0.0003037181575835627,0.030430139326338132,0.04098321227510694,0.54012774064943
PHL,refreshed_P0,23,1.2825486259623873,-183.18127127334597,0.019076448210571632,2.0017902810366777e-05,0.010378647893623257,1.3766076547321857,0.1177117895781327,0.8600527982186299,0.08155868941534425,0.0003020932261776916,0.03130964633558772,0.04072686208423141,0.5349021698743791
PHL,refreshed_P0,24,1.2782714616326494,-182.8443168749834,0.019618879331285713,2.0006374942304554e-05,0.010963351187037855,1.3723574804845489,0.11742354306251414,0.8576111102463649,0.08221658210268379,0.0003005967262607877,0.032219866419446005,0.04024812688612951,0.5267040377707557
PHL,refreshed_P0,25,1.274133307499222,-182.5209017313709,0.020186115385545357,1.999481221168338e-05,0.011573920868151483,1.368261296334043,0.11714358149321098,0.8552338960863817,0.08289953977240554,0.00029921455499308037,0.033154453729247746,0.039568123282414526,0.51589762086524
PHL,refreshed_P0,26,1.270135445853844,-182.21129714131564,0.020775954799901724,1.998321107167249e-05,0.012207752743180207,1.36431868586918,0.11687183435797108,0.8529219218077804,0.08360149362881902,0.00029793408993253415,0.03410712133209108,0.03871089388955793,0.5028716397243976
PHL,refreshed_P0,27,1.2662770484493044,-181.91555860383514,0.021385982011221175,1.99715677806802e-05,0.012862063730013733,1.3605270400121432,0.11660819171412712,0.850674991751598,0.0843166951851523,0.000296744057520492,0.0350717726920108,0.03770245033776251,0.48802550829683283
PHL,refreshed_P0,28,1.2625555668146187,-181.63354798239953,0.022013617705048907,1.9959878537399337e-05,0.013533941059753026,1.356881992726011,0.11635251243810053,0.8484921453012071,0.08503977155263676,0.00029563440188671084,0.03604261481720063,0.03656972584865564,0.47175535674724384
PHL,refreshed_P0,29,1.2589671112033027,-181.36496044639097,0.022656171497749556,1.9948139598541005e-05,0.014220392873418218,1.3533778436968045,0.11610462971897484,0.8463718440195502,0.08576577550318872,0.00029459616018590767,0.03701424922981304,0.03533954163143164,0.4544411044405016
PHL,refreshed_P0,30,1.2555068001788223,-181.10935374447482,0.02331089482589322,1.99363473760593e-05,0.01491839844782782,1.3500079478268225,0.11586435437515867,0.84431214009633,0.08649022507809412,0.00029362134734433877,0.03798173933000941,0.034037675465514165,0.4364355822368752
PHL,refreshed_P0,31,1.2521690685373694,-180.86617771772887,0.02397503197748879,1.992449851263281e-05,0.015624956303013176,1.346765057645,0.11563147663953223,0.8423108204720156,0.08720913001904909,0.0002927028511968521,0.0389406546322391,0.0326880961999156,0.4180563365079821
PHL,refreshed_P0,32,1.2489479269412989,-180.63480241755792,0.02464586750166961,1.9912589935860723e-05,0.016337128632019277,1.3436416110186105,0.11540576703834948,0.8403655241847832,0.08791900425033744,0.0002918343379563026,0.039887093736536594,0.03131239974078963,0.3995803647595585
PHL,refreshed_P0,33,1.2458371716192496,-180.41454368143923,0.02532076862118536,1.9900618892909874e-05,0.017052080801646205,1.340629962110691,0.11518697689913042,0.8384738331173418,0.08861686505989053,0.00029101016743178433,0.040817688791523865,0.029929455225177416,0.38124169459108825
PHL,refreshed_P0,34,1.2428305463765281,-180.2046854780383,0.02599722169799106,1.9888582968180453e-05,0.017767115044529855,1.3377225579152048,0.1149748388902556,0.8366333382488911,0.08930022056085929,0.0002902253171866389,0.041729594671574666,0.028555248017660274,0.3632314625999093
PHL,refreshed_P0,35,1.2399218618082615,-180.00449872211058,0.026672862223214005,1.987648008699289e-05,0.018479697848733313,1.3349120657418911,0.11476906784920823,0.834841684723837,0.08996704753646961,0.00028947531477004827,0.042620466210153723,0.02720289080737761,0.34569999324270057
PHL,refreshed_P0,36,1.2371050780828903,-179.8132565597486,0.027345498184858173,1.9864308508374475e-05,0.019187480910969147,1.332191458767467,0.1145693620216025,0.8330965996128108,0.09061576196478674,0.00028875617718612323,0.043488426693228804,0.02588276576228954,0.32876031540949957
PHL,refreshed_P0,37,1.2343743581630156,-179.63024633408432,0.02801312698718369,1.9852066809869695e-05,0.019888315826762454,1.3295540674217512,0.11437540472485004,0.8313959062991243,0.0912451844740386,0.0002880643568337169,0.044332030505762884,0.02460275857775701,0.3124925690602594
PHL,refreshed_P0,38,1.231724098111694,-179.45477857023917,0.028673946343542717,1.983975386697772e-05,0.02058026293097215,1.3269936042099246,0.11418686637513205,0.8297375291294773,0.09185450277410603,0.00028739669323121997,0.04515022241484552,0.02336854782400788,0.2969488219767116
PHL,refreshed_P0,39,1.2291489404532856,-179.28619338182014,0.029326359737998672,1.982736882941953e-05,0.02126159487146368,1.3245041688663106,0.11400340677352973,0.8281194914662214,0.0924432328141068,0.00028675036991947456,0.045942295524748315,0.022183918530098667,0.28215791342246777
PHL,refreshed_P0,40,1.2266437756411361,-179.12386471677434,0.029968977155885937,1.981491109600914e-05,0.021930795601585493,1.3220802397372624,0.11382467753141434,0.8265399096885062,0.09301118008324746,0.0002861228760063369,0.04670784949626373,0.021051075860184263,0.2681300468818444
PHL,refreshed_P0,41,1.2242037356990527,-178.96720284376093,0.030600611829622093,1.980238028949621e-05,0.02258655552261716,1.3197166561924831,0.11365032451913812,0.8249969850975667,0.09355840214088282,0.00028551197187692216,0.04744675021467503,0.019970941802271058,0.25486095327455016
PHL,refreshed_P0,42,1.2218241831638144,-178.81565544436504,0.0312202737456279,1.978977623237865e-05,0.0232277635070587,1.3174085957978985,0.11347999023828825,0.8234889951423294,0.09408517315711096,0.0002849156586447422,0.04815909173468448,0.018943424170518454,0.24233553020146043
PHL,refreshed_P0,43,1.2195006976280804,-178.66870763120983,0.03182716062340636,1.9777098924368633e-05,0.023853496499459566,1.3151515490288859,0.11331331603998385,0.8220142849245882,0.09459195098126287,0.00028433215096228986,0.04884516103388137,0.017967652471673472,0.23053092799505517
PHL,refreshed_P0,44,1.2172290614961674,-178.52588116407955,0.03242064701987957,1.976434852194285e-05,0.024463007334445994,1.3129412934984197,0.11314994413525224,0.8205712595777199,0.095079347037946,0.0002837598528470022,0.049505405869094264,0.01704217915903724,0.21941909947057991
PHL,refreshed_P0,45,1.215005246022962,-178.38673308983763,0.03300027214045846,1.975152532019859e-05,0.025055711341067773,1.3107738690295463,0.11298951936542848,0.8191583778363307,0.09554809917866705,0.00028319733621119263,0.050140405847895704,0.016165147554545626,0.20896885945859517
PHL,refreshed_P0,46,1.2128253982971982,-178.25085398964436,0.03356572686051885,1.9738629737089575e-05,0.02563117222597478,1.3086455544060183,0.1128316907191309,0.817774146915758,0.09599904748764734,0.00028264332181383823,0.050750846693692175,0.015334429439277791,0.19914751572182895
PHL,refreshed_P0,47,1.2106858295348024,-178.11786597990826,0.03411684038255033,1.9725662300006984e-05,0.02618908765079348,1.3065528462696632,0.11267611259709948,0.8164171186864887,0.09643311294749958,0.0002820966623786259,0.0513374975892736,0.014547736220756141,0.18992213824262813
PHL,refreshed_P0,48,1.208583004844476,-177.98742058182907,0.034653566879100754,1.9712623634582777e-05,0.02672927484525532,1.3044924403750637,0.11252244583708855,0.8150858870451152,0.09685127880753154,0.0002815563276470393,0.05190119142246093,0.013802707906962362,0.18126053232595704
PHL,refreshed_P0,49,1.2065135344948135,-177.85919654813054,0.03517597240222116,1.9699514455553237e-05,0.027251656529591314,1.3024612152384596,0.11237035851852106,0.813779086337532,0.09725457445828589,0.000281021391157848,0.05244280772125563,0.013096984049575858,0.17313197513372808
PHL,refreshed_P0,50,1.2044741666317629,-177.73289771412965,0.035684222277804656,1.9686335559484537e-05,0.02775624735883568,1.3004562181077337,0.11221952657131946,0.81249539067061,0.09764406159484783,0.00028049101856512866,0.052963258048318154,0.012428260520199396,0.1655077671232625
EGY,fixed_P0,1,0.6056533857947197,-301.2317601049654,0.4438216672331546,1.526964030874104e-05,0.12722702807718708,0.766159388161876,0.016530861111855897,0.37635099549601625,24.10934943319546,0.00010590479853563038,21.562298514488347,1.2446093336244197,7.612340411516818
EGY,fixed_P0,2,0.6798137008282401,-270.62049127705717,0.4328389954501025,1.527353615044118e-05,0.11930232883466332,0.8794368196299636,0.01672939191116413,0.4268789054972625,24.10934943319546,0.00010590479853563038,21.562298514488347,0.32655339672188355,1.3278913218827617
EGY,fixed_P0,3,0.7060211602632237,-263.5476734274802,0.41680409098270566,1.5277598629295456e-05,0.11269206802666368,0.9239367705745981,0.016607817185496903,0.4480486113225708,24.10934943319546,0.00010590479853563038,21.562298514488347,0.09287231859449718,0.4957049303041634
EGY,fixed_P0,4,0.7201367540330851,-260.1959890318001,0.40071800074808567,1.5281363637759683e-05,0.10777517157733633,0.9467912244524679,0.016334906682521213,0.4655743484398532,24.10934943319546,0.00010590479853563038,21.562298514488347,0.05598008848687543,0.2999336716867402
EGY,fixed_P0,5,0.7278118035581079,-258.0164751565989,0.3859822035827759,1.5284833025398144e-05,0.10371781059181816,0.9576925166498284,0.015994158761033956,0.47543605435024494,24.10934943319546,0.00010590479853563038,21.562298514488347,0.03922582760231517,0.2108530106407722
EGY,fixed_P0,6,0.7321908316356801,-256.33908203639743,0.3728532126471251,1.5288046459564203e-05,0.10019399997447492,0.9623156022122386,0.01563212695060954,0.4799485790112304,24.10934943319546,0.00010590479853563038,21.562298514488347,0.028573513638247932,0.15763842027437477
EGY,fixed_P0,7,0.7349610699297074,-254.9176271565449,0.36124535374576905,1.5291040504375864e-05,0.09709264542157663,0.9639096929686025,0.015271726615417447,0.4816343742872486,24.10934943319546,0.00010590479853563038,21.562298514488347,0.021698282102312078,0.12345462032501746
EGY,fixed_P0,8,0.7369446396784903,-253.64698251274012,0.3509868346882911,1.5293843684300378e-05,0.09435335559258398,0.9641187557766987,0.01492227434862979,0.4819788957012509,24.10934943319546,0.00010590479853563038,21.562298514488347,0.017288243140381306,0.10093665626496261
EGY,fixed_P0,9,0.7385174841361872,-252.4778184956673,0.34190074157494454,1.529647659915089e-05,0.0919368366406847,0.9637078319298094,0.014586302852866148,0.48172600835420115,24.10934943319546,0.00010590479853563038,21.562298514488347,0.014506664056153662,0.08595218818971487
EGY,fixed_P0,10,0.7398444906592708,-251.38497578725014,0.33382847308458397,1.529895334622264e-05,0.08981689092377988,0.9630121938063227,0.014263469303051592,0.48122000466006476,24.10934943319546,0.00010590479853563038,21.562298514488347,0.012804310894649817,0.07587070485765307
EGY,fixed_P0,11,0.7409965817321109,-250.3543806860254,0.3266340362709018,1.53012831485178e-05,0.08797593551243141,0.9621716513524122,0.013952518594545273,0.4806117909523932,24.10934943319546,0.00010590479853563038,21.562298514488347,0.011806548224770978,0.06894607793648944
EGY,fixed_P0,12,0.7420050598964628,-249.37728238360393,0.3202023398836266,1.5303471780117003e-05,0.08640162910316618,0.961242171155493,0.013652146016845251,0.47996420388104055,24.10934943319546,0.00010590479853563038,21.562298514488347,0.011257673203877152,0.06404048424234612
EGY,fixed_P0,13,0.742885510533175,-248.44761259319603,0.3144360421223552,1.530552267787478e-05,0.08508420360727817,0.9602459117783502,0.013361302914665784,0.4793017747997968,24.10934943319546,0.00010590479853563038,21.562298514488347,0.010989074661472366,0.06044120492425088
EGY,fixed_P0,14,0.7436477572260826,-247.5607381309472,0.309252464926112,1.5307437753341982e-05,0.08401434374844874,0.959192479949288,0.013079247947680565,0.47863310940327264,24.10934943319546,0.00010590479853563038,21.562298514488347,0.010894075519338397,0.057716885419790226
EGY,fixed_P0,15,0.7442997165062518,-246.71285394651693,0.3045809930944285,1.5309217960524875e-05,0.08318156410755534,0.95808740284048,0.012805498017862744,0.4779605550686668,24.10934943319546,0.00010590479853563038,21.562298514488347,0.010907093380543497,0.05561102203114637
EGY,fixed_P0,16,0.7448487127853475,-245.90067818823763,0.3003609971202634,1.5310863680270705e-05,0.08257312850551346,0.9569351844105651,0.012539751574648414,0.4772842089165818,24.10934943319546,0.00010590479853563038,21.562298514488347,0.010988227341125565,0.053970401315103105
EGY,fixed_P0,17,0.7453018071049775,-245.1212933941441,0.29654020295753813,1.5312374973538678e-05,0.08217358657188868,0.955740199415377,0.01228181547155437,0.4766034969787947,24.10934943319546,0.00010590479853563038,21.562298514488347,0.011113051157273415,0.052700624720753174
EGY,fixed_P0,18,0.7456657897137229,-244.37206034825243,0.2930734110931948,1.531375174398529e-05,0.08196493915646218,0.9545068048496498,0.012031546486500205,0.4759177515378817,24.10934943319546,0.00010590479853563038,21.562298514488347,0.01126632602767964,0.051739917578273634
EGY,fixed_P0,19,0.7459470928430617,-243.65056912895193,0.28992147761659914,1.531499383942042e-05,0.0819273234176364,0.9532392246830081,0.011788809513693385,0.47522639628488084,24.10934943319546,0.00010590479853563038,21.562298514488347,0.011438275752103965,0.05104429015002905
EGY,fixed_P0,20,0.7461517143291139,-242.95460971773824,0.28705048798582294,1.5316101112879676e-05,0.08204000358587524,0.9519414135299782,0.011553450696779268,0.47452898985714753,24.10934943319546,0.00010590479853563038,21.562298514488347,0.01162241384178893,0.050579403846701974
EGY,fixed_P0,21,0.7462851761176099,-242.2821530991844,0.28443107169813564,1.5317073457595485e-05,0.0822824218338354,0.9506169621851618,0.0113252825587212,0.473825225299072,24.10934943319546,0.00010590479853563038,21.562298514488347,0.011814275564710878,0.05031627066565781
EGY,fixed_P0,22,0.7463525170375278,-241.63133800816,0.2820378206452316,1.5317910825460416e-05,0.08263511060258194,0.9492690536749854,0.011104078092695133,0.473114920138298,24.10934943319546,0.00010590479853563038,21.562298514488347,0.012010669766553399,0.05022908385377786
EGY,refreshed_P0,1,0.6056533857947197,-301.2317601049654,0.4438216672331546,1.526964030874104e-05,0.12722702807718708,0.766159388161876,0.016530861111855897,0.37635099549601625,1.2832910281064078,0.00029434720532863835,0.5680220448302393,1.2446093336244197,7.612340411516818
EGY,refreshed_P0,2,0.6795706519727907,-265.7975080333092,0.4327188378853808,1.5271537128556212e-05,0.11935134484805257,0.8736525049790436,0.01674038186545982,0.42355397061207917,1.0698490922459842,0.00033498414049325524,0.3863338202304393,0.18554428326963882,0.9625500214492215
EGY,refreshed_P0,3,0.7055171098177662,-258.4971376283617,0.4165214127684652,1.5273448423875128e-05,0.1126974927953863,0.9161428041088415,0.016617233307797165,0.4453482630035726,1.0216272874624386,0.0003391291291786372,0.3331945855291091,0.09735712946373398,0.6019469927470618
EGY,refreshed_P0,4,0.7196184195392574,-254.94687552892773,0.40028096851835826,1.5274897055802307e-05,0.1076844795726517,0.938275582328189,0.016332180486453938,0.46308575563647086,0.996834530802454,0.0003306560440595694,0.3072366594196746,0.07253301508992925,0.4562330253004873
EGY,refreshed_P0,5,0.7273759359890354,-252.62757429741603,0.3854159664578857,1.527594817151484e-05,0.10354258086610431,0.9488559127229224,0.0159752121402295,0.4729533598685829,0.9734505136724871,0.000319805251917064,0.2902671531665434,0.05606906237919409,0.3580999616005028
EGY,refreshed_P0,6,0.7318721555494471,-250.8484454751323,0.3721837370039855,1.5276664264399638e-05,0.09995139339617624,0.9533476878030832,0.015596703411405795,0.47751056742720854,0.9487444862195225,0.0003096672690768618,0.27763255261203296,0.04365124798123655,0.2844375678867383
EGY,refreshed_P0,7,0.7347666118767532,-249.34777943618886,0.3604937370807647,1.527708911145923e-05,0.09679994646538338,0.954898213685549,0.015221074332374412,0.4792709487273448,0.9235220905402008,0.0003009388725700298,0.2678473611976285,0.03482328646161306,0.22953311517796374
EGY,refreshed_P0,8,0.7368678744056815,-248.01072208095187,0.35016859416120144,1.5277253161536598e-05,0.09402822920449937,0.9550975908119561,0.014857989871215055,0.4796922388678296,0.8987990518340729,0.0002935979869050963,0.26015878409453114,0.028850731166202875,0.18943181487454436
EGY,refreshed_P0,9,0.7385467702881218,-246.78213931556675,0.3410268961799442,1.5277177480006995e-05,0.09159755878554582,0.9546860253822969,0.014509880265406653,0.47950467150573345,0.8752149498806489,0.000287437180741229,0.253986627411202,0.024906930177505386,0.16054467879295195
EGY,refreshed_P0,10,0.7399675814198527,-245.63354823305943,0.3329069503283748,1.5276876626562015e-05,0.08948249154152473,0.9539892457409531,0.014176174941863604,0.47904945623244194,0.8530645054065551,0.0002822320348517352,0.24889456302877938,0.022305583931694895,0.13981229243396867
EGY,refreshed_P0,11,0.7412025828747917,-244.5490447300617,0.325670856273177,1.527636078865054e-05,0.08766615703180275,0.953144417685055,0.013855392351828744,0.47847908331047406,0.8324222706848184,0.0002777891904542852,0.2445922520260244,0.020556931129017658,0.12481843065661452
EGY,refreshed_P0,12,0.7422850205056549,-243.51891462808305,0.31920244463852554,1.5275637310682426e-05,0.08613660529062322,0.9522074976609485,0.013546041700528979,0.4778592084453456,0.8132434088967052,0.00027395435340431143,0.24089314394534186,0.01934209816883109,0.11377439299774278
EGY,refreshed_P0,13,0.7432324004559823,-242.5366165360064,0.3134037976270809,1.5274711742529683e-05,0.08488383240053933,0.9512013981489923,0.013246933875248708,0.4772169679366788,0.7954275108277009,0.0002706079452493978,0.23767253550106895,0.018465426434127196,0.10542759498116513
EGY,refreshed_P0,14,0.7440562269385446,-241.59731436536316,0.308191911833959,1.5273588527850627e-05,0.08389742056490224,0.9501365502332466,0.012957226938680712,0.4765629529205865,0.7788546465009726,0.0002676580565003917,0.23484155349179803,0.017810942314570134,0.09893976763053723
EGY,refreshed_P0,15,0.7447658175388449,-240.69714385406266,0.3034959250589788,1.5272271437396e-05,0.08316483168890304,0.9490191851038152,0.012676368865099737,0.4759009027144192,0.7634040251007472,0.0002650338668647828,0.2323331158987312,0.017310749006254813,0.0937682218729115
EGY,refreshed_P0,16,0.7453696452395234,-239.8328355839347,0.2992549341055772,1.5270763830300518e-05,0.08267044754591267,0.9478543804319562,0.012404013060121892,0.4752318645141272,0.7489626785795411,0.0002626803439583905,0.2300944113260645,0.016924672555452495,0.08956851357886145
EGY,refreshed_P0,17,0.7458757106990281,-239.00151553237401,0.29541631117912326,1.526906880421804e-05,0.08239540641931747,0.9466469898868819,0.01213993856320229,0.4745559245965151,0.7354287660185732,0.00026055422330940127,0.2280826525924718,0.016628045209308256,0.08612308924472975
EGY,refreshed_P0,18,0.7462915756862518,-238.20059643319547,0.291934406329439,1.52671892765798e-05,0.08231815440684423,0.9454017879181204,0.011883986113249563,0.4738729002121113,0.7227121530167601,0.00025862104186231657,0.22626249351736283,0.016404691405849367,0.08329266825533703
EGY,refreshed_P0,19,0.7466243088048048,-237.42771689597032,0.28876953588247345,1.5265128025130418e-05,0.08241548616472538,0.9441233745704056,0.011636011994284086,0.47318259963275167,0.7107337269182111,0.0002568529726849,0.22460433672107372,0.01624303076854358,0.08098467649164831
EGY,refreshed_P0,20,0.7468804342872062,-236.6807062924022,0.28588717735957137,1.5262887705799914e-05,0.08266377793242619,0.9428160476522527,0.011395857817393079,0.4724849099220342,0.6994242175167272,0.0002552272473895822,0.22308315363151235,0.016133979689701608,0.0791334427928565
EGY,refreshed_P0,21,0.74706590959048,-235.957563782505,0.28325731137617993,1.5260470859103152e-05,0.0830401439740225,0.9414837097581862,0.011163333179195005,0.4717798201350322,0.688722907868385,0.00025372500253292374,0.2216776209238558,0.016069863442359635,0.07768815164383197
EGY,refreshed_P0,22,0.7471861329319012,-235.25644509232885,0.2808538678351738,1.5257879911707632e-05,0.08352334352291736,0.9401298227675194,0.010938208040155302,0.4710674227115882,0.6785764124279048,0.0002523304299714357,0.2203694652976797,0.016043880780660394,0.07660579013965288
EGY,refreshed_P0,23,0.7472459740070846,-234.57565340497305,0.2786542469477158,1.5255117176911724e-05,0.08409437358541409,0.9387574031886219,0.010720212018453117,0.4703479088244057,0.6689375920477324,0.0002510301451109121,0.2191429526407369,0.016049859289926242,0.07584726246782979
