lat,lon,6,7,8,9,10,11,12,1,2,3,4
-56,-68,1.2554069757461548,0.6666603684425354,0.3722339570522308,0.2719154953956604,-0.087034225,0.237189844,0.5452556014060974,0.7755844593048096,1.018338680267334,0,0
-56,-67,1.2409628629684448,0.6513760685920715,0.3466976881027221,0.2055696845054626,-0.15591681,0.1768193840980529,0.5205714106559753,0.7433790564537048,0.9952624440193176,0,0
-55,-72,1.0865546464920044,0.6071465611457825,0.3605304956436157,0.315952331,0.087190032,0.3766038119792938,0.6322312951087952,0.959266484,1.2445167303085327,0,0
-55,-71,1.096945047,0.6525402665138245,0.3782264292240143,0.3308854401111603,0.071214356,0.4247314631938934,0.6772189140319824,0.9816353917121888,1.2656570672988892,0,0
-55,-70,1.2247577905654907,0.717451811,0.4224234819412231,0.430021197,0.167019784,0.5949310660362244,0.8478875160217285,1.1561895608901978,1.3947983980178833,0,0
-55,-69,1.4392242431640625,0.7955849766731262,0.479412317,0.4293469190597534,0.1347171515226364,0.6721124649047852,0.9584473967552184,1.241605281829834,1.4622024297714231,0,0
-55,-68,1.4132834672927856,0.770940363,0.499224305,0.3975783288478851,0.081509143,0.5813183188438416,0.8474833965301514,1.086647629737854,1.3397470712661743,0,0
-55,-67,1.3079655170440674,0.7021146416664124,0.4335894286632538,0.3383166491985321,-0.004658289,0.4391404092311859,0.7174462676048279,0.8987380862236023,1.1774638891220093,0,0
-54,-74,1.1987833976745603,0.635053813,0.3817461729049682,0.3596387803554535,0.2140444070100784,0.5389013886451721,0.7926723957061768,1.147047996520996,1.4516663551330566,0,0
-54,-73,1.1730363368988037,0.6525682210922241,0.3675088584423065,0.3730143308639526,0.2212924808263778,0.6121031641960144,0.8441151976585388,1.1867477893829346,1.4848569631576538,0,0
-54,-72,1.1259368658065796,0.6373348832130432,0.3588850796222687,0.3543037474155426,0.1640047878026962,0.5806869864463806,0.784582794,1.1039563417434692,1.3898323774337769,0,0
-54,-71,1.144197940826416,0.6497441530227661,0.3840776681900024,0.3453645706176758,0.1347314715385437,0.5768089890480042,0.7877845168113708,1.1004376411437988,1.3686398267745972,0,0
-54,-70,1.3740181922912598,0.7264159321784973,0.4737691879272461,0.3989674150943756,0.1759593337774276,0.6768867373466492,0.9207352995872498,1.247138500213623,1.4873651266098022,0,0
-54,-69,1.557502269744873,0.7870175838470459,0.5181784629821777,0.410782903,0.1964003294706344,0.7673531174659729,1.009357213973999,1.322062849998474,1.542166829109192,0,0
-53,-74,1.203703999519348,0.6240959167480469,0.3566980361938476,0.3847545087337494,0.2725974023342132,0.712231457,0.9262974262237548,1.2937809228897097,1.6071141958236694,0,0
-53,-73,1.3351316452026367,0.7082820534706116,0.4055878221988678,0.451720268,0.3378128111362457,0.8595532774925232,1.036615014076233,1.4102295637130735,1.692762017250061,0,0
-53,-72,1.4236632585525513,0.7340113520622253,0.4313863515853882,0.4383072853088379,0.3095403611660003,0.8661521077156067,1.072949767112732,1.453686237335205,1.6908931732177734,0,0
-53,-71,1.490958571434021,0.7751895785331726,0.4597038924694061,0.4247162342071533,0.2642764747142792,0.8187689185142517,1.0723583698272705,1.426426887512207,1.6218417882919312,0,0
-53,-70,1.501613736152649,0.7890812754631042,0.4876147806644439,0.414076567,0.2268684059381485,0.7938234806060791,1.0763580799102783,1.4078243970870972,1.5924615859985352,0,0
-53,-69,1.4108530282974243,0.7440668940544128,0.4682880342006683,0.3887932300567627,0.1729055494070053,0.7320327162742615,1.0284448862075806,1.3081291913986206,1.514954686164856,0,0
-52,-75,1.1963471174240112,0.5596751570701599,0.3530044853687286,0.3784697949886322,0.2896692752838135,0.7186985611915588,0.9419028162956238,1.3254965543746948,1.6525449752807615,0,0
-52,-74,1.341342568397522,0.6396582126617432,0.3929157257080078,0.4626377820968628,0.3869471549987793,0.9113097190856934,1.0688228607177734,1.4759821891784668,1.738847732543945,0,0
-52,-73,1.5554660558700562,0.7431984543800354,0.4576947391033172,0.5065034627914429,0.4289058148860931,1.0211832523345947,1.1612491607666016,1.588483214378357,1.7966928482055664,0,0
-52,-72,1.6039814949035645,0.7766600251197815,0.4539850056171417,0.4507589042186737,0.3448722660541534,0.9769572615623474,1.1840800046920776,1.6035680770874023,1.7639962434768677,0,0
-52,-71,1.606576442718506,0.8037488460540771,0.4734251797199249,0.4281433522701263,0.2578787803649902,0.9087939858436584,1.1883689165115356,1.569633960723877,1.7022161483764648,0,0
-52,-70,1.586285114,0.7918447852134705,0.4792010486125946,0.4007653892040252,0.1715323776006698,0.8148497939109802,1.1585034132003784,1.4985445737838743,1.6293730735778809,0,0
-52,-69,1.2980321645736694,0.7354690432548523,0.5051049590110779,0.3972432315349579,0.1062855049967765,0.5846566557884216,0.952518642,1.1859030723571775,1.4022070169448853,0,0
-52,-68,1.2509708404541016,0.715201199,0.553984523,0.4600447714328766,0.2377794235944748,0.5115158557891846,0.8371841907501221,1.013824462890625,1.2454725503921509,0,0
-51,-75,1.2093682289123535,0.6045753359794617,0.410444051,0.4389152526855469,0.3947238028049469,0.8597789406776428,1.059382081031799,1.4895997047424316,1.795113205909729,0,0
-51,-74,1.402458667755127,0.6728762984275818,0.4535944163799286,0.5147883892059326,0.5169923901557922,1.0459845066070557,1.177367091178894,1.6520696878433228,1.8679227828979492,0,0
-51,-73,1.651743769645691,0.7310085892677307,0.4643696844577789,0.5545247793197632,0.5720124840736389,1.1335742473602295,1.258756160736084,1.7428306341171265,1.865038514137268,0,0
-51,-72,1.8109731674194336,0.8299832940101624,0.514559805,0.5553379058837891,0.5396571755409241,1.182863951,1.4076156616210938,1.8664463758468628,1.9448081254959104,0,0
-50,-75,1.3695789575576782,0.7406189441680908,0.5198312401771545,0.5509649515151978,0.5746340155601501,1.0978165864944458,1.2608402967453003,1.6687461137771606,1.8946133852005005,0,0
-50,-74,1.603804111480713,0.8086658120155334,0.5360907912254333,0.5551957488059998,0.5847349762916565,0.992760956,1.1528732776641846,1.7358922958374023,1.8567018508911133,0,0
-50,-73,1.910577178001404,0.8734292387962341,0.5527177453041077,0.6390734314918518,0.7218775153160095,1.1174747943878174,1.240744709968567,1.8208683729171753,1.8433011770248413,0,0
-49,-76,1.1774110794067385,0.6528127789497375,0.4503943920135498,0.4370781183242798,0.479308009,0.9355558753013612,1.1694902181625366,1.5676313638687134,1.867737889289856,0,0
-49,-75,1.4315176010131836,0.8253633975982666,0.5814279317855835,0.6113759279251099,0.691626251,1.2041040658950806,1.3169721364974976,1.7713617086410522,1.934106469154358,0,0
-49,-74,1.7203763723373413,0.876739502,0.5893018841743469,0.6575875878334045,0.845729411,1.2104623317718506,1.295029640197754,1.894080162,1.846579670906067,0,0
-49,-73,2.034313678741455,0.9836547374725342,0.6057360768318176,0.6490479707717896,0.8124827742576599,1.1966122388839722,1.3680658340454102,1.973621487617493,1.8808512687683103,0,0
-48,-76,1.1251877546310425,0.6558910012245178,0.482569933,0.4926677048206329,0.5523632764816284,1.0005570650100708,1.248332142829895,1.6035014390945437,1.8585127592086792,0,0
-48,-75,1.2511595487594604,0.7476050853729248,0.5216792225837708,0.5896463990211487,0.6987602710723877,1.1602377891540527,1.3244085311889648,1.7784780263900757,1.9013324975967407,0,0
-48,-74,1.6167038679122925,0.9532167315483092,0.689030111,0.7794339060783386,0.85396862,1.2789500951766968,1.4363919496536257,2.0193707942962646,1.9732009172439575,0,0
-48,-73,1.9416967630386353,0.973627269,0.6097605228424072,0.7185868620872498,1.0596466064453125,1.4652482271194458,1.5984505414962769,2.205385446548462,2.0120646953582764,0,0
-48,-72,2.1489944458007812,1.0349714756011963,0.6269069314002991,0.6124150156974792,0.9240479469299316,1.388426661491394,1.6359776258468628,2.2633540630340576,2.041578531265259,0,0
-47,-76,1.063424825668335,0.6717545390129089,0.5067430734634399,0.5563355088233948,0.6274308562278748,1.046329379081726,1.297310233,1.5944525003433228,1.824238419532776,0,0
-47,-75,1.2037783861160278,0.7594944834709167,0.549572766,0.6067802309989929,0.7037911415100098,1.1258615255355835,1.3285236358642578,1.7205079793930054,1.8631948232650757,0,0
-47,-74,1.515405297279358,0.9576556086540222,0.6423178315162659,0.6737515330314636,0.7514083385467529,1.2005566358566284,1.407398343086243,1.9478925466537476,1.8951492309570312,0,0
-47,-73,1.8381887674331665,1.0948609113693235,0.6795094609260559,0.6663652658462524,0.7578063011169434,1.189611554145813,1.4604997634887695,2.152198553085327,1.938842773,0,0
-47,-72,2.0597126483917236,1.134616136550903,0.7070767283439636,0.7363627552986145,0.8566309809684753,1.2273682355880735,1.391925335,2.0658481121063232,1.830764651298523,0,0
-46,-75,1.1060768365859983,0.7954332232475281,0.5836173892021179,0.6409937739372253,0.7314979434013367,1.1513482332229614,1.352817177772522,1.7276196479797363,1.8130393028259275,0,0
-46,-74,1.3599443435668943,0.9549186825752258,0.6250662207603455,0.6512909531593323,0.7558963894844055,1.209447979927063,1.4003453254699707,1.967679023742676,1.895992636680603,0,0
-46,-73,1.7419477701187134,1.098708987236023,0.7121439576148987,0.816934347,0.9033991694450378,1.2611793279647827,1.501562237739563,2.1619598865509033,1.8939862251281736,0,0
-46,-72,1.9838738441467283,1.1957720518112185,0.754892886,0.7302460670471191,0.843107283,1.2673238515853882,1.5353479385375977,2.2644097805023193,1.930381774902344,0,0
-45,-75,0.9321470856666564,0.7517262101173401,0.6228293180465698,0.6736453175544739,0.7588512301445007,1.095589280128479,1.2930723428726196,1.5971823930740356,1.7006415128707886,0,0
-45,-74,1.121830940246582,0.8893095850944519,0.6359995007514954,0.6798788905143738,0.7979716658592224,1.1696504354476929,1.330872654914856,1.8269532918930056,1.8147153854370115,0,0
-45,-73,1.559376597,1.1395858526229858,0.7935612201690674,0.7741385102272034,0.8758756518363953,1.252724528312683,1.4144147634506226,1.937951088,1.776123047,0,0
-45,-72,1.8085867166519165,1.2182880640029907,0.796038806,0.6962182521820068,0.7523107528686523,1.1410542726516724,1.3065704107284546,1.9021464586257937,1.6715742349624634,0,0
-45,-71,1.8650217056274416,1.2261638641357422,0.7498947978019714,0.6117364764213562,0.7037656307220459,1.1377363204956057,1.3153854608535769,1.9074634313583376,1.647016167640686,0,0
-44,-75,0.8400594592094421,0.7455596923828125,0.625901997,0.6678697466850281,0.7462428212165833,1.0305813550949097,1.2137538194656372,1.446337342262268,1.5813989639282229,0,0
-44,-74,1.011417269706726,0.8419877886772156,0.6242338418960571,0.6860612034797668,0.7822691798210144,1.0630942583084106,1.2373720407485962,1.6677058935165403,1.6614209413528442,0,0
-44,-73,1.334536075592041,1.049005150794983,0.7557480931282043,0.7659785747528076,0.8431620001792908,1.1061595678329468,1.2808077335357666,1.902572512626648,1.8001632690429688,0,0
-44,-72,1.6418805122375488,1.151807427406311,0.8231940269470215,0.7862820029258728,0.8294282555580139,1.133403778076172,1.3196972608566284,2.0280942916870117,1.8401681184768677,0,0
-44,-71,1.8164299726486208,1.253506779670715,0.8239997029304504,0.7119095921516418,0.7532110214233398,1.0725758075714111,1.1663434505462646,1.7881773710250854,1.5762170553207395,0,0
-43,-74,0.8332715630531311,0.8235092759132385,0.596420944,0.6930552124977112,0.7462287545204163,0.985534966,1.118493914604187,1.4835668802261353,1.5124582052230835,0,0
-43,-73,1.1007975339889526,0.9583868384361268,0.6709933876991272,0.7558045387268066,0.7757880687713623,1.0160387754440308,1.1242094039916992,1.6378469467163086,1.5881452560424805,0,0
-43,-72,1.537128448486328,1.225671648979187,0.9013716578483582,0.9146051406860352,0.8428900837898254,1.0836719274520874,1.2190227508544922,1.8085254430770872,1.647586703300476,0,0
-42,-74,0.8379421234130859,0.8516715168952942,0.6304378509521484,0.7309423089027405,0.765755832,0.9612815380096436,1.049129605293274,1.3461381196975708,1.4393386840820312,0,0
-42,-73,1.0984984636306765,0.986482561,0.6809525489807129,0.7654772400856018,0.7660189270973206,0.971265972,1.0550166368484497,1.5291420221328735,1.501883864402771,0,0
-42,-72,1.5255509614944458,1.264154076576233,0.9217917919158936,1.0277477502822876,0.9286903738975524,1.0862680673599243,1.2128676176071167,1.7027788162231443,1.5712426900863647,0,0
-41,-74,0.9419949650764464,0.9374335408210754,0.6771941781044006,0.7690990567207336,0.8105501532554626,0.9696193337440492,0.9961324334144592,1.313151240348816,1.444746494293213,0,0
-41,-73,1.2554869651794434,1.1061772108078003,0.7560791969299316,0.8029172420501709,0.7509073615074158,0.9058755040168762,0.9697893261909484,1.562709927558899,1.609584927558899,0,0
-41,-72,1.618522286,1.357908844947815,0.975304127,0.935645878,0.6681810021400452,0.8207492828369141,0.9432759284973145,1.4820637702941897,1.4331326484680176,0,0
-40,-74,0.8906190395355225,0.9250642657279968,0.7089851498603821,0.8039363026618958,0.8483676910400391,0.9877123236656188,0.9588677287101746,1.2480331659317017,1.419718861579895,0,0
-40,-73,1.1594442129135132,1.0356401205062866,0.7624640464782715,0.8015897870063782,0.6856176853179932,0.7788634300231934,0.9194827079772948,1.5684194564819336,1.611561656,0,0
-40,-72,1.5832114219665527,1.3496931791305542,0.9519875645637512,0.8252670168876648,0.5972281098365784,0.6822022795677185,0.7949995398521423,1.3153446912765503,1.2992092370986938,0,0
-39,-74,0.8247392177581787,0.9042739272117616,0.7285793423652649,0.8200600147247314,0.8279104232788086,0.9071857929229736,0.8557531833648682,1.162738800048828,1.384285807609558,0,0
-39,-73,1.1012816429138184,1.019818663597107,0.780136764,0.8082059025764465,0.6743152141571045,0.6766933798789978,0.6844680905342102,1.1870135068893433,1.2599748373031616,0,0
-39,-72,1.5331422090530396,1.3185051679611206,0.9275054931640624,0.8113057017326355,0.533913255,0.5511097311973572,0.6799885630607605,1.145088553,1.1729894876480105,0,0
-39,-71,1.7713227272033691,1.3867360353469849,0.9896109700202942,0.7704233527183533,0.3880934715270996,0.4170732498168945,0.7043443322181702,1.0863107442855835,1.1511045694351196,0,0
-38,-74,0.7839391827583313,0.8948696255683899,0.7524983286857605,0.8403679728507996,0.8170855641365051,0.8171535134315491,0.7558348774909973,1.0756579637527466,1.3225655555725098,0,0
-38,-73,1.098802924156189,1.0338706970214844,0.8190459609031677,0.8067910075187683,0.5902039408683777,0.5893340110778809,0.726855457,1.2167165279388428,1.278887152671814,0,0
-38,-72,1.555737853050232,1.324698805809021,0.9500799775123596,0.7923617959022522,0.4381507337093353,0.3684886991977691,0.5654401183128357,0.9891481399536132,1.0129032135009766,0,0
-38,-71,1.8028208017349243,1.3920211791992188,1.019771695137024,0.7607553601264954,0.3072809875011444,0.234932467,0.538433313,0.8625443577766418,1.0024768114089966,0,0
-37,-74,0.7135565280914307,0.8755683898925781,0.7637539505958557,0.8552086353302002,0.820742667,0.7969770431518555,0.7576192021369934,1.0458829402923584,1.288835525512695,0,0
-37,-73,1.0078448057174685,1.0186151266098022,0.8200469017028809,0.8050368428230286,0.5360291004180908,0.4390884339809418,0.5998991131782532,0.9761648774147034,1.175336480140686,0,0
-37,-72,1.5178769826889038,1.333778977394104,0.9437570571899414,0.7727199196815491,0.3581613004207611,0.172280803,0.3773959577083587,0.846555233,1.0953285694122314,0,0
-37,-71,1.9513750076293943,1.5173091888427734,0.9952089190483092,0.774636447,0.2132190018892288,-0.032601457,0.371726394,0.6601938605308533,0.8708831667900085,0,0
-36,-73,0.6678877472877502,0.8522437214851379,0.7546432018280029,0.7684507369995117,0.5766698718070984,0.4711659252643585,0.5630057454109192,0.9007620215415956,1.1585966348648071,0,0
-36,-72,1.3049025535583496,1.225114822387695,0.8515365123748779,0.7198091149330139,0.2450485825538635,0.1729263812303543,0.5991221070289612,0.9406320452690125,1.182843804359436,0,0
-36,-71,2.0546271800994873,1.623801589012146,1.161685824394226,0.8661953806877136,0.1889181733131408,-0.106449477,0.3214846849441528,0.6404201984405518,0.9773046374320984,0,0
-36,-70,2.2329330444335938,1.7490215301513672,1.1812888383865356,0.519145668,-0.216161013,-0.290582389,0.2463510781526565,0.3845198452472687,0.8175013661384583,0,0
-35,-73,0.5352400541305542,0.8031309247016907,0.7347999215126038,0.7238892912864685,0.5496083498001099,0.5363397598266602,0.7004067301750183,1.0318362712860107,1.19868803,0,0
-35,-72,1.1326196193695068,1.1600602865219116,0.8821573853492737,0.7599478363990784,0.2840172946453094,0.211231992,0.5856166481971741,0.9404212832450868,1.2540109157562256,0,0
-35,-71,1.7640904188156128,1.4877721071243286,0.969391108,0.575616181,-0.171730459,-0.425892949,-0.050993506,0.2397572845220565,0.554760754,0,0
-35,-70,2.3009326457977295,1.9404497146606443,1.3356479406356812,0.7150298953056335,-0.401537895,-0.900342524,-0.730123997,-0.686027706,-0.175346181,0,0
-35,19,0.9262039065361024,1.3150261640548706,1.2828270196914673,1.080982327461243,1.1078084707260132,0.8682832717895508,0.7813766598701477,0.5569761395454407,0.6431577801704407,0,0
-35,20,0.8629289269447327,1.2976139783859253,1.290023684501648,1.0701229572296145,1.121431827545166,0.8572788834571838,0.793021023,0.548223615,0.637530506,0,0
-34,-79,0.536177933,0.6895392537117004,0.625711977,0.5761508941650391,0.5040339231491089,0.5038347244262695,0.5758593082427979,0.6468236446380615,0.9414849281311036,0,0
-34,-72,0.8034918308258057,0.9265008568763732,0.7577915191650391,0.6819917559623718,0.411113828,0.4627594947814941,0.7619056105613708,1.0692001581192017,1.218248487,0,0
-34,-71,1.6132588386535645,1.5434023141860962,1.076526403427124,0.7796095013618469,0.098483682,-0.043599993,0.4609376490116119,0.8275598883628845,1.1649490594863892,0,0
-34,-70,2.179450035095215,1.8668519258499143,1.200520634651184,0.5416171550750732,-0.559438229,-1.137648225,-0.824570715,-0.087140121,0.5005006790161133,0,0
-34,-54,0.6527553200721741,0.4569130837917328,-0.085081153,-0.42790401,-0.271809787,-0.249018386,-0.147413537,-0.346617311,-0.057240997,0,0
-34,-53,0.205553725,0.023621717,-0.493162423,-0.776380599,-0.67763257,-0.690283775,-0.537079453,-0.671357095,-0.515597522,0,0
-34,18,0.8318355679512024,1.3407255411148071,1.2947735786437988,1.128734469413757,1.1688957214355469,0.8986802101135254,0.8444235920906067,0.6630989909172058,0.7679502367973328,0,0
-34,19,0.5284777283668518,1.094455361366272,1.1130067110061646,0.9238923192024232,1.0063400268554688,0.6538071036338806,0.7108595967292786,0.4294276535511017,0.5985022187232971,0,0
-34,20,0.4305959939956665,1.067452907562256,1.1452020406723022,0.9570041298866272,1.1459487676620483,0.7722085118293762,0.873268187,0.5150501132011414,0.6775248050689697,0,0
-34,21,0.4258634150028229,1.1145423650741575,1.1892775297164917,1.003007888793945,1.166565179824829,0.8150193095207214,0.9197648167610168,0.5940505862236023,0.7776920795440674,0,0
-34,22,0.4931921064853668,1.151787042617798,1.1813629865646362,0.9975512623786926,1.162308931350708,0.8468897938728333,0.9464576840400696,0.6771728992462158,0.8806416392326355,0,0
-34,23,0.5521770715713501,1.1475197076797483,1.1214733123779297,0.9369567036628724,1.0915950536727903,0.7569411396980286,0.8385837078094482,0.5698924660682678,0.8121922612190247,0,0
-34,24,0.5991412997245789,1.1326416730880735,1.1003025770187378,0.9245948791503906,1.0951064825057983,0.7670383453369141,0.8361721634864807,0.5650092959403992,0.7951526641845703,0,0
-34,25,0.6393487453460693,1.113536,1.079537034034729,0.8922262191772461,1.0548323392868042,0.7693589329719543,0.8324181437492371,0.5647264719009399,0.769401491,0,0
-34,26,0.7958607077598572,1.1896644830703735,1.1142544746398926,0.9455205798149108,1.0849071741104126,0.8345251083374023,0.8956592679023743,0.6343345046043396,0.8459532856941223,0,0
-34,27,0.8680474162101746,1.2011879682540894,1.113897681236267,0.9552859663963318,1.054523229598999,0.8313867449760437,0.8676412105560303,0.6367401480674744,0.8565601706504822,0,0
-33,-72,0.7045267224311829,0.8092257976531982,0.6447499990463257,0.6513479948043823,0.5111944675445557,0.5877560973167419,0.8208777904510498,1.1172164678573608,1.2626091241836548,0,0
-33,-71,1.5430928468704224,1.449795842170715,1.0044206380844116,0.7251846194267273,0.081563242,0.1164869293570518,0.7140941619873047,1.0482354164123535,1.3407984972000122,0,0
-33,-70,2.115168333053589,1.7210911512374878,1.0054218769073486,0.3427827060222626,-0.85511142,-1.485822678,-1.307368875,-0.41579318,0.1584679633378982,0,0
-33,-53,0.3729672133922577,0.3915976583957672,-0.056213837,-0.428235084,-0.32801494,-0.357099205,-0.250876486,-0.443489283,-0.141560242,0,0
-33,-52,-0.130196095,-0.150065735,-0.514794052,-0.782768011,-0.657854021,-0.615018666,-0.429376125,-0.480397373,-0.326535672,0,0
-33,18,0.6137622594833374,1.250399470329285,1.2607766389846802,1.122707486152649,1.263405680656433,0.8723976016044617,0.8281124234199524,0.6311284303665161,0.7543199062347412,0,0
-33,19,0.2654314339160919,1.011417031288147,1.0856744050979614,0.8525555729866028,1.113561987876892,0.5692156553268433,0.6446155905723572,0.3859302699565887,0.6927843689918518,0,0
-33,20,0.361150861,1.1993948221206665,1.3197462558746338,1.118442416191101,1.4757436513900757,0.8117156028747559,0.995997667,0.5577917695045471,0.9716526865959167,0,0
-33,21,0.3916884362697601,1.2466751337051392,1.3331900835037231,1.1931811571121216,1.4937076568603516,0.881819487,1.1220890283584597,0.7645547389984131,1.1855491399765017,0,0
-33,22,0.3464272916316986,1.228270411491394,1.2970463037490845,1.123662352561951,1.4014778137207031,0.8445863723754883,1.1345406770706177,0.8659818172454834,1.2636432647705078,0,0
-33,23,0.3125443756580353,1.167428731918335,1.2335554361343384,1.0707697868347168,1.341983675956726,0.8395687937736511,1.1356821060180664,0.9235251545906068,1.2897447347640991,0,0
-33,24,0.2762053310871124,1.0597890615463257,1.1381070613861084,0.9882658123970032,1.2649284601211548,0.8158923983573914,1.0912604331970217,0.8797863125801086,1.1979186534881592,0,0
-33,25,0.3459902703762054,1.072318196296692,1.1360844373703003,0.985924244,1.2440547943115234,0.8336604237556458,1.0576742887496948,0.8106828331947327,1.100495696,0,0
-33,26,0.4726020395755768,1.1068040132522583,1.1007570028305054,0.9416105151176452,1.2007066011428833,0.7982296943664551,0.9750064015388488,0.6705726981163025,0.9726712703704834,0,0
-33,27,0.4647400677204132,1.0547114610671997,1.023843527,0.8667400479316711,1.122145414352417,0.7873587608337402,0.9178043007850648,0.6189702153205872,0.8988601565361023,0,0
-33,28,0.6967418789863586,1.133291482925415,1.0810588598251345,0.9529892802238464,1.119165539741516,0.8477678298950195,0.9253136515617372,0.6879799962043762,0.955772579,0,0
-33,29,0.8780507445335388,1.1638174057006836,1.042350172996521,0.924670935,0.9959330558776855,0.8143245577812195,0.8756693005561829,0.7103782296180725,0.9306607842445374,0,0
-32,-72,0.6177147626876831,0.7753216624259949,0.7729656100273132,0.8007503151893616,0.689918041,0.7915521264076233,1.036864161491394,1.3245131969451904,1.4952874183654783,0,0
-32,-71,1.5648469924926758,1.540910720825195,1.0465604066848757,0.6415655612945557,-0.065628029,-0.245342076,0.1386213451623916,0.4656243324279785,0.7646366953849792,0,0
-32,-70,2.070358991622925,1.676799178123474,0.8997088074684143,0.1236898824572563,-1.005820513,-1.365313649,-0.982727528,-0.728039742,-0.153106049,0,0
-32,-55,0.7093674540519714,0.8452692031860352,0.4816335141658783,-0.037259959,0.1096819341182708,0.088867091,0.094705522,-0.233819842,0.2071529030799865,0,0
-32,-54,0.613084614,0.7235832214355469,0.3342544138431549,-0.141779676,0.021108514,-0.007548837,0.046444464,-0.203944072,0.2404220104217529,0,0
-32,-53,0.4568344056606293,0.5817956924438477,0.1907401829957962,-0.220202461,-0.064311683,-0.086026758,-0.032210577,-0.297376782,0.059924889,0,0
-32,-52,-0.029548684,0.095762759,-0.254769892,-0.572791815,-0.436582237,-0.424616784,-0.27672103,-0.338030785,-0.094140984,0,0
-32,-51,-0.569139779,-0.541106164,-0.724669993,-0.861574352,-0.682006657,-0.570469201,-0.358296514,-0.32246688,-0.18217428,0,0
-32,18,0.5895097255706787,1.2350939512252808,1.345100998878479,1.2063065767288208,1.391340732574463,0.9419196248054504,0.8548793196678162,0.6599372029304504,0.6988286375999451,0,0
-32,19,0.2695778906345367,1.0987650156021118,1.1992427110671997,1.003476619720459,1.3872900009155271,0.6746099591255188,0.7158865332603455,0.5147548317909241,0.8285171389579773,0,0
-32,20,0.4109607934951782,1.3045839071273804,1.376974105834961,1.1862083673477173,1.6158612966537476,0.8495714068412781,1.0487806797027588,0.7313976883888245,1.256652832,0,0
-32,21,0.4517349302768707,1.3179515600204468,1.3587721586227417,1.2398487329483032,1.6164442300796509,0.9223313331604004,1.2956548929214478,1.0445261001586914,1.5780755281448364,0,0
-32,22,0.4245153367519378,1.3115099668502808,1.3023831844329834,1.243382453918457,1.556106686592102,0.9629990458488464,1.391648292541504,1.2664469480514526,1.7752691507339478,0,0
-32,23,0.454269677,1.3128172159194946,1.2853353023529053,1.2228200435638428,1.500697135925293,0.9834325909614564,1.4452672004699707,1.403546929359436,1.851737380027771,0,0
-32,24,0.4751034677028656,1.2808483839035034,1.230213284492493,1.1720257997512815,1.442865967750549,0.9794662,1.461625099182129,1.4233089685440063,1.7919546365737915,0,0
-32,25,0.5561458468437195,1.26777184,1.2163797616958618,1.129389405250549,1.413320541381836,0.996087372,1.4551448822021484,1.3341447114944458,1.6844334602355957,0,0
-32,26,0.7395294308662415,1.3543003797531128,1.2777208089828491,1.1300851106643677,1.432663917541504,1.0215950012207031,1.4391579627990725,1.2309343814849854,1.6105666160583496,0,0
-32,27,0.7851668000221252,1.3389862775802612,1.2707034349441528,1.116252064704895,1.4117430448532104,1.0354400873184204,1.342370867729187,1.1174324750900269,1.443514704704285,0,0
-32,28,0.7410325407981873,1.2224668264389038,1.1649165153503418,1.0459753274917605,1.3040207624435425,0.9290502071380616,1.1246007680892944,0.8701032996177673,1.1989933252334597,0,0
-32,29,0.803563654,1.173651933670044,1.0903191566467283,1.0011396408081057,1.1619614362716677,0.8486649990081787,0.9695658087730408,0.7871744632720947,1.0862603187561035,0,0
-32,30,0.9194523692131042,1.1362134218215942,0.9893772006034852,0.9165745377540588,0.987351894,0.7975603938102722,0.888344944,0.7776505351066589,1.017045259475708,0,0
-31,-72,0.4036800861358642,0.9345824122428894,0.8845613598823547,0.8279727101325989,0.6895732283592224,0.7531797885894775,0.9652867317199708,1.289331555366516,1.5047239065170288,0,0
-31,-71,1.468908429145813,1.432916283607483,0.8695757985115051,0.5245929956436157,0.070951521,0.071253486,0.6566888093948364,1.0367034673690796,1.268813133239746,0,0
-31,-70,1.9268475770950315,1.5717445611953735,0.7163917422294617,-0.010782093,-0.717632532,-0.810417473,-0.063714206,0.4306093752384186,1.0079457759857178,0,0
-31,-56,0.7714646458625793,0.9783030152320862,0.665273905,0.098499566,0.1839533299207687,0.1065870746970176,0.025460064,-0.241090521,0.2953318357467651,0,0
-31,-55,0.7357754111289978,0.9553041458129884,0.6285862326622009,0.099164002,0.2334891706705093,0.1682313829660415,0.1252425014972686,-0.18688117,0.284047395,0,0
-31,-54,0.6531733274459839,0.8611281514167786,0.5043174028396606,-0.006304929,0.1792148947715759,0.1704248189926147,0.193086028,-0.097630255,0.3036557137966156,0,0
-31,-53,0.6070650219917297,0.7904117703437805,0.4247380793094635,-0.051410183,0.1372760683298111,0.1546552032232284,0.1998223215341568,-0.073939122,0.2565142214298248,0,0
-31,-52,0.2606169879436493,0.4594861268997192,0.1119678542017936,-0.259927809,-0.105069332,-0.084744155,-0.014241735,-0.179166555,0.1137109920382499,0,0
-31,-51,-0.259777158,-0.111441098,-0.385280609,-0.599746406,-0.400151879,-0.335433245,-0.141694605,-0.141686529,0.081126563,0,0
-31,-50,-0.733091593,-0.732311189,-0.821060479,-0.830175638,-0.570184112,-0.450526834,-0.244270325,-0.210447848,-0.050792281,0,0
-31,17,0.5129457712173462,1.1729798316955566,1.2889243364334106,1.2062339782714844,1.2946374416351318,0.9775591492652892,0.8867475390434265,0.7456071376800537,0.6613410711288452,0,0
-31,18,0.2724723815917969,1.1442369222640991,1.2205017805099487,1.074230670928955,1.3113032579421997,0.7675917744636536,0.6926351189613342,0.5600321888923645,0.7134037017822266,0,0
-31,19,0.3380497694015503,1.2658599615097046,1.3116956949234009,1.1379140615463257,1.5150619745254517,0.7657116055488586,0.7627987861633301,0.6492004990577698,1.009953260421753,0,0
-31,20,0.5096365809440613,1.3647013902664185,1.3919066190719604,1.2362136840820312,1.6086640357971191,0.9488775134086608,1.1185158491134644,0.9437661170959472,1.4642268419265747,0,0
-31,21,0.6469611525535583,1.4090059995651243,1.3679054975509644,1.281488060951233,1.5878747701644895,1.070673942565918,1.4132556915283203,1.2941317558288574,1.8319326639175415,0,0
-31,22,0.7233152389526367,1.4345746040344238,1.337175726890564,1.2584353685379028,1.5254234075546265,1.1275655031204224,1.5963562726974487,1.5764538049697876,2.0780889987945557,0,0
-31,23,0.7353754639625549,1.410789132118225,1.2960952520370483,1.1921931505203247,1.4357919692993164,1.1263689994812012,1.676770806312561,1.721748948097229,2.162680387496948,0,0
-31,24,0.7735118269920349,1.4302250146865845,1.3047728538513184,1.1680995225906372,1.3966785669326782,1.1389447450637815,1.739547848701477,1.8198003768920896,2.127548933029175,0,0
-31,25,0.8534606099128723,1.438961625099182,1.310930252075195,1.1365864276885986,1.3748716115951538,1.199296236038208,1.8139375448226929,1.8553682565689087,2.064067840576172,0,0
-31,26,0.9458335041999816,1.4250503778457642,1.3011376857757568,1.0772067308425903,1.3358211517333984,1.1842087507247925,1.8153456449508667,1.8045440912246704,1.9972009658813477,0,0
-31,27,0.9762709140777588,1.3924378156661987,1.2455434799194336,1.0159239768981934,1.3196295499801636,1.157894253730774,1.7310577630996704,1.6962175369262695,1.885777473449707,0,0
-31,28,0.9927536845207214,1.3453871011734009,1.1757920980453491,1.0601922273635864,1.3424993753433228,1.1111435890197754,1.474298119544983,1.397349238395691,1.6451267004013062,0,0
-31,29,1.0565003156661987,1.3682398796081543,1.207837939,1.112770915031433,1.3208078145980835,0.9945524334907532,1.1935104131698608,1.0727291107177734,1.416920543,0,0
-31,30,1.0025501251220703,1.2366056442260742,1.1177247762680054,1.062604308128357,1.1986947059631348,0.9030256271362304,1.0345224142074585,0.945622981,1.2741085290908811,0,0
-31,31,0.9405913949012756,1.090196132659912,0.951482117,0.8994460701942444,0.978863239,0.8051467537879944,0.8992080688476562,0.8667753338813782,1.1090418100357056,0,0
-30,-72,0.4417891502380371,1.0421558618545532,0.986056626,0.995657742,0.843607485,0.8922836184501648,1.1558070182800293,1.5308566093444824,1.6962462663650513,0,0
-30,-71,1.163741111755371,1.3610548973083496,0.915696144,0.7100498080253601,0.3771198093891144,0.537804902,1.085340976715088,1.3676420450210571,1.5034362077713013,0,0
-30,-70,1.5289421081542969,1.2986212968826294,0.3567862212657928,-0.288755417,-0.83994031,-1.084248424,-0.543764591,0.054233134,0.7041251063346863,0,0
-30,-58,1.0304607152938845,1.231539607048035,0.9746406078338624,0.4264253079891205,0.3730630874633789,0.1148454919457435,0.030993491,-0.235212699,0.2763650417327881,0,0
-30,-57,0.9665661454200744,1.185435414,0.9079303741455078,0.3323408663272857,0.3353533744812011,0.1183368936181068,0.025247434,-0.259034723,0.2969551086425781,0,0
-30,-56,0.8920598030090332,1.140634298324585,0.8397378921508789,0.2771332561969757,0.3281978070735931,0.235203743,0.1310062110424041,-0.190162122,0.3430150747299194,0,0
-30,-55,0.8349006772041321,1.108200192451477,0.797446072,0.2537627518177032,0.3518681228160858,0.3345134258270263,0.2539845407009125,-0.098594598,0.3405316770076751,0,0
-30,-54,0.6547731161117554,0.9451481699943542,0.6242391467094421,0.067909561,0.208685815,0.2200067639350891,0.2125855535268783,-0.07949505,0.3304883241653442,0,0
-30,-53,0.5779566764831543,0.8818678259849548,0.5616247057914734,0.013060309,0.2181343287229538,0.2881833910942077,0.332840234,0.057867661,0.3358596265316009,0,0
-30,-52,0.4354616105556488,0.7471445202827454,0.4211213588714599,-0.063152812,0.1520799398422241,0.2279091328382492,0.3135663568973541,0.099542379,0.3800629675388336,0,0
-30,-51,0.1736624091863632,0.5156251788139343,0.2370007485151291,-0.10164883,0.1228862628340721,0.2303629666566848,0.3664232790470123,0.2180323451757431,0.380740076,0,0
-30,-50,-0.369651198,-0.219486758,-0.437562674,-0.567661464,-0.320943385,-0.24149622,-0.059219439,-0.101451039,0.091987193,0,0
-30,17,0.3713632524013519,1.117841124534607,1.2087956666946411,1.1375916004180908,1.2711676359176636,0.9530364871025084,0.8664066195487976,0.708634079,0.6314619183540344,0,0
-30,18,0.095789909,1.0380744934082031,1.0301570892333984,0.8688976168632507,1.164000153541565,0.7191690802574158,0.714335024,0.6305956840515137,0.8169191479682922,0,0
-30,19,0.3997392356395721,1.3307119607925415,1.299526929855347,1.1746947765350342,1.5457268953323364,0.9010892510414124,0.9319828152656556,0.8287162780761719,1.2725938558578491,0,0
-30,20,0.5976484417915344,1.3913236856460571,1.3493906259536743,1.267851472,1.5720486640930176,1.0537023544311523,1.2188040018081665,1.1382262706756592,1.6899718046188354,0,0
-30,21,0.6959085464477539,1.382860303,1.2963234186172483,1.2409940958023071,1.5244613885879517,1.1468957662582395,1.4944442510604858,1.4811912775039673,2.0027191638946533,0,0
-30,22,0.8140151500701904,1.4109067916870115,1.315322995185852,1.2190252542495728,1.511554718017578,1.2071318626403809,1.6889411211013794,1.727741241455078,2.1994411945343018,0,0
-30,23,0.9062285423278807,1.4452108144760132,1.355058670043945,1.1851297616958618,1.4730687141418457,1.250804424285889,1.8218387365341189,1.9296046495437624,2.3070108890533447,0,0
-30,24,0.9677045941352844,1.4588299989700315,1.344487190246582,1.116430640220642,1.3812764883041382,1.281422734260559,1.926585078239441,2.081056833267212,2.303715229034424,0,0
-30,25,1.078762412071228,1.4751077890396118,1.3003472089767456,1.0234700441360474,1.256766676902771,1.287336349487305,1.9748042821884155,2.1946933269500732,2.266244411468506,0,0
-30,26,1.1369141340255735,1.4351354837417605,1.256128430366516,0.9500646591186525,1.1705420017242432,1.240576982498169,1.9444819688796997,2.1189069747924805,2.1483640670776367,0,0
-30,27,1.1649435758590698,1.3825079202651978,1.212337851524353,0.9243261218070984,1.1918072700500488,1.212543011,1.8852434158325195,2.0286035537719727,2.074047565460205,0,0
-30,28,1.1485965251922607,1.3513269424438477,1.158184051513672,0.9278278350830078,1.2272346019744873,1.1709916591644287,1.6748629808425903,1.785732626914978,1.8605347871780396,0,0
-30,29,1.2589722871780396,1.463575839996338,1.2277172803878784,1.0929886102676392,1.3306653499603271,1.1749969720840454,1.5117111206054688,1.593682885169983,1.7582311630249023,0,0
-30,30,1.119115948677063,1.2343603372573853,1.070099949836731,1.016567587852478,1.2287901639938354,1.0016807317733765,1.1732147932052612,1.1672519445419312,1.5271611213684082,0,0
-30,31,0.9708688259124756,1.0888468027114868,0.9760384559631348,0.9760823249816896,1.0772511959075928,0.8347256779670715,0.972003162,1.013628363609314,1.2517143487930298,0,0
-29,-72,0.5212642550468445,1.0779805183410645,1.0687230825424194,1.1262094974517822,1.0035786628723145,1.1055936813354492,1.4591556787490845,1.7983802556991575,1.8821617364883425,0,0
-29,-71,1.026636838912964,1.3800086975097656,1.0080622434616089,0.8653901219367981,0.6310169696807861,0.879986584,1.4353066682815552,1.642392635345459,1.6880216598510742,0,0
-29,-70,1.167080283164978,1.2189079523086548,0.3466796576976776,-0.242221355,-0.654577494,-0.903675556,-0.413508803,0.3124137222766876,0.9204252362251282,0,0
-29,-57,1.0978678464889526,1.3452814817428589,1.066766619682312,0.4797714650630951,0.4753749370574951,0.2530693113803863,0.1594043523073196,-0.120166101,0.3642515838146209,0,0
-29,-56,0.9845800399780272,1.2448859214782717,0.9542236924171448,0.3608064651489258,0.3913317918777466,0.2655694186687469,0.1999472379684448,-0.054352958,0.4153815805912018,0,0
-29,-55,0.9852816462516784,1.3033603429794312,1.038831353187561,0.4527746737003326,0.5807308554649353,0.526219904,0.4567561447620392,0.1492776572704315,0.5427739024162292,0,0
-29,-54,0.8651332855224609,1.2104912996292114,0.9749815464019777,0.3670959770679474,0.5808280110359192,0.5854620337486267,0.5818743109703064,0.3222318887710571,0.6497570872306824,0,0
-29,-53,0.739837646,1.1160041093826294,0.8631543517112732,0.2506811022758484,0.5110820531845093,0.5520493388175964,0.5631323456764221,0.2897494733333587,0.5748279094696045,0,0
-29,-52,0.543306828,0.9629319310188292,0.7162602543830872,0.1643248349428177,0.4648518860340118,0.546673596,0.6254403591156006,0.3880382478237152,0.6217794418334961,0,0
-29,-51,0.422727108,0.8890175819396973,0.689246416,0.2018582224845886,0.5792462229728699,0.6248695850372314,0.7872185707092285,0.5712444186210632,0.6971132159233093,0,0
-29,-50,0.2375840693712234,0.6361401677131653,0.4102840423583984,0.039998844,0.415175587,0.5040495991706848,0.6808741688728333,0.5084123015403748,0.6152943968772888,0,0
-29,-49,-0.329519391,-0.253572017,-0.386472017,-0.527971387,-0.246132135,-0.125218973,0.1037525162100792,0.06001221,0.2014792114496231,0,0
-29,16,0.2945694923400879,0.9979197978973388,1.0955051183700562,1.130740761756897,1.2517913579940796,1.0362133979797363,0.9561031460762024,0.7660205364227295,0.6751506328582764,0,0
-29,17,0.1763762384653091,1.1336238384246826,1.1115812063217163,1.0402286052703855,1.287165641784668,0.8965539336204529,0.8703384399414062,0.6877455115318298,0.7770552635192871,0,0
-29,18,0.2337899208068847,1.242745280265808,1.1666884422302246,1.0557056665420532,1.3782867193222046,0.8905522227287292,0.9232084155082704,0.8273252844810486,1.165750503540039,0,0
-29,19,0.4983515739440918,1.381497859954834,1.2734545469284058,1.2089861631393433,1.5407356023788452,1.0358076095581057,1.1372957229614258,1.0456255674362185,1.5994901657104492,0,0
-29,20,0.6230295300483704,1.3754249811172483,1.2336186170578003,1.197459697723389,1.505644441,1.1290234327316284,1.3607896566390991,1.3284859657287598,1.8895889520645144,0,0
-29,21,0.678147554,1.366239070892334,1.2512301206588743,1.163615345954895,1.4692074060440063,1.1803960800170898,1.5393785238265991,1.5817480087280271,2.077489137649536,0,0
-29,22,0.8180330395698547,1.406029224395752,1.2900370359420776,1.1433805227279663,1.4256863594055176,1.2443079948425293,1.7080005407333374,1.8325839042663576,2.237074136734009,0,0
-29,23,0.9714184403419496,1.440373420715332,1.3236627578735352,1.1257195472717283,1.3529715538024902,1.285403609275818,1.8566408157348633,2.047438383102417,2.3365941047668457,0,0
-29,24,1.138808012008667,1.4520152807235718,1.3450956344604492,1.0905941724777222,1.2848917245864868,1.3413423299789429,1.9747751951217651,2.2089319229125977,2.3734123706817627,0,0
-29,25,1.298561930656433,1.4739203453063965,1.3244783878326416,1.044816493988037,1.2073676586151123,1.3543816804885864,2.034470558166504,2.283768415,2.3088953495025635,0,0
-29,26,1.3771220445632937,1.4683194160461426,1.2788019180297852,1.0051625967025757,1.1253970861434937,1.3263795375823977,2.0143277645111084,2.207858085632324,2.1923346519470215,0,0
-29,27,1.3286477327346802,1.393323540687561,1.2052966356277466,0.929907501,1.128300428390503,1.2789831161499023,1.9254781007766724,2.125119448,2.093020201,0,0
-29,28,1.2806100845336914,1.3776997327804563,1.1871628761291504,0.8978362679481506,1.152959942817688,1.2847036123275757,1.754933476448059,1.9254518747329712,1.8900021314620972,0,0
-29,29,1.261418700218201,1.3559592962265017,1.1851190328598022,0.9948986172676086,1.1940182447433472,1.2248785495758057,1.5185962915420532,1.6374346017837524,1.7468165159225464,0,0
-29,30,1.3499706983566284,1.3070229291915894,1.1872373819351196,1.1313904523849487,1.2800732851028442,1.1776334047317505,1.373639464378357,1.503216267,1.7183016538619995,0,0
-29,31,1.229575276374817,1.222649097442627,1.1315730810165403,1.1470919847488403,1.230233073234558,1.009843349456787,1.1742316484451294,1.3190611600875854,1.6150792837142944,0,0
-29,32,0.9773213267326356,1.024041771888733,0.93191129,0.9434921741485596,1.0455230474472046,0.8777533173561096,0.9927592873573304,1.1162503957748413,1.334325671195984,0,0
-28,-71,0.7454776763916016,1.2902113199234009,1.1809101104736328,1.201459527015686,1.0061488151550293,1.2638920545578003,1.700408935546875,1.9864567518234253,2.0542092323303223,0,0
-28,-70,1.0416067838668823,1.3497146368026731,0.8186600804328918,0.4022139608860016,0.1721792072057724,0.1987322568893432,0.9023566246032716,1.4951701164245603,1.7262935638427734,0,0
-28,-69,0.6401105523109436,1.1346253156661987,0.738158643,0.1942405849695205,-0.335858017,-0.519750953,0.4882412254810333,1.1371136903762815,1.5857685804367063,0,0
-28,-56,1.0942630767822266,1.3608150482177734,1.135736107826233,0.5007375478744507,0.5858786702156067,0.4695248305797577,0.3725937306880951,0.1224322021007537,0.5003401637077332,0,0
-28,-55,0.9694194197654724,1.2827149629592896,1.088404417037964,0.46739462,0.6870098114013672,0.6297629475593567,0.5565472841262817,0.3276338875293731,0.6664674878120422,0,0
-28,-54,0.8953823447227478,1.2155826091766355,1.0513352155685425,0.4073761403560638,0.6900150775909424,0.6215014457702637,0.5733808875083923,0.3512068092823028,0.6455704569816589,0,0
-28,-53,0.7959355711936951,1.1567093133926392,1.043563961982727,0.410897821,0.7589834332466125,0.70327282,0.6928558349609375,0.4649020135402679,0.689477265,0,0
-28,-52,0.5936611294746399,1.010686278343201,0.9116634726524352,0.3101325333118438,0.7416438460350037,0.7215384840965271,0.809459388,0.6321904063224792,0.8112103939056396,0,0
-28,-51,0.5454044938087463,1.0079498291015625,0.9136970043182372,0.3406051397323608,0.8064541220664978,0.8232093453407288,0.950903594,0.7381880879402161,0.8500766158103943,0,0
-28,-50,0.2925529778003692,0.7323365211486816,0.678554118,0.2056245654821396,0.7348086833953857,0.8183186650276184,1.013875126838684,0.7805270552635193,0.8367242813110352,0,0
-28,-49,-0.114011407,0.3525733947753906,0.2556639611721039,0.018537769,0.4124037325382232,0.5531453490257263,0.7121629118919373,0.5901410579681396,0.6357907652854919,0,0
-28,-48,-0.427632481,-0.500014305,-0.491534084,-0.461430401,-0.133626953,0.060921919,0.3441991806030273,0.3484276235103607,0.3923012018203735,0,0
-28,17,0.2421139031648636,1.2346912622451782,1.1224218606948853,1.0493979454040527,1.3647910356521606,0.9548273086547852,0.9872632026672364,0.8206660151481628,1.1427634954452517,0,0
-28,20,0.6595885157585144,1.3683639764785769,1.1653285026550293,1.1240044832229614,1.4027366638183594,1.1757386922836304,1.4870949983596802,1.5507888793945312,2.1166727542877197,0,0
-28,21,0.7882422804832458,1.4034086465835571,1.2258429527282717,1.1341358423233032,1.375621318817139,1.2174077033996582,1.595630764961243,1.7577956914901731,2.2129509449005127,0,0
-28,22,0.9695892930030824,1.4405704736709597,1.2975010871887207,1.1362615823745728,1.3051321506500244,1.283627986907959,1.7496474981307983,1.966382384300232,2.2857775688171387,0,0
-28,23,1.152492642402649,1.460701346,1.3395284414291382,1.116216778755188,1.2093490362167358,1.327031135559082,1.8867406845092771,2.1749203205108643,2.381263494491577,0,0
-28,24,1.353300929069519,1.4742165803909302,1.3645919561386108,1.108704686164856,1.1565176248550415,1.3745083808898926,2.011929750442505,2.299539328,2.3890225887298584,0,0
-28,25,1.5085045099258425,1.4831422567367554,1.324987530708313,1.062858224,1.1121891736984253,1.3660155534744265,2.03039813,2.2929370403289795,2.2963881492614746,0,0
-28,26,1.5636013746261597,1.4903825521469116,1.3069463968276978,1.0621455907821655,1.1280877590179443,1.390297532081604,2.039158582687378,2.227104663848877,2.188954591751098,0,0
-28,27,1.458454728126526,1.4035359621047974,1.2397595643997192,0.9928135871887208,1.1206482648849487,1.3678107261657717,1.9613518714904783,2.140221596,2.0195417404174805,0,0
-28,28,1.3860158920288086,1.338458538,1.202318549156189,0.9680356979370116,1.1735777854919434,1.3457366228103638,1.7879915237426758,1.9590106010437012,1.8802303075790403,0,0
-28,29,1.4453591108322144,1.3620333671569824,1.2519103288650513,1.0926135778427124,1.2253824472427368,1.3228598833084106,1.6165488958358765,1.760971188545227,1.790701985359192,0,0
-28,30,1.478228211402893,1.2904750108718872,1.2273231744766235,1.1806925535202026,1.2628945112228394,1.267589092254639,1.4375224113464355,1.639884591,1.766794204711914,0,0
-28,31,1.441905498504639,1.2493773698806765,1.2107563018798828,1.2240148782730105,1.274949073791504,1.1741472482681274,1.2986578941345217,1.5123897790908811,1.7048221826553345,0,0
-28,32,1.1239168643951416,1.0713438987731934,1.0277589559555054,1.0489028692245483,1.158153057098389,1.033934235572815,1.136994481086731,1.344362735748291,1.5537137985229492,0,0
-28,33,0.906328022,0.9369272589683532,0.8457918167114258,0.7958518862724304,0.926502764,0.8330733180046082,0.902250588,1.057324767112732,1.2821719646453855,0,0
-27,-109,1.081017255783081,0.9337108135223388,0.7320495247840881,0.5030126571655273,0.2533726394176483,0.1624139547348022,0.047562182,0.087995209,0.1434159576892852,0,0
-27,-71,0.5414226055145264,1.018591046333313,1.1407734155654907,1.308174491,1.2476433515548706,1.4568251371383667,1.8106414079666135,2.0569326877593994,2.1490983963012695,0,0
-27,-70,1.020851492881775,1.4451125860214231,1.1768040657043457,0.9202537536621094,0.863812268,1.1241720914840698,1.776314377784729,2.063920259475708,2.0550343990325928,0,0
-27,-69,0.8604185581207275,1.2525800466537476,0.6628342866897583,0.1756612509489059,-0.226156756,-0.535770774,-0.074069954,0.6907692551612854,1.1572046279907229,0,0
-27,-68,0.5842829346656799,1.2146092653274536,0.9746964573860168,0.7088075280189514,0.4073882400989532,0.2484849244356155,1.1119545698165894,1.774092674255371,1.8277705907821655,0,0
-27,-55,0.9686060547828674,1.2912942171096802,1.1154565811157229,0.4215581119060516,0.7252941131591797,0.5907881855964661,0.5421612858772278,0.3470851182937622,0.651529849,0,0
-27,-54,0.8906901478767395,1.2570451498031616,1.1091536283493042,0.4438843429088592,0.8340997099876404,0.7053806185722351,0.6844103336334229,0.5318024158477783,0.7976449131965637,0,0
-27,-53,0.8083963990211487,1.1926417350769043,1.132251501083374,0.495062917,0.9591143727302552,0.8678459525108337,0.8655927777290344,0.7372868657112122,0.9243220686912536,0,0
-27,-52,0.6756523251533508,1.0926438570022583,1.0710958242416382,0.462737888,0.962486446,0.9148988723754884,0.9536893963813782,0.8223099708557129,0.9588763117790222,0,0
-27,-51,0.433533639,0.8904147744178772,0.8967642784118652,0.3359463512897491,0.9009034633636476,0.916983128,1.0116626024246216,0.8421761989593506,0.9373471140861512,0,0
-27,-50,0.3024262189865112,0.7472984194755554,0.7263852953910828,0.2262941002845764,0.7778167128562927,0.8962375521659851,1.0180047750473022,0.8197482228279114,0.8894649147987366,0,0
-27,-49,-0.129564926,0.3940833508968353,0.3111466765403747,0.052526552,0.4696699380874634,0.6572619676589966,0.8052530288696289,0.6854605674743652,0.7171395421028137,0,0
-27,-48,-0.356478721,-0.390374333,-0.412602454,-0.386976629,0.004226049,0.2514303624629974,0.5268235802650452,0.5507972240447998,0.5705625414848328,0,0
-27,20,0.6913749575614929,1.3040499687194824,1.1050561666488647,1.061109185218811,1.2618595361709597,1.20233953,1.5467544794082642,1.8349441289901731,2.315427303314209,0,0
-27,21,0.9386698603630066,1.401257872581482,1.2217243909835815,1.095773696899414,1.2250962257385254,1.2372040748596191,1.6391944885253906,1.936125874519348,2.3333146572113037,0,0
-27,22,1.1481136083602903,1.432734131813049,1.317862629890442,1.1070510149002075,1.1591784954071045,1.2801510095596311,1.7398556470870972,2.0379557609558105,2.3138554096221924,0,0
-27,23,1.307018756866455,1.4478720426559448,1.348052978515625,1.0946224927902222,1.098277211,1.3331183195114136,1.825636386871338,2.178011894226074,2.315664052963257,0,0
-27,24,1.4689315557479858,1.4647541046142578,1.3456597328186035,1.0856648683547974,1.083946704864502,1.3851791620254517,1.947317123413086,2.293581247329712,2.325106143951416,0,0
-27,25,1.5894466638565063,1.4430145025253296,1.3281289339065552,1.072797179222107,1.0737706422805786,1.410858154296875,2.0183143615722656,2.3054816722869873,2.255446672439575,0,0
-27,26,1.613698124885559,1.4250826835632324,1.2535877227783203,1.013161301612854,1.078405499458313,1.4352941513061523,2.0144340991973877,2.221003293991089,2.1837875843048096,0,0
-27,27,1.491484284,1.320323824882507,1.1676846742630005,0.9373989105224608,1.1009395122528076,1.433870792388916,1.933774471282959,2.131338119506836,2.064795732498169,0,0
-27,28,1.4237438440322876,1.2451858520507812,1.163119912147522,0.9843035340309144,1.1611028909683228,1.3957910537719729,1.7861093282699585,1.961398124694824,1.8955997228622437,0,0
-27,29,1.494172454,1.2839514017105105,1.2317602634429932,1.100220799446106,1.198775053024292,1.3338567018508911,1.621166706085205,1.8084478378295896,1.7921247482299805,0,0
-27,30,1.5074175596237185,1.2047948837280271,1.1506718397140503,1.1103087663650513,1.1873579025268557,1.279349446296692,1.4474695920944214,1.6890077590942385,1.7548609972000122,0,0
-27,31,1.3978134393692017,1.0808453559875488,1.109284281730652,1.184918999671936,1.245588779449463,1.259949803352356,1.3075045347213743,1.5771907567977903,1.6906895637512207,0,0
-27,32,1.272992491722107,1.0826029777526855,1.0630775690078735,1.0702508687973022,1.1746517419815063,1.1551718711853027,1.2270042896270752,1.4970916509628296,1.649342418,0,0
-27,33,1.0698517560958862,0.9329302310943604,0.8536753058433533,0.8288472294807434,0.9605684280395508,0.8733720779418945,0.9506548047065736,1.153820514678955,1.374132752418518,0,0
-26,-71,0.6330600380897522,1.0840723514556885,1.304080367088318,1.4851053953170776,1.4683784246444702,1.6701825857162476,1.9572324752807615,2.0916407108306885,2.1944591999053955,0,0
-26,-70,0.9678969383239746,1.5220636129379272,1.3635092973709106,1.1823817491531372,1.173202395439148,1.5330957174301147,2.1325087547302246,2.2497663497924805,2.195945501327514,0,0
-26,-69,0.7370879054069519,1.221211075782776,0.8215561509132385,0.6008386611938477,0.417835921,0.2527250945568084,0.8126500248908997,1.6282358169555664,1.8776417970657349,0,0
-26,-68,0.779255211,1.3204649686813354,0.901050329,0.6768243908882141,0.3991375863552093,0.2326076477766037,1.1944092512130735,1.927235126495361,2.024261951446533,0,0
-26,-55,1.0856398344039917,1.364336371421814,1.1965123414993286,0.4434563219547272,0.8124080300331116,0.6489191651344299,0.6918387413024902,0.5014398694038391,0.7215979695320129,0,0
-26,-54,0.9226272106170654,1.2432230710983276,1.1093083620071411,0.3675026595592499,0.8009348511695862,0.6234976053237915,0.6663303375244141,0.5353571176528931,0.7651145458221436,0,0
-26,-53,0.738115132,1.1426159143447876,1.0959914922714231,0.4275104999542236,0.9709718227386476,0.8949768543243408,0.9620195031166076,0.870955229,1.0590243339538574,0,0
-26,-52,0.6421682238578796,1.0735398530960083,1.058464288711548,0.4464441835880279,0.9983388781547546,0.9664044380187988,1.0051193237304688,0.9084214568138124,1.0416489839553833,0,0
-26,-51,0.5325964093208313,1.0117554664611816,0.9950871467590332,0.4461621940135956,1.0113950967788696,1.018592119216919,1.0583499670028689,0.914868414,0.9902907013893129,0,0
-26,-50,0.463531345,0.928002656,0.9437873363494872,0.4305494725704193,1.0018794536590576,1.0538616180419922,1.1609998941421509,0.9814465641975404,1.0343055725097656,0,0
-26,-49,-0.03302294,0.5454289317131042,0.493027002,0.2308262586593628,0.7014655470848083,0.8562009334564209,0.997953713,0.8484501838684082,0.8671743273735046,0,0
-26,-48,-0.257028878,-0.20373486,-0.300631732,-0.325629056,0.1231288984417915,0.4273461401462555,0.6821232438087463,0.7127013206481934,0.7295284867286682,0,0
-26,20,0.984708011,1.4242016077041626,1.2066808938980105,1.0886672735214231,1.154639720916748,1.2169322967529297,1.5596237182617188,1.9632339477539065,2.334796190261841,0,0
-26,21,1.167610764503479,1.4551664590835571,1.3164663314819336,1.1240912675857544,1.143868088722229,1.2904444932937622,1.6958969831466677,2.042267084121704,2.3460190296173096,0,0
-26,22,1.392290711402893,1.4857197999954224,1.3948973417282104,1.1539393663406372,1.1040812730789185,1.3358498811721802,1.784973145,2.1281330585479736,2.346604108810425,0,0
-26,23,1.5204623937606812,1.491745948791504,1.4097309112548828,1.158589482307434,1.0990197658538818,1.4018243551254272,1.846237063407898,2.2383065223693848,2.312964677810669,0,0
-26,24,1.5410871505737305,1.4211143255233765,1.3472851514816284,1.1091279983520508,1.0566622018814087,1.3986271619796753,1.8692113161087036,2.2525746822357178,2.2154390811920166,0,0
-26,25,1.5862053632736206,1.375585913658142,1.2976441383361816,1.0861520767211914,1.0262633562088013,1.421822190284729,1.9177883863449097,2.2535016536712646,2.1693899631500244,0,0
-26,26,1.5082430839538574,1.3146933317184448,1.2248398065567017,0.99410218,1.00161612,1.4364217519760132,1.8487640619277952,2.1827151775360107,2.0883209705352783,0,0
-26,27,1.495462417602539,1.2971985340118408,1.215546727180481,0.9961525797843932,1.0544296503067017,1.3967934846878052,1.7727242708206177,2.0843002796173096,2.029179334640503,0,0
-26,28,1.5148086547851562,1.2799159288406372,1.2238694429397583,1.0504484176635742,1.150899052619934,1.3848708868026731,1.6775935888290403,1.969606041908264,1.9188669919967651,0,0
-26,29,1.5400465726852417,1.257109761238098,1.210146427154541,1.0814810991287231,1.1391769647598269,1.3203939199447632,1.550247073173523,1.8518024682998655,1.7976373434066772,0,0
-26,30,1.463518500328064,1.1410398483276367,1.0897527933120728,1.0821282863616943,1.155794620513916,1.3273104429244995,1.417203068733215,1.7504901885986328,1.7393742799758911,0,0
-26,31,1.3743027448654177,1.0580793619155884,1.1122113466262815,1.194667935371399,1.2511115074157717,1.3392678499221802,1.360690951347351,1.7126160860061646,1.8086963891983032,0,0
-26,32,1.261438488960266,1.022668480873108,1.0404599905014038,1.0997668504714966,1.2130600214004517,1.2342747449874878,1.236463428,1.5374709367752075,1.6808747053146362,0,0
-25,-71,0.6699738502502441,1.0926960706710815,1.3442507982254028,1.5551395416259766,1.5901716947555542,1.802242875099182,1.9886716604232788,2.0302469730377197,2.167154550552368,0,0
-25,-70,0.925932229,1.459180235862732,1.3214954137802124,1.083034873008728,1.1942830085754397,1.4932130575180054,2.0774662494659424,2.1348702907562256,2.1074280738830566,0,0
-25,-69,0.6036360263824463,1.1570533514022827,1.0064924955368042,0.6922138333320618,0.5436679124832153,0.4273536205291748,1.072052836418152,1.8914293050765991,1.9868836402893064,0,0
-25,-68,0.6677684187889099,1.3189712762832642,1.060866355895996,0.7283751368522644,0.4879727661609649,0.3518114984035492,1.2717896699905396,1.9917806386947632,1.9888561964035032,0,0
-25,-55,1.0778427124023438,1.3253365755081177,1.10063374,0.1686918884515762,0.6487874984741211,0.5864236354827881,0.7096549868583679,0.6047272682189941,0.8171207904815674,0,0
-25,-54,0.8353932499885559,1.1469392776489258,1.0248903036117554,0.1892459243535995,0.7263352274894714,0.6776309013366699,0.7907771468162537,0.7181407809257507,0.9529778361320496,0,0
-25,-53,0.6776624321937561,1.070081114768982,1.0009676218032837,0.2501974999904632,0.8177024722099304,0.7831284999847412,0.8537442088127136,0.760859489,0.9622382521629332,0,0
-25,-52,0.6402966380119324,1.091197848320007,1.0583313703536987,0.3667354881763458,0.918171227,0.9034894108772278,0.9396352767944336,0.8457083106040955,1.005540967,0,0
-25,-51,0.5071223378181458,0.9544922709465028,0.9559131264686584,0.3683106899261474,0.942105234,0.982896328,1.025843620300293,0.9044437408447266,1.0274860858917236,0,0
-25,-50,0.4238412380218506,0.869753897,0.9398229718208312,0.4612584412097931,1.0454189777374268,1.1255022287368774,1.192660927772522,1.0043978691101074,1.099661946296692,0,0
-25,-49,0.1414689868688583,0.5824175477027893,0.6075164675712585,0.2639094293117523,0.7997098565101624,0.9282598495483398,1.027490735054016,0.8055388331413269,0.845970094,0,0
-25,-48,-0.089474462,0.2473437786102295,0.1753442734479904,-0.005696098,0.4772350788116455,0.7557637095451355,0.9163280129432678,0.7984392046928406,0.8027066588401794,0,0
-25,-47,-0.086386614,0.025111616,-0.084205382,-0.155768126,0.2852112352848053,0.6031458973884583,0.8402565121650696,0.8478501439094543,0.8518590927124023,0,0
-25,20,1.3391679525375366,1.5285102128982544,1.3541769981384275,1.1424349546432495,1.074308991,1.2893377542495728,1.654582381248474,2.129164695739746,2.354388952255249,0,0
-25,21,1.384105563163757,1.473765492,1.3706766366958618,1.132266879081726,1.0400776863098145,1.3037792444229126,1.6849647760391235,2.158712387084961,2.294461250305176,0,0
-25,23,1.5734429359436035,1.4750725030899048,1.440390944480896,1.1914124488830566,1.022075057029724,1.4051579236984253,1.806179404258728,2.2423813343048096,2.2028372287750244,0,0
-25,24,1.6261898279190063,1.4402648210525513,1.3930997848510742,1.1516427993774414,0.9947633147239684,1.400436282157898,1.8035539388656616,2.216064691543579,2.094525098800659,0,0
-25,26,1.4214292764663696,1.1845134496688845,1.1968132257461548,1.0563548803329468,0.9677248001098632,1.429532527923584,1.7426971197128296,2.131221055984497,2.0226283073425293,0,0
-25,27,1.4847702980041504,1.2484865188598633,1.248104691505432,1.0847691297531128,1.1001365184783936,1.448879361152649,1.670573115348816,2.077982187271118,1.9515546560287476,0,0
-25,28,1.5376745462417605,1.240062594413757,1.2236639261245728,1.1016167402267456,1.1803964376449585,1.4071087837219238,1.620273232460022,1.9698251485824585,1.8778518438339231,0,0
-25,29,1.6162338256835938,1.2472373247146606,1.2183877229690552,1.1659847497940063,1.2213112115859983,1.3860788345336914,1.5266060829162598,1.8072341680526731,1.7694978713989258,0,0
-25,30,1.3660274744033811,1.0430808067321775,1.0869587659835815,1.1780437231063845,1.2309540510177612,1.4256070852279663,1.4936093091964722,1.8405600786209104,1.8303718566894531,0,0
-25,31,1.208279013633728,0.9469391703605652,0.9626786708831788,1.098292112350464,1.1807037591934204,1.2929452657699585,1.2961455583572388,1.6723536252975464,1.7567921876907349,0,0
-25,32,1.2627720832824707,1.0093934535980225,1.0587671995162964,1.1903082132339478,1.2459627389907837,1.3069403171539309,1.3007794618606567,1.643346667289734,1.8006964921951294,0,0
-24,-71,0.7270150780677795,1.0744386911392212,1.3384438753128052,1.605762600898743,1.6819676160812378,1.8765813112258911,1.9676111936569216,2.000180244445801,2.165330171585083,0,0
-24,-70,1.2004045248031616,1.6072641611099243,1.5142875909805298,1.4122835397720337,1.5911799669265747,1.960119605064392,2.3232619762420654,2.2849786281585693,2.2771730422973633,0,0
-24,-69,0.7454167008399963,1.4150924682617188,1.2908592224121094,1.0521904230117798,0.9517998099327089,0.9464199542999268,1.605372428894043,2.1571104526519775,2.1347007751464844,0,0
-24,-68,0.5788805484771729,1.3160251379013062,1.0551788806915283,0.7454142570495605,0.6004786491394043,0.5755484700202942,1.553295612335205,2.0852861404418945,1.964616298675537,0,0
-24,-67,0.542748749,1.3680315017700195,1.209570288658142,1.0224008560180664,0.9563810229301452,1.006429672241211,1.873101592063904,2.127286195755005,2.0240776538848877,0,0
-24,-56,1.3363770246505735,1.563071608543396,1.2840068340301514,0.2714140117168426,0.7451493740081787,0.7356612086296082,0.8183495402336121,0.6302957534790039,0.832300603,0,0
-24,-55,0.9973356127738952,1.2613651752471924,1.0344101190567017,0.055182382,0.6805523037910461,0.7705398201942444,0.9136323928833008,0.7862942218780518,0.9723897576332092,0,0
-24,-54,0.9392628073692322,1.2971397638320925,1.1604012250900269,0.1898427456617355,0.7863931059837341,0.8867659568786621,1.0137220621109009,0.915513039,1.1077992916107178,0,0
-24,-53,0.6813963055610657,1.0741523504257202,0.9429550170898438,0.00068139,0.6452714800834656,0.7222294807434082,0.8576658368110657,0.7946023941040039,1.0035629272460938,0,0
-24,-52,0.5703973174095154,0.965907097,0.8834845423698425,0.041517891,0.7274457812309265,0.8260192275047302,0.9357428550720216,0.8814475536346436,1.100585699081421,0,0
-24,-51,0.5803449749946594,1.0283902883529663,1.0071874856948853,0.2648415863513946,0.8706621527671814,0.9355925917625428,1.0180472135543823,0.893354595,1.0706418752670288,0,0
-24,-50,0.5301998257637024,0.9567379355430604,1.015776753425598,0.4125261306762695,0.9911734461784364,1.0578209161758425,1.1557557582855225,0.970828116,1.0931566953659058,0,0
-24,-49,0.3868715465068817,0.7827143669128418,0.8787035346031189,0.3886770904064178,0.9547542929649352,1.0803805589675903,1.1878256797790527,0.9412012696266174,1.0451472997665403,0,0
-24,-48,0.3066103458404541,0.6910098195075989,0.766106367,0.3736261129379272,0.9037904739379884,1.1266824007034302,1.2235846519470217,0.9408345818519592,0.9983089566230774,0,0
-24,-47,0.2676154971122741,0.6370051503181458,0.6632167100906372,0.3536816537380218,0.8730849623680115,1.0758357048034668,1.2187650203704834,0.9723649621009828,0.9473185539245604,0,0
-24,-46,0.1362203508615493,0.4291388094425201,0.3734364211559295,0.1531871706247329,0.6466194987297058,0.8965539336204529,1.0943650007247925,0.9438891410827636,0.9228355884552002,0,0
-24,-45,0.057408396,0.3511462211608886,0.3030245304107666,0.1811324954032898,0.617852509,0.884158194,1.101262092590332,1.0183722972869873,0.9759917855262756,0,0
-24,27,1.5614356994628906,1.2268985509872437,1.3177317380905151,1.2323205471038818,1.2268918752670288,1.5516881942749023,1.748006820678711,2.136754274368286,1.9608469009399416,0,0
-24,28,1.5061753988265991,1.1175915002822876,1.2357810735702517,1.217989444732666,1.252941370010376,1.473302960395813,1.7016500234603882,2.045367956161499,1.883767247200012,0,0
-24,29,1.6415982246398926,1.1895393133163452,1.250923514,1.242367386817932,1.2340078353881836,1.4282245635986328,1.6009083986282349,1.930042386054993,1.875285267829895,0,0
-24,30,1.4343442916870115,1.059717297554016,1.1069979667663574,1.177190184593201,1.2060002088546753,1.4036763906478882,1.4982295036315918,1.8768963813781736,1.8968697786331177,0,0
-24,31,1.4490346908569336,1.114517092704773,1.125499606132507,1.26414156,1.3027966022491455,1.3945021629333496,1.4617334604263306,1.8188177347183228,1.9002176523208616,0,0
-24,32,1.2166131734848022,0.9742934107780457,1.0507365465164185,1.1876331567764282,1.1911948919296265,1.307248354,1.3905229568481443,1.7057439088821411,1.8728914260864256,0,0
-23,-71,0.8029422760009766,1.001250147819519,1.3374673128128052,1.619696021080017,1.7290467023849487,1.8977174758911133,1.9195696115493777,1.9709149599075315,2.144543409347534,0,0
-23,-70,1.3549269437789917,1.638008475,1.5588359832763672,1.5180236101150513,1.725434184074402,2.1061160564422607,2.3532164096832275,2.3364040851593018,2.3597519397735596,0,0
-23,-69,0.6224020719528198,1.3674111366271973,1.267525315284729,1.082588553,1.067409873008728,1.1643208265304563,1.8591575622558592,2.2581841945648193,2.1576859951019287,0,0
-23,-68,0.3960963785648346,1.2851437330245972,1.1472543478012085,0.9143616557121276,0.7635834813117981,0.8265373110771179,1.7456954717636108,2.1272871494293213,1.9298973083496096,0,0
-23,-67,0.3707963228225708,1.2184709310531616,1.1246193647384644,0.9461960196495056,0.8865293860435486,1.0583579540252686,1.858842372894287,2.090562582015991,1.996690273284912,0,0
-23,-56,1.3567644357681274,1.500160574913025,1.1134635210037231,0.054857332,0.6733579039573669,0.860599697,0.9648476243019104,0.8192244172096252,1.0630974769592283,0,0
-23,-55,1.1863213777542114,1.393976807594299,1.0512332916259766,-0.01711219,0.6677317023277283,0.850853682,0.9895286560058594,0.9001619815826416,1.1090587377548218,0,0
-23,-54,0.9573371410369872,1.229381442070007,0.9879706501960754,-0.041276921,0.6500515937805176,0.8297881484031677,0.9809253811836244,0.9385874271392822,1.145867943763733,0,0
-23,-53,0.8692278861999512,1.203036189079285,1.028063178062439,0.018562486,0.7011193633079529,0.8766656517982483,1.0336488485336304,0.9976739287376404,1.1673821210861206,0,0
-23,-52,0.7388529777526855,1.0960527658462524,0.9337944388389589,0.001892502,0.6869657039642334,0.8507069945335388,1.021021842956543,0.9876978993415833,1.196820855140686,0,0
-23,-51,0.7468933463096619,1.0907354354858398,0.9902909398078918,0.1436899602413177,0.750802755,0.8681337833404541,1.0241122245788574,0.9696550965309144,1.186192274093628,0,0
-23,-50,0.843876302,1.1901668310165403,1.1802537441253662,0.4422942399978637,0.983608902,1.0815485715866089,1.1942967176437378,1.0352193117141724,1.1735934019088743,0,0
-23,-49,0.8738799691200256,1.2079850435256958,1.222237229347229,0.559565008,1.1143323183059692,1.2420116662979126,1.3692699670791626,1.117104172706604,1.2315038442611694,0,0
-23,-48,0.7950227856636047,1.1471880674362185,1.115406871,0.4564261138439178,0.996687949,1.1615220308303833,1.297895431518555,0.9989051818847656,1.0707473754882812,0,0
-23,-47,0.8163453936576843,1.168652057647705,1.1734033823013306,0.5595473647117615,1.0875482559204102,1.2094892263412476,1.3112897872924805,0.994743824,1.0253373384475708,0,0
-23,-46,0.6267148852348328,0.998215675,1.114687681,0.6472699046134949,1.174657940864563,1.2715994119644165,1.336376070976257,1.0296282768249512,1.0506352186203003,0,0
-23,-45,0.4853733479976654,0.8821855187416077,1.035908579826355,0.6837437748908997,1.1510963439941406,1.23840332,1.291688084602356,0.9617219567298888,0.9202433228492736,0,0
-23,-44,0.2150958329439163,0.6536208987236023,0.7479103207588196,0.4921945333480835,0.9295478463172911,1.1144152879714966,1.2263009548187256,0.9655867218971252,0.8834025859832764,0,0
-23,-43,0.1719913929700851,0.5929314494132996,0.662182093,0.4879730641841888,0.8845781683921814,1.1016062498092651,1.217969298362732,1.024978756904602,0.9221541285514832,0,0
-23,-42,0.2077691406011581,0.6174767017364502,0.6739423871040344,0.5630483031272888,0.8755896091461182,1.0752040147781372,1.106123685836792,0.9395884871482848,0.8572900295257568,0,0
-23,27,1.515007495880127,1.1901203393936155,1.3378905057907104,1.2523795366287231,1.2053799629211426,1.5900160074234009,1.788285255432129,2.125328779220581,1.955148220062256,0,0
-23,28,1.5314397811889648,1.162880301475525,1.271972656,1.2513628005981443,1.2322713136672974,1.4936357736587524,1.7318878173828125,2.0355422496795654,1.9577040672302248,0,0
-23,29,1.4763799905776978,1.1017433404922483,1.2139612436294556,1.2561286687850952,1.2288371324539185,1.4287093877792358,1.6218537092208862,1.936311126,1.915987849235535,0,0
-23,30,1.454317927360535,1.0865509510040283,1.1572939157485962,1.2801817655563354,1.2439615726470947,1.453677535057068,1.6199671030044556,2.0016469955444336,2.0179483890533447,0,0
-23,31,1.304429531097412,1.0246394872665403,1.078913927078247,1.2731457948684692,1.2605527639389038,1.3897662162780762,1.5725337266921997,1.893440604,1.9957079887390137,0,0
-23,32,1.0949252843856812,0.8988592028617859,0.9982118010520936,1.1508177518844604,1.1147860288619995,1.2132869958877563,1.4567617177963257,1.745008111000061,1.9299654960632324,0,0
-22,-70,1.3654345273971558,1.6069202423095703,1.5933645963668823,1.6440740823745728,1.7967218160629272,2.1462996006011963,2.340620279312134,2.379878044128418,2.4403059482574463,0,0
-22,-69,0.4793302118778229,1.2278878688812256,1.1907621622085571,1.0284700393676758,1.1057454347610474,1.2440510988235474,1.9230836629867551,2.2133100032806396,2.068636178970337,0,0
-22,-68,0.2112255096435547,1.1379404067993164,1.0581302642822266,0.8657546043395996,0.7436477541923523,0.8955733180046082,1.7680572271347046,2.1035327911376953,1.918072224,0,0
-22,-58,1.5052309036254885,1.4763771295547483,1.1121989488601685,0.090598546,0.6402125954627991,0.9502729773521424,1.067332148551941,1.016898512840271,1.4245538711547852,0,0
-22,-57,1.446457862854004,1.4183430671691897,0.9905399680137634,-0.101177812,0.5676179528236389,0.94236666,1.042512059211731,1.038716435432434,1.4198793172836304,0,0
-22,-56,1.4055510759353638,1.4484776258468628,1.0295757055282593,-0.088435449,0.6758770942687988,1.0318478345870972,1.142034649848938,1.120066523551941,1.4273287057876587,0,0
-22,-55,1.2862564325332642,1.4124752283096311,1.0228887796401978,-0.121511631,0.6653096079826355,0.9888841509819032,1.1084989309310913,1.1241402626037598,1.380332112312317,0,0
-22,-54,1.2261271476745603,1.421094298362732,1.1972721815109253,0.1057928428053855,0.833407462,1.063876986503601,1.1832022666931152,1.1524208784103394,1.3285051584243774,0,0
-22,-53,1.0635994672775269,1.2773504257202148,1.0528851747512815,0.00257801,0.7165895104408264,0.9539225697517396,1.1222134828567505,1.123982071876526,1.3069196939468384,0,0
-22,-52,1.0323811769485474,1.2574338912963867,1.0076898336410522,0.055820096,0.7150406837463379,0.9517897963523864,1.118875503540039,1.0945478677749634,1.2799655199050903,0,0
-22,-51,1.0808123350143433,1.323475003242493,1.1125038862228394,0.2525137960910797,0.844963014,1.0419796705245972,1.1909397840499878,1.0877830982208252,1.2724100351333618,0,0
-22,-50,1.1876250505447388,1.3914709091186523,1.1743663549423218,0.354416937,0.8966972231864929,1.125691294670105,1.2660223245620728,1.110175609588623,1.289354444,0,0
-22,-49,1.251272678375244,1.4225664138793943,1.1776193380355835,0.3530363142490387,0.8898946642875671,1.150646090507507,1.2779191732406616,1.0819379091262815,1.2145453691482544,0,0
-22,-48,1.291718841,1.5033183097839355,1.3295247554779053,0.479421467,0.9853089451789856,1.2451395988464355,1.3425251245498655,1.104358792304993,1.204215646,0,0
-22,-47,1.2076743841171265,1.4618226289749146,1.386438250541687,0.6303675770759583,1.1328774690628052,1.306528925895691,1.3064709901809692,1.0476113557815552,1.122202754020691,0,0
-22,-46,0.8527650237083435,1.1854243278503418,1.3265001773834229,0.7394893169403076,1.2492358684539795,1.3724241256713867,1.3310003280639648,1.0103412866592407,1.1049801111221311,0,0
-22,-45,0.719329298,1.0492039918899536,1.217645287513733,0.7697893977165222,1.295012354850769,1.4235585927963257,1.379384160041809,1.0627211332321167,1.122832417488098,0,0
-22,-44,0.6696401238441467,1.0472384691238403,1.2232331037521362,0.88011688,1.3530486822128296,1.4700201749801636,1.4186779260635376,1.0934110879898071,1.1036370992660522,0,0
-22,-43,0.5032402873039246,0.922253191,1.1032856702804563,0.8211145401000977,1.2455064058303833,1.402889609336853,1.404672622680664,1.095223069190979,1.0148431062698364,0,0
-22,-42,0.322776198,0.7840873599052429,0.8911676406860352,0.7120584845542908,1.1188608407974243,1.3142160177230835,1.281094670295715,1.0154260396957395,0.9084354043006896,0,0
-22,-41,0.2687362730503082,0.6679814457893372,0.7312752604484558,0.6477996706962585,0.9105378985404968,1.1269911527633667,1.0716465711593628,0.885065496,0.8207904696464539,0,0
-22,29,1.5879799127578735,1.1948611736297607,1.2715058326721191,1.2797608375549316,1.225868821144104,1.4441293478012085,1.6979881525039673,2.040922164916992,1.997961998,0,0
-22,30,1.432580828666687,1.0905476808547974,1.1830930709838867,1.2883657217025757,1.239559769630432,1.4114898443222046,1.679702877998352,1.9883829355239868,2.019591808319092,0,0
-22,31,1.3219374418258667,1.0023984909057615,1.1015007495880127,1.2664304971694946,1.1941404342651367,1.277833342552185,1.599537014961243,1.934008002281189,1.9976571798324585,0,0
-21,-70,1.2289811372756958,1.5352200269699097,1.6196082830429075,1.7021440267562866,1.8476406335830688,2.151057243347168,2.2585647106170654,2.315650224685669,2.409867048,0,0
-21,-69,0.5341266989707947,1.2606250047683716,1.2149864435195925,1.0512826442718506,1.200276494026184,1.4091681241989136,2.082296848297119,2.309819459915161,2.1150429248809814,0,0
-21,-68,0.2211401909589767,1.1564651727676392,1.0697340965270996,0.8666166663169861,0.7861559987068176,0.9750635027885436,1.8657163381576536,2.264920949935913,2.059702157974243,0,0
-21,-58,1.6672929525375366,1.5565260648727417,1.167702078819275,0.086645931,0.6709560751914978,1.0706604719161987,1.2369924783706665,1.1445035934448242,1.5380302667617798,0,0
-21,-57,1.5571306943893433,1.4924179315567017,1.0484892129898071,-0.065968007,0.6328203082084656,1.0903550386428833,1.2412666082382202,1.2230353355407717,1.63217032,0,0
-21,-56,1.5739654302597046,1.518573284,1.0237603187561035,-0.144692227,0.6785595417022705,1.0939061641693115,1.2090822458267212,1.277554988861084,1.6271886825561523,0,0
-21,-55,1.481695532798767,1.490167260169983,1.0555227994918823,-0.135902837,0.7134609222412109,1.0973883867263794,1.2063759565353394,1.2600555419921875,1.5068022012710571,0,0
-21,-54,1.4400454759597778,1.5934467315673828,1.2685246467590332,0.112357847,0.8411819934844971,1.1371779441833496,1.2607399225234983,1.2731738090515137,1.4611250162124634,0,0
-21,-53,1.526386260986328,1.6999521255493164,1.4090429544448853,0.3062557876110077,0.9425684809684752,1.2005409002304075,1.3436790704727173,1.334556221961975,1.4860037565231323,0,0
-21,-52,1.4617184400558472,1.6043967008590698,1.3405953645706177,0.3150663077831268,0.8967142701148987,1.1681658029556274,1.3008195161819458,1.2585464715957642,1.4039912223815918,0,0
-21,-51,1.514684557914734,1.6504712104797363,1.3771820068359375,0.3777545690536499,0.8571264147758484,1.1539582014083862,1.2599714994430542,1.1859261989593506,1.353979468345642,0,0
-21,-50,1.4788538217544556,1.5736020803451538,1.3041144609451294,0.404416949,0.874563992,1.1785835027694702,1.271208643913269,1.118261694908142,1.2979203462600708,0,0
-21,-49,1.4093098640441897,1.4567946195602417,1.1904020309448242,0.3854502141475677,0.8857664465904236,1.236880660057068,1.3066619634628296,1.1328943967819214,1.288838505744934,0,0
-21,-48,1.4549297094345093,1.5089958906173706,1.308025837,0.4719254970550537,0.9970285892486572,1.329634666442871,1.3568841218948364,1.133198857307434,1.2569986581802368,0,0
-21,-47,1.5124744176864624,1.616093993186951,1.5277563333511353,0.6503514051437378,1.1075506210327148,1.4270917177200315,1.3924766778945925,1.1365559101104736,1.260124921798706,0,0
-21,-46,1.2471985816955566,1.3705288171768188,1.4182662963867188,0.7268089652061462,1.1916579008102417,1.4608007669448853,1.3936306238174438,1.0805076360702517,1.1805390119552612,0,0
-21,-45,1.0035618543624878,1.2014741897583008,1.2961536645889282,0.8033530712127686,1.307567477226257,1.522327899932861,1.3991336822509766,1.0629884004592896,1.1332820653915403,0,0
-21,-44,0.7213656902313232,0.993976355,1.1506333351135254,0.8364918828010559,1.336985468864441,1.5436702966690063,1.3801593780517578,1.063037991523743,1.1122127771377563,0,0
-21,-43,0.4833697974681854,0.8578272461891174,1.0499333143234253,0.8588523864746094,1.3092572689056396,1.5176962614059448,1.3730798959732056,1.0458768606185913,1.0605288743972778,0,0
-21,-42,0.312850147,0.7859129309654236,0.9229267239570618,0.8222494125366211,1.2440481185913086,1.4759511947631836,1.3463577032089231,1.020021677017212,0.9767203330993652,0,0
-21,-41,0.2804339826107025,0.7228481769561768,0.8110793232917786,0.7493302226066589,1.0633779764175415,1.281549334526062,1.1693204641342163,0.935123861,0.8888155817985535,0,0
-21,-40,0.3118749260902405,0.6488239169120789,0.70699358,0.6437267065048218,0.8101782202720642,0.9892306327819824,0.8704743981361389,0.7488349080085754,0.7487638592720032,0,0
-20,-70,1.1939493417739868,1.5577688217163086,1.6015095710754397,1.6547890901565552,1.7538785934448242,2.0921852588653564,2.236379384994507,2.322743654251098,2.4023020267486572,0,0
-20,-69,0.3611499071121216,1.1024329662322998,1.1240969896316528,0.9398389458656312,1.152708649635315,1.3743449449539185,2.063052177429199,2.325018882751465,2.164435863494873,0,0
-20,-58,1.7575230598449707,1.5817409753799438,1.198044776916504,0.1182971000671386,0.7546868920326233,1.1669715642929075,1.381700873374939,1.3623175621032717,1.633634090423584,0,0
-20,-57,1.7104606628417969,1.5304838418960571,1.0251648426055908,-0.092937507,0.6655203104019165,1.1244261264801023,1.3624988794326782,1.3584647178649902,1.698021411895752,0,0
-20,-56,1.633740782737732,1.4453545808792114,0.9243221282958984,-0.173909947,0.6802679896354675,1.1502270698547363,1.3471016883850098,1.4153155088424685,1.7344878911972046,0,0
-20,-55,1.6356834173202517,1.5427452325820925,1.050841212272644,-0.044160973,0.8123417496681213,1.2330302000045776,1.371310830116272,1.4401224851608276,1.654804229736328,0,0
-20,-54,1.699658989906311,1.752042293548584,1.2992647886276243,0.1895023584365844,0.8922138810157776,1.238580346107483,1.379245638847351,1.3960394859313965,1.551990628242493,0,0
-20,-53,1.823091506958008,1.840867519378662,1.4429761171340942,0.4218455851078033,0.9890780448913574,1.2974947690963743,1.3839296102523804,1.4084123373031616,1.531959891319275,0,0
-20,-52,1.825694561004639,1.8401637077331543,1.491594672203064,0.4911535680294037,0.9547479748725892,1.299795389175415,1.3845776319503784,1.3289474248886108,1.4541670083999634,0,0
-20,-51,1.750982403755188,1.7408305406570437,1.4381775856018066,0.4416991174221039,0.876521647,1.2945191860198977,1.389023780822754,1.266847014427185,1.4133228063583374,0,0
-20,-50,1.9049334526062012,1.8581756353378296,1.5659235715866089,0.5694162249565125,0.9793086647987366,1.3894634246826172,1.4011391401290894,1.191240310668945,1.331135869026184,0,0
-20,-49,1.8704925775527952,1.727692962,1.4070175886154177,0.4682606160640716,0.9645111560821532,1.4215221405029297,1.4124780893325806,1.1708587408065796,1.3243390321731567,0,0
-20,-48,1.7340070009231567,1.746122956,1.586713194847107,0.6457855105400085,1.121540069580078,1.5225863456726074,1.4204936027526855,1.1290730237960815,1.2581812143325806,0,0
-20,-47,1.405133605003357,1.4580049514770508,1.3686143159866333,0.5498084425926208,1.0822347402572632,1.5542045831680298,1.418200969696045,1.132015824317932,1.257426381111145,0,0
-20,-46,1.3224080801010132,1.4063334465026855,1.4521211385726929,0.7650351524353027,1.19636333,1.6227229833602903,1.487993240356445,1.1593648195266724,1.252653718,0,0
-20,-45,1.2887051105499268,1.4124308824539185,1.518817425,0.969398558,1.350247859954834,1.6890994310379028,1.5015934705734253,1.1286121606826782,1.2042704820632937,0,0
-20,-44,0.8821189403533936,1.087697148323059,1.2702335119247437,0.922190011,1.3116086721420288,1.6794633865356443,1.457846760749817,1.0961662530899048,1.1653743982315063,0,0
-20,-43,0.6027007102966309,0.9029924869537354,1.139251947402954,0.9480962157249452,1.2878201007843018,1.6440495252609253,1.4281646013259888,1.0585843324661257,1.0931121110916138,0,0
-20,-42,0.5068760514259338,0.8986110091209412,1.0944503545761108,0.980154514,1.2752186059951782,1.6090465784072876,1.4308117628097534,1.057035207748413,1.1075726747512815,0,0
-20,-41,0.4053379595279693,0.8237956166267395,0.9666445851325988,0.922591507,1.1662622690200806,1.4461102485656738,1.318716287612915,1.021615743637085,1.0685328245162964,0,0
-20,-40,0.3447184562683105,0.635549784,0.726081371,0.7082473635673523,0.8798838257789612,1.0958240032196045,0.9597298502922058,0.8186338543891907,0.8355364203453064,0,0
-19,-70,1.0432734489440918,1.508273005485535,1.523615479469299,1.4944143295288086,1.6015872955322266,1.998139262199402,2.265524149,2.398244619369507,2.414107084274292,0,0
-19,-69,0.3155206441879272,0.994422436,1.0226787328720093,0.8063681721687317,0.9823062419891356,1.283728003501892,2.0349481105804443,2.364246129989624,2.2339818477630615,0,0
-19,-68,0.3368306159973144,1.0001736879348757,1.0556187629699707,0.806886613,0.8117506504058838,1.1360746622085571,1.9576746225357056,2.340834617614746,2.1862828731536865,0,0
-19,-58,1.7378164529800415,1.5554667711257937,1.143294095993042,0.084699035,0.7927298545837402,1.2270103693008425,1.5105476379394531,1.5349229574203491,1.7839574813842771,0,0
-19,-57,1.712551474571228,1.565686821937561,1.0133262872695925,-0.040916573,0.7644307613372803,1.214527606964111,1.5206815004348757,1.6018837690353394,1.8911809921264648,0,0
-19,-56,1.856549859046936,1.731093406677246,1.1096476316452026,0.022888562,0.8293853402137756,1.3205057382583618,1.623733639717102,1.7130107879638672,1.9346774816513064,0,0
-19,-55,1.8160237073898315,1.7193983793258667,1.2525194883346558,0.2452903538942337,0.971379817,1.425334334373474,1.5923576354980469,1.6261345148086548,1.7798744440078735,0,0
-19,-54,1.9183568954467771,1.8167911767959597,1.3765054941177368,0.4025871455669403,1.0168927907943726,1.3964048624038696,1.4886130094528198,1.499968171,1.6086524724960327,0,0
-19,-53,1.909537434577942,1.847798228263855,1.4271693229675293,0.4588414430618286,1.0065754652023315,1.386369228363037,1.4513789415359497,1.4426339864730835,1.5650835037231443,0,0
-19,-52,2.0458672046661377,1.9795619249343872,1.6019612550735474,0.5545770525932312,1.018299221992493,1.399051308631897,1.4365416765213013,1.3718562126159668,1.5107513666152954,0,0
-19,-51,2.055674314498902,1.884489655,1.5349470376968384,0.4919592142105102,0.9475324153900146,1.4335137605667114,1.4582098722457886,1.3397785425186155,1.4795950651168823,0,0
-19,-50,1.865036964416504,1.739573955535889,1.4619574546813965,0.4939436912536621,0.950209916,1.5237821340560913,1.475284457206726,1.2852274179458618,1.4001573324203491,0,0
-19,-49,1.8129197359085083,1.749497413635254,1.5372802019119265,0.5923073887825012,1.0526683330535889,1.5740662813186646,1.4489487409591677,1.2092829942703247,1.3444386720657349,0,0
-19,-48,1.5902314186096191,1.5657649040222168,1.4130905866622925,0.5144580006599426,1.010149598121643,1.5908451080322266,1.4463945627212524,1.146010398864746,1.3011016845703125,0,0
-19,-47,1.4973759651184082,1.5358942747116089,1.5267868041992188,0.724958599,1.1646279096603394,1.6671398878097534,1.4596713781356812,1.1197999715805054,1.2510035037994385,0,0
-19,-46,1.280535340309143,1.345958590507507,1.4690378904342651,0.8110072612762451,1.1840007305145264,1.7362512350082395,1.5135916471481323,1.140991211,1.2441067695617676,0,0
-19,-45,1.1309789419174194,1.2128775119781494,1.3870874643325806,0.9157087802886964,1.305933117866516,1.8178554773330688,1.585940718650818,1.118962287902832,1.189516544342041,0,0
-19,-44,0.9881919026374816,1.161588191986084,1.386682629585266,1.032957911491394,1.3593692779541016,1.8272242546081543,1.576241135597229,1.1194342374801636,1.192723512649536,0,0
-19,-43,1.0075246095657349,1.202997803688049,1.4137020111083984,1.163727879524231,1.4099092483520508,1.808402419090271,1.5388216972351074,1.0945521593093872,1.1634132862091064,0,0
-19,-42,0.8336796164512634,1.0968290567398071,1.2627915143966677,1.1481304168701172,1.4032975435256958,1.7821897268295288,1.5501084327697754,1.1383991241455078,1.1677688360214231,0,0
-19,-41,0.6703436374664307,0.9812018275260924,1.098871827125549,1.058468461036682,1.2727216482162476,1.5998492240905762,1.4314889907836914,1.114763259887695,1.151455283164978,0,0
-19,-40,0.4890097677707672,0.7529638409614563,0.8436710834503174,0.8160460591316223,0.951975167,1.1925426721572876,1.0492429733276367,0.9028032422065736,0.9440958499908448,0,0
-18,-71,0.9446315169334412,1.2222908735275269,1.469676852226257,1.5844250917434692,1.675084114074707,2.007561445236206,2.1994237899780273,2.3642637729644775,2.399939775466919,0,0
-18,-70,0.6876449584960938,1.281668782234192,1.2835853099822998,1.1802116632461548,1.321151852607727,1.732932448387146,2.170093536376953,2.338240862,2.270800828933716,0,0
-18,-69,0.2664102613925934,0.8403633236885071,0.9087851047515868,0.7384821772575378,0.878244162,1.2481157779693604,2.0076706409454346,2.3690621852874756,2.185199022293091,0,0
-18,-58,1.5746442079544067,1.4744828939437866,1.0475636720657349,0.056130964,0.8158380389213562,1.263345718383789,1.5495444536209106,1.639823317527771,1.9056280851364136,0,0
-18,-57,1.689716339111328,1.5515565872192385,0.9926211833953856,0.043431502,0.8448882699012756,1.3175426721572876,1.6032390594482422,1.7096105813980105,2.0671021938323975,0,0
-18,-56,1.963392734527588,1.7285624742507937,1.0381183624267578,0.082404904,0.8673874735832214,1.3973746299743652,1.7044543027877808,1.8338922262191772,2.106814146,0,0
-18,-55,2.089735507965088,1.8139618635177612,1.2154659032821655,0.2846047580242157,0.970935881,1.4366563558578491,1.700041413,1.7915312051773071,1.9824193716049192,0,0
-18,-54,2.067418098449707,1.851332664489746,1.3325343132019043,0.4228956699371338,1.0038679838180542,1.395520806312561,1.5672773122787476,1.6049202680587769,1.7225428819656372,0,0
-18,-53,1.8391071557998655,1.6972460746765137,1.2689896821975708,0.3621260225772857,0.9646247029304504,1.4041508436203003,1.4316960573196411,1.4155235290527344,1.537320256233215,0,0
-18,-52,2.0008459091186523,1.8884992599487305,1.4875125885009766,0.470947653,1.0380594730377195,1.4519342184066772,1.432075023651123,1.3510781526565552,1.499869943,0,0
-18,-51,1.759851574897766,1.6872743368148804,1.4273372888565063,0.4753763675689697,1.0194066762924194,1.5077208280563354,1.4766178131103516,1.3226460218429563,1.4696966409683228,0,0
-18,-50,1.9055339097976685,1.8941911458969116,1.571635127067566,0.5496306419372559,1.0012701749801636,1.5981816053390503,1.5158082246780396,1.3342022895812988,1.5176057815551758,0,0
-18,-49,1.603719711303711,1.6573915481567385,1.481741428375244,0.6140273213386536,1.113039255142212,1.6566675901412964,1.491856575012207,1.2252975702285769,1.3840513229370115,0,0
-18,-48,1.374738097190857,1.3882756233215332,1.2755227088928225,0.5347657203674316,1.1014760732650757,1.6907672882080078,1.510119915008545,1.211617112159729,1.3627046346664429,0,0
-18,-47,1.474749207496643,1.521729826927185,1.497395396232605,0.7633576989173889,1.1973625421524048,1.7826743125915527,1.5516175031661987,1.2000409364700315,1.3334649801254272,0,0
-18,-46,1.288365125656128,1.3517619371414185,1.4589821100234983,0.8405771851539612,1.2459344863891602,1.851876139640808,1.5718926191329956,1.1573997735977173,1.264844775,0,0
-18,-45,1.074757457,1.1846579313278198,1.4065046310424805,0.9724650979042052,1.3667234182357788,1.9557656049728391,1.6179732084274292,1.1107815504074097,1.204857349395752,0,0
-18,-44,0.9216187596321106,1.1312711238861084,1.375836730003357,1.042979121208191,1.354791283607483,1.924329638,1.5933383703231812,1.1005631685256958,1.217328429222107,0,0
-18,-43,1.029354453086853,1.2433844804763794,1.4669551849365234,1.2312697172164917,1.4822896718978882,1.9637017250061035,1.597834587097168,1.1314276456832886,1.2201035022735596,0,0
-18,-42,0.989040196,1.214221477508545,1.4039069414138794,1.2707492113113403,1.4782449007034302,1.9256991147994995,1.6140064001083374,1.2014790773391724,1.262642264,0,0
-18,-41,0.8003365993499756,1.0675123929977417,1.2357486486434937,1.2121925354003906,1.389657497406006,1.7663573026657104,1.528130054473877,1.192474365234375,1.2660001516342163,0,0
-18,-40,0.669550896,0.9226014018058776,1.0892431735992432,1.0311055183410645,1.1454088687896729,1.4625009298324585,1.2434775829315186,1.0539755821228027,1.137598752975464,0,0
-18,-39,0.4600689709186554,0.6715626120567322,0.772142231,0.758093536,0.8448770046234131,0.992605448,0.8060076236724854,0.8083736300468445,0.8947785496711731,0,0
-17,-73,0.6681204438209534,1.0927921533584597,1.4340161085128784,1.5273977518081665,1.6232233047485352,1.8052345514297483,1.9942655563354492,2.182887077331543,2.2119390964508057,0,0
-17,-72,0.9194798469543456,1.3534932136535645,1.491010069847107,1.517404079437256,1.5812182426452637,1.8464760780334473,2.0921452045440674,2.2382447719573975,2.2238516807556152,0,0
-17,-71,0.7588270306587219,1.1477359533309937,1.2157992124557495,1.115395188331604,1.3004611730575562,1.6095714569091797,2.0654757022857666,2.2137980461120605,2.1688649654388428,0,0
-17,-70,0.2758256196975708,0.8019055724143982,0.8488178849220276,0.7182953357696533,0.9222607612609864,1.2101383209228516,1.808322548866272,2.143955945968628,2.061515092849731,0,0
-17,-69,0.3285745978355407,0.7547332644462585,0.951153278,0.8659861087799072,1.0564509630203247,1.2254263162612915,1.7879749536514282,2.108473777770996,2.016359567642212,0,0
-17,-58,1.6594070196151731,1.4823044538497925,1.0979188680648804,0.2565449774265289,0.9877086281776428,1.475256085395813,1.693615436553955,1.865194320678711,2.075167655944824,0,0
-17,-57,1.7226499319076538,1.5384231805801392,1.1064029932022097,0.2484369277954101,0.9163105487823486,1.421406865119934,1.6986204385757446,1.862826466560364,2.130971193313598,0,0
-17,-56,2.0555293560028076,1.7099123001098633,1.1399471759796145,0.2544126510620117,0.9278321862220764,1.4577312469482422,1.7723289728164673,1.943433165550232,2.195202589035034,0,0
-17,-55,2.184079409,1.8744858503341677,1.2872968912124634,0.3669675290584564,0.9685287475585938,1.4768840074539185,1.7334413528442385,1.852323532104492,2.024392604827881,0,0
-17,-54,2.0345170497894287,1.8834367990493777,1.4564896821975708,0.571095347,1.0658560991287231,1.4747227430343628,1.6207032203674316,1.6647599935531616,1.7533483505249023,0,0
-17,-53,1.962802529335022,1.7999653816223145,1.4018417596817017,0.4934941530227661,1.0165085792541504,1.4591630697250366,1.5281940698623655,1.5142914056777954,1.594011664390564,0,0
-17,-52,1.9801145792007449,1.8583351373672483,1.5207473039627075,0.5964393019676208,1.0896995067596436,1.527815341949463,1.5120049715042114,1.4228602647781372,1.5155787467956543,0,0
-17,-51,2.021815538406372,1.974882960319519,1.7459030151367188,0.832970917,1.2234992980957031,1.6172571182250977,1.521329045295715,1.3476108312606812,1.4524227380752563,0,0
-17,-50,2.3770580291748047,2.1508374214172363,1.7154717445373535,0.7383880019187927,1.181235432624817,1.6536531448364258,1.5229754447937012,1.3065475225448608,1.4667905569076538,0,0
-17,-49,2.137171983718872,1.9914520978927612,1.6850214004516602,0.7632691264152527,1.206755757331848,1.6851463317871094,1.5013585090637207,1.2441474199295044,1.4222666025161743,0,0
-17,-48,1.7445950508117676,1.7236666679382324,1.541688084602356,0.7834996581077576,1.2388564348220823,1.7620939016342163,1.5102896690368652,1.2217223644256592,1.3796998262405396,0,0
-17,-47,1.6506370306015017,1.654938578605652,1.576213836669922,0.9016428589820862,1.2848948240280151,1.838683009147644,1.576188564300537,1.226199507713318,1.3532367944717407,0,0
-17,-46,1.5295904874801636,1.545238018035889,1.578600287437439,1.065115451812744,1.4289617538452148,1.9378952980041504,1.6394504308700562,1.208212971687317,1.281686782836914,0,0
-17,-45,1.2891114950180054,1.3116897344589231,1.4229270219802856,1.0455862283706665,1.4510115385055542,1.9827781915664673,1.6262911558151243,1.1348774433135986,1.2173188924789429,0,0
-17,-44,1.058204174041748,1.2020429372787476,1.3415342569351196,1.0573269128799438,1.3693019151687622,1.9018818140029907,1.598194957,1.1035524606704712,1.2204102277755735,0,0
-17,-43,1.0717836618423462,1.2717595100402832,1.4233418703079224,1.204070210456848,1.4469674825668335,1.9363055229187012,1.579655647277832,1.1140151023864746,1.234534740447998,0,0
-17,-42,0.9767534136772156,1.214851737,1.4096465110778809,1.320646882,1.536600947380066,1.9746249914169312,1.5945087671279907,1.1713870763778689,1.2770203351974487,0,0
-17,-41,0.8580069541931152,1.117314696311951,1.3409639596939087,1.324537158,1.5103282928466797,1.8729664087295532,1.6009117364883425,1.2573269605636597,1.3814691305160522,0,0
-17,-40,0.77993536,1.0247242450714111,1.2522708177566528,1.224772572517395,1.3482789993286133,1.6620712280273438,1.4342509508132937,1.2130619287490845,1.3371351957321167,0,0
-17,-39,0.5680440068244934,0.7229166626930237,0.8495046496391296,0.8354735970497131,0.8916785717010498,1.045617938041687,0.8981082439422607,0.8945328593254089,0.992436409,0,0
-16,-75,0.9164051413536072,1.4123915433883667,1.720906138420105,1.7207711935043335,1.8457404375076296,2.0213444232940674,2.119854211807251,2.194300889968872,2.139869451522827,0,0
-16,-74,1.0146983861923218,1.4832959175109863,1.6149559020996094,1.6254514455795288,1.6341365575790403,1.904417634010315,2.145091772079468,2.260547161102295,2.208447217941284,0,0
-16,-73,0.859515369,1.344150424003601,1.4054704904556274,1.3141871690750122,1.4043980836868286,1.692019820213318,2.128562688827514,2.2742931842803955,2.182074546813965,0,0
-16,-72,0.5913529992103577,1.031457543373108,1.096030831336975,0.9972906112670898,1.1784191131591797,1.445076823234558,1.990170121192932,2.2270727157592773,2.1580827236175537,0,0
-16,-71,0.3371091187000274,0.7954044342041016,0.9058869481086732,0.8080069422721863,1.0188425779342651,1.2350155115127563,1.830782413482666,2.177131414413452,2.1441233158111572,0,0
-16,-70,0.2969477474689483,0.6523659825325012,0.8277164101600647,0.8177554607391357,1.1119409799575806,1.312956452,1.842693328857422,2.1574418544769287,2.082244634628296,0,0
-16,-69,0.3335203230381012,0.7643394470214844,1.122992992401123,1.124841332435608,1.2884480953216553,1.3613747358322144,1.6402063369750977,1.926846385002136,1.9127150774002075,0,0
-16,-60,1.3227769136428833,1.2228869199752808,1.005733847618103,0.3762778341770172,1.0922980308532717,1.5207945108413696,1.7353969812393188,2.083862305,2.129802703857422,0,0
-16,-59,1.323168396949768,1.2422916889190674,1.0195571184158323,0.3568849861621856,1.048702597618103,1.545150637626648,1.7534528970718384,2.071845769882202,2.129242420196533,0,0
-16,-58,1.3885765075683594,1.3231295347213743,1.076227068901062,0.4024083614349365,1.0777844190597534,1.6137889623641968,1.840074062347412,2.0771801471710205,2.211403131484986,0,0
-16,-57,1.720134139060974,1.5663427114486694,1.2212941646575928,0.4305057227611542,1.0058091878890991,1.5320781469345093,1.8248201608657837,2.0322341918945312,2.1961395740509033,0,0
-16,-56,2.040177583694458,1.8043533563613892,1.343800426,0.4737958610057831,1.0199004411697388,1.5395169258117676,1.8293933868408203,1.985971450805664,2.1572513580322266,0,0
-16,-55,2.157430648803711,1.9520553350448608,1.494376301765442,0.5790062546730042,1.069648027420044,1.5484193563461304,1.7524818181991575,1.8572754859924316,1.9651178121566772,0,0
-16,-54,2.1304996013641357,1.9875279664993288,1.5872122049331665,0.6881058812141418,1.1172566413879397,1.545265555381775,1.747001051902771,1.8122762441635132,1.865031599998474,0,0
-16,-53,2.019388437271118,1.8876042366027832,1.5885390043258667,0.75958252,1.1221250295639038,1.561901569366455,1.6722702980041504,1.6940170526504517,1.6965495347976685,0,0
-16,-52,2.057205915,1.938926339149475,1.6690484285354614,0.8159982562065125,1.187979221343994,1.6466816663742063,1.721027374267578,1.640328884124756,1.6626240015029907,0,0
-16,-51,2.19114089,2.041612148284912,1.7033017873764038,0.810187817,1.2545205354690552,1.7166165113449097,1.6933374404907229,1.533944606781006,1.5779924392700195,0,0
-16,-50,2.169628381729126,1.9697810411453247,1.6545625925064087,0.7713910937309265,1.2828580141067505,1.722244143486023,1.558889865875244,1.354645609855652,1.4452096223831177,0,0
-16,-49,1.8519210815429688,1.7157069444656372,1.4733576774597168,0.7028303146362305,1.2242261171340942,1.718610763549805,1.505031943321228,1.277232289,1.4035700559616089,0,0
-16,-48,1.8447030782699585,1.8796223402023315,1.7542794942855835,1.0157116651535034,1.3782540559768677,1.7806096076965332,1.4546842575073242,1.1870132684707642,1.3351014852523804,0,0
-16,-47,1.7084697484970093,1.683133602142334,1.6154890060424805,1.0178037881851196,1.3564811944961548,1.845225453,1.568240523338318,1.236471176147461,1.3448091745376587,0,0
-16,-46,1.6173439025878906,1.605685114860535,1.614049792289734,1.1273670196533203,1.450001835823059,1.9414771795272827,1.638666749000549,1.1888240575790403,1.276019811630249,0,0
-16,-45,1.3756994009017944,1.4171253442764282,1.5048781633377075,1.170111894607544,1.5135316848754885,2.01894474,1.6764346361160278,1.146443009376526,1.2584937810897827,0,0
-16,-44,1.278762936592102,1.4097752571105957,1.512861728668213,1.2424860000610352,1.5155304670333862,2.016341448,1.6487308740615845,1.1008421182632446,1.2438935041427612,0,0
-16,-43,1.0357953310012815,1.244592785835266,1.3661376237869265,1.181904673576355,1.427742362,1.910396933555603,1.6006375551223757,1.1197826862335205,1.2664066553115845,0,0
-16,-42,1.0232912302017212,1.2153984308242798,1.3822393417358398,1.2686794996261597,1.486280322,1.8963874578475952,1.6002650260925293,1.1888583898544312,1.3625818490982056,0,0
-16,-41,0.9526786208152772,1.181311845779419,1.4059796333312988,1.3573843240737915,1.4884923696517944,1.7999340295791626,1.5638751983642578,1.2639039754867554,1.4260886907577517,0,0
-16,-40,0.9000701308250427,1.0899009704589844,1.2970224618911743,1.308202624320984,1.3942956924438477,1.642957091331482,1.461193561553955,1.2729521989822388,1.465047836303711,0,0
-16,-39,0.7009267807006836,0.7844663262367249,0.8692031502723694,0.8678433895111084,0.8861193656921387,1.0059027671813965,0.9057033658027648,0.9300529956817628,1.0773450136184692,0,0
-15,-76,1.494841456413269,1.743878960609436,1.9247394800186155,1.840155005455017,1.9791408777236936,2.204792737960815,2.3622095584869385,2.4085397720336914,2.264096260070801,0,0
-15,-75,1.2941442728042605,1.6511608362197876,1.676432728767395,1.6230822801589966,1.6856845617294312,1.999679923057556,2.2692463397979736,2.3086016178131104,2.180133581161499,0,0
-15,-74,0.6063512563705444,1.006715178489685,1.1341568231582642,0.9816842079162598,1.2060123682022097,1.5451782941818235,2.0661041736602783,2.345057487487793,2.3157167434692383,0,0
-15,-73,0.3715094029903412,0.9043894410133362,1.0018306970596311,0.9052298069000244,1.1384581327438354,1.3985580205917358,1.9480466842651367,2.329791784286499,2.3106939792633057,0,0
-15,-72,0.2084115892648697,0.6955476403236389,0.7979146838188171,0.7635433673858643,1.1406631469726562,1.367166519165039,1.964008331298828,2.3272407054901123,2.3335018157958984,0,0
-15,-71,0.1402045786380767,0.5755520462989807,0.7440083622932434,0.7394207119941711,1.159182906150818,1.3171961307525637,1.8731199502944944,2.1758804321289062,2.151839495,0,0
-15,-70,0.2422838807106018,0.5988731384277344,0.8814075589179993,0.9716373085975648,1.2853636741638184,1.343599796295166,1.6936253309249878,2.010665178,1.9418026208877563,0,0
-15,-69,0.4284619092941284,0.778129518,1.0833638906478882,1.0488890409469604,1.268065094947815,1.3401826620101929,1.4801117181777954,1.824729561805725,1.8589938879013064,0,0
-15,-61,1.3434606790542605,1.2147481441497805,1.108034610748291,0.6363056302070618,1.277748703956604,1.6173863410949707,1.882773518562317,2.272509813308716,2.3398690223693848,0,0
-15,-60,1.5790348052978516,1.4048852920532229,1.1708178520202637,0.6255611777305603,1.2553825378417969,1.654247164726257,1.8935602903366089,2.255829095840454,2.2934136390686035,0,0
-15,-59,1.6561180353164673,1.4942117929458618,1.1753586530685425,0.5947655439376831,1.2069063186645508,1.597145438194275,1.8062556982040403,2.1332221031188965,2.1222546100616455,0,0
-15,-58,1.6928695440292358,1.5613828897476196,1.2406045198440552,0.5814780592918396,1.175632357597351,1.5650852918624878,1.8122634887695312,2.082435607910156,2.1006767749786377,0,0
-15,-57,1.607728123664856,1.499678611755371,1.2030833959579468,0.5464925169944763,1.1562103033065796,1.6404067277908323,1.9737273454666135,2.1710686683654785,2.2620668411254883,0,0
-15,-56,1.8702527284622192,1.7488845586776731,1.4057105779647827,0.6408819556236267,1.128830075263977,1.6313787698745728,1.9688100814819336,2.0960540771484375,2.176783800125122,0,0
-15,-55,2.081000804901123,1.8269786834716797,1.349854826927185,0.464353085,1.0547749996185305,1.5907487869262695,1.8208907842636108,1.9027715921401975,1.934992194,0,0
-15,-54,2.200732469558716,1.9722810983657837,1.512209415435791,0.5467859506607056,1.0985417366027832,1.568899154663086,1.7311097383499146,1.8465315103530884,1.7837408781051636,0,0
-15,-53,2.1894166469573975,2.0369880199432373,1.7093814611434937,0.7928140163421631,1.2147318124771118,1.6482001543045044,1.805496096611023,1.841538429260254,1.7618201971054075,0,0
-15,-52,2.423426628112793,2.287912607192993,1.887968063354492,0.943643332,1.325849533081055,1.7428258657455444,1.8567885160446167,1.7902040481567385,1.7081451416015625,0,0
-15,-51,2.0979554653167725,1.9659428596496584,1.5829339027404783,0.7688209414482117,1.295999526977539,1.735404611,1.7883782386779783,1.668107986450195,1.6291922330856323,0,0
-15,-50,2.1833198070526123,1.925010681152344,1.5398445129394531,0.7186519503593445,1.298628807067871,1.7307424545288086,1.666115641593933,1.5057770013809204,1.533676266670227,0,0
-15,-49,2.0867435932159424,1.9002171754837036,1.5568794012069702,0.8498162627220154,1.3684797286987305,1.721761703491211,1.5702556371688845,1.3819888830184937,1.4475260972976685,0,0
-15,-48,1.7603249549865725,1.7013143301010132,1.529253005981445,0.9644641876220704,1.4016834497451782,1.730609417,1.4866390228271484,1.266506314277649,1.371778369,0,0
-15,-47,1.6536593437194824,1.5936403274536133,1.5157734155654907,1.019761323928833,1.3769850730895996,1.7870817184448242,1.5676783323287964,1.2696243524551392,1.3804134130477903,0,0
-15,-46,1.5908271074295044,1.5816750526428225,1.615365982055664,1.1907529830932615,1.454697608947754,1.846410632133484,1.6002663373947144,1.191009759902954,1.323597789,0,0
-15,-45,1.3989442586898804,1.5031765699386597,1.6396840810775757,1.329898476600647,1.5858529806137085,2.026578664779663,1.725793957710266,1.2178065776824951,1.3469973802566528,0,0
-15,-44,1.2392112016677856,1.3536869287490845,1.4736109972000122,1.2139239311218262,1.4763792753219604,1.960751175880432,1.6592386960983276,1.171284556388855,1.2994532585144043,0,0
-15,-43,1.0565861463546753,1.2122125625610352,1.3621100187301636,1.1820045709609983,1.4457460641860962,1.8898664712905884,1.5856825113296509,1.130290150642395,1.306573748588562,0,0
-15,-42,0.965125561,1.1077193021774292,1.2787195444107056,1.1487239599227903,1.4018715620040894,1.7784053087234497,1.4950934648513794,1.1434136629104614,1.3703871965408323,0,0
-15,-41,0.8795239925384521,1.035745382,1.2489691972732544,1.2019487619400024,1.3888720273971558,1.6542264223098757,1.3932870626449585,1.1817032098770142,1.4133902788162231,0,0
-15,-40,0.8500902056694031,0.9766190052032472,1.1594831943511963,1.181005597114563,1.301705837249756,1.4970049858093262,1.284908652305603,1.1824220418930054,1.3981295824050903,0,0
-15,-39,0.712343693,0.7671876549720764,0.8501014113426208,0.8621559143066406,0.8424221873283386,0.9304162859916688,0.8360404968261719,0.912125051,1.0579677820205688,0,0
-14,-76,1.7167757749557495,1.920547366142273,1.8928660154342651,1.839309334754944,1.8928669691085815,2.214367151260376,2.454096555709839,2.4412763118743896,2.277407408,0,0
-14,-75,0.7385419011116028,1.043034911155701,1.0548666715621948,0.9311612248420716,1.1317633390426636,1.4888757467269895,1.997602939605713,2.1743409633636475,2.1189229488372803,0,0
-14,-74,0.351248026,0.8136714100837708,1.052910089492798,0.9778012633323668,1.1985493898391724,1.4104328155517578,1.8040415048599243,2.120464324951172,2.103126764297486,0,0
-14,-73,0.2445175051689148,0.7319157719612122,1.0215235948562622,1.0224344730377195,1.2992303371429443,1.3750039339065552,1.821391224861145,2.143723726272583,2.1686646938323975,0,0
-14,-72,0.1029298678040504,0.592659056,0.9209673404693604,1.0337260961532593,1.3015055656433103,1.3503233194351196,1.7501922845840454,2.0410566329956055,2.086505413,0,0
-14,-71,0.2402018159627914,0.6811420917510986,0.9740542769432068,1.0373101234436035,1.2044497728347778,1.2610517740249634,1.5901166200637815,1.9165693521499632,1.972232460975647,0,0
-14,-70,0.4743425548076629,0.8584278225898743,1.0756081342697144,1.0713268518447876,1.220533252,1.289563536643982,1.4724608659744265,1.7854615449905396,1.862576961517334,0,0
-14,-69,0.7638742327690125,0.9218962788581848,0.9022491574287416,0.8041808009147644,1.1123902797698977,1.2165089845657349,1.3163918256759644,1.6801055669784546,1.769513487815857,0,0
-14,-62,1.8149937391281128,1.5292938947677612,1.2533680200576782,0.7156894207000732,1.3551254272460938,1.639742374420166,1.9200042486190796,2.340404510498047,2.366175651550293,0,0
-14,-61,1.8141902685165403,1.4929593801498413,1.182068109512329,0.7365226149559021,1.3649030923843384,1.672007441520691,1.9820947647094729,2.3903894424438477,2.398510694503784,0,0
-14,-60,1.7147941589355469,1.4139299392700195,1.1506600379943848,0.7414979934692383,1.3826156854629517,1.722014546394348,1.9780505895614624,2.347241163253784,2.3519740104675293,0,0
-14,-59,1.752449393,1.552015781402588,1.1945332288742063,0.7126825451850891,1.372771143913269,1.6661595106124878,1.8932132720947263,2.2301504611968994,2.1776227951049805,0,0
-14,-58,1.9784895181655884,1.783199429512024,1.3968905210494995,0.7756033539772034,1.3777021169662476,1.6522451639175415,1.8681079149246216,2.113411664962769,2.1001577377319336,0,0
-14,-57,2.2675392627716064,1.964608669281006,1.4412678480148315,0.6437135338783264,1.168965458869934,1.583440899848938,1.860291838645935,2.0816516876220703,2.131222963,0,0
-14,-56,2.344897508621216,2.1247479915618896,1.7125085592269895,0.8586409687995911,1.2829328775405884,1.670732021331787,1.9590038061141968,2.077124596,2.0996439456939697,0,0
-14,-55,2.4367198944091797,2.174314260482788,1.698392033576965,0.7485092282295227,1.217375874519348,1.636133313179016,1.9400054216384888,2.030536651611328,2.0300683975219727,0,0
-14,-54,2.3896076679229736,2.189512014389038,1.682123064994812,0.7004421353340149,1.2328122854232788,1.6457825899124146,1.9026694297790527,1.9904470443725584,1.914251923561096,0,0
-14,-53,2.490007162094116,2.1578192710876465,1.6185730695724487,0.6819968223571777,1.2898540496826172,1.6960153579711914,1.9446853399276731,2.0105600357055664,1.8792780637741089,0,0
-14,-52,2.5965635776519775,2.2545220851898193,1.7092045545578003,0.7683488726615906,1.3427376747131348,1.7260185480117798,1.891679763793945,1.8855637311935425,1.7716752290725708,0,0
-14,-51,2.601478576660156,2.302823781967163,1.7505372762680054,0.8596927523612976,1.4305486679077148,1.793397307395935,1.896129488945007,1.7661586999893188,1.6985079050064087,0,0
-14,-50,2.5287933349609375,2.2031681537628174,1.7519909143447876,0.9379065632820128,1.5017822980880735,1.8239293098449707,1.824485421180725,1.6529531478881836,1.636953353881836,0,0
-14,-49,2.3535921573638916,2.0445644855499268,1.721563696861267,1.071574091911316,1.5786739587783811,1.824666976928711,1.713366985321045,1.5554829835891724,1.575195313,0,0
-14,-48,1.8508511781692505,1.661302686,1.532657504081726,1.048620581626892,1.5221120119094849,1.8082900047302248,1.6653919219970703,1.484904170036316,1.521809458732605,0,0
-14,-47,1.659188747406006,1.5750865936279297,1.5672372579574585,1.1431981325149536,1.524680256843567,1.7899703979492188,1.6366723775863647,1.411080241203308,1.4604614973068235,0,0
-14,-46,1.5022951364517212,1.4931706190109253,1.6060954332351685,1.265925407409668,1.527930736541748,1.8121644258499143,1.6111525297164917,1.2818065881729126,1.4199663400650024,0,0
-14,-45,1.4331215620040894,1.4728320837020874,1.6303733587265017,1.3575993776321411,1.6068259477615356,1.9578113555908203,1.7001274824142456,1.3130764961242676,1.485707402229309,0,0
-14,-44,1.3789461851119995,1.426854968070984,1.5844082832336426,1.3311086893081665,1.5509133338928225,1.948308348655701,1.6743303537368774,1.2883068323135376,1.4350639581680298,0,0
-14,-43,1.221891999,1.313993215560913,1.4849497079849243,1.282455325126648,1.4682990312576294,1.8547449111938477,1.588570237159729,1.2486194372177124,1.4799224138259888,0,0
-14,-42,1.0368818044662476,1.1649036407470703,1.377822995185852,1.2531787157058716,1.4631972312927246,1.7499147653579712,1.4687689542770386,1.208876132965088,1.518788218,0,0
-14,-41,0.8899459838867188,1.035438895225525,1.241441846,1.1808534860610962,1.339496136,1.564482569694519,1.3319543600082395,1.2285858392715454,1.5455492734909058,0,0
-14,-40,0.9255780577659608,0.9821655750274658,1.159840465,1.2036038637161257,1.3166357278823853,1.4693876504898071,1.2768663167953491,1.2318323850631714,1.4835807085037231,0,0
-14,-39,0.7079353332519531,0.7508880496025085,0.8400989174842834,0.8499388694763184,0.8149409890174866,0.8696028590202332,0.7983554005622864,0.8968794941902161,1.069745659828186,0,0
-13,-77,2.1454074382781982,2.3042452335357666,2.1552517414093018,1.942150592803955,2.1366257667541504,2.459984302520752,2.790011167526245,2.804248571395874,2.538703680038452,0,0
-13,-76,1.106618046760559,1.3617266416549685,1.3900891542434692,1.3548932075500488,1.448921561,1.8095736503601072,2.211326837539673,2.236528158187866,2.110405683517456,0,0
-13,-75,0.5217127203941345,0.8580434918403625,1.154205322265625,1.0955144166946411,1.1991586685180664,1.3854678869247437,1.719387412071228,2.03763485,2.0301265716552734,0,0
-13,-74,0.5642614960670471,0.974870503,1.235020637512207,1.1034637689590454,1.2465749979019165,1.3050936460494995,1.535086989402771,1.8775596618652344,1.943807601928711,0,0
-13,-73,0.5844530463218689,0.9923742413520812,1.2307000160217283,1.1421904563903809,1.2858456373214722,1.3186249732971191,1.5474337339401243,1.918397068977356,1.9996074438095093,0,0
-13,-72,0.5624021887779236,0.9083458781242372,1.0686055421829224,1.0176153182983398,1.1841740608215332,1.272839903831482,1.4969207048416138,1.8521490097045896,1.959509253501892,0,0
-13,-71,0.7377524971961975,0.9014718532562256,0.879431427,0.8616504073143005,1.114026665687561,1.2471925020217896,1.418961524963379,1.784894943237305,1.8795905113220217,0,0
-13,-70,0.8457555770874023,0.7852733731269836,0.7048314213752747,0.754507303,1.083012342453003,1.3010362386703491,1.426423192024231,1.8362997770309448,1.930970311164856,0,0
-13,-69,1.133665680885315,1.0369696617126465,0.9105235934257508,0.9069411158561708,1.2852805852890017,1.5322556495666504,1.6058350801467896,2.113161325454712,2.136474132537842,0,0
-13,-64,1.4189165830612185,1.2333310842514038,1.0794259309768677,0.8084709644317627,1.4519637823104858,1.7280691862106323,1.9138598442077637,2.3370473384857178,2.3580188751220703,0,0
-13,-63,1.1964237689971924,1.0884076356887815,1.0647965669631958,0.7848305106163025,1.4281185865402222,1.6853431463241575,1.9629276990890503,2.413811445236206,2.417980909347534,0,0
-13,-62,1.7186297178268433,1.4764647483825684,1.226620078086853,0.8530133366584778,1.4681391716003418,1.7175158262252808,2.021914482116699,2.4686927795410156,2.448047876358032,0,0
-13,-61,1.8368830680847168,1.6376549005508425,1.346671462059021,0.943480909,1.492026448249817,1.7408846616744995,2.004206895828247,2.432948350906372,2.3832051753997803,0,0
-13,-60,1.5034958124160769,1.314845085144043,1.1176737546920776,0.7833084464073181,1.3706693649291992,1.6458507776260376,1.888931155204773,2.3154358863830566,2.2157578468322754,0,0
-13,-59,1.3609598875045776,1.2329659461975098,1.0279523134231567,0.710956872,1.307477593421936,1.608997464179993,1.882583737373352,2.251717329025269,2.183548689,0,0
-13,-58,1.793942928314209,1.684167742729187,1.3048641681671145,0.7928215861320496,1.3980728387832642,1.7298130989074707,2.011791944503784,2.2711381912231445,2.235806465148926,0,0
-13,-57,1.8587404489517212,1.7547694444656372,1.3530583381652832,0.6935169696807861,1.2987180948257446,1.6847853660583496,2.004321813583374,2.2080166339874268,2.227546453475952,0,0
-13,-56,2.101423978805542,1.9156960248947144,1.452839970588684,0.7169924378395081,1.2403918504714966,1.7254338264465332,2.0778815746307373,2.2704312801361084,2.2396175861358643,0,0
-13,-55,2.166807174682617,2.007889509,1.5520949363708496,0.7132729887962341,1.2334450483322144,1.6619133949279783,2.001633644104004,2.1423397064208984,2.084700584411621,0,0
-13,-54,2.1772778034210205,2.166882276535034,1.6924222707748413,0.8010084629058838,1.318585991859436,1.695389747619629,2.0405797958374023,2.186606168746948,2.0826938152313232,0,0
-13,-53,2.471789598464966,2.2724058628082275,1.6821093559265137,0.751102626,1.3563756942749023,1.7254772186279297,2.044052839279175,2.1695003509521484,2.0338897705078125,0,0
-13,-52,2.397502899169922,2.142728090286255,1.633938193321228,0.7781551480293274,1.4858089685440063,1.805395007133484,2.0235581398010254,2.023021459579468,1.8798614740371704,0,0
-13,-51,2.7082226276397705,2.326007843017578,1.7488301992416382,0.917070448,1.6799869537353516,1.9114288091659544,2.0528342723846436,1.956743121147156,1.8450580835342407,0,0
-13,-50,2.682316541671753,2.3094942569732666,1.8628865480422976,1.0121655464172363,1.723634123802185,1.9391909837722776,1.9401692152023315,1.819957375526428,1.7688270807266235,0,0
-13,-49,2.501894712,2.1705737113952637,1.896717190742493,1.1194719076156616,1.7215529680252075,1.940442442893982,1.8888460397720337,1.7952760457992554,1.7553774118423462,0,0
-13,-48,2.2701780796051025,1.951729655265808,1.8225822448730469,1.1770139932632446,1.6544219255447388,1.9212875366210935,1.820960998535156,1.6872705221176147,1.668847918510437,0,0
-13,-47,2.032305955886841,1.7827138900756836,1.7655367851257324,1.2443407773971558,1.5923175811767578,1.8531423807144165,1.7554868459701538,1.622309684753418,1.6659278869628906,0,0
-13,-46,1.5961250066757202,1.5296653509140017,1.6916489601135254,1.392745018005371,1.621871829032898,1.8287410736083984,1.6595072746276855,1.4387755393981934,1.5896220207214355,0,0
-13,-45,1.4310706853866575,1.4372669458389282,1.6673249006271362,1.467638373374939,1.6438231468200684,1.8965226411819456,1.6651932001113892,1.4270896911621094,1.6486939191818235,0,0
-13,-44,1.3398141860961914,1.3971668481826782,1.6182297468185425,1.4243297576904297,1.5985541343688965,1.8974847793579104,1.647000432014465,1.3933717012405396,1.6339097023010254,0,0
-13,-43,1.149891972541809,1.2760658264160156,1.5226532220840454,1.4034810066223145,1.5265663862228394,1.8469172716140747,1.542586326599121,1.361496925354004,1.6217942237854004,0,0
-13,-42,1.014473795890808,1.186209797859192,1.410592555999756,1.327567219734192,1.4481483697891235,1.657562255859375,1.336530327796936,1.2342791557312012,1.5396746397018433,0,0
-13,-41,0.9334861636161804,1.0412112474441528,1.2270805835723877,1.1937532424926758,1.3491206169128418,1.5075982809066772,1.2690075635910034,1.262754201889038,1.6236408948898315,0,0
-13,-40,0.8783347010612488,0.942944109,1.124927997589111,1.1981264352798462,1.3316322565078735,1.439963459968567,1.2679585218429563,1.2803341150283811,1.524079203605652,0,0
-13,-39,0.8161812424659729,0.8462626338005066,0.9952062964439392,1.0414155721664429,0.9838088154792786,1.0043834447860718,0.9244182109832764,1.0327447652816772,1.2245160341262815,0,0
-13,-38,0.6298758387565613,0.6900586485862732,0.7654575705528259,0.7700681090354919,0.6677653193473816,0.6370025873184204,0.6273148655891418,0.7424068450927734,0.9185209274291992,0,0
-12,-77,1.8234010934829712,2.037791967391968,1.8842107057571411,1.750561237335205,1.7985173463821411,2.1814050674438477,2.5833921432495117,2.5604617595672607,2.334677457809448,0,0
-12,-76,0.5723974108695984,0.8056003451347351,0.995705783,0.9902594685554504,1.190846562385559,1.5245131254196167,1.9944833517074585,2.178506613,2.1498420238494873,0,0
-12,-75,0.6791011691093445,1.0032342672348022,1.3200764656066897,1.217326283454895,1.2740405797958374,1.3233771324157717,1.594067931175232,1.948315978050232,2.023911714553833,0,0
-12,-74,0.3636101186275482,0.6466348171234131,0.8807256817817688,0.7715287804603577,1.020993709564209,1.034563660621643,1.210795283317566,1.6323267221450806,1.791965126991272,0,0
-12,-73,0.6126595139503479,0.8670015335083008,1.0194848775863647,1.033631682395935,1.2676761150360107,1.3956856727600098,1.562575340270996,2.0173404216766357,2.1514885425567627,0,0
-12,-72,0.7324692606925964,0.6539552807807922,0.5251703858375549,0.5740293860435486,0.9886240363121032,1.2262476682662964,1.500824809074402,1.9822298288345337,2.128586530685425,0,0
-12,-71,0.8683854937553406,0.6697595119476318,0.556233823,0.7247662544250488,1.1031566858291626,1.425214409828186,1.6290010213851929,2.067033052444458,2.194956541061402,0,0
-12,-70,0.9207740426063538,0.7344781756401062,0.5401231050491333,0.7159830927848816,1.1982667446136477,1.5523734092712402,1.674954533576965,2.1068530082702637,2.207028388977051,0,0
-12,-69,0.918105423,0.6180562376976013,0.4626594483852386,0.7149100303649902,1.2953989505767822,1.6232208013534546,1.7659121751785278,2.262614488601685,2.293272018432617,0,0
-12,-65,1.3780031204223633,1.188226580619812,1.1004265546798706,0.8884382247924805,1.4840149879455566,1.8168615102767944,2.0981667041778564,2.4764115810394287,2.3939199447631836,0,0
-12,-64,1.237087368965149,1.2159037590026855,1.1519081592559814,0.9660723805427552,1.4818987846374512,1.8562660217285156,2.1188418865203857,2.5124247074127197,2.468900203704834,0,0
-12,-63,1.2930418252944946,1.1773192882537842,1.0974581241607666,0.909174621,1.4867693185806274,1.7985666990280151,2.1178338527679443,2.5356028079986572,2.4342970848083496,0,0
-12,-62,1.5859209299087524,1.397456169128418,1.095313549041748,0.7801753878593445,1.434881567955017,1.730770468711853,2.073721408843994,2.4773504734039307,2.382817029953003,0,0
-12,-61,1.696645736694336,1.5371074676513672,1.2199629545211792,0.8762562274932861,1.4867018461227417,1.7454384565353394,2.057743549346924,2.442356586456299,2.392986297607422,0,0
-12,-60,1.2963770627975464,1.283698797225952,1.1255030632019043,0.8367635607719421,1.4356951713562012,1.704555869102478,1.952237010002136,2.3582067489624023,2.303586245,0,0
-12,-59,1.4382658004760742,1.5280486345291138,1.278693437576294,0.9201341271400452,1.4643937349319458,1.6689296960830688,1.954313874,2.3321845531463623,2.2964870929718018,0,0
-12,-58,1.667967677116394,1.7988783121109009,1.3725872039794922,0.8781004548072815,1.4597338438034058,1.7622462511062622,2.091029405593872,2.361117362976074,2.3300182819366455,0,0
-12,-57,1.9726208448410032,1.9043359756469729,1.3840465545654297,0.7921995520591736,1.3000844717025757,1.6907840967178345,2.0454232692718506,2.327695131,2.3053905963897705,0,0
-12,-56,2.4887983798980713,2.262129306793213,1.566683650016785,0.7703335881233215,1.2254518270492554,1.714161396026611,2.0593831539154053,2.3088552951812744,2.247293472290039,0,0
-12,-55,2.418896436691284,2.266418218612671,1.644595980644226,0.8154861330986023,1.294193983078003,1.727464199066162,2.048609972000122,2.2512567043304443,2.1481542587280273,0,0
-12,-54,2.3586270809173584,2.1667463779449463,1.6577043533325195,0.8471360802650452,1.409378170967102,1.7540159225463867,2.0973334312438965,2.300654411315918,2.158360242843628,0,0
-12,-53,2.4298336505889893,2.297976255,1.6952710151672363,0.8197101950645447,1.4856728315353394,1.7526631355285645,2.07140851,2.256789445877075,2.1027679443359375,0,0
-12,-52,2.628654718399048,2.2621188163757324,1.596074104309082,0.8444370627403259,1.6494237184524536,1.8689398765563965,2.1135919094085693,2.1858816146850586,2.0585739612579346,0,0
-12,-51,2.771202325820923,2.3628969192504883,1.7388886213302612,0.913932741,1.773588777,1.9242205619812012,2.077677965164185,2.068101406097412,1.9741805791854856,0,0
-12,-50,2.6617302894592285,2.2364306449890137,1.728774070739746,0.9031201004981996,1.7775691747665403,1.9334224462509155,2.050204277038574,2.013251543045044,1.939250349998474,0,0
-12,-49,2.6095457077026367,2.1222331523895264,1.7518253326416016,0.977182686,1.7685176134109497,1.9716805219650269,2.004927396774292,1.992775559425354,1.909223675727844,0,0
-12,-48,2.4932820796966553,2.0279622077941895,1.8484748601913452,1.1849993467330933,1.774072766304016,1.976134181022644,1.936489224433899,1.9419304132461548,1.8607702255249023,0,0
-12,-47,2.1786961555480957,1.871775746,1.8457651138305664,1.3526617288589478,1.734805941581726,1.9622262716293335,1.8870387077331543,1.9013584852218628,1.8819656372070312,0,0
-12,-46,1.5313916206359863,1.4580020904541016,1.6271332502365112,1.3992713689804075,1.6658920049667358,1.9123398065567017,1.7901800870895386,1.695256233215332,1.7999275922775269,0,0
-12,-45,1.411876559257507,1.4058685302734375,1.6403144598007202,1.499819278717041,1.694893479347229,1.941226363182068,1.7894386053085327,1.6429945230484009,1.856292724609375,0,0
-12,-44,1.2714170217514038,1.323367953300476,1.5467315912246704,1.4714113473892212,1.667344093322754,1.9289458990097048,1.720953345298767,1.5783454179763794,1.8431668281555176,0,0
-12,-43,1.1767789125442505,1.2892721891403198,1.501150131225586,1.4544039964675903,1.6237510442733765,1.8429492712020872,1.5990978479385376,1.5598045587539673,1.8211078643798828,0,0
-12,-42,1.0040498971939087,1.2055033445358276,1.4499818086624146,1.4433549642562866,1.5982393026351929,1.7232493162155151,1.4202214479446411,1.3959330320358276,1.6839247941970823,0,0
-12,-41,0.9421155452728271,1.1218029260635376,1.372118592262268,1.420217514038086,1.5405019521713257,1.57799232,1.3733924627304075,1.4083465337753296,1.7248109579086304,0,0
-12,-40,0.9333531856536864,1.0283329486846924,1.2646249532699585,1.290388107299805,1.3689608573913574,1.3653088808059692,1.2131954431533811,1.3504366874694824,1.6294416189193726,0,0
-12,-39,0.9133712649345398,0.9920597672462464,1.2239161729812622,1.2824074029922483,1.3234882354736328,1.2978134155273438,1.1611508131027222,1.3540878295898438,1.6028889417648315,0,0
-12,-38,0.7841536998748779,0.8221064209938049,0.9545599818229676,0.9802565574645996,0.9269372820854188,0.8705138564109802,0.8282545208930969,1.0079964399337769,1.2035056352615356,0,0
-12,-37,0.5802803635597229,0.6304337382316589,0.690898597,0.6987807154655457,0.5692668557167053,0.4777660071849823,0.5082924962043762,0.660141647,0.8453364968299866,0,0
-11,-78,2.2213473320007324,2.3260228633880615,2.141972541809082,1.95059073,2.071066379547119,2.5001888275146484,2.913423776626587,2.8910131454467773,2.5440802574157715,0,0
-11,-77,0.979682982,1.142347812652588,1.2240657806396484,1.1716325283050537,1.2982609272003174,1.6220954656600952,2.0406289100646973,2.126866579055786,2.036160707473755,0,0
-11,-76,0.7743907570838928,0.9467270970344543,1.1114778518676758,1.1036278009414673,1.2286887168884275,1.4192180633544922,1.6751705408096311,1.9812008142471311,2.065300226211548,0,0
-11,-75,0.8132584095001221,1.0622971057891846,1.1680840253829956,1.039873719215393,1.1801128387451172,1.2449891567230225,1.454602837562561,1.8640228509902952,2.0130727291107178,0,0
-11,-74,0.8005039095878601,0.9441602826118468,0.9985054135322572,1.0303958654403689,1.2812988758087158,1.334640383720398,1.4448779821395874,1.9059944152832031,2.041180372238159,0,0
-11,-73,0.7009212374687195,0.6380040645599365,0.7004187703132629,1.013133883476257,1.3069250583648682,1.4973212480545044,1.6613489389419556,2.1141998767852783,2.2451717853546143,0,0
-11,-72,0.6144502758979797,0.5769047141075134,0.5969136357307434,0.8949562907218933,1.227642059326172,1.408747315406799,1.6127723455429075,2.075226068496704,2.2206075191497803,0,0
-11,-71,0.8507871627807617,0.5524082779884338,0.5372920632362366,0.8614185452461243,1.3423161506652832,1.6022907495498655,1.719085693359375,2.1628687381744385,2.277309418,0,0
-11,-70,0.8490832448005676,0.6211951375007629,0.6071321368217468,0.9440849423408508,1.4586200714111328,1.7595086097717283,1.9011874198913576,2.3221616744995117,2.3806307315826416,0,0
-11,-69,0.9169448018074036,0.5786088109016418,0.441129059,0.7805609703063965,1.471231460571289,1.7742232084274292,1.9541362524032593,2.411550760269165,2.3507978916168213,0,0
-11,-68,1.059087157249451,0.8475134968757629,0.8367913365364075,0.9264798760414124,1.5958232879638672,1.847048282623291,2.013930320739746,2.509763240814209,2.388739824295044,0,0
-11,-65,0.9382147789001464,0.8375895619392395,0.8771304488182068,0.8761663436889648,1.4823964834213257,1.8723307847976685,2.1715195178985596,2.5905168056488037,2.405979633331299,0,0
-11,-64,1.1491581201553345,1.150500774383545,1.0984479188919067,1.052446365356445,1.574041485786438,1.8643341064453125,2.140108108520508,2.578993082046509,2.449120522,0,0
-11,-63,1.2395209074020386,1.1786797046661377,1.0414685010910034,0.9286097884178162,1.5171236991882324,1.840240478515625,2.199012756347656,2.6378486156463623,2.508822441101074,0,0
-11,-62,1.5332632064819336,1.3095577955245972,1.028614163398743,0.8697564601898193,1.5183672904968262,1.820968508720398,2.228942632675171,2.655059576034546,2.5875699520111084,0,0
-11,-61,1.609838843345642,1.428046703338623,1.066245198249817,0.8692139983177185,1.527413845062256,1.7809022665023804,2.177598714828491,2.570755958557129,2.526122808456421,0,0
-11,-60,1.2592594623565674,1.3677812814712524,1.1455799341201782,0.9056057333946228,1.545856475830078,1.824715495109558,2.129793167114258,2.485715627670288,2.439929246902466,0,0
-11,-59,1.5156255960464478,1.5544973611831665,1.3087053298950195,1.0540579557418823,1.5732516050338743,1.7987629175186155,2.1418259143829346,2.493532419204712,2.4666364192962646,0,0
-11,-58,1.6116700172424316,1.717468262,1.2250899076461792,0.8825107216835022,1.4564379453659058,1.7386980056762695,2.160439968109131,2.519594430923462,2.4873850345611572,0,0
-11,-57,1.8698201179504397,1.804693579673767,1.194597840309143,0.8217734694480896,1.3777093887329102,1.771703600883484,2.1426925659179688,2.4829611778259277,2.4091155529022217,0,0
-11,-56,2.114574193954468,2.0213963985443115,1.3460882902145386,0.8186910152435303,1.3297414779663086,1.7794651985168457,2.165813923,2.462002992630005,2.332515001296997,0,0
-11,-55,2.254357099533081,2.205413579940796,1.484669804573059,0.8320916295051575,1.389864444732666,1.7847436666488647,2.1332309246063232,2.388622045516968,2.252699613571167,0,0
-11,-54,2.1695101261138916,2.1647512912750244,1.5605449676513672,0.846228302,1.4743694067001345,1.7624783515930176,2.0304067134857178,2.300758600234986,2.175269842147827,0,0
-11,-53,2.4515254497528076,2.395543098449707,1.6290558576583862,0.7998862862586975,1.5347394943237305,1.7527475357055664,2.0392184257507324,2.2897424697875977,2.144066095352173,0,0
-11,-52,2.429914951324463,2.1276543140411377,1.4365688562393188,0.8075131773948669,1.725417971611023,1.8911763429641724,2.1334855556488037,2.3215410709381104,2.199690818786621,0,0
-11,-51,2.532529592514038,2.1374752521514893,1.5369467735290527,0.8109220862388611,1.7673649787902832,1.9078388214111328,2.1030566692352295,2.2326548099517822,2.0870959758758545,0,0
-11,-50,2.627962827682495,2.207434892654419,1.6877113580703735,0.9474632143974304,1.900107979774475,2.026658296585083,2.120103597640991,2.197573423,2.0928821563720703,0,0
-11,-49,2.5203659534454346,2.0516555309295654,1.6401705741882324,1.0134904384613037,1.879959225654602,2.0047285556793213,2.094487428665161,2.1847939491271973,2.0690810680389404,0,0
-11,-48,2.447004556655884,2.0320558547973633,1.7636127471923828,1.1590734720230105,1.8163188695907593,1.944024682044983,1.956642508506775,2.0844242572784424,1.991271973,0,0
-11,-47,2.0637354850769043,1.7628120183944702,1.6668161153793335,1.2814151048660278,1.7766538858413696,2.0055103302001953,1.975218653678894,2.0199038982391357,1.9466387033462524,0,0
-11,-46,1.551343321800232,1.416500449180603,1.4801359176635742,1.2875508069992063,1.616023063659668,1.8976421356201172,1.8490147590637207,1.841258525848389,1.8702157735824585,0,0
-11,-45,1.363912582397461,1.325614094734192,1.490612506866455,1.463019847869873,1.7213810682296753,2.058706521987915,1.935465693473816,1.8581832647323608,1.9688224792480469,0,0
-11,-44,1.1980546712875366,1.2059160470962524,1.400226116,1.4116263389587402,1.6391586065292358,2.0171992778778076,1.9027777910232544,1.823142170906067,2.004880666732788,0,0
-11,-43,1.0578653812408447,1.1658486127853394,1.3738728761672974,1.4160860776901243,1.5964375734329224,1.8885955810546875,1.7281761169433594,1.6464821100234983,1.8703045845031736,0,0
-11,-42,0.9665346145629884,1.159427285194397,1.3862532377243042,1.4142519235610962,1.5256963968276978,1.6912007331848145,1.561802864074707,1.5713396072387695,1.827377200126648,0,0
-11,-41,0.9673256278038024,1.1211248636245728,1.362942814826965,1.3691506385803225,1.4758485555648804,1.5508337020874023,1.426455020904541,1.4994491338729858,1.7573575973510742,0,0
-11,-40,0.8700293898582458,0.9679619669914246,1.2341035604476929,1.241424798965454,1.3848663568496704,1.3789182901382446,1.2764849662780762,1.434645175933838,1.687211513519287,0,0
-11,-39,0.9129571318626404,1.0123780965805054,1.2555276155471802,1.2326668500900269,1.281324267,1.2200865745544434,1.1358698606491089,1.368461012840271,1.6548657417297363,0,0
-11,-38,0.8056686520576477,0.8730946183204651,1.0765691995620728,1.0951560735702517,1.1213679313659668,1.0570508241653442,0.9949471950531006,1.223893165588379,1.481665015220642,0,0
-11,-37,0.6371514797210693,0.6921226978302002,0.8116745948791504,0.817275345,0.7447317242622375,0.6266475319862366,0.6159621477127075,0.8280661702156067,1.035364270210266,0,0
-11,-36,0.5277593731880188,0.56572479,0.6393433213233948,0.6513698697090149,0.4969960451126098,0.3897435367107391,0.4628838002681732,0.6516663432121277,0.8286159038543701,0,0
-11,122,0.055715334,0.019343749,0.002390553,-0.095080562,-0.059217423,0.2331549078226089,0.6252636313438416,0.8531380295753479,0.9580846428871156,0,0
-11,123,0.1116437911987304,0.074226029,0.014647861,-0.073173366,-0.037791729,0.2391258329153061,0.6495676636695862,0.8930306434631348,1.0089954137802124,0,0
-10,-78,1.759310603141785,1.8193620443344116,1.7505706548690796,1.6242855787277222,1.695989012718201,2.0526676177978516,2.4912214279174805,2.531285285949707,2.301478862762451,0,0
-10,-77,0.8327165246009827,0.9352003931999208,1.0523287057876587,1.0618183612823486,1.2431483268737793,1.4914201498031616,1.8236738443374632,2.1205005645751953,2.1735947132110596,0,0
-10,-76,0.6332087516784668,0.8483454585075378,0.9788842797279358,0.9697710871696472,1.154730200767517,1.2315419912338257,1.4324060678482056,1.850997805595398,1.997858643531799,0,0
-10,-75,0.5867931842803955,0.7194819450378418,0.8214256167411804,0.9857101440429688,1.2857942581176758,1.3572622537612915,1.4988421201705933,2.0652613639831543,2.229646921157837,0,0
-10,-74,0.7362111210823059,0.5795679092407227,0.6954848766326904,1.111897349357605,1.4205002784729004,1.6051260232925415,1.742026448249817,2.270911931991577,2.4033591747283936,0,0
-10,-73,0.7232539057731628,0.4204114377498626,0.4606000483036041,0.9790614247322084,1.426598072052002,1.5845242738723757,1.7171664237976074,2.177241086959839,2.236454725265503,0,0
-10,-72,0.7654597163200378,0.698174238,0.6897395253181458,1.0864801406860352,1.4875268936157229,1.68436861,1.804276466369629,2.266342878341675,2.3777520656585693,0,0
-10,-71,1.0232640504837036,0.920301914,0.8802680373191833,1.134485363960266,1.6506754159927368,1.836091160774231,1.801830172538757,2.2441766262054443,2.360663414001465,0,0
-10,-70,1.0111631155014038,0.8902592658996582,0.8942136168479919,1.112565994262695,1.7120822668075562,1.9521011114120483,1.9799741506576536,2.399960756,2.438256264,0,0
-10,-69,1.057811260223389,0.8460295796394348,0.6913154721260071,0.9076996445655824,1.5953539609909058,1.8506847620010376,1.9494123458862305,2.4657211303710938,2.401812791824341,0,0
-10,-68,1.1187609434127808,1.0442785024642944,1.0555661916732788,1.0975526571273804,1.6209522485733032,1.8364043235778809,2.0050089359283447,2.6177196502685547,2.4803802967071533,0,0
-10,-67,1.1250251531600952,1.005697250366211,0.9879215359687804,1.1327406167984009,1.611289381980896,1.8347920179367063,2.120486021,2.677351713180542,2.489560366,0,0
-10,-66,0.955454171,0.8228051662445068,0.774246871,1.019772171974182,1.6140613555908203,1.8707367181777952,2.2070164680480957,2.778745412826538,2.557018995285034,0,0
-10,-65,0.9590737223625184,0.9724981188774108,0.9554137587547302,0.9982145428657532,1.551746845245361,1.819111943244934,2.154588222503662,2.710272789001465,2.5303661823272705,0,0
-10,-64,1.237465739250183,1.3294661045074463,1.090261459350586,1.1031583547592163,1.5541847944259644,1.7924939393997192,2.167879819869995,2.6797664165496826,2.576161623001098,0,0
-10,-63,1.2403779029846191,1.2939385175704956,1.0310322046279907,1.1055564880371094,1.5951414108276367,1.834116816520691,2.205252170562744,2.7162654399871826,2.635582208633423,0,0
-10,-62,1.1521528959274292,1.1201317310333252,0.934833288,0.9898589253425598,1.5758981704711914,1.797989010810852,2.196528434753418,2.6906025409698486,2.6311464309692383,0,0
-10,-61,1.161547303199768,1.1707087755203247,0.9276771545410156,0.9214361310005188,1.5956826210021973,1.8351930379867551,2.266127109527588,2.711390733718872,2.675447463989258,0,0
-10,-60,1.150192141532898,1.1382155418395996,0.949692726,0.9159560203552246,1.6004996299743652,1.8224514722824097,2.3038856983184814,2.7362890243530273,2.6629421710968018,0,0
-10,-59,1.2305116653442385,1.2155036926269531,0.9040458798408508,0.911262035,1.5633338689804075,1.8474065065383911,2.361736536026001,2.7654759883880615,2.717285156,0,0
-10,-58,1.2268282175064087,1.2573813199996948,0.8558990359306335,0.8224788308143616,1.4713672399520874,1.8099483251571655,2.3315231800079346,2.7134644985198975,2.6165215969085693,0,0
-10,-57,1.620863914489746,1.585738182067871,0.983384371,0.8163487315177917,1.4257434606552124,1.7756191492080688,2.240065813064575,2.676800489425659,2.5606417655944824,0,0
-10,-56,1.8191419839859009,1.719279408454895,1.1068767309188845,0.805188,1.4160302877426147,1.8137296438217163,2.2367703914642334,2.6297147274017334,2.4946768283843994,0,0
-10,-55,2.1862270832061768,2.264512538909912,1.6400909423828125,0.9963394999504088,1.5669595003128052,1.8720067739486697,2.1955599784851074,2.5345804691314697,2.362679243087769,0,0
-10,-54,1.8665152788162231,1.8833144903182983,1.3205925226211548,0.8461223244667053,1.5144280195236206,1.774661898612976,2.049469232559204,2.367499351501465,2.2422611713409424,0,0
-10,-53,1.734599232673645,1.8031997680664065,1.280835509300232,0.8126063346862793,1.65233314,1.8041032552719116,2.084740400314331,2.3656835556030273,2.2091286182403564,0,0
-10,-52,2.319276809692383,2.1069722175598145,1.3994684219360352,0.7942324280738831,1.750928521156311,1.8378758430480957,2.0685911178588867,2.328902244567871,2.1818947792053223,0,0
-10,-51,2.1216444969177246,1.9286986589431765,1.351965069770813,0.7777466773986816,1.8363178968429563,1.954148292541504,2.189384698867798,2.3829684257507324,2.233367919921875,0,0
-10,-50,2.556391716003418,2.1599009037017822,1.567373752593994,0.9201729893684388,1.9051350355148315,1.9709025621414185,2.1452085971832275,2.318473100662231,2.1872379779815674,0,0
-10,-49,2.4233641624450684,2.038734197616577,1.5532349348068235,1.0020718574523926,1.9447873830795288,2.1060779094696045,2.1766645908355713,2.3730921745300293,2.2525484561920166,0,0
-10,-48,2.276059865951538,2.0261473655700684,1.6767311096191406,1.1939557790756226,1.924964904785156,2.1416923999786377,2.1034069061279297,2.219709634780884,2.083930015563965,0,0
-10,-47,1.9177416563034055,1.6630024909973145,1.493420124053955,1.2280044555664062,1.8156499862670896,2.158393621444702,2.123424530029297,2.199310064315796,2.1024506092071533,0,0
-10,-46,1.3838133811950684,1.293401122093201,1.3157609701156616,1.238966941833496,1.6478816270828247,2.043532133102417,1.9890793561935425,1.960208296775818,1.946802020072937,0,0
-10,-45,1.2561439275741575,1.219208836555481,1.3157516717910769,1.3901957273483276,1.694243311882019,2.2006947994232178,2.1292598247528076,2.0274031162261963,2.0328094959259033,0,0
-10,-44,1.209977388381958,1.1825700998306274,1.3058979511260986,1.3570283651351929,1.5792289972305298,2.080155611038208,2.002833127975464,1.954480528831482,2.019486904144287,0,0
-10,-43,1.118594527244568,1.1626991033554075,1.291913628578186,1.3428951501846311,1.481968879699707,1.8747450113296509,1.8114594221115112,1.786953330039978,1.9179795980453491,0,0
-10,-42,1.036210060119629,1.1401324272155762,1.2724285125732422,1.290873646736145,1.3953756093978882,1.6659644842147827,1.6330314874649048,1.6753748655319214,1.8824925422668457,0,0
-10,-41,0.9793656468391418,1.0980194807052612,1.2671581506729126,1.276671051979065,1.3367528915405271,1.4794305562973022,1.4873102903366089,1.594578742980957,1.7998346090316772,0,0
-10,-40,0.9633838534355164,1.0900297164916992,1.2810330390930176,1.2653225660324097,1.3083642721176147,1.3395720720291138,1.3421941995620728,1.5107342,1.7810732126235962,0,0
-10,-39,0.9428272247314452,1.0264664888381958,1.2543548345565796,1.259627342224121,1.256048321723938,1.175580620765686,1.183488845825195,1.402529239654541,1.7147889137268066,0,0
-10,-38,0.8148244023323059,0.8926324844360352,1.1344112157821655,1.1846065521240234,1.1620724201202393,1.0990396738052368,1.081320047,1.3457976579666138,1.6810272932052612,0,0
-10,-37,0.6634442210197449,0.7770059704780579,0.990685225,1.0298963785171509,0.9378992915153505,0.8601320385932922,0.8764863610267639,1.1977914571762085,1.5217798948287964,0,0
-10,-36,0.5951569676399231,0.6447726488113403,0.758835495,0.7798013687133789,0.6211869716644287,0.4959151446819305,0.5647401213645935,0.8167466521263123,1.035467267036438,0,0
-10,119,-0.071260385,0.014299393,-0.008729726,-0.051703107,-0.007473284,0.2994522154331207,0.6777777075767517,0.9252589344978333,1.0657309293746948,0,0
-10,120,0.040843412,0.133377194,0.1284282654523849,0.051273916,0.1503005027770996,0.5784794688224792,0.9708166122436525,1.2015461921691897,1.3084176778793335,0,0
-10,121,0.064576544,0.02025122,-0.011861767,-0.085597545,0.006280639,0.3349954187870025,0.7275728583335876,0.9613783955574036,1.0936307907104492,0,0
-10,122,0.1136016249656677,0.030281262,-0.015683329,-0.135968879,-0.083148003,0.2227341085672378,0.661083996,0.9498955607414246,1.0790597200393677,0,0
-10,123,0.1862195283174514,0.1043506264686584,-0.024475873,-0.132443413,-0.059958395,0.2963075339794159,0.7320192456245422,0.9686476588249208,1.0813575983047483,0,0
-10,124,0.078535311,0.1100389137864112,0.073965646,0.041333772,0.1570140272378921,0.6354112029075623,1.1145038604736328,1.3057457208633425,1.3945904970169067,0,0
-10,125,0.1203089728951454,0.037496597,-0.040343076,-0.091158576,-0.026595561,0.2122427076101303,0.7236817479133606,0.8946516513824463,1.0315004587173462,0,0
-9,-79,2.534787654876709,2.580990791320801,2.378903388977051,2.150463581085205,2.3553555011749268,2.8886754512786865,3.2985074520111084,3.1282031536102295,2.6601672172546387,0,0
-9,-78,1.191027283668518,1.3261135816574097,1.3831501007080078,1.3798450231552124,1.5291796922683716,1.7514067888259888,2.0912768840789795,2.141946554,2.007115602493286,0,0
-9,-77,0.7696985602378845,0.9628309607505798,1.081077218055725,1.0866634845733645,1.2673765420913696,1.3237837553024292,1.4991744756698608,1.8708839416503904,1.9592761993408203,0,0
-9,-76,0.6686833500862122,0.8085785508155823,0.9541034698486328,1.051806926727295,1.343993067741394,1.2722809314727783,1.4022024869918823,1.8876973390579224,2.050708055496216,0,0
-9,-75,0.6980640888214111,0.7088122367858887,0.92102927,1.169306755065918,1.4871677160263062,1.5951629877090454,1.7497353553771973,2.2408597469329834,2.316481113433838,0,0
-9,-74,0.7340003848075867,0.4856850206851959,0.6204056143760681,1.1099072694778442,1.509468436,1.668828368186951,1.817276954650879,2.262469530105591,2.3035380840301514,0,0
-9,-73,0.7485468983650208,0.5322219729423523,0.5715727210044861,1.0513824224472046,1.5294705629348757,1.6867822408676147,1.7818799018859863,2.2034432888031006,2.206990003585815,0,0
-9,-72,1.0188478231430054,0.9824209809303284,0.8339608311653137,1.1383806467056274,1.6374176740646362,1.8072242736816408,1.8338114023208616,2.258770227432251,2.356891393661499,0,0
-9,-71,0.9369581341743468,0.8236563801765442,0.8094682693481445,1.1322680711746216,1.7320324182510376,1.894454836845398,1.832362174987793,2.2655141353607178,2.342559576034546,0,0
-9,-70,0.9590787887573242,0.9627718329429626,1.00430429,1.140158772468567,1.7273296117782593,1.9498125314712524,1.9209057092666624,2.416831970214844,2.4208102226257324,0,0
-9,-69,1.1193166971206665,1.1269776821136477,1.1191747188568115,1.1459579467773438,1.635806918144226,1.8845335245132449,1.931640028953552,2.5137252807617188,2.4367868900299072,0,0
-9,-68,1.2518020868301392,1.2693711519241333,1.240705132484436,1.256743311882019,1.6453348398208618,1.853966236114502,1.9959462881088257,2.6391384601593018,2.553166151046753,0,0
-9,-67,0.9863770604133606,0.9127309918403624,1.0139137506484983,1.2355467081069946,1.6630812883377075,1.865371823310852,2.072248697280884,2.6949026584625244,2.625573158,0,0
-9,-66,0.9688624739646912,0.918755054,0.8782711625099182,1.114113450050354,1.6170929670333862,1.8783098459243777,2.172075033187866,2.778282403945923,2.6378042697906494,0,0
-9,-65,1.0839053392410278,1.253918170928955,1.191527247428894,1.288006306,1.6561049222946167,1.8529402017593384,2.1968352794647217,2.771756887435913,2.6388652324676514,0,0
-9,-64,1.158039927482605,1.428813934326172,1.3651996850967407,1.4695271253585815,1.719504475593567,1.8413071632385256,2.1980056762695312,2.7872555255889893,2.6907224655151367,0,0
-9,-63,1.006527066230774,1.2185428142547607,1.0396784543991089,1.2806187868118286,1.718756079673767,1.8853384256362915,2.2824628353118896,2.8581035137176514,2.7574145793914795,0,0
-9,-62,0.939664662,0.9161500930786132,0.8184310793876648,1.0799517631530762,1.7092753648757937,1.8982499837875368,2.359283447265625,2.9138495922088623,2.842085838317871,0,0
-9,-61,0.968271554,0.934819221,0.7925845980644226,0.9993047118186952,1.6844192743301392,1.920681357383728,2.3931708335876465,2.923811197280884,2.8899271488189697,0,0
-9,-60,0.9850955009460448,0.9864380955696106,0.7937275767326355,0.9681265950202942,1.6525613069534302,1.933700680732727,2.458765983581543,3.0068233013153076,2.9169952869415283,0,0
-9,-59,0.950412095,0.9412543773651124,0.835040271,1.0525352954864502,1.740851879119873,2.0291576385498047,2.5918891429901123,3.066279649734497,2.9668686389923096,0,0
-9,-58,0.9939940571784972,0.9106643795967102,0.6888213753700256,0.8000152707099915,1.4161500930786133,1.7873120307922363,2.3549060821533203,2.923837423324585,2.8804099559783936,0,0
-9,-57,1.0729352235794067,0.8822154998779297,0.5076872706413269,0.6820507645606995,1.3887863159179688,1.7842541933059692,2.2671096324920654,2.7739171981811523,2.736795663833618,0,0
-9,-56,1.7180237770080566,1.5758085250854492,0.9371019005775452,0.8492312431335449,1.5572587251663208,1.9150867462158203,2.3586575984954834,2.845343828201294,2.7668943405151367,0,0
-9,-55,1.542586326599121,1.4987587928771973,1.042658448219299,0.8757920861244202,1.6126006841659546,1.904186725616455,2.159221649169922,2.573848009109497,2.4794960021972656,0,0
-9,-54,1.8048338890075684,1.8779606819152832,1.2740782499313354,0.9520110487937928,1.6765159368515017,1.9089683294296265,2.1451945304870605,2.4917473793029785,2.3664863109588623,0,0
-9,-53,2.0385382175445557,1.9819940328598025,1.2888816595077517,0.9152740836143494,1.7818422317504885,1.914359450340271,2.148933172225952,2.480579137802124,2.3204524517059326,0,0
-9,-52,2.0673859119415283,1.9971193075180056,1.2866443395614624,0.8889556527137756,1.8961167335510256,1.9547990560531616,2.209367513656616,2.4715654850006104,2.312412262,0,0
-9,-51,1.9303308725357056,1.997546672821045,1.4168754816055298,0.904711902,1.946730613708496,2.008498191833496,2.196002721786499,2.388941526412964,2.267916679382324,0,0
-9,-50,2.0557432174682617,1.9730015993118288,1.410155177116394,0.9098062515258788,1.979995608329773,2.080592393875122,2.282611131668091,2.4707658290863037,2.336172342300415,0,0
-9,-49,2.24916935,1.981822609901428,1.5520673990249634,1.0963793992996216,2.0536413192749023,2.258641242980957,2.280466318130493,2.431410551071167,2.302234411239624,0,0
-9,-48,2.095003366470337,1.8547672033309937,1.4945043325424194,1.105839729309082,1.9723424911499023,2.290708303451538,2.2058346271514893,2.2651615142822266,2.162280321121216,0,0
-9,-47,2.0285611152648926,1.7355337142944336,1.4410861730575562,1.2012101411819458,1.9221439361572263,2.3750193119049072,2.2871553897857666,2.2375409603118896,2.135375977,0,0
-9,-46,1.756055713,1.4945591688156128,1.3248955011367798,1.238344908,1.758282185,2.3286497592926025,2.2717485427856445,2.176048517227173,2.069179058074951,0,0
-9,-45,1.5745621919631958,1.3675135374069214,1.3476632833480835,1.3966151475906372,1.743304729,2.3665146827697754,2.283409833908081,2.121540784835815,2.036935567855835,0,0
-9,-44,1.3070911169052124,1.205204963684082,1.2322273254394531,1.3006285429000854,1.5851874351501465,2.187088728,2.1706042289733887,2.072744607925415,2.072988748550415,0,0
-9,-43,1.234969139099121,1.1648110151290894,1.2025831937789917,1.2871543169021606,1.504729390144348,2.0145442485809326,2.028420925140381,1.938612461090088,1.9656466245651243,0,0
-9,-42,1.1256566047668457,1.133262038230896,1.218570590019226,1.2910690307617188,1.413616180419922,1.836170315742493,1.907674789428711,1.9279175996780396,2.0734894275665283,0,0
-9,-41,1.059436917304993,1.0908145904541016,1.2351489067077637,1.2868221998214722,1.3182319402694702,1.5477811098098757,1.64720881,1.7921584844589231,2.000937223434448,0,0
-9,-40,1.0415345430374146,1.0754257440567017,1.2688058614730835,1.3104618787765503,1.2838608026504517,1.3444533348083496,1.4433289766311646,1.7026158571243286,2.0037906169891357,0,0
-9,-39,1.0056840181350708,1.0340458154678345,1.254712939,1.2762458324432373,1.1960735321044922,1.1459059715270996,1.2341653108596802,1.559514045715332,1.9541019201278689,0,0
-9,-38,0.8650016784667969,0.9229783415794371,1.158485770225525,1.1833220720291138,1.1064223051071167,1.0310033559799194,1.082016110420227,1.423144817352295,1.8625177145004272,0,0
-9,-37,0.6999134421348572,0.7655348181724548,0.9785869121551514,0.9912148118019104,0.8716230988502502,0.841873825,0.8612587451934814,1.2033084630966189,1.6493253707885742,0,0
-9,-36,0.6454353928565979,0.6730685234069824,0.8392052054405212,0.8479601740837097,0.6273197531700134,0.6653954982757568,0.7020241618156433,1.0365675687789917,1.3678776025772097,0,0
-9,-35,0.4651558399200439,0.5303768515586853,0.6424829363822937,0.666864812,0.4168336689472198,0.3327415883541107,0.4248951375484466,0.65105617,0.8510276675224304,0,0
-9,114,-0.186797336,0.043116469,0.04504874,-0.052513659,-0.000967373,0.2367143034934997,0.5212464928627014,0.8434171080589294,1.0120049715042114,0,0
-9,115,-0.252835184,0.042872846,0.069461919,-0.011660385,0.020397117,0.2856444418430328,0.6155131459236145,0.9223867058753968,1.0255950689315796,0,0
-9,116,-0.221124768,0.029655201,0.037950646,-0.051172704,-0.015963776,0.3010695576667785,0.6554052233695984,0.9463630318641664,1.0446815490722656,0,0
-9,117,-0.138524383,0.00416107,0.045204669,0.042795718,0.1512883454561233,0.5204969048500061,0.7863510251045227,1.0260087251663208,1.105475902557373,0,0
-9,118,-0.107058905,0.029601419,0.1014513671398162,0.1090709790587425,0.2173389941453933,0.5500848889350891,0.8304815888404846,1.0378080606460571,1.1163252592086792,0,0
-9,119,-0.016666731,0.032576393,0.1065564155578613,0.1293035000562667,0.2952198684215545,0.688639224,0.9429085850715636,1.135673165,1.229884147644043,0,0
-9,120,0.023445742,0.026122669,0.064406611,0.078210674,0.2989275753498077,0.7596874833106995,1.0171629190444946,1.1376484632492063,1.214641571044922,0,0
-9,121,0.097593047,0.011798769,0.002890398,-0.011458616,0.1644545644521713,0.5723032355308533,0.9010010361671448,1.0829988718032837,1.132856845855713,0,0
-9,122,0.1165948882699012,0.034713354,-0.013192912,-0.086575568,0.033074882,0.41790387,0.8042488694190979,1.0627402067184448,1.1397347450256348,0,0
-9,123,0.1843782663345337,0.089162566,-0.076768644,-0.191007257,-0.091003649,0.309648186,0.6907228827476501,0.9852789044380188,1.0964961051940918,0,0
-9,124,0.149149477,0.087193109,-0.039467219,-0.085268147,0.038097385,0.4750265181064605,0.7629904747009277,0.9775835871696472,1.0944582223892212,0,0
-9,125,-0.049211934,0.01000834,0.025403311,0.028578281,0.1410311460494995,0.6397271752357483,1.0635699033737185,1.1582852602005005,1.2604923248291016,0,0
-9,140,-0.187822938,0.1547286808490753,0.3614764511585235,0.2695257663726806,0.1376208513975143,0.2743026316165924,0.5770360827445984,0.6684845089912415,0.8141562342643738,0,0
-9,141,-0.080517575,0.1459070593118667,0.2964669466018677,0.2351806908845901,0.322179914,0.6527962684631348,0.9775744080543518,1.0168665647506714,1.1057840585708618,0,0
-8,-80,2.9596216678619385,3.2959587574005127,3.0594418048858643,2.808807611465454,3.028982162475586,3.362541913986206,3.5780375003814697,3.269899606704712,2.779372453689575,0,0
-8,-79,1.5862399339675903,1.7537212371826172,1.742125153541565,1.4878422021865845,1.5810366868972778,2.1747312545776367,2.5893008708953857,2.4881088733673096,2.1965692043304443,0,0
-8,-78,0.6625927090644836,0.8160393238067627,1.0161560773849487,1.0464576482772827,1.2104929685592651,1.482166767120361,1.771946907043457,1.992863655090332,2.0205862522125244,0,0
-8,-77,0.6383724212646484,0.8264258503913879,1.001390576,1.1017212867736816,1.3594359159469604,1.3076810836791992,1.4247201681137085,1.8737115859985352,2.046548605,0,0
-8,-76,0.5741249918937683,0.7034837603569031,0.9201455116271972,1.0960968732833862,1.441773533821106,1.3339158296585083,1.3871766328811646,1.901533126831055,2.017885923,0,0
-8,-75,0.5535323619842529,0.4238413274288177,0.7292701601982117,1.180403232574463,1.6113570928573608,1.7614202499389648,1.9051170349121096,2.353217840194702,2.3316757678985596,0,0
-8,-74,0.710737407,0.5661152005195618,0.6081346869468689,1.020182967185974,1.524187088012695,1.6405047178268433,1.6987295150756836,2.1616523265838623,2.102576256,0,0
-8,-73,0.8901379704475403,0.8168135285377502,0.688624382,1.043073654174805,1.6117273569107056,1.7072709798812866,1.717900276184082,2.170147657394409,2.1431267261505127,0,0
-8,-72,0.9060723185539246,0.9121420979499816,0.8142390847206116,1.1288018226623535,1.675167202949524,1.8092970848083496,1.8094134330749512,2.2593772411346436,2.2529923915863037,0,0
-8,-71,0.9340221285820008,0.9597933888435364,0.9133828282356262,1.152068257331848,1.708450198173523,1.872667908668518,1.8513182401657104,2.416228771209717,2.4020349979400635,0,0
-8,-70,0.9158320426940918,0.817595899,0.8531806468963623,1.0729557275772097,1.6698800325393677,1.8684264421463013,1.872308373451233,2.4901092052459717,2.4170186519622803,0,0
-8,-69,0.9385342597961426,0.8772186636924744,0.9657821655273438,1.0990532636642456,1.550355315208435,1.8154295682907104,1.9005173444747925,2.5181593894958496,2.4579224586486816,0,0
-8,-68,0.9345873,0.994879425,1.2240723371505735,1.3850642442703247,1.6660577058792114,1.8855491876602173,2.050417184829712,2.6566057205200195,2.613363504,0,0
-8,-67,0.8509333729743958,0.8779767155647278,1.0408180952072144,1.355286717414856,1.676954746246338,1.802035450935364,2.0337305068969727,2.628796339035034,2.5975449085235596,0,0
-8,-66,0.865848958,0.9345707893371582,1.0143989324569702,1.3385456800460815,1.7064446210861206,1.8267194032669067,2.070397377,2.6755611896514893,2.6270196437835693,0,0
-8,-65,1.0310648679733276,1.257213115692139,1.344261646270752,1.596474051475525,1.8291188478469849,1.8833030462265017,2.1457431316375732,2.745408058166504,2.700591802597046,0,0
-8,-64,0.961803138,1.2869269847869873,1.3378095626831057,1.6138423681259155,1.9203839302062988,1.9540581703186035,2.2285573482513428,2.8369810581207275,2.775190591812134,0,0
-8,-63,0.8590652942657471,0.989868701,0.9717748761177064,1.2875736951828003,1.864015221595764,1.9821957349777224,2.3166933059692383,2.948225975036621,2.9052934646606445,0,0
-8,-62,0.8919376730918884,0.8425790667533875,0.6988136768341064,1.0234733819961548,1.7666563987731934,2.0376880168914795,2.4589879512786865,3.067135810852051,2.975473642349243,0,0
-8,-61,0.871535599,0.8973610997200012,0.7606241703033447,0.9640339016914368,1.6258448362350464,2.002002716064453,2.505186080932617,3.0936243534088135,2.999222755432129,0,0
-8,-60,0.8467153906822205,0.8776560425758362,0.7772937417030334,1.0277786254882812,1.6059784889221191,1.9535479545593264,2.527074098587036,3.095360756,3.016704559326172,0,0
-8,-59,0.9434285163879396,0.9076683521270752,0.8102527260780334,1.0612300634384155,1.666215419769287,2.0548744201660156,2.558055877685547,3.1435108184814453,3.037731885910034,0,0
-8,-58,0.850180447,0.7638354301452637,0.6415647864341736,0.8195822238922119,1.4126092195510864,1.8598562479019165,2.4089343547821045,3.0666019916534424,2.9676592350006104,0,0
-8,-57,0.917164981,0.7244865894317627,0.4147342145442962,0.7846810221672058,1.555251955986023,1.9505923986434937,2.3911569118499756,3.007704734802246,2.8945658206939697,0,0
-8,-56,1.2845932245254517,1.1879950761795044,0.7212507724761963,0.9083228707313538,1.6463645696640017,1.995763659477234,2.3512814044952393,2.863417625427246,2.8057568073272705,0,0
-8,-55,1.3860069513320925,1.477063536643982,0.9340017437934875,0.941830575,1.6951998472213743,1.9739017486572263,2.2676894664764404,2.753702163696289,2.6481597423553467,0,0
-8,-54,1.3905677795410156,1.645337939,1.1049660444259644,0.9937534928321838,1.7750996351242063,1.970965862,2.2163288593292236,2.662684202194214,2.5336132049560547,0,0
-8,-53,1.6152006387710571,1.7836440801620483,1.2167558670043943,0.9913278222084044,1.886880874633789,2.0444114208221436,2.3070437908172607,2.6863691806793213,2.5151798725128174,0,0
-8,-52,1.680404543876648,1.8399423360824585,1.2585264444351196,0.9468140602111816,1.9649596214294431,2.097677230834961,2.293966532,2.6392464637756348,2.4757332801818848,0,0
-8,-51,1.5975111722946167,1.7512418031692505,1.2549798488616943,0.8515943884849548,2.014902114868164,2.1885006427764893,2.354722261428833,2.576096773147583,2.4196369647979736,0,0
-8,-50,1.899932026863098,1.7770198583602903,1.2930680513381958,1.0050703287124634,2.2548458576202393,2.4883575439453125,2.5270426273345947,2.640453100204468,2.450434446334839,0,0
-8,-49,2.0656657218933105,1.9054075479507449,1.3745341300964355,1.0569888353347778,2.222407102584839,2.515354633331299,2.455801248550415,2.4973106384277344,2.3214094638824463,0,0
-8,-48,2.168907403945923,1.8650442361831665,1.4061778783798218,1.1407710313796997,2.194993019104004,2.602022409439087,2.496344804763794,2.4481751918792725,2.2922909259796143,0,0
-8,-47,2.213043212890625,1.8019911050796509,1.3750014305114746,1.1434060335159302,2.0792622566223145,2.598111391067505,2.491262197494507,2.3334057331085205,2.222968101501465,0,0
-8,-46,1.941199303,1.605398178100586,1.2958779335021973,1.155948281288147,1.888330101966858,2.5025711059570312,2.413987874984741,2.202373981,2.077552556991577,0,0
-8,-45,1.644364356994629,1.4271116256713867,1.2992111444473269,1.3069578409194946,1.802096247673035,2.4758927822113037,2.4180378913879395,2.208632469177246,2.064706563949585,0,0
-8,-44,1.5302424430847168,1.298293948173523,1.194491267204285,1.230934739112854,1.6092840433120728,2.297493696212769,2.3558967113494873,2.2156989574432373,2.108367443084717,0,0
-8,-43,1.3457947969436646,1.186284422874451,1.1700252294540403,1.2091941833496094,1.4078863859176636,2.0366575717926025,2.2204205989837646,2.176924705505371,2.134037733078003,0,0
-8,-42,1.1608240604400637,1.0933570861816406,1.1716384887695312,1.2253843545913696,1.2823485136032104,1.8133230209350584,2.0880584716796875,2.202977418899536,2.2643823623657227,0,0
-8,-41,1.1315468549728394,1.1091338396072388,1.244947075843811,1.2999976873397827,1.271008849143982,1.5438376665115356,1.7304821014404297,2.0114362239837646,2.2375102043151855,0,0
-8,-40,0.994309127,1.071163535118103,1.214277982711792,1.2720400094985962,1.1700178384780884,1.2891100645065308,1.4295296669006348,1.7911120653152466,2.148655891418457,0,0
-8,-39,0.9269993901252748,1.0018978118896484,1.1423293352127075,1.2022651433944702,1.0619889497756958,1.1018753051757812,1.2345045804977417,1.6643670797348022,2.0864052772521973,0,0
-8,-38,0.826190174,0.8487018942832947,0.9878100752830504,1.0477389097213743,0.9352056384086608,0.8883256912231445,0.9786728024482728,1.407819151878357,1.948784351348877,0,0
-8,-37,0.7224876284599304,0.7284734845161438,0.8764967322349548,0.8644042611122131,0.7859963774681091,0.7395572662353516,0.7767258286476135,1.1104367971420288,1.6596235036849976,0,0
-8,-36,0.6171154379844666,0.6319013237953186,0.7823341488838196,0.7035887837409973,0.6009649634361267,0.6009162068367004,0.6487298607826233,0.9569202065467834,1.381199836730957,0,0
-8,-35,0.4548001587390899,0.5065576434135437,0.6187446117401123,0.5807397365570068,0.4469327628612518,0.4162715375423431,0.5140535831451416,0.7954984307289124,1.0959831476211548,0,0
-8,107,0.2450097352266311,-0.124156557,-0.165210053,-0.309355497,-0.237682298,0.03204054,0.4217194616794586,0.7673720717430115,0.9833971858024596,0,0
-8,108,0.1931016445159912,-0.11030525,-0.138100252,-0.266819865,-0.182777345,0.1360896378755569,0.4859910905361175,0.7964057326316833,0.986032248,0,0
-8,109,0.19879581,-0.072301291,-0.092014737,-0.21480377,-0.122579783,0.1995323449373245,0.5275044441223145,0.8558878898620605,1.0356119871139526,0,0
-8,110,0.1654068827629089,-0.013848613,0.007660528,0.008413444,0.1938100904226303,0.529137909,0.7451391816139221,0.9991130828857422,1.1383262872695925,0,0
-8,111,0.1651546955108642,0.095236868,0.2235666513442993,0.4155659973621368,0.7495956420898438,1.1148009300231934,1.1083872318267822,1.2132554054260254,1.2564349174499512,0,0
-8,112,0.1116634309291839,0.066048555,0.2104990929365158,0.411397785,0.8104637265205383,1.265611768,1.2404173612594604,1.2860323190689087,1.289138913154602,0,0
-8,113,0.074685059,0.2037576884031295,0.2976640164852142,0.4559461176395416,0.7909195423126221,1.2250066995620728,1.2485575675964355,1.2950820922851562,1.2974117994308472,0,0
-8,114,-0.005456234,0.1291811913251876,0.1710879355669021,0.2958907783031463,0.5752748250961304,1.0418094396591189,1.1747398376464844,1.2216849327087402,1.2211936712265017,0,0
-8,115,-0.146910071,0.077736929,0.1299553513526916,0.1434268355369568,0.2842482328414917,0.6652911901473999,0.968968928,1.1219784021377563,1.138602853,0,0
-8,116,-0.105245613,0.096771009,0.098130412,0.042820901,0.1001370772719383,0.462471992,0.8356556296348572,1.0896382331848145,1.1456016302108765,0,0
-8,117,0.080781184,0.1398570388555526,0.097938001,0.029232152,0.109518327,0.4832167625427246,0.8530392050743103,1.0898311138153076,1.173548698425293,0,0
-8,118,0.1161695048213005,0.082626164,0.084380306,0.068067171,0.2023369073867797,0.5856271982192993,0.9230969548225404,1.106259822845459,1.199958086013794,0,0
-8,119,0.1779998540878296,0.1123691201210022,0.099668115,0.07617528,0.1740980148315429,0.5349629521369934,0.9278674125671388,1.1248801946640017,1.247198462486267,0,0
-8,120,0.2786866426467895,0.1606279611587524,0.075024791,0.022742687,0.1371926665306091,0.502852738,0.9126282334327698,1.1332701444625854,1.2669516801834106,0,0
-8,121,0.1639596074819564,0.1014695763587951,0.001084715,-0.073276393,0.004822475,0.3564064800739288,0.8446972370147705,1.1112362146377563,1.2456673383712769,0,0
-8,122,0.1434699147939682,0.077599116,-0.074380368,-0.19192417,-0.141131386,0.2103869318962097,0.7001826167106628,1.0025365352630615,1.1426750421524048,0,0
-8,123,0.2200631350278854,0.1041526496410369,-0.090096675,-0.23260583,-0.16463013,0.2031054049730301,0.6902158856391907,1.005297064781189,1.119247317314148,0,0
-8,124,0.2071457505226135,0.077686958,-0.078138627,-0.189523637,-0.136423871,0.1916649341583252,0.6442727446556091,0.9432520866394044,1.0750365257263184,0,0
-8,125,0.08757773,0.026838534,-0.059259832,-0.12192598,-0.089268446,0.1381755769252777,0.5829724669456482,0.851040781,1.0215741395950315,0,0
-8,126,0.03986783,0.015198437,-0.047026198,-0.083363652,-0.093904585,0.1127930879592895,0.5778403282165527,0.8496876358985901,1.0448075532913208,0,0
-8,127,0.1723375171422958,0.027747542,-0.061205357,-0.097037829,-0.129291892,0.019496625,0.4930272102355957,0.7928692698478699,0.9803178906440736,0,0
-8,128,0.1874786615371704,-7.35E-05,-0.063575268,-0.083284698,-0.124080129,-0.001891837,0.4920437335968017,0.8008691668510437,0.9849186539649964,0,0
-8,130,0.16201967,0.013647273,-0.021153355,-0.040190093,-0.12448708,-0.011081032,0.4724903404712677,0.7853326797485352,0.9489769339561462,0,0
-8,131,0.1429451555013656,0.033596545,0.006874084,0.008136555,-0.09670458,0.012622993,0.460720807,0.7654275298118591,0.9323144555091858,0,0
-8,132,0.1260631531476974,0.050415516,0.036945887,0.03813098,-0.055203307,0.017298579,0.4322963058948517,0.7124595046043396,0.8554141521453857,0,0
-8,138,-0.022224972,0.1389842927455902,0.2794491946697235,0.3237152099609375,0.4701228439807892,0.7303796410560608,1.004244327545166,1.0256673097610474,1.0810260772705078,0,0
-8,139,-0.107959628,0.1619080752134323,0.3782272636890411,0.5909662842750549,0.7559936046600342,1.0152984857559204,1.2381166219711304,1.1101384162902832,1.15637207,0,0
-8,140,-0.119515717,0.1717074662446975,0.3933352530002594,0.5466787815093994,0.8665080070495605,1.2525699138641355,1.3481117486953735,1.175892949104309,1.2551774978637695,0,0
-8,141,0.116287462,0.3579407632350921,0.5514083504676819,0.7583575248718262,1.2289458513259888,1.7175532579421997,1.6678251028060913,1.1988625526428225,1.1815814971923828,0,0
-7,-80,2.6977386474609375,3.0210421085357666,2.8236653804779053,2.6402740478515625,2.843914747238159,3.2290308475494385,3.455769300460815,3.131237745285034,2.6530561447143555,0,0
-7,-79,1.3928160667419434,1.540246844291687,1.548502802848816,1.4444586038589478,1.5597432851791382,1.906280517578125,2.1372408866882324,2.0869481563568115,1.9254454374313352,0,0
-7,-78,0.7253056168556213,0.7815397381782532,1.0207700729370115,1.095960021018982,1.2482327222824097,1.3372353315353394,1.489251732826233,1.800235390663147,1.8807662725448608,0,0
-7,-77,0.4415144920349121,0.5253811478614807,0.8032197952270508,1.084894776344299,1.4485753774642944,1.3782273530960083,1.3549281358718872,1.8375277519226072,1.9942502975463867,0,0
-7,-76,0.3727798163890838,0.5697975754737854,0.917120636,1.242029070854187,1.6187585592269895,1.5275812149047852,1.514660358428955,2.0646169185638428,2.106428861618042,0,0
-7,-75,0.5230174660682678,0.3582301139831543,0.5707842707633972,1.0555132627487185,1.5867599248886108,1.7656410932540894,1.9242497682571411,2.404515266418457,2.3365137577056885,0,0
-7,-74,0.747992992,0.6369934678077698,0.6341482996940613,1.021053671836853,1.544206619262695,1.6687878370285034,1.7690056562423706,2.254270076751709,2.174067258834839,0,0
-7,-73,0.8470584750175476,0.753192663,0.6314335465431213,0.9540125727653505,1.5326536893844604,1.6416563987731934,1.720362663269043,2.2710912227630615,2.230492592,0,0
-7,-72,0.8507563471794128,0.7943339943885803,0.7284442782402039,0.9938659071922302,1.5599159002304075,1.7635797262191772,1.830927491188049,2.449979782104492,2.432701349258423,0,0
-7,-71,0.7825600504875183,0.7001202702522278,0.7796978950500488,1.1429604291915894,1.6806007623672483,1.778317093849182,1.8266619443893433,2.453958749771118,2.4728047847747803,0,0
-7,-70,0.8022844791412354,0.6865439414978027,0.7222781181335449,0.929164469,1.5519517660140991,1.7784534692764282,1.9218811988830569,2.5763447284698486,2.5697028636932373,0,0
-7,-69,0.8051323890686035,0.738408089,0.786915123,0.959954798,1.525412678718567,1.814151406288147,2.028811216,2.5994904041290283,2.56596303,0,0
-7,-68,0.768519402,0.7546768188476562,0.8605585098266602,1.2225974798202517,1.5839391946792605,1.7849982976913452,1.9952560663223269,2.6144018173217773,2.5337603092193604,0,0
-7,-67,0.7485426068305969,0.8157647252082825,0.9971578121185304,1.4078551530838013,1.7725554704666138,1.7815159559249878,1.987179398536682,2.6526541709899902,2.5784616470336914,0,0
-7,-66,0.7803744673728943,0.9198132157325744,1.0497775077819824,1.3989118337631226,1.8671447038650513,1.8431962728500368,2.0233795642852783,2.6734867095947266,2.6391146183013916,0,0
-7,-65,0.8282654285430908,1.0357402563095093,1.1297167539596558,1.5333455801010132,1.996268868,1.9616466760635376,2.103656530380249,2.719336748123169,2.714373826980591,0,0
-7,-64,0.7844605445861816,0.9557729363441468,0.9867007732391356,1.4443682432174685,2.0157768726348877,2.1202287673950195,2.246880531311035,2.890202522277832,2.841587781906128,0,0
-7,-63,0.7635300755500793,0.8402227759361267,0.776906431,1.1387673616409302,1.8714841604232788,2.0681710243225098,2.3554723262786865,2.9668123722076416,2.9485340118408203,0,0
-7,-62,0.735814095,0.8275958895683289,0.7853524088859558,1.091044545173645,1.770925521850586,2.103142738342285,2.553178548812866,3.194999933242798,3.164757013320923,0,0
-7,-61,0.7272809147834778,0.8192446827888489,0.7739481925964355,1.0285431146621704,1.6472150087356567,2.0827102661132812,2.6402318477630615,3.2398674488067627,3.234447717666626,0,0
-7,-60,0.6883177757263184,0.7664051651954651,0.6264665126800537,0.8509974479675293,1.3911505937576294,1.8405766487121584,2.3847787380218506,3.1209747791290283,3.1098639965057373,0,0
-7,-59,0.6965839266777039,0.7170706391334534,0.6856313347816467,0.9673581123352052,1.5694297552108765,2.0484941005706787,2.4910223484039307,3.245497941970825,3.1804163455963135,0,0
-7,-58,0.8257303237915039,0.7475816607475281,0.5261616110801697,0.7775039076805115,1.423229694366455,1.8985666036605835,2.409428358078003,3.201374769210815,3.174602746963501,0,0
-7,-57,0.8542875647544861,0.8577494025230408,0.6355984210968018,1.0078269243240356,1.6925315856933594,2.075671911239624,2.5174005031585693,3.260361433029175,3.170321226119995,0,0
-7,-56,0.941824734,0.9262204170227052,0.6248903870582581,0.906777322,1.6639431715011597,2.057168483734131,2.483362913131714,3.1150686740875244,3.0364856719970703,0,0
-7,-55,1.0893248319625854,1.1813069581985474,0.8143325448036194,0.9500565528869628,1.7291040420532229,2.066495895385742,2.4409267902374268,3.0603580474853516,2.932232618331909,0,0
-7,-54,1.407678723335266,1.5576704740524292,1.1318401098251345,1.1258927583694458,1.918974519,2.143690824508667,2.4521262645721436,2.994647264480591,2.820102692,0,0
-7,-53,1.4047188758850098,1.5694667100906372,1.1573230028152466,1.0896291732788086,2.041963815689087,2.2404823303222656,2.4479691982269287,2.8798491954803467,2.6910836696624756,0,0
-7,-52,1.3554662466049194,1.5476150512695312,1.0917457342147827,0.9899976849555968,2.086592913,2.333691120147705,2.4400806427001953,2.758887529373169,2.588853597640991,0,0
-7,-51,1.2099246978759766,1.284225344657898,0.9321470260620116,0.8111067414283752,2.0332581996917725,2.3755667209625244,2.3915834426879883,2.563425302505493,2.3800179958343506,0,0
-7,-50,1.5267983675003052,1.5192484855651855,1.0188251733779907,0.9178230166435242,2.290684223175049,2.661020278930664,2.6069705486297607,2.651038885116577,2.4390265941619873,0,0
-7,-49,1.7696431875228882,1.644312858581543,1.1012409925460815,0.9676238894462584,2.3050127029418945,2.710679769515991,2.6349332332611084,2.641559600830078,2.4441540241241455,0,0
-7,-48,2.0311083793640137,1.710777759552002,1.1273053884506226,0.9380701184272766,2.173114538192749,2.633253335952759,2.556966781616211,2.481140375137329,2.3535330295562744,0,0
-7,-47,2.0072035789489746,1.665843129,1.1404660940170288,0.9295323491096495,2.0625529289245605,2.636728048324585,2.560448408126831,2.420466184616089,2.303370714187622,0,0
-7,-46,2.043698310852051,1.6598228216171265,1.2061445713043213,1.0178422927856443,1.9776759147644043,2.6091887950897217,2.482231855392456,2.2424747943878174,2.096512794494629,0,0
-7,-45,1.8948293924331665,1.6273783445358276,1.3200126886367798,1.2722254991531372,1.9659900665283203,2.6074931621551514,2.492767333984375,2.263465642929077,2.064707517623902,0,0
-7,-44,1.5605207681655884,1.262274146080017,1.130894422531128,1.1699566841125488,1.6224570274353027,2.339235782623291,2.4464564323425293,2.3528153896331787,2.1743781566619873,0,0
-7,-43,1.416838526725769,1.2038973569869995,1.1683746576309204,1.179961085319519,1.3590587377548218,2.0105574131011963,2.320038080215454,2.434648036956787,2.325166940689087,0,0
-7,-42,1.3183796405792236,1.1300536394119265,1.1201927661895752,1.1046867370605469,1.0926531553268433,1.6050995588302612,2.0366551876068115,2.40065074,2.4452428817749023,0,0
-7,-41,1.1979879140853882,1.0689905881881714,1.0988744497299194,1.1040011644363403,1.006568431854248,1.2627487182617188,1.5848408937454224,2.130528450012207,2.417319059371948,0,0
-7,-40,0.8511359095573425,0.8631537556648254,0.906673253,0.9802036285400392,0.907217026,1.0285931825637815,1.2047786712646484,1.7158479690551758,2.053682565689087,0,0
-7,-39,0.8446729779243469,0.8397944569587708,0.8259387612342834,0.9140372276306152,0.8132317662239075,0.8142992854118347,0.9627242088317872,1.5634831190109253,2.0847151279449463,0,0
-7,-38,0.7850914597511292,0.772278368,0.7453481554985046,0.8362405300140381,0.7449286580085754,0.6996724009513855,0.8002147078514099,1.291007399559021,1.870885729789734,0,0
-7,-37,0.75255233,0.7269173264503479,0.7610421180725098,0.737001896,0.6704357266426086,0.6107060313224792,0.6704254746437073,1.0141006708145142,1.6036185026168823,0,0
-7,-36,0.6479538083076477,0.614450991,0.6759085059165955,0.5696558952331543,0.5216801762580872,0.4758175909519195,0.5544013381004333,0.8637042045593262,1.290178894996643,0,0
-7,-35,0.5416628122329712,0.55171138,0.6326994299888611,0.5282883048057556,0.418462187,0.3745253086090088,0.4515182971954345,0.7221692204475403,1.032915115356445,0,0
-7,105,0.3103626072406769,-0.058580678,-0.157618448,-0.292363524,-0.245402336,-0.028633276,0.3487914502620697,0.789401114,0.974464715,0,0
-7,106,0.3501094281673431,0.032843504,0.032391611,0.05883573,0.2593381702899933,0.425398976,0.6513900756835938,0.9689155220985411,1.0573831796646118,0,0
-7,107,0.4308197498321533,0.2091285586357116,0.2831887006759643,0.5362032055854797,0.9660685062408448,1.0845239162445068,1.1143051385879517,1.238529920578003,1.211119532585144,0,0
-7,108,0.2969653308391571,0.1776514053344726,0.3667562901973724,0.6665462851524353,1.0241894721984863,1.0985122919082642,1.1381665468215942,1.2503615617752075,1.2236151695251465,0,0
-7,109,0.1954464465379715,0.065140121,0.2038546055555343,0.5600025653839111,1.046559215,1.1964675188064575,1.1508513689041138,1.270364761352539,1.202823042869568,0,0
-7,110,0.4302919805049896,0.2119770050048828,0.3298516571521759,0.8286028504371643,1.351166605949402,1.3872884511947632,1.2243210077285769,1.337002158164978,1.246280312538147,0,0
-7,111,0.2888670861721039,0.2960082590579986,0.6313548684120178,1.1734062433242798,1.649372935295105,1.693837047,1.327422261238098,1.3994394540786743,1.2940452098846436,0,0
-7,112,0.1570658981800079,0.2549533545970917,0.4685899019241333,0.8205223083496094,1.247347712516785,1.555174708366394,1.31926167,1.4037503004074097,1.324408769607544,0,0
-7,113,-0.08967758,0.1841089874505996,0.3551038801670074,0.491945356,0.7986078262329102,1.2260929346084597,1.239743709564209,1.361244559288025,1.3302046060562134,0,0
-7,114,-0.150386423,0.1196157708764076,0.214202881,0.2425599247217178,0.4189308583736419,0.7962269186973572,1.037887692451477,1.2427116632461548,1.2742317914962769,0,0
-7,115,-0.103375457,0.125272587,0.1857697516679763,0.1186966896057128,0.2006341069936752,0.5481512546539307,0.932294786,1.1831018924713137,1.2006607055664062,0,0
-7,116,0.1795178204774856,0.1535428315401077,0.1257696598768234,0.006607594,0.023980169,0.3718393743038177,0.8258772492408752,1.113086223602295,1.1638258695602417,0,0
-7,121,0.3679107129573822,0.2044415026903152,0.063303091,-0.121450104,-0.197404847,0.044885118,0.6673855781555176,1.0341259241104126,1.2014321088790894,0,0
-7,129,0.2314253449440002,0.00099196,-0.073862843,-0.126244798,-0.203408122,-0.064192995,0.4312996864318847,0.770669699,0.9220598340034484,0,0
-7,131,0.1871368736028671,0.04400669,0.012425967,-0.01300249,-0.098797984,0.024347996,0.4172756373882293,0.7473175525665283,0.8648495674133301,0,0
-7,132,0.1820893883705139,0.078136578,0.053871572,0.031035291,-0.076949596,0.002368068,0.402950644,0.7243677973747253,0.8631790280342102,0,0
-7,134,0.115374245,0.1175748407840728,0.1832704097032547,0.1743634194135666,0.091742523,0.1631638407707214,0.5069095492362976,0.7118031978607178,0.8224628567695618,0,0
-7,135,0.062138747,0.1226405277848243,0.2231032699346542,0.2395431250333786,0.1986212134361267,0.2616065144538879,0.5545132160186768,0.7343063354492188,0.816524088,0,0
-7,138,-0.454724818,-0.026831985,0.3516655266284942,0.596881092,0.7072704434394836,0.8195087313652039,0.9118734002113342,0.8890952467918396,0.9203690886497498,0,0
-7,139,-0.705046177,-0.070445761,0.4810720980167389,1.201440691947937,1.4953044652938845,1.6026583909988403,1.3590458631515503,1.025205373764038,1.038561463356018,0,0
-7,140,0.024579087,0.349829227,0.669333279,1.174826979637146,1.6028062105178833,1.8162533044815063,1.5030226707458496,1.1276758909225464,1.1711103916168213,0,0
-7,141,0.073654108,0.4020896852016449,0.8150094151496887,1.367202639579773,1.7917453050613403,1.8777540922164917,1.4970449209213257,1.1337475776672363,1.101610779762268,0,0
-6,-81,2.9674346446990967,3.162170648574829,3.0215330123901367,2.776463270187378,2.943889617919922,3.1840858459472656,3.378358840942383,3.0161616802215576,2.592742681503296,0,0
-6,-80,2.011385440826416,2.1405224800109863,2.176248788833618,2.020249605178833,2.085922956466675,2.407425642,2.652670383453369,2.3822457790374756,2.008793592453003,0,0
-6,-79,1.1340643167495728,1.1571418046951294,1.2500728368759155,1.2429133653640747,1.403399944,1.643531322479248,1.800395131111145,1.9897860288619995,1.939707398414612,0,0
-6,-78,0.8929681777954102,0.927972972,1.019347071647644,1.0708030462265017,1.2241328954696655,1.2450133562088013,1.3401341438293457,1.7422033548355105,1.804118037223816,0,0
-6,-77,0.587108314,0.5891786217689514,0.802990735,1.0605549812316897,1.4250413179397583,1.3754671812057495,1.3613334894180298,1.873755931854248,1.9644227027893064,0,0
-6,-76,0.6754260063171387,0.718960702,0.8943214416503906,1.1695724725723269,1.574694275856018,1.673005462,1.718875527381897,2.286503553390503,2.239438295,0,0
-6,-75,0.6989229321479797,0.6323748230934143,0.7164220809936523,0.9928070902824402,1.5408881902694702,1.773284077644348,1.9204620122909544,2.4608957767486572,2.3044626712799072,0,0
-6,-74,0.7455008625984192,0.6791271567344666,0.6968960165977478,0.926096737,1.3951367139816284,1.658589243888855,1.7912906408309937,2.320061683654785,2.2400436401367188,0,0
-6,-73,0.8037800788879395,0.7927601933479309,0.8022093772888184,1.0078579187393188,1.5265477895736694,1.714970946311951,1.809711456298828,2.3802003860473633,2.3216352462768555,0,0
-6,-72,0.7747734189033508,0.7744724750518799,0.8240165114402771,0.9411751627922058,1.3998535871505735,1.695586085319519,1.833363890647888,2.457460403442383,2.4073493480682373,0,0
-6,-71,0.7229439616203308,0.7233923077583313,0.9907692074775696,1.329410195350647,1.7531338930130005,1.844633936882019,1.9071754217147827,2.5390379428863525,2.491861343383789,0,0
-6,-70,0.7355815768241882,0.6637428402900696,0.7246341705322266,0.9230801463127136,1.5014554262161257,1.7414671182632446,1.9141207933425903,2.5255653858184814,2.445949077606201,0,0
-6,-69,0.7210550308227539,0.7308209538459778,0.8568055629730225,1.1156773567199707,1.5574053525924685,1.7841461896896362,1.972917914390564,2.5468637943267822,2.482922315597534,0,0
-6,-68,0.6703349947929382,0.7267746329307556,0.9251809120178224,1.2451183795928955,1.6275310516357422,1.7808321714401243,1.9972914457321167,2.613837718963623,2.5651702880859375,0,0
-6,-67,0.707473099,0.8045353293418884,0.9983205795288086,1.4519137144088743,1.7913419008255005,1.7955704927444458,1.9553276300430296,2.641690492630005,2.631333589553833,0,0
-6,-66,0.6951339244842529,0.8688209652900696,1.0225974321365356,1.4639772176742554,1.9336835145950315,1.8757740259170532,1.983607292175293,2.7016494274139404,2.6540701389312744,0,0
-6,-65,0.7259661555290222,0.93614769,1.0619648694992063,1.4802206754684448,1.928389549255371,2.0310871601104736,2.1077771186828613,2.793807029724121,2.754575014,0,0
-6,-64,0.7016437649726868,0.89380759,0.9684756398200988,1.3773328065872192,1.653135895729065,1.7912160158157349,2.072795152664185,2.7928855419158936,2.787841797,0,0
-6,-63,0.3888655006885528,0.3908442556858063,0.3954775333404541,0.9746904373168944,1.6359540224075315,1.8659998178482056,2.2115907669067383,2.9225223064422607,2.8856868743896484,0,0
-6,-62,0.6506866812705994,0.7492377758026123,0.7173932194709778,1.115510106086731,1.6803299188613892,2.159631729125977,2.667673349380493,3.3816568851470947,3.360513687133789,0,0
-6,-61,0.6236376166343689,0.7198963761329651,0.7127304077148438,1.0877496004104614,1.6917171478271484,2.207613706588745,2.816417694091797,3.495029449,3.5022900104522705,0,0
-6,-60,0.5948205590248108,0.6701076626777649,0.6468263864517212,0.961938202,1.601309299468994,2.1361019611358643,2.755509376525879,3.5791690349578857,3.5736570358276367,0,0
-6,-59,0.6279408931732178,0.6701321601867676,0.6805803179740906,0.9842426776885986,1.5904430150985718,2.164854049682617,2.5872862339019775,3.470859528,3.468367338180542,0,0
-6,-58,0.7457635402679443,0.7976090312004089,0.693530262,0.9170691967010498,1.474610686302185,2.031000852584839,2.4622628688812256,3.3401966094970703,3.3914120197296143,0,0
-6,-57,0.8599264621734619,0.9164686799049376,0.7378456592559814,1.110892653465271,1.809766173362732,2.2580089569091797,2.7291994094848633,3.5850374698638916,3.5458929538726807,0,0
-6,-56,0.9457597136497498,1.0188486576080322,0.7707206606864929,1.0314446687698364,1.7787705659866333,2.2132978439331055,2.683983564376831,3.502574920654297,3.4427402019500732,0,0
-6,-55,0.995455265,1.1582010984420776,0.9243250489234924,1.0790395736694336,1.8529659509658811,2.2439815998077393,2.655278444290161,3.382906913757324,3.268970489501953,0,0
-6,-54,1.112740397453308,1.3587902784347534,1.1870688199996948,1.2819441556930542,2.108943223953247,2.393787145614624,2.7051916122436523,3.3207366466522217,3.178107976913452,0,0
-6,-53,1.0500611066818235,1.2455357313156128,1.077845335006714,1.1976630687713623,2.1723124980926514,2.4806387424468994,2.688391923904419,3.155158281326294,2.9763200283050537,0,0
-6,-52,1.089124083518982,1.2113686800003052,0.951326549,1.0971511602401731,2.229640245437622,2.575782537460327,2.6845951080322266,2.9873592853546143,2.7883365154266357,0,0
-6,-51,1.1220234632492063,1.1573303937911987,0.8104815483093262,0.9802510142326356,2.173215866088867,2.611694097518921,2.702317237854004,2.7957887649536133,2.587404251098633,0,0
-6,-50,1.1760839223861694,1.1382101774215698,0.6719827651977539,0.8176727294921875,2.135094643,2.6297595500946045,2.6525251865386963,2.637821912765503,2.4491167068481445,0,0
-6,-49,1.455246925354004,1.2761667966842651,0.6714758276939392,0.8099251389503479,2.1924824714660645,2.6933813095092773,2.753021001815796,2.711683988571167,2.5332934856414795,0,0
-6,-48,1.6237746477127075,1.4099059104919434,0.7991345524787903,0.8584988713264465,2.142899751663208,2.6023638248443604,2.686351537704468,2.643338918685913,2.531105279922486,0,0
-6,-47,1.917125344276428,1.6075834035873413,0.9969010949134828,0.9752399325370787,2.086253881454468,2.519934892654419,2.5904464721679688,2.543250799179077,2.471915483474731,0,0
-6,-46,1.7475180625915527,1.494463324546814,0.9277491569519044,0.8913206458091736,1.8877094984054563,2.4001967906951904,2.454986810684204,2.3940834999084473,2.280196189880371,0,0
-6,-45,1.620008945465088,1.4432214498519895,1.0852797031402588,1.056892991065979,1.7811070680618286,2.3753604888916016,2.407433271408081,2.3277745246887207,2.143251895904541,0,0
-6,-44,1.573298454284668,1.2983832359313965,1.050982952,1.0098984241485596,1.374218463897705,1.9668121337890625,2.1804652214050293,2.285083532333374,2.117906332015991,0,0
-6,-43,1.477627158164978,1.1583572626113892,0.9867988228797911,0.9916963577270508,1.137065291404724,1.6528273820877075,2.043238878250122,2.4074628353118896,2.3608970642089844,0,0
-6,-42,1.3241850137710571,1.073163390159607,0.9519989490509032,0.9560033679008484,0.9183753132820128,1.2974497079849243,1.7583551406860352,2.383941411972046,2.5158755779266357,0,0
-6,-41,1.1252385377883911,0.9567012786865234,0.8388853669166565,0.8508931994438171,0.7420839667320251,0.9199645519256592,1.2616900205612185,1.9931206703186035,2.3311195373535156,0,0
-6,-40,0.7350615859031677,0.75374198,0.6307150721549988,0.7203434109687805,0.6082957983016968,0.6986339688301086,0.935517967,1.5863655805587769,2.052539587020874,0,0
-6,-39,0.5978550910949707,0.6598910689353943,0.5651139616966248,0.7051590085029602,0.5507215857505798,0.5477997660636902,0.7341812252998352,1.3593720197677612,1.8648576736450195,0,0
-6,-38,0.6045355200767517,0.6779398918151855,0.5913593173027039,0.6940710544586182,0.5170631408691406,0.5014118552207947,0.6249618530273438,1.1208122968673706,1.6231836080551147,0,0
-6,-37,0.6509805917739868,0.668476403,0.6079514622688293,0.6317005753517151,0.4734575748443603,0.4362681806087494,0.51052326,0.868661642,1.3352627754211426,0,0
-6,-36,0.5767253041267395,0.5651295781135559,0.5431564450263977,0.5068456530570984,0.4019359648227691,0.3724306523799896,0.4587883949279785,0.7629270553588867,1.1466785669326782,0,0
-6,-35,0.4605646431446075,0.5026431679725647,0.5481776595115662,0.4351027905941009,0.2709664404392242,0.2791583240032196,0.3462405502796173,0.561008871,0.7924213409423828,0,0
-6,104,0.3302083909511566,0.024698356,-0.101091504,-0.280734807,-0.149098918,-0.024016654,0.3453552722930908,0.819689929,0.9486610889434814,0,0
-6,105,0.3317878544330597,0.2031287997961044,0.1489163041114807,0.180072621,0.4491192400455475,0.5974047780036926,0.7494886517524719,0.9486530423164368,0.9850449562072754,0,0
-6,106,0.262827456,0.1770591884851455,0.2739001512527466,0.581534207,0.959083855,1.0481687784194946,1.1412277221679688,1.1902023553848269,1.0996266603469849,0,0
-6,107,0.3515808880329132,0.2362008839845657,0.4554474055767059,0.7967836856842041,1.0927975177764893,1.126274347305298,1.281960368156433,1.3699225187301636,1.2187355756759644,0,0
-6,108,0.312448114,0.093966901,0.3074245750904083,0.6225801706314087,0.870611846,0.9673066139221193,1.189273238182068,1.4109705686569214,1.2835670709609983,0,0
-6,109,0.2448080778121948,0.058708858,0.1791920065879821,0.4442072808742523,0.7152448296546936,0.8700540661811829,1.0840864181518557,1.3685888051986694,1.2997379302978516,0,0
-6,111,0.025907734,0.042341698,0.2134934514760971,0.452422947,0.7261815667152405,0.9691422581672668,1.0840524435043335,1.3500992059707642,1.3109593391418457,0,0
-6,113,-0.136157617,0.025046131,0.1990698128938675,0.2627135813236236,0.4212813377380371,0.7610518336296082,1.0618841648101809,1.3182529211044312,1.2960948944091797,0,0
-6,119,0.2590970396995544,0.3107719123363495,0.1880311518907547,0.030277058,0.00940227,0.2567591667175293,0.7824859619140625,1.0511842966079712,1.1574522256851196,0,0
-6,120,0.3376581966876983,0.3257509768009186,0.1948053687810897,0.044496149,0.032270275,0.2693895399570465,0.7862982749938965,1.0324252843856812,1.148464560508728,0,0
-6,121,0.368227094,0.3071078360080719,0.1484763771295547,0.004444788,-0.00711972,0.16936557,0.6482421159744263,0.9170732498168944,1.0656208992004397,0,0
-6,123,0.3528162539005279,0.227164626,0.068056174,-0.0900952,-0.165155247,0.017716954,0.5586069822311401,0.8173208236694336,1.000172734260559,0,0
-6,124,0.3428071439266205,0.1570333391427993,-0.038080558,-0.220618919,-0.317229569,-0.135211363,0.4530316591262817,0.7746159434318542,0.9690558314323424,0,0
-6,133,0.1870847344398498,0.1398860961198806,0.1424525380134582,0.086562343,-0.024454495,0.07626117,0.4403550326824188,0.6864284873008728,0.8015010356903076,0,0
-6,134,0.1895227581262588,0.221101776,0.2724500000476837,0.2376240491867065,0.1448550373315811,0.2489721328020095,0.5161498188972473,0.7205135226249695,0.8089895248413086,0,0
-6,135,0.2058544903993606,0.279834509,0.3655160963535309,0.3534652888774872,0.2663632035255432,0.3130418062210083,0.5548279881477356,0.7128005623817444,0.7970483303070068,0,0
-6,138,-0.303858161,0.1790477782487869,0.559909999,0.8950889110565186,0.9826088547706604,0.9390051364898682,0.8906164169311523,0.8722688555717468,0.881709635,0,0
-6,139,-0.591401935,0.022268498,0.5082632303237915,1.0367668867111206,1.2624999284744265,1.2642358541488647,1.0825833082199097,0.90646863,0.924340546,0,0
-6,140,0.039254885,0.3339996337890625,0.7442162036895752,1.3501691818237305,1.634060025215149,1.5853114128112793,1.308392882347107,1.0869357585906982,1.1102975606918335,0,0
-6,141,-0.017343586,0.2952316403388977,0.6524702310562134,1.0303159952163696,1.3741859197616575,1.296294331550598,1.0772275924682615,0.9115696549415588,0.9412216544151306,0,0
-5,-81,2.6519575119018555,2.751539468765259,2.657222032546997,2.4356656074523926,2.621469736099243,2.8872578144073486,3.026768445968628,2.6307179927825928,2.231503725,0,0
-5,-80,1.5312529802322388,1.672987937927246,1.7328033447265625,1.5600242614746094,1.6267024278640747,1.8342033624649048,2.0283377170562744,1.9273189306259155,1.7577438354492188,0,0
-5,-79,1.0143882036209106,1.021415353,1.1132006645202637,1.1637940406799316,1.281192660331726,1.4117716550827026,1.5449846982955933,1.9159517288208008,1.9457556009292605,0,0
-5,-78,0.8858606815338135,0.8720817565917969,0.9675915241241456,1.1773905754089355,1.4849413633346558,1.5490474700927734,1.658860683441162,2.0851593017578125,2.1215312480926514,0,0
-5,-77,0.5831401944160461,0.4960184395313263,0.6344397068023682,0.9680685997009276,1.3871313333511353,1.5501093864440918,1.6991205215454102,2.223309278488159,2.2258427143096924,0,0
-5,-76,0.5920307040214539,0.4577065408229828,0.5829615592956543,0.8580247759819031,1.3634685277938845,1.672782301902771,1.8827228546142576,2.4642293453216553,2.3384573459625244,0,0
-5,-75,0.7164204120635986,0.6712695956230164,0.7618520855903625,1.0638331174850464,1.6072176694869995,1.759763240814209,1.883581519126892,2.451601266860962,2.278179168701172,0,0
-5,-74,0.751835048,0.7399160265922546,0.8348870873451233,1.084261775016785,1.515444278717041,1.7536250352859497,1.9269323348999023,2.5148093700408936,2.383505582809448,0,0
-5,-73,0.7542412877082825,0.796563447,0.9031555652618408,1.1442418098449707,1.5877132415771484,1.7564778327941897,1.8502432107925415,2.495222806930542,2.356693983078003,0,0
-5,-72,0.7104962468147278,0.7298510670661926,0.856193483,1.129546284675598,1.5747071504592896,1.7544212341308594,1.860234618186951,2.5036613941192627,2.412201404571533,0,0
-5,-71,0.6853113174438477,0.6398429274559021,0.7367520332336426,1.0111206769943235,1.4660186767578125,1.6559090614318848,1.814064145088196,2.4470877647399902,2.383056879043579,0,0
-5,-70,0.6711146235466003,0.6794100403785706,0.8153790831565857,1.024336814880371,1.4392105340957642,1.7330178022384644,1.9336570501327517,2.520660877227783,2.4979279041290283,0,0
-5,-69,0.6381041407585144,0.68327266,0.8846938014030457,1.138546586036682,1.458430290222168,1.7022627592086792,1.8736181259155271,2.484222888946533,2.4088268280029297,0,0
-5,-68,0.631394088,0.7054590582847595,0.9316332936286926,1.2167763710021973,1.4499627351760864,1.719096064567566,1.9319432973861697,2.595925807952881,2.5064101219177246,0,0
-5,-67,0.6686701774597168,0.7800779342651367,0.9752458930015564,1.3461185693740845,1.6462987661361694,1.8514198064804075,2.0246095657348633,2.711670160293579,2.6461429595947266,0,0
-5,-66,0.6559009552001953,0.8418593406677246,1.0054692029953003,1.4512029886245728,1.8165435791015625,1.965121865272522,2.0699923038482666,2.7388079166412354,2.709078550338745,0,0
-5,-65,0.6541877388954163,0.8471763134002686,1.000542402267456,1.482169270515442,1.8124250173568728,2.020526170730591,2.2063894271850586,2.9393885135650635,2.904876470565796,0,0
-5,-64,0.6536421179771423,0.846823514,0.9482631087303162,1.423098921775818,1.749505877494812,2.0471127033233643,2.377633571624756,3.113189697265625,3.054718017578125,0,0
-5,-63,0.6051241755485535,0.7566174864768982,0.7961769700050354,1.3135932683944702,1.8020814657211304,2.1846611499786377,2.630056858062744,3.4174845218658447,3.386758804321289,0,0
-5,-62,0.5726543068885803,0.7013938426971436,0.720081091,1.2135746479034424,1.7099977731704712,2.147688150405884,2.7082040309906006,3.5834743976593018,3.5834922790527344,0,0
-5,-61,0.5512951016426086,0.670841396,0.6502599716186523,1.1181052923202517,1.720286250114441,2.2476871013641357,2.8246374130249023,3.707056999206543,3.749413251876831,0,0
-5,-60,0.549216092,0.6490525603294373,0.4750055968761444,0.8344974517822266,1.5935616493225098,2.207857847213745,2.9177682399749756,3.881123781204224,3.872278928756714,0,0
-5,-59,0.5926920771598816,0.7074623703956604,0.6273333430290222,0.9567276835441588,1.6472266912460327,2.2973194122314453,2.894361734390259,3.888889551,3.8730804920196538,0,0
-5,-58,0.7178659439086914,0.8298718333244324,0.6930131912231445,0.9527997374534608,1.623914361000061,2.3244307041168213,2.9205119609832764,3.9135959148406982,3.889719247817993,0,0
-5,-57,0.7636885046958923,0.8773097991943359,0.7490158677101135,1.017306566238403,1.738029956817627,2.3345935344696045,2.942249059677124,3.9181175231933594,3.933832883834839,0,0
-5,-56,0.8628877997398376,1.0501312017440796,0.8538827896118164,1.08040452,1.8560208082199097,2.327860116958618,2.9276235103607178,3.8777053356170654,3.836416244506836,0,0
-5,-55,0.9218009114265442,1.2099376916885376,1.1474987268447876,1.3170344829559326,2.0381338596343994,2.3805720806121826,2.904142141342163,3.743893384933472,3.698118925094605,0,0
-5,-54,0.8176379799842834,1.078816533088684,1.1168115139007568,1.3643087148666382,2.230553627,2.5824906826019287,2.960596799850464,3.6339852809906006,3.538930177688598,0,0
-5,-53,0.8008484840393066,0.9764947891235352,0.9495733380317688,1.2113651037216189,2.1962764263153076,2.6361021995544434,2.911994695663452,3.442809820175171,3.3046767711639404,0,0
-5,-52,0.7750611305236816,0.8799309134483337,0.7592794895172119,0.9748992323875428,2.0734798908233643,2.6089885234832764,2.8679256439208984,3.2168991565704346,3.068906069,0,0
-5,-51,0.8810734748840332,0.93033582,0.7450210452079773,0.9309422373771667,2.006514310836792,2.551441431045532,2.811201810836792,2.9947826862335205,2.8326494693756104,0,0
-5,-50,0.848960817,0.8665173649787903,0.5948205590248108,0.829298198,1.864178776741028,2.3797435760498047,2.651309013366699,2.7452211380004883,2.645585536956787,0,0
-5,-49,1.0974441766738892,1.0987149477005005,0.8239197134971619,1.006621479988098,2.036001682281494,2.445706605911255,2.676717997,2.7599127292633057,2.706073045730591,0,0
-5,-48,1.3288110494613647,1.3010016679763794,0.9031197428703308,1.0660992860794067,2.009312391281128,2.291815996170044,2.514359236,2.5996646881103516,2.616532087,0,0
-5,-47,1.5212568044662476,1.4534262418746948,0.991569757,1.1052323579788208,1.877210498,2.108368396759033,2.353602886199951,2.4763782024383545,2.524312734603882,0,0
-5,-46,1.4285125732421875,1.3601864576339722,0.8876695036888123,1.0038957595825195,1.638499140739441,1.8899378776550293,2.137751579284668,2.2846786975860596,2.3086421489715576,0,0
-5,-45,1.309331297874451,1.343729019165039,1.0088655948638916,1.0663079023361206,1.5197170972824097,1.8400157690048216,2.0546443462371826,2.223231554031372,2.165821313858032,0,0
-5,-44,1.217187523841858,1.2399507761001587,1.0119222402572632,1.0331900119781494,1.2594050168991089,1.5871206521987915,1.926963448524475,2.310990095,2.3137404918670654,0,0
-5,-43,1.203999638557434,1.192468762397766,0.967663348,0.968150795,1.0368558168411257,1.3020657300949097,1.6930607557296753,2.266831398010254,2.351158142089844,0,0
-5,-42,1.173843264579773,1.0461195707321167,0.7872548699378967,0.8104645609855652,0.7351849675178528,0.943825662,1.3662816286087036,2.1405670642852783,2.356429100036621,0,0
-5,-41,0.9240036010742188,0.91788435,0.6863361,0.6837443709373474,0.5281563401222229,0.6316542625427246,0.9270651936531068,1.710236668586731,2.0946552753448486,0,0
-5,-40,0.4905374348163605,0.6341648101806641,0.497193694,0.5471524596214294,0.4169683456420898,0.4914704859256744,0.7336404919624329,1.3658581972122192,1.797385573387146,0,0
-5,-39,0.3714238107204437,0.5014739632606506,0.3748785257339477,0.5133635997772217,0.3812519013881683,0.3991429805755615,0.5645773410797119,1.1191390752792358,1.5832343101501465,0,0
-5,-38,0.4828817844390869,0.5582539439201355,0.4081043899059295,0.4936560690402984,0.3277619183063507,0.3386329710483551,0.428957462,0.8664795756340027,1.3279414176940918,0,0
-5,-37,0.4939572811126709,0.4971387088298797,0.4479395449161529,0.4476581513881683,0.3038024008274078,0.3243197202682495,0.3894964754581451,0.68445462,1.0210851430892944,0,0
-5,-36,0.4147483110427856,0.4622314274311065,0.4699796736240387,0.3961572349071502,0.2932945489883423,0.3142214119434356,0.3779595196247101,0.6259344220161438,0.89737469,0,0
-5,-35,0.4415540397167206,0.4882360696792602,0.5050258040428162,0.3478715121746063,0.2589392066001892,0.2834814488887787,0.3473306596279144,0.5505944490432739,0.740933895,0,0
-5,39,0.4379658997058868,0.6328181624412537,0.6579315066337585,0.7225236296653748,0.7956528663635254,0.819516659,0.7899903655052185,0.8813106417655945,1.0169938802719116,0,0
-5,102,0.3769740164279938,0.054838974,-0.185348526,-0.470431954,-0.316312641,-0.168443337,0.268617719,0.7860451340675354,0.8790254592895508,0,0
-5,103,0.4174698889255523,0.1094074323773384,-0.035528202,-0.195620894,0.016695771,0.083846599,0.4080747663974762,0.8164966702461243,0.8741654753684998,0,0
-5,104,0.5603135824203491,0.3664034903049469,0.4036110341548919,0.605859101,0.9358994364738464,0.8572899699211121,0.8374130725860596,0.9646005630493164,0.949721098,0,0
-5,105,0.4434697329998016,0.4304632842540741,0.7554903030395508,1.1925160884857178,1.3909525871276855,1.2174397706985474,1.1985750198364258,1.057389497756958,0.9489269256591796,0,0
-5,106,0.4449803829193115,0.3026253879070282,0.4478686153888702,0.680121899,0.9210963845252992,0.9905145168304444,1.189131259918213,1.1569314002990725,1.0478287935256958,0,0
-5,119,0.1144221648573875,0.3113349974155426,0.227892518,0.1328296363353729,0.2280146479606628,0.6187874674797058,0.95575881,1.0741853713989258,1.1030941009521484,0,0
-5,120,0.2085332125425338,0.396957517,0.3886731564998626,0.4061868488788605,0.5943478941917419,0.970876396,1.2506004571914673,1.186621069908142,1.0635161399841309,0,0
-5,121,0.095301569,0.2739756405353546,0.1548940539360046,0.1133180931210517,0.2118945568799972,0.4776798188686371,0.7521551251411438,0.8307650685310364,0.8925042748451233,0,0
-5,122,0.2250935286283493,0.4765253365039825,0.4284566342830658,0.376677006,0.3937793672084808,0.6245598196983337,0.9198781847953796,0.9398579001426696,0.9400190711021424,0,0
-5,123,0.3673333823680877,0.4199583232402801,0.3024572730064392,0.1952803879976272,0.1383363157510757,0.3645077049732208,0.750579834,0.8258271813392639,0.8644323348999023,0,0
-5,124,0.432604045,0.2608573734760284,0.055652842,-0.110954605,-0.211322501,-0.017469833,0.454513669,0.6645892262458801,0.822845459,0,0
-5,133,0.3042818605899811,0.310921699,0.2981394827365875,0.199255109,0.055358659,0.1566904634237289,0.4513845145702362,0.6835386157035828,0.7587261199951172,0,0
-5,135,0.4159450531005859,0.4963064193725586,0.5922239422798157,0.5713229775428772,0.4048300981521606,0.3304644227027893,0.520427406,0.6878170371055603,0.7827559113502502,0,0
-5,136,0.3852289617061615,0.5577823519706726,0.6922090649604797,0.6988200545310974,0.5669547915458679,0.4714582860469818,0.57113117,0.7272327542304993,0.824651301,0,0
-5,137,0.2038072347640991,0.4182476103305816,0.6143426895141602,0.7025501132011414,0.680312455,0.6513180136680603,0.6997709274291992,0.8132573962211609,0.8944907784461975,0,0
-5,138,0.039267287,0.2575235068798065,0.475560188,0.6319164633750916,0.750817597,0.7924789786338806,0.8403511047363281,0.8870202898979187,0.9616078734397888,0,0
-5,139,-0.067316316,0.2218533009290695,0.4545564353466034,0.6371177434921265,0.780905545,0.7970725893974304,0.7822670340538025,0.7784907221794128,0.904376209,0,0
-5,140,-0.076060839,0.2448490411043167,0.4991988837718963,0.6679138541221619,0.8603315353393555,0.8585248589515686,0.8191761374473572,0.7958868145942688,0.876870334,0,0
-5,141,0.052914273,0.353074163,0.6257196068763733,0.7612044811248779,0.9282772541046144,0.8488500714302063,0.7688502669334412,0.7462767958641052,0.8063017725944519,0,0
-4,-81,2.3044793605804443,2.439596415,2.361410379,2.2671384811401367,2.4536571502685547,2.6687099933624268,2.748173475265503,2.421449899673462,2.0609281063079834,0,0
-4,-80,1.2439931631088257,1.566041350364685,1.609021782875061,1.5392260551452637,1.6528435945510864,1.7345746755599976,1.779147982597351,1.7223798036575315,1.6236562728881836,0,0
-4,-79,0.9523971080780028,1.0379092693328855,1.086246132850647,1.1293420791625977,1.261427640914917,1.4449119567871094,1.5781162977218628,1.9359601736068728,1.9286285638809204,0,0
-4,-78,0.6811241507530212,0.7207288146018982,0.7863269448280334,1.072606325149536,1.471375823020935,1.530192494392395,1.5915307998657229,2.012026309967041,1.9885426759719849,0,0
-4,-77,0.6531429290771484,0.6265993714332581,0.680852473,0.886437178,1.2905670404434204,1.5094003677368164,1.760449767112732,2.3062198162078857,2.2109076976776123,0,0
-4,-76,0.6706004738807678,0.6045029759407043,0.7096334099769592,0.9663845896720886,1.3537553548812866,1.532292366027832,1.831712245941162,2.423502206802368,2.3133206367492676,0,0
-4,-75,0.7089123129844666,0.6941972374916077,0.8171133995056152,1.1122565269470217,1.490317940711975,1.6125043630599976,1.8825143575668335,2.519486665725708,2.4120547771453857,0,0
-4,-74,0.7179834246635437,0.7379657626152039,0.826408863,1.0521610975265503,1.368583083152771,1.5594745874404907,1.8415995836257937,2.514347791671753,2.455962657928467,0,0
-4,-73,0.6888501644134521,0.7451748847961426,0.8705814480781555,1.0713326930999756,1.360036015510559,1.5515198707580566,1.8144288063049316,2.465162515640259,2.4077439308166504,0,0
-4,-72,0.6801475882530212,0.7231904864311218,0.8479897379875183,1.066726565361023,1.4093313217163086,1.6330584287643433,1.8304060697555544,2.425616979598999,2.367424249649048,0,0
-4,-71,0.6366424560546875,0.6600340008735657,0.7961518168449402,1.040697217,1.2808455228805542,1.5333372354507446,1.8210593461990356,2.3998870849609375,2.362385511398315,0,0
-4,-70,0.6092466711997986,0.6425386071205139,0.7909398674964905,1.0651845932006836,1.3023204803466797,1.5654584169387815,1.8537451028823853,2.4550371170043945,2.414775848388672,0,0
-4,-69,0.6031582951545715,0.6832074522972107,0.840470552,1.1081805229187012,1.2792983055114746,1.4875898361206057,1.824630856513977,2.5015780925750732,2.376576662063598,0,0
-4,-68,0.601802647,0.7516235709190369,0.9568800330162048,1.3190995454788208,1.5773844718933103,1.877629280090332,2.1082849502563477,2.8187410831451416,2.6188971996307373,0,0
-4,-67,0.6083531379699707,0.7874831557273865,0.9866794943809508,1.3871275186538696,1.5573912858963013,1.776634693145752,2.0418014526367188,2.8341801166534424,2.700057268,0,0
-4,-66,0.6156663298606873,0.8139346241950989,0.9881980419158936,1.4447568655014038,1.6134485006332395,1.842208743095398,2.156620740890503,2.9446465969085693,2.875761032104492,0,0
-4,-65,0.5981753468513489,0.8042087554931641,0.944852352,1.459880232810974,1.6168031692504885,1.7638673782348633,2.1244616508483887,3.0019407272338867,2.9576244354248047,0,0
-4,-64,0.572482169,0.765055239,0.85066396,1.419643521308899,1.6963824033737185,1.878265380859375,2.3627707958221436,3.262340784072876,3.2177412509918213,0,0
-4,-63,0.5534669160842896,0.7369442582130432,0.8012459874153137,1.2911802530288696,1.636945724487305,1.8932501077651975,2.505047082901001,3.489882469177246,3.517784357070923,0,0
-4,-62,0.5031980276107788,0.6398562788963318,0.6617410182952881,1.1889333724975586,1.730831265449524,2.1047439575195312,2.708061933517456,3.694984436035156,3.7370481491088863,0,0
-4,-61,0.4811385571956634,0.6059074997901917,0.6034838557243347,1.1290045976638794,1.7091598510742188,2.208157539367676,2.8561925888061523,3.904667615890503,3.952098846435547,0,0
-4,-60,0.4820536077022552,0.5952089428901672,0.4448191225528717,1.0670784711837769,1.7874537706375122,2.4333455562591553,3.141596555709839,4.193063259124756,4.202722072601318,0,0
-4,-59,0.5237833857536316,0.6365702748298645,0.4531467258930206,0.9201159477233888,1.6928051710128784,2.353813886642456,3.124163866043091,4.1856536865234375,4.201890945,0,0
-4,-58,0.6271026134490967,0.7913680672645569,0.6169669032096863,0.9083970189094543,1.6748771667480469,2.383429527282715,3.2216129302978516,4.289152622,4.278000831604004,0,0
-4,-57,0.74423933,0.9442411065101624,0.79099679,1.107946753501892,1.823046088218689,2.433934450149536,3.2310094833374023,4.297527313232422,4.323486328,0,0
-4,-56,0.8138474822044373,1.041026235,0.9378859400749208,1.178406834602356,1.9042869806289673,2.4108870029449463,3.163510322570801,4.195021152496338,4.281713008880615,0,0
-4,-55,0.8352017402648926,1.1222234964370728,1.0942972898483276,1.3731716871261597,2.0758516788482666,2.470923662185669,3.053222894668579,3.969123125076294,4.058878421783447,0,0
-4,-54,0.7894890308380127,1.0729390382766724,1.1106511354446411,1.3825243711471558,2.163865566253662,2.596090555,3.0204381942749023,3.755961418151855,3.832351684570313,0,0
-4,-53,0.7291665077209473,0.9712092280387878,0.9682582020759584,1.2056736946105957,2.0631773471832275,2.5889763832092285,2.9594218730926514,3.565319061279297,3.611572266,0,0
-4,-52,0.660440207,0.8629830479621887,0.8711679577827454,1.0712276697158811,1.918033242225647,2.4927453994750977,2.8719236850738525,3.3210573196411133,3.324793815612793,0,0
-4,-51,0.6728275418281555,0.8377240300178528,0.908267081,1.1518787145614624,1.869498372077942,2.3814454078674316,2.7957942485809326,3.106509208679199,3.064689874649048,0,0
-4,-50,0.6064667105674744,0.7686657309532166,0.7588858008384705,1.003536343574524,1.7369505167007446,2.160794973373413,2.556652307510376,2.7767088413238525,2.7679519653320312,0,0
-4,-49,0.7990338206291199,0.9221553206443788,0.7915953993797302,1.015304446220398,1.669076442718506,1.97924006,2.423119545,2.6807453632354736,2.738276481628418,0,0
-4,-48,0.9015741944313048,0.98997885,0.7052826881408691,0.8981339335441589,1.5618706941604614,1.8074926137924192,2.2609446048736572,2.5427958965301514,2.658262014389038,0,0
-4,-47,0.9601365923881532,1.0543726682662964,0.7830260396003723,0.9289264678955078,1.386721968650818,1.5682835578918457,2.005770444869995,2.3197319507598877,2.490550994873047,0,0
-4,-46,1.1359471082687378,1.286448598,0.9814347624778748,1.0588932037353516,1.2874852418899536,1.397685408592224,1.7581065893173218,2.1025044918060303,2.277662992477417,0,0
-4,-45,1.1802992820739746,1.2965717315673828,0.9446538090705872,0.943640947,1.0828458070755005,1.3013728857040403,1.6881128549575806,2.1079275608062744,2.2360098361968994,0,0
-4,-44,1.031447410583496,1.2639285326004028,1.0096958875656128,1.0049434900283811,1.0184663534164429,1.1778753995895386,1.5412508249282837,2.0385563373565674,2.194430351257324,0,0
-4,-43,0.5974547266960144,0.8481316566467285,0.7810975909233093,0.7871283888816833,0.7348591685295105,0.8598136305809021,1.2261382341384888,1.8201183080673216,2.032071352005005,0,0
-4,-42,0.688687801,0.691192091,0.4720236957073211,0.5270277857780457,0.446569562,0.560877264,0.9524298310279846,1.7013320922851562,1.9511598348617551,0,0
-4,-41,0.6978669166564941,0.7225551009178162,0.5014269948005676,0.4825524389743805,0.3592542707920074,0.4413513243198395,0.6998857855796814,1.3399620056152344,1.6652997732162476,0,0
-4,-40,0.4588598012924194,0.5413063168525696,0.3897763192653656,0.4067623913288116,0.2943167388439178,0.343339592,0.5135732293128967,1.115991473197937,1.5116621255874634,0,0
-4,-39,0.3384961783885956,0.4440188109874725,0.3492747247219085,0.4305829107761383,0.3690089881420135,0.4085610210895538,0.4924827516078949,0.9657949805259703,1.3325594663619995,0,0
-4,-38,0.3515709936618805,0.4075013697147369,0.3803662359714508,0.3574050664901733,0.2597280442714691,0.3031421303749084,0.3575750291347503,0.6315938830375671,0.8983312249183655,0,0
-4,38,0.6638912558555603,0.6755259037017822,0.6814372539520264,0.7678092122077942,0.7492586970329285,0.7655501961708069,0.6644521355628967,0.7122913002967834,0.7073969841003418,0,0
-4,39,0.485048771,0.6318697333335876,0.6981947422027588,0.8116646409034729,0.785865307,0.7868406772613525,0.7245483994483948,0.720066488,0.7979534268379211,0,0
-4,40,0.4517098367214203,0.6562894582748413,0.7197003364562988,0.7430420517921448,0.8023052215576172,0.8084595203399658,0.8263878226280212,0.9531588554382324,1.212328553199768,0,0
-4,102,0.4609867036342621,0.2317992001771927,0.037934881,-0.147869647,0.039578706,0.1116287112236023,0.4271093606948852,0.8155004382133484,0.8735961318016052,0,0
-4,103,0.5594412684440613,0.3946713209152221,0.4477979242801666,0.6261691451072693,0.8493054509162903,0.7623734474182129,0.7680347561836243,0.9238583445549012,0.9398815035820008,0,0
-4,104,0.7039481997489929,0.6508291363716125,0.9230664372444152,1.3651472330093384,1.5838537216186523,1.249348282814026,1.0686029195785522,1.0097683668136597,0.9507171511650084,0,0
-4,105,0.7024595737457275,0.6294299364089966,1.003934025764465,1.5129183530807495,1.6791009902954102,1.387325644493103,1.278119683265686,1.0227643251419067,0.9509122371673584,0,0
-4,106,0.5650835633277893,0.3358043432235718,0.4845806658267975,0.7475533485412598,0.9739553332328796,1.0164220333099363,1.1555930376052856,1.0957473516464231,1.053671122,0,0
-4,112,-0.213443562,0.1191515922546386,0.3130200803279876,0.3374691903591156,0.4306819438934326,0.7006109356880188,0.9795153737068176,1.086285948753357,1.1158124208450315,0,0
-4,115,0.002111286,0.3455223739147186,0.5282300114631653,0.5543670058250427,0.6470487713813782,0.8646163940429688,1.000433325767517,0.9895647168159484,1.0128623247146606,0,0
-4,116,0.2072764635086059,0.3696217834949493,0.398225874,0.3758614361286163,0.4370228350162506,0.7247651219367981,0.9384097456932068,0.944610596,0.9820203185081482,0,0
-4,119,0.4051580727100372,0.4937881231307983,0.4545824229717254,0.4801194965839386,0.6491149067878723,0.9236122965812684,0.968869448,1.0453349351882937,1.0800185203552246,0,0
-4,120,0.6869823336601257,0.7232353687286377,0.8146820068359375,1.0711063146591189,1.3659324645996094,1.5568174123764038,1.3151928186416626,1.1800233125686646,1.0427733659744265,0,0
-4,121,0.4923039376735687,0.5065824389457703,0.429203063,0.5520615577697754,0.7922576069831848,1.0535088777542114,0.9697080254554749,0.9080007076263428,0.9358649849891664,0,0
-4,122,0.4819947779178619,0.7892709374427795,0.9779310822486876,1.1976524591445925,1.378437876701355,1.5007128715515137,1.271788477897644,0.915452003,0.8319078087806702,0,0
-4,123,0.4143333435058594,0.4646457731723785,0.3697619438171386,0.3115682601928711,0.2655072212219238,0.4620331227779388,0.660128653,0.6387150287628174,0.7173410058021545,0,0
-4,126,0.5044097900390625,0.324948102,0.1340560317039489,5.691250044037588e-05,-0.052566905,0.1780000180006027,0.5267171859741211,0.7226831316947937,0.8474936485290527,0,0
-4,127,0.4770236015319824,0.2985818088054657,0.1348107755184173,0.020129139,0.003896112,0.2562104761600494,0.5832122564315796,0.7356588244438171,0.8234431147575378,0,0
-4,128,0.4749220907688141,0.2841308116912842,0.1335812658071518,-0.001294422,-0.035766605,0.2165624946355819,0.5615794062614441,0.7145554423332214,0.7893792986869812,0,0
-4,129,0.4863932430744171,0.2906095087528229,0.1417874097824096,0.030407079,-0.02639281,0.1705114841461181,0.5355885624885559,0.6986319422721863,0.7780777812004089,0,0
-4,130,0.4619732797145843,0.3004959523677826,0.1757523268461227,0.086662747,0.015764549,0.1695971935987472,0.5177457332611084,0.6817222237586975,0.7494805455207825,0,0
-4,131,0.4038951694965362,0.287242979,0.1707944422960281,0.064765386,-0.034210909,0.1396505385637283,0.493982583,0.66468215,0.708271325,0,0
-4,133,0.2987920045852661,0.3722841739654541,0.4116878509521484,0.3943624198436737,0.2977267801761627,0.3571726381778717,0.5769906640052795,0.7089305520057678,0.7515204548835754,0,0
-4,134,0.339618444,0.4820573627948761,0.6022807359695435,0.6422336101531982,0.5284184813499451,0.4619219005107879,0.6312779784202576,0.7387716770172119,0.7864892482757568,0,0
-4,135,0.48382315,0.5755965709686279,0.7512165904045105,0.8633636832237244,0.7722551226615906,0.5613943934440613,0.6761184334754944,0.7690038681030273,0.8216080665588379,0,0
-4,136,0.4125311076641083,0.5213611721992493,0.6944534182548523,0.7922973036766052,0.7631977200508118,0.6022635698318481,0.7302968502044678,0.8735671043395996,0.957895279,0,0
-4,137,0.2707558870315552,0.4067709445953369,0.5729644894599915,0.6893306374549866,0.6925787925720215,0.6511351466178894,0.7804656028747559,0.9288110733032228,1.001229166984558,0,0
-4,138,0.2111015170812606,0.4291897714138031,0.5999251008033752,0.6831396222114563,0.6670708656311035,0.6800055503845215,0.774085283,0.8681336045265198,0.9081729054450988,0,0
-4,139,0.2589633464813232,0.5478220582008362,0.7299743294715881,0.7945615649223328,0.7830844521522522,0.694056511,0.7889809012413025,0.847113848,0.8666314482688904,0,0
-4,140,0.3148191273212433,0.6288257241249084,0.8138161301612854,0.8834256529808044,0.8663439154624939,0.6863778233528137,0.7187040448188782,0.6933249831199646,0.6802603602409363,0,0
-4,141,0.3778230249881744,0.6862290501594543,0.8956401944160461,0.949671984,0.887504518,0.6950253844261169,0.6819475293159485,0.6147964596748352,0.5972750186920166,0,0
-3,-80,1.127414584159851,1.656767964363098,1.7030963897705078,1.740359902381897,1.9063681364059448,2.0736658573150635,2.2793304920196533,2.210655212402344,2.0114059448242188,0,0
-3,-78,0.6769869923591614,0.7775554656982422,0.8385443091392517,0.9370498657226562,1.209431767463684,1.3758478164672852,1.6028742790222168,2.023434638977051,2.010005235671997,0,0
-3,-77,0.638321579,0.6895442605018616,0.7754292488098145,0.9543656706809998,1.3330334424972534,1.5044527053833008,1.756047248840332,2.281562089920044,2.2036774158477783,0,0
-3,-76,0.6301371455192566,0.6512243747711182,0.787696362,1.0539917945861816,1.3944083452224731,1.529201626777649,1.8376550674438477,2.459315538406372,2.405716658,0,0
-3,-75,0.6714062690734863,0.7071605324745178,0.8322739005088806,1.0977743864059448,1.375299096107483,1.4860063791275024,1.8403631448745728,2.512789487838745,2.4895007610321045,0,0
-3,-74,0.676969588,0.7305999398231506,0.8333720564842224,1.0727434158325195,1.3150558471679688,1.4375181198120115,1.753159523010254,2.474548101425171,2.4975435733795166,0,0
-3,-73,0.6370412111282349,0.7138505578041077,0.8277609348297119,1.0576250553131104,1.2671229839324951,1.3733272552490234,1.688418745994568,2.3480987548828125,2.3992931842803955,0,0
-3,-72,0.621825635,0.7072768211364746,0.8215141296386719,1.0545278787612915,1.282137751579285,1.4291167259216309,1.7510730028152466,2.3488011360168457,2.353219747543335,0,0
-3,-71,0.6023831963539124,0.6792871952056885,0.7971768379211426,1.0443297624588013,1.2779847383499146,1.4825901985168457,1.7963870763778689,2.4123170375823975,2.3548905849456787,0,0
-3,-70,0.5751826167106628,0.6680333018302917,0.7955954074859619,1.0681346654891968,1.2692354917526243,1.5020575523376465,1.8062028884887695,2.4463701248168945,2.372966051101685,0,0
-3,-69,0.5625820755958557,0.697512686,0.8588659167289734,1.161145806312561,1.3115277290344238,1.5911465883255005,1.9736523628234863,2.709678649902344,2.529923677444458,0,0
-3,-68,0.5537616610527039,0.7161224484443665,0.9074578285217284,1.262595534324646,1.3793516159057615,1.6605244874954224,2.04797101,2.8766918182373047,2.7548532485961914,0,0
-3,-67,0.5639946460723877,0.7519795894622803,0.9323962330818176,1.336091399,1.3920947313308716,1.5648380517959597,1.9754356145858765,2.8636510372161865,2.768367052078247,0,0
-3,-66,0.5632186532020569,0.7508268356323242,0.9121236205101012,1.3741894960403442,1.467695236206055,1.584339976,2.0150742530822754,2.9091339111328125,2.866184949874878,0,0
-3,-65,0.5521684288978577,0.7190900444984436,0.8761472105979919,1.4272114038467407,1.6342781782150269,1.777009368,2.2727420330047607,3.2207462787628174,3.1602745056152344,0,0
-3,-64,0.5315396785736084,0.6940669417381287,0.8534404635429382,1.3964816331863403,1.601650357246399,1.7387341260910034,2.246986389160156,3.2908172607421875,3.2935972213745117,0,0
-3,-63,0.5030428767204285,0.6377148628234863,0.777519166,1.2951005697250366,1.5902265310287476,1.8156309127807615,2.446352958679199,3.5658674240112305,3.608329535,0,0
-3,-62,0.4731471240520477,0.5952308773994446,0.6969879269599915,1.1730709075927734,1.6158632040023804,1.9418712854385376,2.5611026287078857,3.733819961547851,3.803508758544922,0,0
-3,-61,0.470530242,0.5891987085342407,0.6530402302742004,1.1033343076705933,1.630258560180664,2.0747263431549072,2.769726514816284,3.9350080490112305,4.020636081695557,0,0
-3,-60,0.4633706510066986,0.5792139768600464,0.6423775553703308,1.1077457666397097,1.6752691268920898,2.2892138957977295,3.0275840759277344,4.120040416717529,4.2123260498046875,0,0
-3,-59,0.3740270435810089,0.440497875,0.4564047157764435,0.990480363,1.6347428560256958,2.309950113296509,3.096199750900269,4.198359013,4.317005157470703,0,0
-3,-58,0.4462055265903473,0.5837768912315369,0.6865238547325134,1.141669750213623,1.7128214836120603,2.3202459812164307,3.111715078353882,4.170699119567871,4.286311626434326,0,0
-3,-57,0.5879525542259216,0.8169844150543213,0.8414359092712402,1.178758978843689,1.847325325012207,2.393697500228882,3.1586265563964844,4.188589096069336,4.329430103302002,0,0
-3,-56,0.7167165279388428,0.9483553767204284,0.9082808494567872,1.1688472032546997,1.845305562019348,2.4792442321777344,3.2592737674713135,4.264004230499268,4.516479969024658,0,0
-3,-55,0.8356875777244568,1.172989010810852,1.2819076776504517,1.4958759546279907,2.017259359359741,2.313297986984253,2.8992807865142822,3.797715902328491,4.145694255828857,0,0
-3,-54,0.8618201613426208,1.226199507713318,1.3312324285507202,1.5324264764785769,2.095259189605713,2.403728723526001,2.909486770629883,3.723891258239746,4.047412395477295,0,0
-3,-53,0.761077344,0.9501454830169678,0.9227261543273926,1.1593869924545288,1.8945112228393557,2.292191743850708,2.7495107650756836,3.4740545749664307,3.784370660781861,0,0
-3,-52,0.6942397952079773,0.8450465798377991,0.8453414440155029,1.0756655931472778,1.7247419357299805,2.055067777633667,2.5429985523223877,3.1630678176879883,3.418982744216919,0,0
-3,-51,0.6648440957069397,0.7990229725837708,0.7885863780975342,0.8889651298522949,1.511842131614685,1.9233824014663696,2.4654908180236816,2.9813778400421143,3.193833351135254,0,0
-3,-50,0.6722288131713867,0.7989110350608826,0.8696715831756592,1.142216682434082,1.592933177947998,1.744832158088684,2.176783800125122,2.5913755893707275,2.8473637104034424,0,0
-3,-49,0.8109431862831116,0.9553959965705872,0.8955176472663879,1.0486243963241575,1.3486484289169312,1.4382987022399902,1.9238582849502563,2.3551101684570312,2.6384389400482178,0,0
-3,-48,0.8044555187225342,0.9548431038856506,0.8694410920143127,0.9904837608337402,1.2224042415618896,1.228775143623352,1.6985387802124023,2.1770694255828857,2.5083062648773193,0,0
-3,-47,0.8838925957679749,1.0871552228927612,0.953705072,0.9523301720619202,1.060089111328125,1.0620864629745483,1.4722131490707395,1.9552899599075315,2.289273977279663,0,0
-3,-46,0.9395875334739684,1.1468878984451294,0.9628111720085144,0.9190691113471984,1.005239963531494,1.0309044122695925,1.336008071899414,1.7347568273544312,2.045656204223633,0,0
-3,-45,0.9207517504692078,1.0544179677963257,0.7529392838478088,0.6416687369346619,0.6392866969108582,0.7596607208251953,1.0568588972091677,1.4904338121414185,1.7997007369995115,0,0
-3,-44,0.7847893834114075,0.826819897,0.634471595,0.6491909027099609,0.6473490595817566,0.7644525170326233,0.9889317154884338,1.3781224489212036,1.6601189374923706,0,0
-3,-43,0.6761367917060852,0.684798002,0.4976237714290619,0.4501758813858032,0.409643292,0.5372779369354248,0.7422483563423157,1.1494333744049072,1.4648936986923218,0,0
-3,-42,0.5047149658203125,0.5175032019615173,0.3423449695110321,0.3131430447101593,0.2036641985177993,0.2923496961593628,0.490587443,0.9280272126197816,1.2606608867645264,0,0
-3,-41,0.4939300119876861,0.4987725913524627,0.382513165,0.3706242144107818,0.2918755710124969,0.3592537641525268,0.4972989559173584,0.9119216799736024,1.2604140043258667,0,0
-3,-40,0.2904398143291473,0.3310929238796234,0.307900995,0.3340717554092407,0.286743015,0.3447877466678619,0.422969788,0.7614798545837402,1.092960238456726,0,0
-3,-39,0.3407541513442993,0.3774627149105072,0.3948301076889038,0.3501664698123932,0.2676125466823578,0.3067819774150848,0.3440780341625213,0.583446741,0.8424696922302246,0,0
-3,37,0.8528311848640442,0.8595200181007385,0.812336266,0.8902146816253662,0.7868193984031677,0.7450211048126221,0.664577305,0.6801679730415344,0.6817778944969177,0,0
-3,38,0.6780433654785156,0.7192750573158264,0.7004654407501221,0.8133059144020081,0.6681491732597351,0.7250702977180481,0.6980679631233215,0.6070310473442078,0.5445347428321838,0,0
-3,39,0.5259051322937012,0.6687886714935303,0.7517142295837402,0.8830842971801758,0.6726356148719788,0.6723511219024658,0.642869234,0.5448223948478699,0.6790628433227539,0,0
-3,40,0.427998275,0.6176688075065613,0.6866621971130371,0.7623270153999329,0.7054421901702881,0.6875922083854675,0.6355145573616028,0.7241854667663574,1.0680989027023315,0,0
-3,41,0.4842941761016845,0.6561489701271057,0.7344138622283936,0.8085618615150452,0.8641720414161682,0.8308866024017334,0.8089969754219055,1.0152724981307983,1.3335546255111694,0,0
-3,100,0.4244789779186249,0.3153840601444244,-0.009041074,-0.230111524,-0.136434332,-0.109384887,0.306603193,0.7132880091667175,0.8137743473052979,0,0
-3,101,0.4821803569793701,0.3701368868350982,0.1596277058124542,-0.00959875,0.076740615,0.1067954078316688,0.4216064214706421,0.7918371558189392,0.8700539469718933,0,0
-3,102,0.6455093026161194,0.5058449506759644,0.4995881617069244,0.5666602253913879,0.6647235751152039,0.6493958830833435,0.7614039778709412,0.9654094576835632,1.036969542503357,0,0
-3,103,0.8127553462982178,0.6916649341583252,0.9078137278556824,1.1302164793014526,1.161372184753418,0.9670726656913756,0.974003255,0.9831438064575196,1.0095534324645996,0,0
-3,104,0.7925311923027039,0.7373819351196289,1.067655086517334,1.5317822694778442,1.5829730033874512,1.2238613367080688,1.053418755531311,0.9542739987373352,0.9836606979370116,0,0
-3,105,0.8021107316017151,0.6827716827392578,1.010050892829895,1.4995497465133667,1.6354910135269165,1.3602834939956665,1.1131442785263062,0.946007252,0.9794633388519288,0,0
-3,106,0.6262635588645935,0.4074641168117523,0.5518333315849304,0.8107468485832214,1.0702563524246216,1.0891999006271362,1.1156933307647705,1.0340029001235962,1.0435336828231812,0,0
-3,107,0.5269123315811157,0.257110983,0.3824914991855621,0.5882402062416077,0.8195701241493225,0.9653153419494628,1.1287134885787964,1.1534467935562134,1.1681506633758545,0,0
-3,108,0.5016502737998962,0.2767145335674286,0.3525524437427521,0.518857479,0.7280449271202087,0.9058583378791808,1.1368892192840576,1.1981474161148071,1.223446488380432,0,0
-3,110,0.5208207368850708,0.4258680343627929,0.497920424,0.6687518954277039,0.8007139563560486,0.9108930230140686,1.0314701795578003,1.0994794368743896,1.158072590827942,0,0
-3,111,0.4608761072158813,0.4694598615169525,0.6435498595237732,0.8540151119232178,1.0555100440979004,1.0978456735610962,1.0913063287734983,1.064571499824524,1.0729094743728638,0,0
-3,112,0.075298868,0.4099756181240082,0.7265564799308777,1.0424001216888428,1.2284351587295532,1.190648078918457,1.0374431610107422,0.9318644404411316,0.9104076027870178,0,0
-3,113,-0.121683888,0.4376297295093536,0.7590806484222412,1.0642145872116089,1.271898865699768,1.2335621118545532,1.0381274223327637,0.8905863761901855,0.8909538388252258,0,0
-3,114,-0.019085377,0.4129901826381683,0.709935725,1.1707128286361694,1.4830538034439087,1.3495768308639526,1.057815670967102,0.8767585754394531,0.9359962940216064,0,0
-3,115,0.5564088225364685,0.5893636345863342,0.8692500591278076,1.4799634218215942,1.9158278703689575,1.606013298034668,1.121900439,0.9634411334991456,1.039106011390686,0,0
-3,116,0.4991090297698974,0.5037580132484436,0.6723746657371521,0.9423559308052064,1.190022587776184,1.1398941278457642,0.944777787,0.8408083319664001,0.9396436810493468,0,0
-3,117,0.4071113765239715,0.3880963325500488,0.3980832099914551,0.3644971549510956,0.4692085683345794,0.6970487236976624,0.7629218697547913,0.8141034245491028,0.9496722221374512,0,0
-3,119,0.6556337475776672,0.6084344983100891,0.7005724906921387,0.9191336035728456,1.1600881814956665,1.110539793968201,0.9403045177459716,1.0086179971694946,1.0766984224319458,0,0
-3,120,0.6037213802337646,0.5704815983772278,0.5963775515556335,0.8511881232261658,1.139606237411499,1.243161678314209,1.0862599611282349,1.0977774858474731,1.1376805305480957,0,0
-3,121,0.6422433257102966,0.6486978530883789,0.621816099,0.7914177775382996,1.074494481086731,1.1803277730941772,0.9824541211128236,0.922346056,0.9492533802986144,0,0
-3,122,0.4521569311618805,0.6129123568534851,0.6281326413154602,0.7424425482749939,0.9048394560813904,0.969516098,0.7837924957275391,0.6747658252716064,0.7482388615608215,0,0
-3,126,0.5399211049079895,0.4231838881969452,0.3401379287242889,0.2632746994495392,0.2268343716859817,0.4581058323383331,0.6900230050086975,0.7039929032325745,0.7425005435943604,0,0
-3,127,0.5141800045967102,0.4133115708827972,0.3677504062652588,0.3310528993606567,0.4029602706432342,0.656919003,0.8163079619407654,0.7243673801422119,0.7292851805686951,0,0
-3,128,0.453845739,0.3173713684082031,0.2709397971630096,0.3124573826789856,0.4437958002090454,0.6676955819129944,0.8186704516410828,0.7161638736724854,0.7165977358818054,0,0
-3,129,0.457948774,0.3011493682861328,0.2553515434265136,0.2987298667430877,0.3914423882961273,0.5811507701873779,0.7179105281829834,0.6579459309577942,0.6691426634788513,0,0
-3,130,0.4571482837200165,0.379565954,0.3639982640743255,0.4532267153263092,0.5262863636016846,0.5938634872436523,0.6880469918251038,0.6322842836380005,0.6551780104637146,0,0
-3,131,0.4546653032302856,0.4085186719894409,0.3473104536533355,0.3051389157772064,0.228226826,0.3615294694900512,0.6179458498954773,0.649349034,0.6950269341468811,0,0
-3,132,0.2015369534492492,0.312153012,0.3518385589122772,0.3433186709880829,0.2410371452569961,0.3489424884319305,0.5790449976921082,0.6232207417488098,0.6725677847862244,0,0
-3,133,0.3849455118179321,0.4995622932910919,0.6272584199905396,0.7308546900749207,0.7033780217170715,0.6266132593154907,0.7304007411003113,0.7271904945373535,0.7630078196525574,0,0
-3,134,0.597294033,0.7013792395591736,0.8864441514015198,1.086964726448059,1.0416520833969116,0.765882671,0.7670349478721619,0.7580406069755554,0.7957643866539001,0,0
-3,135,0.4475385248661041,0.695353091,0.9273167252540588,1.057885766029358,0.9310114979743958,0.6458821892738342,0.6806344985961914,0.6339529752731323,0.5713545680046082,0,0
-3,136,0.4403175115585327,0.7063491344451904,0.9295644760131836,1.0253561735153198,0.8981451988220215,0.6400539875030518,0.7074163556098938,0.6655264496803284,0.6248974204063416,0,0
-3,137,0.3862074315547943,0.6171698570251465,0.8042075634002686,0.8571237921714783,0.7573609352111816,0.5973910689353943,0.6739593148231506,0.6848093867301941,0.6653282046318054,0,0
-3,138,0.3935235440731048,0.5923293232917786,0.7834118008613586,0.8371567726135254,0.7047395706176758,0.6318241953849792,0.6565826535224915,0.6171041131019592,0.5377179980278015,0,0
-3,139,0.4224320650100708,0.6119832992553711,0.795865536,0.8211336731910706,0.7001766562461853,0.6396381855010986,0.6433958411216736,0.5687509179115295,0.471221775,0,0
-3,140,0.4640306234359741,0.6814910769462585,0.8361144661903381,0.8061845898628235,0.7039191722869873,0.6088794469833374,0.596723735,0.4910527765750885,0.4078599214553833,0,0
-3,141,0.4654569327831268,0.6956564784049988,0.8522264361381531,0.8125808238983154,0.6933543086051941,0.5908426642417908,0.5794158577919006,0.4483149945735931,0.3607540428638458,0,0
-2,-76,0.6126438975334167,0.6859003901481628,0.8368698954582214,1.0846891403198242,1.3673418760299685,1.4460262060165403,1.761994481086731,2.44285512,2.4470903873443604,0,0
-2,-75,0.6341113448143005,0.7049849033355713,0.8414350152015686,1.1122756004333496,1.337721347808838,1.365849494934082,1.6846742630004885,2.346323251724243,2.404646158218384,0,0
-2,-74,0.6270885467529297,0.7162689566612244,0.8281915187835693,1.0772498846054075,1.2493852376937866,1.295651912689209,1.6051348447799685,2.2927064895629883,2.361551523208618,0,0
-2,-73,0.6130750775337219,0.7150422930717468,0.8180333971977234,1.0643867254257202,1.2520197629928589,1.3009575605392456,1.6286115646362305,2.314755678,2.397207498550415,0,0
-2,-72,0.5982467532157898,0.7160153388977051,0.8228938579559326,1.0741819143295288,1.255833387374878,1.321467399597168,1.665906310081482,2.318460702896118,2.349916934967041,0,0
-2,-71,0.5741223096847534,0.7081610560417175,0.8174158930778503,1.0679999589920044,1.2347193956375122,1.3431857824325562,1.6640430688858032,2.3435585498809814,2.285010338,0,0
-2,-70,0.5543656349182129,0.6998898386955261,0.830045223,1.080552101135254,1.2374759912490845,1.4160093069076538,1.7422356605529783,2.4700796604156494,2.3620574474334717,0,0
-2,-69,0.5437598824501038,0.7150917649269104,0.8690820336341858,1.1591919660568235,1.288359284,1.486748218536377,1.8830629587173464,2.756352424621582,2.6454339027404785,0,0
-2,-68,0.538811445,0.7305727601051331,0.9080753326416016,1.249881386756897,1.3187528848648071,1.4563125371932983,1.8802069425582888,2.7868473529815674,2.7552974224090576,0,0
-2,-67,0.545892596,0.7256605625152588,0.9176875948905944,1.3032814264297483,1.3673276901245115,1.4844622611999512,1.9039974212646484,2.831982374191284,2.820617437362671,0,0
-2,-66,0.5468140244483948,0.7093741297721863,0.8864112496376038,1.329538345336914,1.415541172027588,1.5146743059158323,1.997021198272705,2.979166269302368,2.957221269607544,0,0
-2,-65,0.5434345602989197,0.6810424327850342,0.8783836960792542,1.407789111,1.540414333343506,1.5998650789260864,2.1222400665283203,3.0995399951934814,3.0964460372924805,0,0
-2,-64,0.5381237864494324,0.6595700979232788,0.8365521430969238,1.406436324119568,1.585073471069336,1.645315647125244,2.168566942214966,3.181547164916992,3.225379705429077,0,0
-2,-63,0.5106423497200012,0.6250782608985901,0.7511157989501953,1.2835832834243774,1.5813746452331543,1.7113860845565796,2.2686047554016113,3.3501174449920654,3.4583117961883545,0,0
-2,-62,0.4828124046325683,0.584879458,0.6545702815055847,1.1208423376083374,1.530471920967102,1.7717899084091189,2.4656224250793457,3.5925140380859375,3.705737829208374,0,0
-2,-61,0.5005154609680176,0.6228516697883606,0.7020193934440613,1.1469780206680298,1.6166619062423706,1.9887007474899292,2.7320995330810547,3.893245697021485,3.974320650100708,0,0
-2,-60,0.5254420638084412,0.6710460782051086,0.744833231,1.164286971092224,1.678305745124817,2.2083938121795654,2.9566171169281006,4.075534820556641,4.175534725189209,0,0
-2,-59,0.5543968677520752,0.7060320377349854,0.7788292765617371,1.1474318504333496,1.6940919160842896,2.3890767097473145,3.206242561340332,4.3134565353393555,4.428600788116455,0,0
-2,-58,0.6529682278633118,0.8539171814918518,1.023582935333252,1.4242528676986694,1.9846338033676147,2.6592845916748047,3.433171033859253,4.4561076164245605,4.567669392,0,0
-2,-57,0.6533941626548767,0.8102197051048279,1.0059562921524048,1.440865397453308,1.9828624725341797,2.6028592586517334,3.352238416671753,4.287504673,4.471340179443359,0,0
-2,-56,0.7341687679290771,0.966873586,1.227486014,1.4189448356628418,1.869962215423584,2.341630697250366,3.0167694091796875,3.873002767562866,4.221869945526123,0,0
-2,-55,0.8422960638999939,1.090011715888977,1.1052234172821045,1.2115974426269531,1.583573818206787,1.851778507232666,2.3868677616119385,3.151003599,3.618708372116089,0,0
-2,-54,0.9466870427131652,1.191437602043152,1.2048572301864624,1.350872039794922,1.741836428642273,1.900429129600525,2.3897318840026855,3.1795167922973633,3.701455832,0,0
-2,-53,0.8689032196998596,1.004041553,0.9564618468284608,1.090246558189392,1.578764796257019,1.7107367515563965,2.1946537494659424,2.9384727478027344,3.476557493209839,0,0
-2,-52,0.7756709456443787,0.8569803237915039,0.8510882258415222,1.1505380868911743,1.7037254571914673,1.7198572158813477,2.0878286361694336,2.710137128829956,3.17779541,0,0
-2,-51,0.7569243907928467,0.8061098456382751,0.8078488707542419,1.122420310974121,1.5084611177444458,1.4264262914657593,1.801372528076172,2.387829542160034,2.8349883556365967,0,0
-2,-50,0.7289621233940125,0.7420892715454102,0.6378825306892395,0.863717794,1.234632134437561,1.1485716104507446,1.4958782196044922,1.9941511154174805,2.466757535934448,0,0
-2,-49,0.7394256591796875,0.7955943942070007,0.6865963935852051,0.8141934275627136,1.0639809370040894,0.9750770926475524,1.343330979347229,1.7886651754379272,2.2294368743896484,0,0
-2,-48,0.802208662,0.9213709235191344,0.8818172812461853,0.9943339824676514,1.0439056158065796,0.9198079705238342,1.300326943397522,1.7467708587646484,2.1629486083984375,0,0
-2,-47,0.7770040035247803,0.909329355,0.8844261765480042,0.849644661,0.8793472647666931,0.8429940342903137,1.1134458780288696,1.5289336442947388,1.946152687072754,0,0
-2,-46,0.6731479167938232,0.773999035,0.665221632,0.501691997,0.5821545124053955,0.6280501484870911,0.8365276455879211,1.2214142084121704,1.6229175329208374,0,0
-2,-45,0.701388419,0.7479366660118103,0.6369144916534424,0.4808313548564911,0.3768526315689087,0.4463216364383697,0.6066918969154358,0.9356548190116882,1.2997885942459106,0,0
-2,-44,0.5058481097221375,0.4696529805660248,0.3954695165157318,0.3456548154354095,0.2864703238010406,0.3361833989620209,0.402301937,0.545771599,0.8241996169090271,0,0
-2,-43,0.3625127971172333,0.350092739,0.3438497483730316,0.3182602226734161,0.252919465,0.3013924062252044,0.3632306158542633,0.5064379572868347,0.7560445666313171,0,0
-2,35,1.163915514945984,0.9903364777565002,0.988031566,1.2179380655288696,1.101140022277832,0.7011048197746277,0.6415334343910217,0.7131087183952332,0.9092869162559508,0,0
-2,36,0.6655214428901672,0.6563509106636047,0.7250856757164001,0.8786386847496033,0.8514180779457092,0.7029361724853516,0.5320138335227966,0.570469081,0.6400234699249268,0,0
-2,37,0.5524908900260925,0.7129073143005371,0.6997470855712891,0.8021153807640076,0.7412784099578857,0.7716538906097412,0.6578288674354553,0.5380398631095886,0.4632113873958587,0,0
-2,38,0.4786835610866546,0.6072454452514648,0.643735945,0.7651304602622986,0.6167429089546204,0.7528716921806335,0.7432205677032471,0.5856058,0.4390598833560943,0,0
-2,39,0.4408340752124786,0.6124656796455383,0.6930103898048401,0.80885911,0.4965300559997558,0.5583381056785583,0.536350429,0.3672862946987152,0.5093918442726135,0,0
-2,40,0.3144557178020477,0.5338398814201355,0.6312453746795654,0.7635366916656494,0.530261755,0.5266709923744202,0.4101668894290924,0.4064594805240631,0.7715608477592468,0,0
-2,41,0.3771046698093414,0.5721096396446228,0.6641256213188171,0.7769917845726013,0.6898469924926758,0.6549502611160278,0.5896384119987488,0.7929499745368958,1.1730636358261108,0,0
-2,42,0.4683336317539215,0.6652962565422058,0.7650978565216064,0.8799059987068176,0.8875060081481934,0.8638617396354675,0.8307235240936279,1.1015583276748655,1.405826210975647,0,0
-2,99,0.3848744928836822,0.3928777277469635,0.1073831915855407,-0.101394378,-0.059467856,-0.059052784,0.3347655534744262,0.6966457366943359,0.8278657793998718,0,0
-2,100,0.4485774934291839,0.4475220143795013,0.197543517,0.044233743,0.079559647,0.049956817,0.3583924472332001,0.6956828236579895,0.8353610634803772,0,0
-2,101,0.5707595348358154,0.5154640078544617,0.5142485499382019,0.5346199870109558,0.5407271385192871,0.5236726403236389,0.6754209995269775,0.9282260537147522,1.0417799949645996,0,0
-2,102,0.6586878895759583,0.5884600877761841,0.8033497929573059,0.847286046,0.7593843936920166,0.6986370086669922,0.822802722,0.9317415356636048,1.0258573293685913,0,0
-2,103,0.7702974677085876,0.7061935067176819,0.9612446427345276,1.1368063688278198,1.059599995613098,0.8670603632926941,0.9161342978477478,0.923099935,1.005567431,0,0
-2,104,0.8168108463287354,0.7595041394233704,1.0317057371139526,1.3654152154922483,1.3198117017745972,1.0359563827514648,0.977661133,0.9227110743522644,1.0233372449874878,0,0
-2,105,0.704890788,0.6345476508140564,0.8896086812019348,1.2474000453948977,1.3177847862243652,1.057668924331665,0.9983544945716858,0.9439603686332704,1.0166932344436646,0,0
-2,106,0.6175208687782288,0.499404639,0.7052748203277588,0.959240198,1.1218688488006592,1.032617211341858,1.0546307563781738,1.0189875364303589,1.0592364072799685,0,0
-2,109,0.6049461960792542,0.5195517539978027,0.5586041808128357,0.7212316393852234,0.825822651,0.8724313378334045,1.0245410203933716,1.1448909044265747,1.1772282123565674,0,0
-2,110,0.6280658841133118,0.6615609526634216,0.8816540837287903,1.1775048971176147,1.248564600944519,1.0085629224777222,0.9883782863616944,1.0256668329238892,1.0516520738601685,0,0
-2,111,0.4779880940914154,0.5418744683265686,0.906282127,1.441856861114502,1.5466283559799194,1.0207456350326538,0.8650380969047546,0.8492075800895691,0.8474586606025696,0,0
-2,112,0.7115888595581055,0.7596316933631897,1.207985520362854,1.8705263137817385,1.914824604988098,1.296995997428894,1.127232551574707,1.049539566040039,1.0873738527297974,0,0
-2,113,0.6654862761497498,0.7288406491279602,1.125696301460266,1.7276705503463743,1.7829060554504397,1.2236145734786987,1.0081700086593628,0.9057881832122804,0.9884044528007508,0,0
-2,114,0.6652894616127014,0.7065951228141785,1.053485870361328,1.707846999168396,1.9276498556137085,1.3593398332595823,1.0267847776412964,0.897379458,1.019418478012085,0,0
-2,115,0.6250331997871399,0.6758766770362854,0.9622711539268494,1.5415626764297483,1.8417500257492063,1.2748934030532837,0.9515917897224426,0.8892673850059509,1.0498861074447632,0,0
-2,116,0.548504651,0.6264870166778564,0.8460991978645325,1.2420053482055664,1.4994643926620483,1.1649630069732666,0.8709497451782227,0.8323736190795898,1.0182243585586548,0,0
-2,117,0.4860240221023559,0.5151677131652832,0.5929654240608215,0.6588788628578186,0.713275671,0.7533454895019531,0.7249632477760315,0.7966546416282654,0.9822185635566713,0,0
-2,119,0.7054517865180969,0.6751635670661926,0.7482318878173828,0.8954629898071289,0.942761242,0.8471846580505371,0.8137479424476624,0.8899545073509216,1.034196853637695,0,0
-2,120,0.7271125316619873,0.7165769934654236,0.7800331115722656,0.975602388,1.0506983995437622,0.9768558144569396,0.8994646072387695,0.9895996451377868,1.1185190677642822,0,0
-2,121,0.5622681975364685,0.6046858429908752,0.6505628228187561,0.8416182398796082,0.9705678820610046,0.9092572331428528,0.7716373801231384,0.7586262226104736,0.8291621208190918,0,0
-2,122,0.4009919464588165,0.5431656241416931,0.4820965230464935,0.5021520256996155,0.5021179914474487,0.6079134941101074,0.6754875183105469,0.6900413036346436,0.809928834,0,0
-2,123,0.3603851497173309,0.4737758934497833,0.375417948,0.2816835343837738,0.2059516161680221,0.3578686416149139,0.5773041844367981,0.618911088,0.7237474918365479,0,0
-2,124,0.4800313711166382,0.4404331743717193,0.2990473806858063,0.1577733904123306,0.081537306,0.3186329305171966,0.5788254141807556,0.6031592488288879,0.6485546231269836,0,0
-2,125,0.4664040505886078,0.4300483167171478,0.3107134401798248,0.2268164753913879,0.193696916,0.4355202913284302,0.625220776,0.6175025701522827,0.6440203189849854,0,0
-2,126,0.5203006863594055,0.4617931842803955,0.3855302333831787,0.3551503121852875,0.3347582817077636,0.512935221,0.6693263649940491,0.6154273748397827,0.6345319151878357,0,0
-2,127,0.51298511,0.4333493411540985,0.3207069635391235,0.2616865038871765,0.2726535499095917,0.5154094099998474,0.6555277705192566,0.6137158274650574,0.6457700729370117,0,0
-2,128,0.5031866431236267,0.4341457188129425,0.3684873878955841,0.370295376,0.3990152180194855,0.5903990864753723,0.6762769222259521,0.6367446184158325,0.6376771330833435,0,0
-2,130,0.4609549045562744,0.4239692986011505,0.4431699514389038,0.5242435336112976,0.5465423464775085,0.6288648247718811,0.6385155320167542,0.5914615988731384,0.6173877120018005,0,0
-2,132,0.1986927539110183,0.3594519793987274,0.481334925,0.5834599137306213,0.5790324211120605,0.5780120491981506,0.6917559504508972,0.735936701,0.8194122314453125,0,0
-2,133,0.2449722290039062,0.4675119817256927,0.6936554908752441,0.8488709330558777,0.8443025946617126,0.6932694315910339,0.7385572791099548,0.7377011179924011,0.8192856907844543,0,0
-2,134,0.4500917196273803,0.6016784310340881,0.8169841766357422,0.9740979075431824,0.9375297427177428,0.6539746522903442,0.6909754276275635,0.6348447203636169,0.6860220432281494,0,0
-2,136,0.4402775764465332,0.7765085697174072,0.9451854228973388,0.9576990008354188,0.7947108149528503,0.5719566941261292,0.5281081199645996,0.388955683,0.3080901205539703,0,0
-2,137,0.4725531637668609,0.7648382186889648,0.9575220942497252,0.9714654088020324,0.8072187900543213,0.5659411549568176,0.5235491991043091,0.3846147060394287,0.2606962919235229,0,0
-2,138,0.4774377048015594,0.705447257,0.8861914277076721,0.9001924395561218,0.7389726042747498,0.5719947218894958,0.5313988327980042,0.3874361217021942,0.2754811942577362,0,0
-2,139,0.5094714760780334,0.6819491982460022,0.830960751,0.788477898,0.6615545153617859,0.5590319633483887,0.515776515,0.3459998667240143,0.2611226439476013,0,0
-2,140,0.5422324538230896,0.6983190178871155,0.7954995632171631,0.7132324576377869,0.5709862112998962,0.4989238679409027,0.4787049293518066,0.3079335689544678,0.2422247529029846,0,0
-2,141,0.5395006537437439,0.6775563359260559,0.7246720194816589,0.6354561448097229,0.5152081847190857,0.4816199243068695,0.4683131277561188,0.3319139778614044,0.2737643420696258,0,0
-1,-76,0.5816174745559692,0.6989154815673828,0.8964053988456726,1.1690868139266968,1.3619760274887085,1.3175983428955078,1.5963611602783203,2.2930593490600586,2.434943914413452,0,0
-1,-75,0.6216335892677307,0.7228845953941345,0.8597745895385742,1.1161619424819946,1.324432373046875,1.3127883672714231,1.5704622268676758,2.1850531101226807,2.2492194175720215,0,0
-1,-74,0.6086856722831726,0.7348384261131287,0.8463518619537354,1.0808342695236206,1.265821338,1.2750990390777588,1.5048373937606812,2.0538387298583984,2.096379041671753,0,0
-1,-73,0.6000481247901917,0.7376422882080078,0.8200823664665222,1.0659183263778689,1.255799412727356,1.297634243965149,1.5862102508544922,2.1821889877319336,2.2072694301605225,0,0
-1,-72,0.5841483473777771,0.7359404563903809,0.8286104798316956,1.0672733783721924,1.2436565160751345,1.3209213018417358,1.6064153909683228,2.283694267272949,2.260642766952514,0,0
-1,-71,0.562292218,0.725439727,0.8342464566230774,1.0722204446792605,1.247341513633728,1.338676095,1.5872278213500977,2.290493011,2.252105474472046,0,0
-1,-70,0.5486859679222107,0.7182514071464539,0.8481050133705139,1.0798330307006836,1.2117551565170288,1.394610882,1.7041807174682615,2.424624205,2.3726165294647217,0,0
-1,-69,0.5300690531730652,0.7209961414337158,0.8655741810798645,1.1597402095794678,1.331053614616394,1.4848909378051758,1.8479379415512085,2.7454307079315186,2.7346420288085938,0,0
-1,-68,0.5318827629089355,0.7214910387992859,0.8872347474098206,1.2054064273834229,1.2821277379989624,1.3843132257461548,1.7162319421768188,2.620466947555542,2.6406614780426025,0,0
-1,-67,0.5581039786338806,0.7231690883636475,0.9040157794952391,1.2809252738952637,1.3554946184158323,1.427529215812683,1.8039096593856812,2.7103335857391357,2.757810354232788,0,0
-1,-66,0.5830726027488708,0.7185378670692444,0.9031947255134584,1.378641128540039,1.4525865316390991,1.5074676275253296,1.9700374603271484,2.9024364948272705,2.9029247760772705,0,0
-1,-65,0.5903818607330322,0.6949257254600525,0.899363101,1.4230008125305176,1.5529561042785645,1.6047629117965698,2.169619560241699,3.1338183879852295,3.0870559215545654,0,0
-1,-64,0.5593374371528625,0.654132605,0.8263041377067566,1.3609275817871094,1.5732563734054563,1.6701942682266235,2.2865424156188965,3.2619168758392334,3.2238333225250244,0,0
-1,-63,0.5233392715454102,0.6119875311851501,0.7333148121833801,1.2559760808944702,1.547130107879639,1.7078615427017212,2.465437173843384,3.488321304321289,3.499546766281128,0,0
-1,-62,0.5070828795433044,0.5779441595077515,0.6871235966682434,1.2376513481140137,1.6103945970535278,1.9199132919311523,2.757205009460449,3.860360145568848,3.817283391952514,0,0
-1,-61,0.5151107311248779,0.612544835,0.6872665882110596,1.180660605430603,1.6377005577087402,1.9749823808670044,2.737973928451538,3.906844378,3.983240365982056,0,0
-1,-60,0.5366524457931519,0.654148281,0.704135001,1.1239389181137085,1.5992512702941897,2.1003096103668213,2.919825792312622,4.034432888031006,4.1693878173828125,0,0
-1,-59,0.6013250946998596,0.7107334136962891,0.7729371190071106,1.1863374710083008,1.7207764387130735,2.356068849563598,3.209221601486206,4.258677959442139,4.3848958015441895,0,0
-1,-58,0.6615169644355774,0.7589581608772278,0.9626569747924804,1.379863142967224,1.887256145477295,2.5339088439941406,3.374142885,4.3259758949279785,4.508722782,0,0
-1,-57,0.7270365357398987,0.8498684763908386,1.0628230571746826,1.424766182899475,1.9966535568237305,2.6425633430480957,3.3898561000823975,4.247646331787109,4.506523609161377,0,0
-1,-56,0.7756300568580627,0.8987516760826111,1.1606115102767944,1.5442156791687012,2.0230557918548584,2.549802780151367,3.2234134674072266,4.0742340087890625,4.450499057769775,0,0
-1,-55,0.8563525676727295,1.0671041011810305,1.4811474084854126,1.885809302330017,2.129524946212769,2.2031009197235107,2.709648370742798,3.558779478,4.072364807128906,0,0
-1,-54,0.9683460593223572,1.1077619791030884,1.323364019393921,1.7235816717147827,2.1029508113861084,2.0335676670074463,2.383240222930908,3.160682678222656,3.735674142837525,0,0
-1,-53,0.8032300472259521,0.9450708031654358,1.084924817085266,1.2479802370071411,1.5439859628677368,1.445308804512024,1.833412528038025,2.657850980758667,3.3226749897003174,0,0
-1,-52,0.8336129188537598,0.8671274781227112,0.8697778582572937,1.012433409690857,1.3779449462890625,1.2158106565475464,1.4879136085510254,2.178957701,2.811464309692383,0,0
-1,-51,0.7750709056854248,0.7713389992713928,0.7282509803771973,0.8888139724731445,1.092779517173767,0.8683807849884033,1.159848452,1.7381831407546997,2.3024418354034424,0,0
-1,-50,0.7493460774421692,0.7563686370849609,0.6847517490386963,0.8056034445762634,0.9035630822181702,0.710316002,1.0337762832641602,1.546954632,2.0739595890045166,0,0
-1,-49,0.710500956,0.7352654337882996,0.667292058,0.7900113463401794,0.8127179145812988,0.5845757126808167,0.792532206,1.154762625694275,1.6305488348007202,0,0
-1,-48,0.7226688265800476,0.746279776,0.643024743,0.6763427257537842,0.6428788304328918,0.5170890092849731,0.7491428256034851,1.0574864149093628,1.486956000328064,0,0
-1,-47,0.6143894195556641,0.6124044060707092,0.5244792699813843,0.4415000379085541,0.3866031467914581,0.3756405115127563,0.5609891414642334,0.8483726978302002,1.2430448532104492,0,0
-1,-46,0.6023399233818054,0.5789967179298401,0.5212228894233704,0.4409819841384887,0.3565983772277832,0.3188782036304474,0.4070319831371307,0.6063823103904724,0.9413829445838928,0,0
-1,-45,0.5086683630943298,0.4527355432510376,0.4035076200962066,0.3331350088119507,0.2300756126642227,0.2404871731996536,0.2967030704021454,0.4429694712162018,0.7267507910728455,0,0
-1,34,0.8165566921234131,0.6831228733062744,0.7350065112113953,1.0266932249069214,0.8622016310691833,0.4083509445190429,0.443114311,0.4746797084808349,0.6210657954216003,0,0
-1,35,1.1825305223464966,0.9238012433052064,0.9118570685386658,1.3351608514785769,1.186549186706543,0.6526845693588257,0.6146275997161865,0.6053728461265564,0.6956270337104797,0,0
-1,36,0.5908849835395813,0.6341538429260254,0.6900988221168518,1.0425622463226318,0.9559338688850404,0.8148400187492371,0.7510125041007996,0.6516918540000916,0.5700340270996094,0,0
-1,37,0.5978830456733704,0.7565930485725403,0.8304400444030762,1.008994698524475,0.77654314,0.8040499687194824,0.7632426619529724,0.6456266045570374,0.4908637702465057,0,0
-1,38,0.4903386533260345,0.6133851408958435,0.6528674960136414,0.8041958212852478,0.575349748,0.7483742833137512,0.7606124877929688,0.6270413994789124,0.516639233,0,0
-1,39,0.4647772312164306,0.6484230756759644,0.718653679,0.8096255660057068,0.4427478611469269,0.5506933927536011,0.5332604050636292,0.4142437875270843,0.5672581791877747,0,0
-1,40,0.3079783618450165,0.5539569854736328,0.6620121002197266,0.8041861057281494,0.3621950149536133,0.4073414802551269,0.3539673388004303,0.3984321653842926,0.7467827200889587,0,0
-1,41,0.3529271185398102,0.5663765072822571,0.6666141748428345,0.8138057589530945,0.4396617114543915,0.4458833932876587,0.3330434262752533,0.4946971833705902,0.9441273808479308,0,0
-1,98,0.3961976766586303,0.4634146690368652,0.22112684,0.024770582,0.02116096,0.051775824,0.3672395944595337,0.69222784,0.791072428,0,0
-1,99,0.4485680162906647,0.505206823,0.289268821,0.1425615549087524,0.147221103,0.1453080028295517,0.4185129106044769,0.7299244403839111,0.8497307896614075,0,0
-1,100,0.4718778133392334,0.5242670774459839,0.403379887,0.3071790933609009,0.2985685467720032,0.2885538637638092,0.5076753497123718,0.8242533206939697,0.9597523808479308,0,0
-1,101,0.599533737,0.6231510639190674,0.7746793627738953,0.7728297710418701,0.6306349039077759,0.6219099164009094,0.7961506247520447,0.931266725,1.0487972497940063,0,0
-1,102,0.6539765000343323,0.5993329882621765,0.8732480406761169,0.9084596037864684,0.732565165,0.6644107699394226,0.8432390689849854,0.9366629719734192,1.054665446281433,0,0
-1,103,0.7648352980613708,0.6473696231842041,0.9098166823387146,1.0793943405151367,0.9945148825645448,0.8601170182228088,0.9336659908294678,0.8989336490631104,1.0286253690719604,0,0
-1,104,0.6556362509727478,0.6312410831451416,0.8697614073753357,1.1185909509658811,1.0906275510787964,0.8949486613273621,0.9381013512611388,0.9045212864875792,1.042056679725647,0,0
-1,105,0.5589136481285095,0.5435795783996582,0.7264130115509033,0.9679202437400818,0.9960682988166808,0.8660111427307129,0.9857410788536072,1.0489474534988403,1.1282861232757568,0,0
-1,109,0.6714879870414734,0.6667940616607666,0.7745397090911865,0.929943621,0.9243371486663818,0.842238724,0.9633958339691162,1.076812982559204,1.0869022607803345,0,0
-1,110,0.684211254,0.707491398,1.0396322011947632,1.5009106397628784,1.306790471076965,0.9310349822044371,0.9330890774726868,0.989694893,0.988858402,0,0
-1,111,0.6676645278930664,0.688850462,1.0322648286819458,1.5418548583984375,1.3140827417373655,0.9128825664520264,0.9328389763832092,0.9826026558876038,0.997089386,0,0
-1,112,0.6650963425636292,0.7151681780815125,1.0181692838668823,1.4983490705490112,1.2636810541152954,0.8989510536193848,0.8987467885017395,0.94251734,1.002070069313049,0,0
-1,113,0.6088626980781555,0.6506726145744324,0.9629929065704346,1.4578523635864258,1.265703558921814,0.9242253303527832,0.8897756934165955,0.9224958419799804,1.027708649635315,0,0
-1,114,0.6022233963012695,0.6420933604240417,0.9747232794761658,1.498408317565918,1.3691824674606323,0.999324381,0.8959383368492126,0.9255961775779724,1.0920329093933103,0,0
-1,115,0.6190949082374573,0.6860020756721497,1.0067583322525024,1.553760647773743,1.4355577230453491,0.9905669689178468,0.8266735672950745,0.9030445218086244,1.111481785774231,0,0
-1,116,0.587090254,0.7493149638175964,1.0053644180297852,1.4056624174118042,1.4165340662002563,1.0264323949813845,0.7718651294708252,0.8770990371704102,1.1108126640319824,0,0
-1,117,0.6053674817085266,0.7394526600837708,0.9046270251274108,1.1111952066421509,1.0731728076934814,0.8756824135780334,0.7086763381958008,0.8402588963508606,1.0855249166488647,0,0
-1,118,0.5682979226112366,0.6399447917938232,0.6893846392631531,0.695338786,0.6855353713035583,0.7201039791107178,0.6784935593605042,0.8040778636932373,1.0052132606506348,0,0
-1,119,0.7012839317321777,0.7067540287971497,0.7676205635070801,0.7947372794151306,0.749912679,0.7206315398216248,0.6968235373497009,0.784876287,0.958391249,0,0
-1,120,0.7061748504638672,0.8049494624137878,0.9167685508728028,1.045091748,0.9243898391723632,0.7838457226753235,0.6976416110992432,0.7362565994262695,0.8880307674407959,0,0
-1,121,0.5321850180625916,0.6970108151435852,0.7508976459503174,0.9056203961372375,0.8978421092033386,0.8076560497283936,0.6839995384216309,0.6803369522094727,0.856359065,0,0
-1,122,0.2808507680892944,0.4956870377063751,0.5094069242477417,0.6071668267250061,0.6989040374755859,0.7475202679634094,0.6546124815940857,0.6596117615699768,0.7958183288574219,0,0
-1,123,0.3325492143630981,0.5028455257415771,0.5189293026924133,0.5370634198188782,0.5347908735275269,0.6696832776069641,0.6407491564750671,0.6645658612251282,0.7678048610687256,0,0
-1,124,0.5098330974578857,0.4997940063476562,0.3622893989086151,0.2325411438941955,0.1866854429244995,0.4414011240005493,0.6205363869667053,0.6391187310218811,0.6895708441734314,0,0
-1,127,0.5330407619476318,0.4651800692081451,0.3899163007736206,0.3641627728939056,0.360553116,0.5267971158027649,0.6053422689437866,0.5806095004081726,0.6415792107582092,0,0
-1,128,0.5463225841522217,0.4929587841033935,0.4719805717468261,0.5130837559700012,0.5086202025413513,0.6111582517623901,0.6302878260612488,0.6047011017799377,0.616078258,0,0
-1,130,0.5322355628013611,0.5024561285972595,0.4980098009109497,0.5419417023658752,0.5313491225242615,0.6091980338096619,0.6083300709724426,0.5846081972122192,0.6011613011360168,0,0
-1,131,0.4923117458820343,0.4839352071285248,0.565310001,0.6581483483314514,0.6952543258666992,0.6720357537269592,0.6842359900474548,0.6595239043235779,0.6717604994773865,0,0
-1,132,0.5568661093711853,0.5192564129829407,0.627280056,0.8154199719429016,0.8887484669685364,0.7147634625434875,0.7168013453483582,0.696323812,0.738536537,0,0
-1,133,0.5346270203590393,0.5320086479187012,0.6739401817321777,0.8697469234466553,0.9284008145332336,0.6793291568756104,0.7197900414466858,0.694464922,0.7341184616088867,0,0
-1,134,0.6462151408195496,0.748129666,0.9095258712768556,1.023406982421875,0.9483461976051332,0.6504471302032471,0.6281619071960449,0.5006559491157532,0.4378571510314941,0,0
-1,135,0.572265625,0.7136955857276917,0.8561596870422363,0.8982188701629639,0.7438876628875732,0.5124861001968384,0.4490726888179779,0.303444505,0.2295267134904861,0,0
-1,136,0.6328023076057434,0.7784013152122498,0.9299703240394592,0.937556267,0.7708672881126404,0.5439915657043457,0.4798454344272613,0.3250376880168915,0.2273861765861511,0,0
-1,138,0.6001048684120178,0.7671093940734863,0.8580269813537598,0.826828659,0.6981744170188904,0.5220522284507751,0.4914434850215912,0.3395124673843384,0.2743439972400665,0,0
0,-77,0.6628533005714417,0.8442597389221191,1.051081657409668,1.190249800682068,1.3274232149124146,1.3208553791046145,1.5939596891403198,2.3371047973632812,2.481229066848755,0,0
0,-76,0.6289286017417908,0.7903607487678528,0.9805980324745178,1.1619027853012085,1.2884057760238647,1.2572612762451172,1.5249472856521606,2.2346599102020264,2.3598973751068115,0,0
0,-75,0.651094913,0.7983213067054749,0.9246705174446106,1.1350526809692385,1.3215962648391724,1.3127659559249878,1.5371288061141968,2.101001501083374,2.177983522415161,0,0
0,-74,0.6274592280387878,0.7839711308479309,0.8741676211357117,1.0909348726272583,1.2698960304260254,1.2851539850234983,1.5164586305618286,2.002467632293701,2.0011634826660156,0,0
0,-71,0.5731514096260071,0.7510189414024353,0.8313837647438049,1.0748486518859863,1.2330366373062134,1.3196109533309937,1.6030158996582031,2.345562219619751,2.367704153060913,0,0
0,-70,0.5554731488227844,0.7510583996772766,0.8554320335388184,1.0796388387680054,1.246425747871399,1.3897690773010254,1.6830483675003052,2.5053939819335938,2.5658388137817383,0,0
0,-69,0.5397100448608398,0.7512373328208923,0.8725202679634094,1.1246905326843262,1.2664076089859009,1.3914397954940796,1.7166365385055542,2.606827974319458,2.6684043407440186,0,0
0,-68,0.5524407625198364,0.7445340156555176,0.8888182640075684,1.1587445735931396,1.257874608039856,1.367578148841858,1.6764808893203735,2.552788019180298,2.6116178035736084,0,0
0,-67,0.5765984654426575,0.7330132126808167,0.8956316113471985,1.2302929162979126,1.3153128623962402,1.3915539979934692,1.7959613800048828,2.7104508876800537,2.7415618896484375,0,0
0,-66,0.624501646,0.7506094574928284,0.9104577898979188,1.3123849630355835,1.3748191595077517,1.4717367887496948,2.014704942703247,2.9539573192596436,2.9721462726593018,0,0
0,-65,0.6570838093757629,0.7566004395484924,0.9455041289329528,1.443982481956482,1.5917177200317385,1.6670678853988647,2.306009292602539,3.3123979568481445,3.2603752613067627,0,0
0,-64,0.6413863301277161,0.7372503876686096,0.9184038639068604,1.4545973539352417,1.718697190284729,1.921552300453186,2.732754945755005,3.724685668945313,3.5913941860198975,0,0
0,-63,0.5946606993675232,0.6586930751800537,0.7880954146385193,1.366291046142578,1.662117838859558,1.9066158533096311,2.8368256092071533,3.9404685497283936,3.883776903152466,0,0
0,-62,0.5998406410217285,0.671895444,0.7821187973022461,1.3853787183761597,1.6809555292129517,1.918320655822754,2.8234195709228516,3.979492425918579,4.0490641593933105,0,0
0,-61,0.6025704741477966,0.6837019920349121,0.7885680794715881,1.3149155378341677,1.653824806213379,1.941477895,2.7256534099578857,3.8041019439697266,4.013518333435059,0,0
0,-60,0.6085262894630432,0.6956562995910645,0.8024210929870605,1.233513116836548,1.6064544916152954,2.0350325107574463,2.8997983932495117,3.945859909057617,4.192145824432373,0,0
0,-59,0.6312045454978943,0.695057213,0.8119171261787415,1.2679049968719482,1.6940921545028689,2.3256547451019287,3.213890314102173,4.184864044189453,4.420648097991943,0,0
0,-58,0.6905059814453125,0.7950871586799622,0.9993368983268738,1.4177111387252808,1.906050205230713,2.5267903804779053,3.354273557662964,4.236297130584717,4.502385616,0,0
0,-57,0.7497891783714294,0.896507978,1.1399182081222534,1.5555607080459597,2.0751168727874756,2.6767122745513916,3.3495705127716064,4.178787708282471,4.524415493011475,0,0
0,-56,0.7491212487220764,0.949135125,1.288335919380188,1.6967183351516724,2.1790897846221924,2.6213624477386475,3.1601669788360596,3.960724115371704,4.423285961151123,0,0
0,-54,0.9001831412315369,1.113803744316101,1.5247788429260254,1.8748496770858765,1.9852313995361328,1.708414077758789,2.113405704498291,3.0676000118255615,3.800900698,0,0
0,-53,0.8535313606262207,0.982018769,1.2638533115386963,1.5739916563034058,1.615618348121643,1.3316915035247805,1.6891026496887207,2.578838586807251,3.291796922683716,0,0
0,-52,0.7839636206626892,0.8413028717041016,0.9217541217803956,1.0047982931137085,1.1754634380340576,1.0389169454574585,1.2915996313095093,2.019338846206665,2.6439313888549805,0,0
0,-51,0.6462854743003845,0.6335597634315491,0.6863366961479187,0.8954620361328125,0.9462919235229492,0.6377156376838684,0.8169324398040771,1.3773800134658811,1.9243011474609375,0,0
0,-50,0.5989269018173218,0.5952121615409851,0.539000392,0.5473755,0.6110474467277527,0.4614478647708893,0.6260311603546143,0.992850125,1.438192367553711,0,0
0,-49,0.5136579275131226,0.5306668877601624,0.4608486592769623,0.4874599874019623,0.4615232646465301,0.3665684759616852,0.4724894762039184,0.6703340411186218,1.016260266304016,0,0
0,-48,0.5064841508865356,0.4850486516952514,0.4076403677463531,0.4150013625621795,0.3453415334224701,0.3013448119163513,0.3767445087432861,0.4979629218578338,0.7659800052642822,0,0
0,34,1.220378279685974,0.9826415181159972,1.0207315683364868,1.297944188117981,0.9815886616706848,0.4489938914775848,0.4522832632064819,0.4516596794128418,0.5628630518913269,0,0
0,35,1.4515239000320437,1.234894633293152,1.3163076639175415,1.770188331604004,1.4976054430007937,0.7440423965454102,0.6733261942863464,0.6315460801124573,0.7336123585700989,0,0
0,36,0.7641280293464661,0.7852646708488464,0.8911711573600769,1.3636757135391235,1.1065152883529663,0.8002421259880066,0.7713608741760254,0.7209269404411316,0.6842946410179138,0,0
0,37,0.5026960372924805,0.6861057877540588,0.809398353,1.1059468984603882,0.7717280387878418,0.7638733983039856,0.7790009379386902,0.6928393840789795,0.6531631350517273,0,0
0,38,0.5143970251083374,0.6771606802940369,0.7195329070091248,0.847061813,0.4885859787464142,0.6329624056816101,0.645546556,0.4713641107082367,0.4358707964420318,0,0
0,39,0.5138729810714722,0.7037593722343445,0.7544711232185364,0.8311338424682617,0.4252598285675049,0.542895496,0.5498091578483582,0.5453727841377258,0.7578848004341125,0,0
0,40,0.3538002669811249,0.6087443232536316,0.7105327248573303,0.8370558619499207,0.3060493469238281,0.3810964524745941,0.3158780634403229,0.4785183668136596,0.7945782542228699,0,0
0,41,0.3866420090198517,0.6112090349197388,0.7249887585639954,0.8544175028800964,0.2463835030794143,0.3534648418426513,0.243381992,0.5459699630737305,0.9112229347229004,0,0
0,98,0.4700168073177337,0.5224825739860535,0.3572582006454468,0.1881636828184127,0.166004404,0.1936248540878296,0.3839415311813354,0.6943759322166443,0.7944583296775818,0,0
0,99,0.4964103698730469,0.5662974715232849,0.4483595788478851,0.299904466,0.2656071484088897,0.2946904003620147,0.4751689732074737,0.7888202667236328,0.9180838465690612,0,0
0,100,0.559231699,0.6150069832801819,0.6143974661827087,0.5516533255577087,0.5013135075569153,0.5378294587135315,0.7244787812232971,0.976024091,1.0899924039840698,0,0
0,101,0.6252343058586121,0.6452114582061768,0.8427619934082031,0.7853059768676758,0.5625109672546387,0.5882035493850708,0.8064430356025696,0.9379024505615234,1.0703519582748413,0,0
0,102,0.5697633624076843,0.5985844135284424,0.8284447193145752,0.8560705184936523,0.649559736,0.6253015398979187,0.8041707873344421,0.9116663336753844,1.0565088987350464,0,0
0,103,0.4624810516834259,0.565170944,0.7851271629333496,0.910341501,0.8120379447937012,0.7368810772895813,0.805292547,0.8072612285614014,0.9298496246337892,0,0
0,104,0.2723730504512787,0.5109092593193054,0.7263481020927429,0.9130905270576476,0.8799178004264832,0.8113893866539001,0.9075084328651428,0.9111142754554749,1.0820773839950562,0,0
0,105,0.5832934975624084,0.4580586850643158,0.5954602360725403,0.7786850929260254,0.7954263091087341,0.8090831637382507,0.9883835315704346,1.123882293701172,1.2298592329025269,0,0
0,109,0.7038843035697937,0.6835010051727295,0.884995162,1.0510362386703491,0.8962128758430481,0.8119922280311584,0.9111811518669128,1.0228937864303589,1.038451910018921,0,0
0,110,0.7744547724723816,0.742249072,1.0817612409591677,1.4311155080795288,1.0446940660476685,0.8430761694908142,0.9009513854980468,0.9835336208343506,0.9907894134521484,0,0
0,111,0.8066768646240234,0.8134055137634277,1.156751036643982,1.466652274131775,0.9717852473258972,0.7995448708534241,0.8943656086921692,0.9865038990974426,1.0057190656661987,0,0
0,112,0.8310734629631042,0.8268669247627258,1.0916234254837036,1.3882474899291992,0.93226105,0.7852863669395447,0.866939366,0.987795889,1.0556713342666626,0,0
0,113,0.6209262013435364,0.5911402106285095,0.8487198948860168,1.1801255941390991,0.9016566276550292,0.8171282410621643,0.880763054,1.034995198249817,1.154271960258484,0,0
0,114,0.5590623021125793,0.5292560458183289,0.7758757472038269,1.1014128923416138,0.9064993858337402,0.838784933,0.8780152201652527,1.0216575860977173,1.1934212446212769,0,0
0,115,0.5493190884590149,0.5616869330406189,0.8103024363517761,1.1558245420455933,0.9589561820030212,0.8482020497322083,0.833440363,0.9770343899726868,1.1744074821472168,0,0
0,116,0.5795463919639587,0.6853930950164795,0.9358964562416076,1.2708438634872437,1.090419888496399,0.8860742449760437,0.7834262251853943,0.958019495,1.180522918701172,0,0
0,117,0.6846006512641907,0.8276118636131287,1.0772947072982788,1.3765071630477903,1.2427440881729126,0.9396893382072448,0.7464600205421448,0.9267401099205016,1.176253080368042,0,0
0,118,0.6176000237464905,0.705108106,0.8320005536079407,0.8622064590454102,0.7543959021568298,0.7465232014656067,0.6809749603271484,0.806938112,1.0165228843688965,0,0
0,120,0.5631001591682434,0.6968408226966858,0.844959557,0.9646304249763488,0.8440617918968201,0.7110430598258972,0.6588001847267151,0.7244658470153809,0.9351062774658204,0,0
0,121,0.4368417263031006,0.6847134232521057,0.8035324215888977,0.926303208,0.8486668467521667,0.7522000670433044,0.6373870372772217,0.6951870322227478,0.9151554703712464,0,0
0,122,0.3803008794784546,0.619412363,0.7072875499725342,0.7809309363365173,0.7765329480171204,0.7449778914451599,0.651994526,0.6872592568397522,0.8468802571296692,0,0
0,123,0.4312603175640106,0.590258777,0.5971154570579529,0.5719223618507385,0.5696331858634949,0.6396270394325256,0.6527726054191589,0.6773645877838135,0.8167702555656433,0,0
0,124,0.5530099272727966,0.5729616284370422,0.5008553862571716,0.4097789824008941,0.3889644145965576,0.5483849048614502,0.6410418152809143,0.6523138880729675,0.7372298836708069,0,0
0,127,0.5831063985824585,0.5178136229515076,0.4619483947753906,0.4308431148529053,0.4007405042648315,0.521051824,0.5772480368614197,0.5450640320777893,0.5917653441429138,0,0
0,128,0.5876991748809814,0.5863460898399353,0.6196408867835999,0.6858757138252258,0.6389175057411194,0.6582729816436768,0.6343467831611633,0.5845465064048767,0.6384868025779724,0,0
0,129,0.5509195923805237,0.5353338122367859,0.5221633315086365,0.533475935,0.5062248706817627,0.5843322277069092,0.5708240866661072,0.5311950445175171,0.5470577478408813,0,0
0,130,0.5988810658454895,0.5668189525604248,0.5477818846702576,0.5647790431976318,0.5318831205368042,0.600913942,0.5684201121330261,0.5240308046340942,0.4915709495544433,0,0
0,131,0.6025711894035339,0.5765685439109802,0.622127354,0.6977654099464417,0.681415856,0.6373355984687805,0.5876029133796692,0.5158320665359497,0.4674147665500641,0,0
0,132,0.6574969291687012,0.684787929,0.7608063817024231,0.8606368899345398,0.7979416251182556,0.6331625580787659,0.5996950268745422,0.4959782660007477,0.4290061295032501,0,0
0,133,0.7088187336921692,0.7681108117103577,0.8471226096153259,0.958917201,0.840173066,0.5964999794960022,0.564426839,0.4215752780437469,0.3205891847610473,0,0
1,-79,1.1229532957077026,1.408411979675293,1.4849931001663208,1.4008044004440308,1.4321075677871704,1.5655168294906616,1.9027957916259768,2.0384774208068848,1.8788336515426636,0,0
1,-78,1.055750846862793,1.3320213556289673,1.4546136856079102,1.33920157,1.3287591934204102,1.447130322,1.806404709815979,2.1315176486968994,2.097135066986084,0,0
1,-77,0.7221055626869202,0.9379422068595886,1.107535719871521,1.0779675245285034,1.0772730112075806,1.0813032388687134,1.3242456912994385,1.8759311437606812,1.993229866027832,0,0
1,-76,0.7210914492607117,0.8957059383392334,1.0506659746170044,1.1322959661483765,1.1725999116897583,1.1701593399047852,1.4355770349502563,2.0784969329833984,2.211222887039185,0,0
1,-75,0.7059295773506165,0.8731522560119629,0.993253767,1.1581984758377075,1.255994439125061,1.2936620712280271,1.5596815347671509,2.158733606338501,2.160979986190796,0,0
1,-74,0.6651511788368225,0.8264320492744446,0.9172428250312804,1.129883885383606,1.249203324317932,1.3048137426376345,1.5610209703445437,2.0818874835968018,2.030104398727417,0,0
1,-72,0.5915259718894958,0.7788297533988953,0.8572736382484436,1.1138458251953125,1.259660720825195,1.3172883987426758,1.5863620042800903,2.2281105518341064,2.168100118637085,0,0
1,-71,0.5968232750892639,0.8540584444999695,0.9510049819946288,1.2135971784591677,1.4017324447631836,1.523961067199707,1.8489934206008911,2.503697156906128,2.4171297550201416,0,0
1,-70,0.5574665069580078,0.7700586318969727,0.830837071,1.0641900300979614,1.2195395231246948,1.3155100345611572,1.645621418952942,2.427180290222168,2.4674112796783447,0,0
1,-69,0.5572500824928284,0.7765386700630188,0.8675282597541809,1.094058632850647,1.2118513584136963,1.3568696975708008,1.6838806867599487,2.510101318359375,2.5733890533447266,0,0
1,-68,0.5740112662315369,0.7764179110527039,0.889592171,1.1278833150863647,1.243336796760559,1.371554970741272,1.7393985986709597,2.6606810092926025,2.7317724227905273,0,0
1,-67,0.6019463539123535,0.7826659083366394,0.906263828,1.1668256521224976,1.2799246311187744,1.356628418,1.7730798721313477,2.7003462314605713,2.7287042140960693,0,0
1,-66,0.6537920236587524,0.7730274200439453,0.9384251236915588,1.3094558715820312,1.438954234,1.5000625848770142,2.0141470432281494,2.9622342586517334,3.0385167598724365,0,0
1,-65,0.7040933966636658,0.7978472709655762,1.0117202997207642,1.4473713636398315,1.5714564323425293,1.6093025207519531,2.291653633117676,3.3028242588043213,3.3463363647460938,0,0
1,-64,0.727966309,0.8203642964363098,1.0445364713668823,1.5466915369033811,1.7083336114883425,1.8203097581863403,2.6749074459075928,3.690725326538086,3.684329032897949,0,0
1,-63,0.727217972,0.8035333156585693,1.006815791130066,1.5552321672439575,1.7124719619750977,1.836626410484314,2.684762716293335,3.740568161010742,3.842538833618164,0,0
1,-62,0.7068579196929932,0.7730472683906555,0.9407680034637452,1.5648231506347656,1.7753828763961792,2.0485153198242188,2.9674742221832275,3.972310781478882,4.092878818511963,0,0
1,-61,0.6699640154838562,0.7493427395820618,0.8955571055412292,1.4981927871704102,1.7180309295654297,2.0684566497802734,2.955444574356079,3.9280776977539062,4.163999080657959,0,0
1,-60,0.6416932344436646,0.7214131355285645,0.9010905623435974,1.3450188636779783,1.5806866884231567,1.9683054685592651,2.8474342823028564,3.8812453746795654,4.256650924682617,0,0
1,-59,0.6306584477424622,0.7286624312400818,1.008651614189148,1.404152750968933,1.7557021379470823,2.3002235889434814,3.133368492126465,4.098170280456543,4.440412998199463,0,0
1,-58,0.6640880107879639,0.8066176772117615,1.2455435991287231,1.4648269414901731,1.7851824760437012,2.4412453174591064,3.185154676437378,4.075596332550049,4.455097675323486,0,0
1,-57,0.6816959381103516,0.8806638121604919,1.3915252685546875,1.7657746076583862,2.1447396278381348,2.683487654,3.249577522277832,4.025892258,4.4680328369140625,0,0
1,-56,0.6595743298530579,0.9410341382026672,1.3158278465270996,1.6438277959823608,2.029539108276367,2.411694049835205,2.8942482471466064,3.713157415390014,4.263322353363037,0,0
1,-55,0.7296037077903748,1.1627060174942017,1.4664831161499023,1.710871338844299,1.8400100469589231,1.806555151939392,2.3064024448394775,3.247318983078003,3.939537048339844,0,0
1,-54,0.8428462147712708,1.1193300485610962,1.459295392036438,1.7193771600723269,1.834641456604004,1.5528630018234253,1.9400420188903809,2.8067104816436768,3.533026695251465,0,0
1,-53,0.7620327472686768,0.911348045,1.1124833822250366,1.3925045728683472,1.608346462249756,1.3740297555923462,1.6215839385986328,2.301938295,2.956904172897339,0,0
1,-52,0.6922315955162048,0.7455180287361145,0.8819129467010498,1.0528618097305298,1.2942463159561155,1.1390944719314575,1.3173342943191528,1.8293005228042605,2.336954116821289,0,0
1,-51,0.6584511995315552,0.6675302982330322,0.8001973628997803,0.979302168,0.9398316740989684,0.6915374398231506,0.8612439036369324,1.401805400848389,1.8327245712280271,0,0
1,-50,0.4932140111923218,0.5400629043579102,0.4553174674510956,0.3528515100479126,0.3641265332698822,0.3067730367183685,0.4286258220672607,0.77415055,1.126906394958496,0,0
1,34,1.6770081520080566,1.3997379541397097,1.518027663230896,1.7700815200805664,1.3119016885757446,0.5811513066291809,0.5779908299446106,0.5491061806678772,0.6337348818778992,0,0
1,35,1.4777010679244995,1.3758407831192017,1.517315388,1.975581645965576,1.5502456426620483,0.7534854412078857,0.6978734135627747,0.6170490384101868,0.6649491190910339,0,0
1,36,1.1061699390411377,1.2037285566329956,1.2631728649139404,1.6351827383041382,1.1382442712783811,0.6371219754219055,0.7335677146911621,0.7779797911643982,0.8532508015632629,0,0
1,37,0.6534168720245361,0.812677801,0.9099249839782716,1.1373544931411743,0.7500931620597839,0.6460632681846619,0.6771388649940491,0.6218249201774597,0.726801872,0,0
1,38,0.4662558138370514,0.6694145798683167,0.7173023223876953,0.8159798979759216,0.4768165051937103,0.513066292,0.4556650221347809,0.4388851225376129,0.6141694784164429,0,0
1,39,0.4660235941410064,0.6761122345924377,0.7021946310997009,0.7870736718177795,0.2867235541343689,0.3779547214508056,0.3824391365051269,0.4595512449741363,0.6953100562095642,0,0
1,40,0.4073829352855682,0.6555747985839844,0.7419258952140808,0.853100061,0.1867709308862686,0.275763452,0.2517529726028442,0.5822229385375977,0.8683165907859802,0,0
1,41,0.4194453954696655,0.624852717,0.7376328110694885,0.8571056723594666,0.1152051985263824,0.2716239094734192,0.2055362910032272,0.6863539814949036,0.9759616255760192,0,0
1,97,0.4692139625549316,0.5046566724777222,0.4077067673206329,0.2500306665897369,0.225832388,0.2474294155836105,0.3703808784484863,0.6873095035552979,0.7869541049003601,0,0
1,98,0.4889174997806549,0.5395293831825256,0.4524543583393097,0.281863809,0.2765972316265106,0.2969522774219513,0.419824481,0.7488689422607422,0.8627223372459412,0,0
1,99,0.4584365785121918,0.5450382828712463,0.5325419902801514,0.4031726121902466,0.3860808908939361,0.4326482713222503,0.5700543522834778,0.8642687201499939,0.9849653244018556,0,0
1,100,0.6775896549224854,0.7348706126213074,0.8170537948608398,0.7070260643959045,0.5731364488601685,0.6348598599433899,0.8303570747375488,1.0215450525283811,1.1335502862930298,0,0
1,101,0.6802118420600891,0.6665497422218323,0.8175104260444641,0.7574427127838135,0.5831915736198425,0.6393632292747498,0.8584158420562744,1.0213782787322998,1.176661729812622,0,0
1,102,0.5121975541114807,0.6292887330055237,0.8024179339408875,0.816624105,0.6633839011192322,0.6892499923706055,0.8174750208854675,0.9514834880828856,1.1314997673034668,0,0
1,103,-0.050234571,0.3727475106716156,0.5827515721321106,0.7113901972770691,0.642719567,0.6416456699371338,0.7233531475067139,0.7762224674224854,0.9386560916900636,0,0
1,104,-0.100449331,0.4472835063934326,0.6239986419677734,0.7912729382514954,0.747290313,0.7804152369499207,0.8664336204528809,0.9263143539428712,1.1214252710342407,0,0
1,105,0.5924097895622253,0.4261739253997803,0.5353296399116516,0.6760868430137634,0.6996603608131409,0.8097410798072815,1.0117400884628296,1.1800284385681152,1.2924927473068235,0,0
1,109,0.7313819527626038,0.7257331013679504,1.0164159536361694,1.1896390914916992,0.8964224457740784,0.8172537684440613,0.9170563817024232,1.075297474861145,1.1387081146240234,0,0
1,110,0.7301303744316101,0.7158148884773254,1.0881342887878418,1.2882071733474731,0.8630041480064392,0.8239473700523376,0.9148059487342834,1.0428165197372437,1.067426323890686,0,0
1,111,0.8520799279212952,0.8294286727905273,1.1599572896957395,1.3255642652511597,0.8634211421012878,0.8347349762916565,0.9656901359558104,1.091765284538269,1.107299805,0,0
1,112,0.7698449492454529,0.7459580898284912,1.0463193655014038,1.1983357667922974,0.7773959636688232,0.7701596617698669,0.8869781494140625,1.075089693069458,1.1252672672271729,0,0
1,113,0.6963964104652405,0.6754911541938782,0.9450241923332214,1.089984417,0.7644852995872498,0.8079827427864075,0.8919734954833984,1.107999324798584,1.2055243253707886,0,0
1,114,0.6131681799888611,0.6089808344841003,0.8448458313941956,0.9745745658874512,0.7464954257011414,0.8592965602874756,0.9451949596405028,1.1362890005111694,1.2747399806976318,0,0
1,115,0.5558194518089294,0.5423210263252258,0.7811093330383301,0.899844229,0.7366079688072205,0.8478381037712097,0.9064682126045228,1.0623373985290527,1.2144043445587158,0,0
1,116,0.5246586203575134,0.5933343768119812,0.8108168244361877,0.926032007,0.7356014847755432,0.7570329308509827,0.7663414478302002,0.9103303551673888,1.0619449615478516,0,0
1,117,0.6419680714607239,0.8188514709472656,1.0742989778518677,1.1935158967971802,0.9464929699897766,0.842836857,0.7653732299804688,0.923154593,1.0907865762710571,0,0
1,118,0.6706016659736633,0.897911549,1.2139891386032104,1.3588509559631348,1.020065188407898,0.8236295580863953,0.6801735758781433,0.8098452687263489,0.9819411635398864,0,0
1,119,0.6124809384346008,0.7012175917625427,0.8593137264251709,0.8879750370979309,0.7608612179756165,0.7172104716300964,0.6524834036827087,0.7458868026733398,0.9203877449035645,0,0
1,120,0.5798282027244568,0.6552249193191528,0.802691638,0.8511388897895813,0.7050061225891113,0.6589056849479675,0.6291433572769165,0.696938694,0.8658283352851868,0,0
1,121,0.658153236,0.7916379570960999,0.9075170159339904,0.9681584239006042,0.8238503932952881,0.7223436832427979,0.641986609,0.6844906806945801,0.8040278553962708,0,0
1,122,0.5297093987464905,0.6424548029899597,0.7751049995422363,0.944849432,0.8751946091651917,0.735818624,0.6042096614837646,0.600766122,0.7000371813774109,0,0
1,123,0.5828197002410889,0.6525413990020752,0.753812313,0.885261059,0.8119775652885437,0.7097887992858887,0.6251309514045715,0.5933919548988342,0.6657777428627014,0,0
1,124,0.6592909693717957,0.6056018471717834,0.5902517437934875,0.6136093735694885,0.6521186828613281,0.6458856463432312,0.6200910210609436,0.5612995624542236,0.6341055035591125,0,0
1,125,0.5306214690208435,0.521691084,0.4689726829528808,0.4345616996288299,0.4452465772628784,0.5576463341712952,0.5810818076133728,0.4896704256534576,0.5231554508209229,0,0
1,127,0.619750977,0.5742934346199036,0.5498663187026978,0.5291292071342468,0.5136266350746155,0.6115654110908508,0.6077389121055603,0.5195016264915466,0.5558661818504333,0,0
1,128,0.6014267802238464,0.6227752566337585,0.7492868304252625,0.9092851281166076,0.859824002,0.7238731980323792,0.649145782,0.5647047162055969,0.6110550761222839,0,0
1,129,0.5853220820426941,0.635109007,0.6797575950622559,0.6996326446533203,0.6478943228721619,0.6365100145339966,0.570339024,0.5135814547538757,0.5170575976371765,0,0
2,-79,1.1623777151107788,1.486638069152832,1.5572443008422852,1.5022956132888794,1.5838230848312378,1.7474080324172974,2.1427361965179443,2.159797430038452,1.9055248498916624,0,0
2,-78,0.9822704792022704,1.312002420425415,1.3785842657089231,1.2892335653305054,1.3038138151168823,1.474922538,1.8748160600662231,1.996388554573059,1.8606570959091189,0,0
2,-77,0.9279659390449524,1.1423903703689575,1.2813612222671509,1.225922942,1.206462264060974,1.331714153289795,1.666967511177063,2.015535593032837,2.023843527,0,0
2,-76,0.7980157732963562,0.974369228,1.1082820892333984,1.077830195426941,1.0652564764022827,1.0741761922836304,1.3276222944259644,1.8778527975082395,1.9939690828323364,0,0
2,-75,0.7398220896720886,0.8985369801521301,1.0054000616073608,1.086590051651001,1.1329861879348757,1.1564775705337524,1.4664455652236938,2.1321403980255127,2.186386823654175,0,0
2,-74,0.6759263873100281,0.8471071124076843,0.9509778022766112,1.1589008569717407,1.241275429725647,1.3272467851638794,1.674284815788269,2.2723493576049805,2.262387752532959,0,0
2,-73,0.615706742,0.8346655368804932,0.9428513050079346,1.2122892141342163,1.3530040979385376,1.4591403007507324,1.8261464834213257,2.454641819000244,2.3766448497772217,0,0
2,-72,0.5732335448265076,0.763103724,0.818530262,1.0856170654296875,1.2128883600234983,1.306077480316162,1.719070553779602,2.5109992027282715,2.5366625785827637,0,0
2,-71,0.5722756385803223,0.7945463061332703,0.8615285754203796,1.1135504245758057,1.2744321823120115,1.383940815925598,1.738813042640686,2.4967219829559326,2.542313575744629,0,0
2,-70,0.5748352408409119,0.7808442115783691,0.8149583339691162,1.0649183988571167,1.239003300666809,1.3453140258789062,1.717742919921875,2.454880475997925,2.542612075805664,0,0
2,-69,0.5963911414146423,0.7978697419166565,0.8411271572113037,1.0769277811050415,1.2367392778396606,1.3345898389816284,1.7491607666015625,2.6392810344696045,2.833665609359741,0,0
2,-68,0.6158552765846252,0.8115761876106262,0.8750448226928711,1.0966447591781616,1.2380906343460083,1.3430843353271484,1.6999849081039429,2.572364568710327,2.7660834789276123,0,0
2,-67,0.6293161511421204,0.8182418942451477,0.9124606251716614,1.1458992958068848,1.2688475847244265,1.3819737434387207,1.7985669374465942,2.7134130001068115,2.8637640476226807,0,0
2,-64,0.7407136559486389,0.8423023819923401,1.0793737173080444,1.696349024772644,1.7376176118850708,1.8229798078536987,2.6526901721954346,3.506751775741577,3.625864982604981,0,0
2,-63,0.7527576088905334,0.8579049706459045,1.0989280939102173,1.7114406824111938,1.7442760467529297,1.903462529182434,2.8210294246673584,3.7860419750213623,3.9772274494171143,0,0
2,-62,0.7365968823432922,0.838252068,1.0826019048690796,1.718890667,1.7593841552734375,2.112462997436523,3.026137590408325,3.823819160461426,4.013692378997803,0,0
2,-61,0.6905980110168457,0.8156266808509827,1.0838364362716677,1.7324801683425903,1.7789629697799685,2.155184507369995,2.946974039077759,3.697355985641479,4.001255512237549,0,0
2,-60,0.5835543274879456,0.7189251780509949,1.055769443511963,1.7137900590896606,1.885246753692627,2.3904757499694824,3.1527040004730225,3.924571275711059,4.201610088348389,0,0
2,-59,0.5703056454658508,0.7188536524772644,1.0519384145736694,1.4659757614135742,1.735974907875061,2.3042654991149902,3.091779947280884,4.042667865753174,4.454832553863525,0,0
2,-58,0.5849841237068176,0.7839601039886475,1.1738741397857666,1.543525218963623,1.8022621870040896,2.314244508743286,3.037771224975586,3.9844160079956055,4.428288937,0,0
2,-57,0.6069429516792297,0.8888244032859802,1.4226231575012207,1.8390249013900757,2.1202354431152344,2.465498447418213,2.921345472335815,3.7622461318969727,4.272119045257568,0,0
2,-56,0.641244113,1.0274230241775513,1.4801079034805298,1.7872568368911743,2.036984920501709,2.1702756881713867,2.5277249813079834,3.3124306201934814,3.909592866897583,0,0
2,-55,0.5902283191680908,0.971862257,1.4483355283737185,1.7588491439819336,1.8943538665771484,1.7300487756729126,2.120182514190674,2.9836556911468506,3.652891397476196,0,0
2,-54,0.6415576338768005,0.9398388266563416,1.3868037462234497,1.6750913858413696,1.8218445777893064,1.493685245513916,1.7668598890304563,2.524923563,3.176231384277344,0,0
2,-53,0.6285290122032166,0.78336978,0.9453835487365724,1.2968333959579468,1.602551817893982,1.3396834135055542,1.4682990312576294,2.0021307468414307,2.5617082118988037,0,0
2,-52,0.5860704183578491,0.6314615607261658,0.7381527423858643,1.0082513093948364,1.2071784734725952,0.966318429,1.0870884656906128,1.5303760766983032,1.9567394256591797,0,0
2,-51,0.5052931904792786,0.5227586627006531,0.5850364565849304,0.7226104140281677,0.6242820620536804,0.476173073,0.644318163,1.0410279035568235,1.3374217748641968,0,0
2,-50,0.4280746877193451,0.4733658730983734,0.3519357144832611,0.3196400701999664,0.3087018728256225,0.3000289499759674,0.3739850223064422,0.6136133670806885,0.8768594264984131,0,0
2,35,1.5135949850082395,1.6492799520492554,1.8908649682998655,2.2048561573028564,1.5969046354293823,0.6562100052833557,0.7451072335243225,0.8398709297180176,0.952208698,0,0
2,36,1.3188295364379885,1.4562616348266602,1.413407325744629,1.6428807973861694,1.161588191986084,0.606138289,0.7462731003761292,0.9216294884681702,1.0532565116882324,0,0
2,37,0.9059177041053772,1.0331190824508667,1.0057528018951416,1.1843737363815308,0.7882917523384094,0.5999899506568909,0.6591029763221741,0.7842389941215515,0.9678696990013124,0,0
2,38,0.5589060187339783,0.7335823178291321,0.7569201588630676,0.8734033107757568,0.4688378274440765,0.5657098889350891,0.5604791045188904,0.6610113978385925,0.8307943940162659,0,0
2,39,0.40642488,0.6822718977928162,0.7133824229240417,0.8104755282402039,0.2382273524999618,0.4839841425418854,0.390601784,0.6064138412475586,0.7959815859794617,0,0
2,40,0.3534396886825561,0.653835654,0.7231676578521729,0.8471713662147522,0.1162207946181297,0.3535267114639282,0.3156096637248993,0.7549066543579102,0.9249367713928224,0,0
2,41,0.4942488372325897,0.6771346926689148,0.7635257840156555,0.8731736540794373,0.1368707120418548,0.3492240607738495,0.3777339458465576,0.9743437767028807,1.1313700675964355,0,0
2,96,0.4716129601001739,0.4851491451263428,0.4519339799880981,0.3268091678619385,0.2821397483348846,0.3265477120876312,0.3721944093704223,0.7147607207298279,0.8106086850166321,0,0
2,97,0.4803396761417389,0.517920196,0.4710256159305572,0.3201597332954407,0.2991152703762054,0.3440098762512207,0.4046266376972198,0.7650964856147766,0.8698691725730896,0,0
2,98,0.5147064924240112,0.574645996,0.5457475781440735,0.3881108462810516,0.3744732141494751,0.4446512162685394,0.5373278260231018,0.8805592060089111,0.9926600456237792,0,0
2,99,0.5450184345245361,0.6541877388954163,0.6656842827796936,0.5346687436103821,0.4786468744277954,0.5817334055900574,0.7312383651733398,0.958798885,1.0674376487731934,0,0
2,100,0.672989547,0.7064082026481628,0.7798531651496887,0.6418724656105042,0.4861793220043182,0.5929412245750427,0.8325371742248535,1.0571352243423462,1.1720081567764282,0,0
2,101,0.6863100528717041,0.6269070506095886,0.7337420582771301,0.6707509160041809,0.5906307697296143,0.6663951277732849,0.8594918251037598,1.0846261978149414,1.237003207206726,0,0
2,102,0.5656288266181946,0.5488550066947937,0.7086254954338074,0.7197986245155334,0.6494815349578857,0.7039470672607422,0.8118617534637451,0.98159951,1.1596765518188477,0,0
2,109,0.6242112517356873,0.6355534791946411,0.8208568692207336,0.8980536460876465,0.7576789259910583,0.8138108253479004,0.9722984433174132,1.1973143815994265,1.241496443748474,0,0
2,110,0.6533976197242737,0.668857992,0.9590253829956056,1.045851707458496,0.7528616786003113,0.7997689843177795,0.9351772665977478,1.1207494735717771,1.1121472120285034,0,0
2,112,0.7517995834350586,0.7360615730285645,0.9970979690551758,1.049110770225525,0.7272706031799316,0.7831925749778748,0.9255213141441344,1.1358128786087036,1.2019132375717163,0,0
2,113,0.7533076405525208,0.7535013556480408,0.9914483428001404,1.0115509033203125,0.7411327362060547,0.8436784148216248,0.9582089781761168,1.1745429039001465,1.2715150117874146,0,0
2,115,0.5872732400894165,0.6338965892791748,0.8557494282722473,0.8461146950721741,0.680661678,0.8837761878967285,0.9717559814453124,1.1430023908615112,1.2718685865402222,0,0
2,116,0.6113174557685852,0.7068668007850647,0.9323270916938782,0.9070630073547364,0.6858150959014893,0.8194945454597473,0.8461897373199463,0.9755796790122986,1.1096149682998655,0,0
2,117,0.5986708402633667,0.7623724937438965,1.0567011833190918,1.033338189125061,0.7077147960662842,0.728509247,0.7128532528877258,0.8659155964851379,0.995897114,0,0
2,118,0.6324945092201233,0.8749783635139465,1.1597145795822144,1.157184600830078,0.743873656,0.6959344744682312,0.6413698196411133,0.8086907863616943,0.9584972262382508,0,0
2,125,0.692439616,0.5905536413192749,0.5582088828086853,0.5332147479057312,0.5155299305915833,0.60337311,0.5777407884597778,0.4888118803501129,0.509524941,0,0
2,128,0.6328620910644531,0.6793949604034424,0.7736477851867676,0.8381186127662659,0.7279188632965088,0.6828239560127258,0.602247417,0.5012502670288086,0.5273159742355347,0,0
2,129,0.5951634645462036,0.6775332093238831,0.7334356307983398,0.7573297023773193,0.6605316996574402,0.6145666241645813,0.5566331744194031,0.4858806133270263,0.4824835956096649,0,0
3,-78,1.0499287843704224,1.3733896017074585,1.4248504638671875,1.394066333770752,1.481898307800293,1.6917728185653689,2.130181312561035,2.104081630706787,1.8447102308273315,0,0
3,-77,1.228834867477417,1.5490368604660034,1.5558438301086426,1.4388059377670288,1.433259368,1.637830615,2.0948989391326904,2.1810710430145264,2.030158042907715,0,0
3,-76,0.8583727478981018,1.0827664136886597,1.1592320203781128,1.0611909627914429,1.033565640449524,1.1416462659835815,1.4193521738052368,1.9159847497940063,1.9687137603759768,0,0
3,-75,0.7208243012428284,0.9157549738883972,1.0331745147705078,1.0614988803863523,1.112582087516785,1.0724945068359375,1.3594762086868286,2.0390737056732178,2.2047080993652344,0,0
3,-74,0.6243923306465149,0.8180554509162903,0.9159149527549744,1.0558106899261477,1.148598313331604,1.207663655281067,1.5911043882369995,2.2550318241119385,2.3561489582061768,0,0
3,-73,0.5835981369018555,0.7994969487190247,0.8875815868377686,1.1130112409591677,1.2427102327346802,1.3698021173477173,1.8468713760375977,2.5402414798736572,2.545745849609375,0,0
3,-72,0.5674610733985901,0.7932528853416443,0.8475437760353088,1.1096162796020508,1.2750709056854248,1.4203447103500366,1.924230456352234,2.7237777709960938,2.7575809955596924,0,0
3,-71,0.5419151186943054,0.7464542388916016,0.805253267,1.0529080629348757,1.242691159248352,1.3385404348373413,1.747811198234558,2.4738166332244873,2.637162208557129,0,0
3,-70,0.5735278725624084,0.8095362782478333,0.8587605953216553,1.090008020401001,1.3034266233444214,1.394951343536377,1.7801589965820312,2.467430830001831,2.6476476192474365,0,0
3,-69,0.6108871698379517,0.8222286701202393,0.8324006199836731,1.054200291633606,1.270909547805786,1.359392166137695,1.7351137399673462,2.423250913619995,2.6978015899658203,0,0
3,-68,0.6409544348716736,0.8621110320091248,0.870100737,1.0721973180770874,1.2657278776168823,1.3767290115356443,1.748865008354187,2.4821157455444336,2.6730334758758545,0,0
3,-67,0.6638022065162659,0.8750836253166199,0.9250292181968688,1.1229983568191528,1.2844159603118896,1.4049347639083862,1.8071709871292112,2.694033384,2.8877689838409424,0,0
3,-64,0.7188475728034973,0.8824478983879089,1.1601506471633911,1.8116854429244995,1.8143976926803589,1.9507843255996704,2.656247854232788,3.371856689453125,3.522380828857422,0,0
3,-63,0.7317090034484863,0.930299997,1.2493215799331665,1.9543442726135256,2.043776512145996,2.2732958793640137,3.0556752681732178,3.7867157459259033,4.0149760246276855,0,0
3,-62,0.6968684792518616,0.9308822751045228,1.3366044759750366,1.908769607543945,1.876335620880127,2.2351150512695312,2.928273916244507,3.557368040084839,3.8760576248168945,0,0
3,-61,0.7203487753868103,1.0748573541641235,1.6761003732681274,2.198032855987549,1.9554905891418457,2.323145866394043,2.7814035415649414,3.167327880859375,3.473684072494507,0,0
3,-60,0.7004789710044861,1.1550642251968384,1.8322949409484863,2.353348731994629,2.1583163738250732,2.499444007873535,2.8036158084869385,3.2868385314941406,3.6581907272338863,0,0
3,-53,0.5241199731826782,0.663823128,0.8622617125511169,1.3089532852172852,1.5495944023132324,1.1955715417861938,1.209921122,1.6738238334655762,2.1649649143218994,0,0
3,-52,0.4978560507297516,0.5695359110832214,0.5872191190719604,0.8913378119468689,1.0247739553451538,0.7535445094108582,0.8677602410316467,1.259066462516785,1.6308544874191284,0,0
3,-51,0.4370509386062622,0.5098254084587097,0.4927324056625366,0.4456523358821869,0.4310133457183838,0.3740861713886261,0.5011798739433289,0.7996597290039062,1.0658191442489624,0,0
3,34,1.9361467361450195,1.7990666627883911,2.1009395122528076,2.2521486282348633,1.5072401762008667,0.55342406,0.677655041,0.793635905,0.8358216881752014,0,0
3,35,1.7455039024353027,1.984217643737793,2.1056506633758545,2.2728118896484375,1.644543170928955,0.711078942,0.79052496,0.940807045,1.0500003099441528,0,0
3,36,1.4611443281173706,1.5891402959823608,1.4755754470825195,1.6456559896469116,1.1620789766311646,0.6630317568778992,0.7740731239318848,0.9805704951286316,1.1094406843185425,0,0
3,37,1.0214704275131226,1.1841832399368286,1.1032063961029053,1.2858237028121948,0.8422131538391113,0.637742817,0.6943472027778625,0.922808826,1.060213565826416,0,0
3,38,0.6159236431121826,0.8630114197731018,0.8760940432548523,1.0146576166152954,0.5185611844062805,0.592481792,0.5737128853797913,0.796914816,0.8987382054328918,0,0
3,39,0.4594954550266266,0.7359821796417236,0.7731464505195618,0.8609936237335205,0.2989473640918731,0.6091247200965881,0.530336857,0.8491237759590149,0.874605656,0,0
3,40,0.4300729036331177,0.742839515,0.773564875,0.8667709827423096,0.2022419720888137,0.5257588028907776,0.5635598301887512,1.0734494924545288,1.0578606128692627,0,0
3,41,0.562373698,0.7726566791534424,0.8175916075706482,0.8913640975952148,0.1788517087697982,0.4910621345043182,0.5451798439025879,1.237291693687439,1.2791167497634888,0,0
3,42,0.7857868075370789,0.844447672,0.8812246918678284,0.9020444750785828,0.1746835261583328,0.4419146776199341,0.5360230803489685,1.2823773622512815,1.3831173181533811,0,0
3,96,0.4872804880142212,0.5173842310905457,0.5270907878875732,0.4027588367462158,0.3436605036258697,0.3942377865314483,0.4328905642032623,0.783867359,0.8492276072502136,0,0
3,97,0.4860252141952514,0.556670606,0.5586504936218262,0.4085980355739593,0.3924899995326996,0.4747730493545532,0.5555258989334106,0.8968923687934875,0.9783616662025452,0,0
3,98,0.508297324,0.6148166656494141,0.6463164687156677,0.5122416019439697,0.4909053146839142,0.6210605502128601,0.7647002339363098,0.9947769045829772,1.0647445917129517,0,0
3,99,0.6460992693901062,0.757060707,0.7924683690071106,0.6195374131202698,0.4938404560089111,0.6406447887420654,0.858546257,1.0473599433898926,1.1113505363464355,0,0
3,100,0.6342806220054626,0.6268545389175415,0.7049199938774109,0.5846632122993469,0.5206832885742188,0.6464660167694092,0.8734472393989563,1.122301697731018,1.2319313287734983,0,0
3,106,0.6224327087402344,0.5021631717681885,0.4936849176883697,0.5522000789642334,0.6478994488716125,0.8543617725372314,1.0862797498703003,1.3550567626953125,1.4324769973754885,0,0
3,109,0.5620043277740479,0.6037428379058838,0.6837964653968811,0.7249802947044373,0.7056892514228821,0.8287761211395264,1.0219236612319946,1.3016574382781982,1.3198940753936768,0,0
3,115,0.6509893536567688,0.7166838049888611,0.9022300243377686,0.8469839096069336,0.6896205544471741,0.9374409317970276,1.0100280046463013,1.195764422416687,1.3156636953353882,0,0
3,116,0.6301581263542175,0.7379270195960999,0.9541149139404296,0.8904528617858887,0.6532038450241089,0.8477799892425537,0.8627192378044128,1.0124554634094238,1.143182635307312,0,0
3,117,0.5681899189949036,0.725429356,0.9742796421051024,0.902073085,0.5914838314056396,0.7428667545318604,0.7352943420410156,0.9018614888191224,1.0595407485961914,0,0
3,118,0.5900546908378601,0.7837396264076233,0.9867013096809388,0.9110961556434632,0.5964597463607788,0.6978510022163391,0.6915614008903503,0.8710653781890869,1.034173846244812,0,0
3,125,0.6133682727813721,0.5725952386856079,0.5682350993156433,0.5066069960594177,0.480652779,0.6067106127738953,0.5829420685768127,0.5241241455078125,0.5255938172340393,0,0
3,126,0.5761309266090393,0.5447352528572083,0.5295087099075317,0.4750173985958099,0.4312256872653961,0.5298243165016174,0.522896945,0.4759348928928375,0.4823179543018341,0,0
3,128,0.5829539895057678,0.6437987685203552,0.6523066163063049,0.6141286492347717,0.5062571167945862,0.5699781775474548,0.5391842722892761,0.4656862020492553,0.4801208674907684,0,0
3,129,0.5687858462333679,0.6643250584602356,0.69551897,0.6706175804138184,0.5257516503334045,0.5549480319023132,0.54936868,0.4731994867324829,0.4809707403182983,0,0
4,-77,1.01842463,1.304206609725952,1.3306633234024048,1.3304897546768188,1.4458831548690796,1.6894983053207395,2.134061574935913,2.1441023349761963,1.9228650331497192,0,0
4,-76,0.7590420246124268,0.9439042210578918,1.0444566011428833,1.0442358255386353,1.1348172426223757,1.3088561296463013,1.5978517532348633,2.003324508666992,1.972300171852112,0,0
4,-75,0.6318497061729431,0.9934771060943604,1.1225829124450684,1.0597609281539917,1.049504637718201,1.031297803,1.371118187904358,1.9175821542739868,2.074662446975708,0,0
4,-74,0.4523971080780029,0.5949460864067078,0.713003397,0.7953004240989685,0.9066172242164612,0.9156898856163024,1.2053709030151367,1.9444756507873535,2.2051594257354736,0,0
4,-73,0.5340182185173035,0.7639074921607971,0.9069527983665466,1.10332191,1.2901465892791748,1.458840012550354,1.981909155845642,2.697024345397949,2.7055625915527344,0,0
4,-72,0.5190189480781555,0.7702227234840393,0.8863441944122314,1.1096936464309692,1.308508276939392,1.4602495431900024,2.005291700363159,2.918048143386841,3.024155378341675,0,0
4,-71,0.5360739827156067,0.7751792073249817,0.8691403865814209,1.081946849822998,1.326412796974182,1.4371700286865234,1.9538217782974243,2.7094805240631104,2.8549487590789795,0,0
4,-70,0.5839195847511292,0.8130558133125305,0.8573071956634521,1.0740708112716677,1.329944133758545,1.3928461074829102,1.8151768445968628,2.442946672439575,2.6965532302856445,0,0
4,-69,0.6352260708808899,0.8493778109550476,0.8626203536987305,1.0610599517822266,1.3113863468170166,1.398277759552002,1.7631491422653198,2.392636299133301,2.7157633304595947,0,0
4,-68,0.6779478192329407,0.9091472625732422,0.9298177361488342,1.0751034021377563,1.275096774101257,1.3765445947647097,1.7152447700500488,2.3292930126190186,2.661771535873413,0,0
4,-67,0.6935752034187317,0.928591251,0.9918429851531982,1.1050500869750977,1.2349241971969604,1.3686085939407349,1.6921921968460083,2.435906171798706,2.760525941848755,0,0
4,-65,0.6549221277236938,0.8172569274902344,0.9728347659111024,1.2570594549179075,1.2738826274871826,1.3657821416854858,1.8370081186294556,2.7173211574554443,3.0250980854034424,0,0
4,-64,0.6399717926979065,0.8576348423957825,1.1196717023849487,1.6132186651229858,1.5926260948181152,1.733242154121399,2.272836685180664,3.1422536373138428,3.539321184158325,0,0
4,-63,0.6059946417808533,0.8332228660583496,1.201902985572815,1.9055604934692385,1.7621965408325195,1.815564751625061,2.3358283042907715,3.192838668823242,3.653913736343384,0,0
4,-62,0.6222358345985413,0.886084795,1.2837296724319458,1.8598140478134155,1.7517585754394531,1.893065333366394,2.4197938442230225,3.159018278121948,3.709326982498169,0,0
4,-61,0.8392549157142639,1.2810938358306885,1.9095687866210935,2.3924801349639893,2.140284299850464,2.3403069972991943,2.5634260177612305,2.913803815841675,3.3446223735809326,0,0
4,-60,0.5399196743965149,1.0420897006988523,1.4973788261413574,1.9863215684890747,1.8860297203063965,1.9663857221603391,2.0039353370666504,2.4456331729888916,2.9768457412719727,0,0
4,-52,0.415131003,0.4963360130786896,0.46861279,0.7267885804176331,0.8171404004096985,0.6099643111228943,0.7061670422554016,1.0897692441940308,1.4334532022476196,0,0
4,-51,0.3547214269638061,0.4579493105411529,0.3440402448177337,0.2850719392299652,0.3193928301334381,0.3109081089496612,0.441711426,0.6936065554618835,0.93026787,0,0
4,34,1.8385661840438845,1.8353166580200195,2.147660970687866,2.2325570583343506,1.5334028005599976,0.6225073933601379,0.6384885311126709,0.7782747745513916,0.7928478121757507,0,0
4,35,1.7851957082748413,2.104931116104126,2.2330029010772705,2.282382011413574,1.5864973068237305,0.6186508536338806,0.6677187085151672,0.9412991404533386,1.0361067056655884,0,0
4,36,1.5019956827163696,1.723901391029358,1.665575147,1.7996617555618286,1.2346042394638062,0.7076271176338196,0.7562832832336426,0.9676896929740906,1.0296714305877686,0,0
4,37,1.2366728782653809,1.512464165687561,1.4372483491897583,1.5544017553329468,0.9672808647155762,0.6850832104682922,0.75192976,0.984380066,1.0263069868087769,0,0
4,38,0.8008192181587219,1.131326675415039,1.1345783472061155,1.265242099761963,0.7506451606750488,0.7125876545906067,0.6851471066474915,0.8817086219787598,0.8411397337913513,0,0
4,39,0.5512822270393372,0.8979926109313965,0.903250515,1.0581095218658447,0.5718264579772949,0.7787739634513855,0.7215185165405273,0.9933574199676514,0.8955857753753662,0,0
4,40,0.5204029083251953,0.8765363693237305,0.9199463725090028,1.008764147758484,0.4585071504116058,0.6989493370056152,0.6835198998451233,1.2146083116531372,1.086587905883789,0,0
4,41,0.708554745,0.9157743453979492,0.9139917492866516,0.9258990287780762,0.28315708,0.6147593855857849,0.6941168904304504,1.3668473958969116,1.3080835342407229,0,0
4,42,0.9315781593322754,0.959203303,0.9442009925842284,0.9280756115913392,0.2534831464290619,0.5191701054573059,0.763434887,1.4722604751586914,1.5239591598510742,0,0
4,96,0.4114768505096435,0.5537600517272949,0.6463823914527893,0.5334572792053223,0.4725944995880127,0.5218073725700378,0.5504087805747986,0.8286616206169128,0.884274423,0,0
4,97,0.4455668926239013,0.6330030560493469,0.7190237641334534,0.6228933930397034,0.6027634739875793,0.6890696883201599,0.822996199,1.0203429460525513,1.08677876,0,0
4,98,0.1933200508356094,0.5551566481590271,0.6832501888275146,0.5331998467445374,0.4698885977268219,0.6400502324104309,0.8329746127128601,0.9547794461250304,1.0148524045944214,0,0
4,99,-0.147411928,0.5090692043304443,0.6386330723762512,0.5068897604942322,0.453430027,0.6371809840202332,0.8174433708190918,0.9640533328056335,1.0102473497390747,0,0
4,108,0.5483888983726501,0.5572028160095215,0.5684092044830322,0.6084856390953064,0.6996131539344788,0.9164643287658693,1.101305127,1.3898563385009766,1.436326503753662,0,0
4,116,0.6188333034515381,0.7249212265014648,0.9017095565795898,0.8639815449714661,0.6940132975578308,0.9246890544891356,0.9395740628242492,1.0944666862487793,1.2376904487609863,0,0
4,117,0.5263684988021851,0.684793234,0.8870368599891663,0.8238453269004822,0.5999532341957092,0.8281562924385071,0.8244907259941101,0.9726374745368958,1.1410433053970337,0,0
4,118,0.5435023307800293,0.6813518404960632,0.8426154255867004,0.7550358772277832,0.5504456758499146,0.7459438443183899,0.7422382235527039,0.912780225,1.086401104927063,0,0
4,125,0.5001326203346252,0.5598792433738708,0.5772745609283447,0.5035228729248047,0.4697964191436767,0.6217979788780212,0.5992836356163025,0.5349085927009583,0.4982290267944336,0,0
4,126,0.5246252417564392,0.5653098225593567,0.573020875,0.5033852458000183,0.446017861,0.5481329560279846,0.521651566,0.4646899700164795,0.4617797434329986,0,0
4,127,0.5338277816772461,0.5600127577781677,0.5623940825462341,0.5064456462860107,0.4459998905658722,0.5257301926612854,0.4905285835266113,0.438873142,0.4633325338363647,0,0
5,-77,0.9542012214660645,1.2258235216140747,1.2791261672973633,1.3008376359939575,1.434886813163757,1.6394606828689575,2.061216115951538,2.057434320449829,1.8467108011245728,0,0
5,-76,0.9371168613433838,1.0670303106307983,1.1522797346115112,1.2069214582443235,1.2896955013275146,1.465419888496399,1.8032954931259155,2.0861518383026123,2.0177195072174072,0,0
5,-75,0.5735926032066345,0.7523431181907654,0.9506757259368896,1.0048751831054688,1.0173712968826294,1.1340736150741575,1.4787192344665527,1.933240294456482,2.061329126358032,0,0
5,-74,0.5219367146492004,0.7032894492149353,0.9110217690467834,0.9172261357307434,0.984330714,1.0028880834579468,1.2423970699310305,1.936526894569397,2.234632730484009,0,0
5,-73,0.5025730729103088,0.6956446766853333,0.87233144,0.9198132157325744,1.028341532,1.0337371826171875,1.4354194402694702,2.311640263,2.608433485031128,0,0
5,-72,0.5524552464485168,0.8201387524604797,1.035673975944519,1.221894145011902,1.419056057929993,1.5619531869888306,2.120966911315918,2.7829339504241943,2.883697748184204,0,0
5,-71,0.5728715062141418,0.8315146565437317,1.0112316608428955,1.185360550880432,1.4056097269058228,1.5420669317245483,2.2689664363861084,3.118577241897583,3.257972002029419,0,0
5,-70,0.6306788921356201,0.880314827,1.002074122428894,1.1175917387008667,1.3896042108535769,1.4892702102661133,2.087162733078003,2.7730696201324463,3.0760364532470703,0,0
5,-69,0.7010493278503418,0.9502202868461608,1.0197268724441528,1.110836148262024,1.3696924448013306,1.4941059350967407,1.971115469932556,2.673136949539185,2.8517696857452393,0,0
5,-68,0.7320237755775452,0.9750388264656068,1.0532091856002808,1.1358613967895508,1.3128124475479126,1.418873906135559,1.7642126083374023,2.529395580291748,2.8104097843170166,0,0
5,-61,0.426631361,0.6275123953819275,0.9016459584236144,1.2440658807754517,1.3468307256698608,1.3537880182266235,1.5550789833068848,2.1416289806365967,2.757762908935547,0,0
5,-60,0.4102961719036102,0.6201327443122864,0.7837764620780945,1.274879813194275,1.4580460786819458,1.3478692770004272,1.3565818071365356,1.8753410577774048,2.4820830821990967,0,0
5,34,1.8885191679000857,1.8313531875610352,2.0320537090301514,2.039587020874023,1.3759857416152954,0.510999858,0.578106165,0.6954984068870544,0.7016701698303223,0,0
5,35,1.6540250778198242,1.9382797479629517,2.2262885570526123,2.100872039794922,1.4742034673690796,0.5511744618415833,0.5576961636543274,0.7212080955505371,0.7435629963874817,0,0
5,36,1.538500189781189,1.921145796775818,2.015594244003296,1.9633055925369265,1.3064268827438354,0.5444054007530212,0.6745194792747498,0.9753687977790833,0.9211258888244628,0,0
5,95,0.4744229614734649,0.5586137771606445,0.6497433185577393,0.5449365973472595,0.5403265357017517,0.5934210419654846,0.5933372974395752,0.7280724048614502,0.7591630816459656,0,0
5,96,0.4208865165710449,0.5951290726661682,0.7088956236839294,0.598735511,0.56961298,0.6583221554756165,0.6969700455665588,0.7973014712333679,0.851480246,0,0
5,97,0.6874433159828186,0.8140630125999451,0.910584033,0.6760749816894531,0.5534159541130066,0.7154415249824524,0.836770773,0.8907849192619324,0.9150030016899108,0,0
5,98,0.5649959444999695,0.6948447227478027,0.744995654,0.5406726002693176,0.4655212461948395,0.6511181592941284,0.7923919558525085,0.8640713691711426,0.8227058053016663,0,0
5,120,0.5308173298835754,0.5683154463768005,0.6144021153450012,0.569620669,0.4875333607196808,0.722667396,0.7954406142234802,0.991063654,1.1076042652130127,0,0
5,127,0.436993271,0.4612292349338531,0.484985739,0.4081287384033203,0.3394694626331329,0.4670501053333282,0.4600931704044342,0.4592628180980682,0.4635320603847503,0,0
6,-77,0.949828804,1.2362895011901855,1.295758843421936,1.3366349935531616,1.4721860885620115,1.6328405141830444,1.9430288076400757,1.9060872793197632,1.747938632965088,0,0
6,-76,0.9962024688720704,1.0759660005569458,1.1889199018478394,1.2555650472640991,1.311406493186951,1.4388850927352903,1.724068284034729,2.002907037734986,1.917363166809082,0,0
6,-75,0.7380457520484924,0.8948809504508972,1.0161480903625488,1.0656379461288452,1.0357664823532104,1.1536273956298828,1.483280062675476,1.8933030366897583,1.9481052160263064,0,0
6,-74,0.7170710563659668,0.9416207671165466,1.0681877136230469,1.045880913734436,0.9955102801322936,1.066107153892517,1.360548973083496,1.9199672937393188,2.0635223388671875,0,0
6,-73,0.5378100872039795,0.7022613883018494,0.8291445374488831,0.8100156188011169,0.9200668334960938,0.9251323342323304,1.288496971130371,2.040457010269165,2.3879401683807373,0,0
6,-72,0.5048719048500061,0.7317706942558289,0.8913094401359558,0.9255896210670472,1.0739630460739136,1.119857668876648,1.639004826545715,2.438481569290161,2.780614137649536,0,0
6,-71,0.5353478789329529,0.7797348499298096,0.9474306106567384,1.0938708782196045,1.300584316253662,1.5020099878311155,2.2429826259613037,2.8953707218170166,3.0233542919158936,0,0
6,-70,0.7157613635063171,0.9101860523223876,1.0447973012924194,1.0804070234298706,1.3477787971496582,1.6005748510360718,2.4262497425079346,2.987948417663574,3.1422269344329834,0,0
6,-69,0.7654640078544617,0.9716848731040956,1.085072398,1.1041525602340698,1.3704347610473633,1.5946775674819946,2.3357303142547607,2.961140394210815,3.1040992736816406,0,0
6,-68,0.7134100794792175,0.9999460577964784,1.112708330154419,1.147879123687744,1.3482221364974976,1.5983599424362185,2.3547489643096924,3.2028110027313232,3.055389642715454,0,0
6,-67,0.6274697184562683,0.906423271,1.0381778478622437,1.117924690246582,1.246887207,1.467972755432129,2.0760269165039062,3.0886189937591553,3.254188299179077,0,0
6,95,0.4038783311843872,0.4781713783740997,0.5687273144721985,0.5052533149719238,0.5879810452461243,0.664086103,0.6268808245658875,0.5889437794685364,0.5279497504234314,0,0
6,96,0.4332106411457062,0.5196748375892639,0.639923096,0.5318590402603149,0.5769684314727783,0.6947397589683533,0.6741793751716614,0.6171231865882874,0.5512148141860962,0,0
6,100,0.4526024758815765,0.6435924172401428,0.6963366866111755,0.5995069146156311,0.6273478865623474,0.6696256995201111,0.7483037114143372,0.9639598727226256,1.0399659872055054,0,0
6,101,0.4473805129528045,0.6438249945640564,0.68487072,0.6286099553108215,0.7300752997398376,0.878099263,0.9854364395141602,1.1483850479125977,1.2242804765701294,0,0
6,102,0.4553900957107544,0.6540876030921936,0.6964820027351379,0.580715001,0.6363802552223206,0.8652806282043457,1.030161738395691,1.140581727027893,1.1976526975631714,0,0
6,121,0.4632551372051239,0.4767586290836334,0.5262984037399292,0.4842625558376312,0.4358611106872558,0.6633747220039368,0.8152720928192139,1.0543344020843506,1.1613894701004028,0,0
6,122,0.4421476125717163,0.4755065739154815,0.5428175330162048,0.4977341592311859,0.4126955568790436,0.6426487565040588,0.838282585,1.0624207258224487,1.0987391471862793,0,0
6,124,0.3487159311771393,0.4491332471370697,0.5255102515220642,0.467868298,0.4560560286045074,0.7281067967414856,0.8706980347633362,1.0367438793182373,1.0847986936569214,0,0
6,125,0.3325616121292114,0.4669483602046966,0.5416145920753479,0.5102099776268005,0.528722346,0.7254552841186523,0.7298427224159241,0.8538110256195068,0.9806858897209167,0,0
6,126,0.3699018061161041,0.3826882839202881,0.4213284254074096,0.3595152199268341,0.3805204629898071,0.554040253,0.5372458696365356,0.5740861296653748,0.583550215,0,0
7,-78,0.9588504433631896,1.381417751312256,1.4476052522659302,1.4577347040176392,1.6114044189453125,1.72388494,1.8131805658340456,1.5593323707580566,1.5317274332046509,0,0
7,-77,0.9510391354560852,1.2604379653930664,1.3547791242599487,1.3667699098587036,1.4544299840927124,1.5455511808395386,1.7064881324768066,1.7265745401382446,1.7113901376724243,0,0
7,-76,0.9729178547859192,1.0913652181625366,1.2290488481521606,1.2956204414367676,1.3098708391189575,1.3857779502868652,1.6200648546218872,1.8431512117385864,1.7343602180480957,0,0
7,-75,0.8222360610961914,0.9877330660820008,1.0837547779083252,1.1364856958389282,1.0993270874023438,1.231588363647461,1.5171937942504885,1.849521279335022,1.7762264013290403,0,0
7,-74,0.780510664,1.0034106969833374,1.0823426246643066,1.0998765230178833,1.050074577331543,1.2367777824401855,1.6438664197921753,2.132606267929077,2.1053664684295654,0,0
7,-73,0.6278102993965149,0.8412299156188965,0.9610902667045592,1.0075910091400146,1.0185621976852417,1.0644049644470217,1.5407122373580933,2.275862216949463,2.4761502742767334,0,0
7,-72,0.4035316407680511,0.6191207766532898,0.7499423027038574,0.7847776412963867,0.9199859499931335,0.9303159117698668,1.3762922286987305,2.3644704818725586,2.9416542053222656,0,0
7,-71,0.3958897292613983,0.645068347,0.782132089,0.8434851169586182,0.997377634,1.2279512882232666,1.8673644065856936,2.482640504837036,2.9238195419311523,0,0
7,-70,0.7320204377174377,0.9108646512031556,1.0353561639785769,1.0791971683502195,1.4090059995651243,1.8249629735946655,2.5222184658050537,2.907754898071289,2.9840543270111084,0,0
7,94,0.3834801614284515,0.407266766,0.4934837818145752,0.4386731684207916,0.5920926928520203,0.7416493892669678,0.7255315184593201,0.675407887,0.5971659421920776,0,0
7,99,0.4847344160079956,0.6128824949264526,0.6590280532836914,0.5774127244949341,0.7057945132255554,0.799914539,0.8259795308113098,0.9422256350517272,0.9579010605812072,0,0
7,100,0.2939956486225128,0.5734779834747314,0.6273952126502991,0.5771744847297668,0.6930148005485535,0.8571553230285645,0.9484182000160216,1.095981478691101,1.1189121007919312,0,0
7,101,0.3358934819698334,0.5451796650886536,0.6075579524040222,0.5691195726394653,0.7293558716773987,0.9182685017585754,1.0670980215072632,1.2458597421646118,1.2951589822769165,0,0
7,102,0.3852098882198334,0.5186743140220642,0.6223428845405579,0.5401865839958191,0.6860659718513489,0.9026435017585754,1.1006715297698977,1.2416396141052246,1.2220662832260132,0,0
7,122,0.4268868267536163,0.4376362860202789,0.4962092936038971,0.4244653284549713,0.4244177341461181,0.6814956068992615,0.8808820247650146,1.1286338567733765,1.2662726640701294,0,0
7,123,0.3807949721813202,0.4233810007572174,0.4935903251171112,0.4248348474502563,0.4222782552242279,0.668611467,0.8954706788063049,1.1417889595031738,1.2452874183654783,0,0
7,124,0.3403647840023041,0.4118185043334961,0.4801296293735504,0.4281247556209564,0.4573084414005279,0.7233113646507263,0.8415146470069885,1.0359174013137815,1.1608656644821167,0,0
7,125,0.3566539287567138,0.4598041474819183,0.5506508946418762,0.5249307155609131,0.5875254273414612,0.7973356246948242,0.7488462924957275,0.8172395825386047,0.9468623995780944,0,0
7,126,0.4283994138240814,0.4799314439296722,0.5650345087051392,0.5304654240608215,0.4709673821926117,0.5663962364196777,0.5340108275413513,0.5612375140190125,0.5591517090797424,0,0
7,127,0.4172237813472748,0.4094025194644928,0.4372847080230713,0.3774825632572174,0.3547968566417694,0.475507379,0.465649813,0.5025200247764587,0.485838771,0,0
8,-77,0.9885337352752686,1.2408491373062134,1.4102104902267456,1.391694427,1.3633451461791992,1.342751383781433,1.4556585550308228,1.5757163763046265,1.5827369689941406,0,0
8,-76,0.886484683,1.0812363624572754,1.2368067502975464,1.2676433324813845,1.210721492767334,1.2523417472839355,1.445539951324463,1.5478358268737793,1.4576798677444458,0,0
8,-75,0.9856582283973694,1.1419920921325684,1.233622431755066,1.284054995,1.1831501722335815,1.3080517053604126,1.6073163747787476,1.895141602,1.8663816452026367,0,0
8,-74,1.049409031867981,1.1576672792434692,1.1780492067337036,1.2031362056732178,1.1251463890075684,1.3083293437957764,1.7514437437057495,2.103872060775757,2.0382332801818848,0,0
8,-73,0.9564542174339294,1.1068328619003296,1.1243748664855957,1.1514183282852173,1.0808979272842407,1.203094482421875,1.780590534210205,2.5355803966522217,2.5332765579223633,0,0
8,-72,0.6470898985862732,0.7761013507843018,0.882729709,0.9569298624992372,0.977888823,1.0384598970413208,1.706867814064026,2.611198663711548,2.807567358016968,0,0
8,77,0.1783803552389145,0.6235536932945251,0.8596723079681396,0.9931063652038574,1.0771796703338623,0.8880022168159485,0.9679012298583984,1.0174189805984497,0.9948153495788574,0,0
8,78,0.2643073201179504,0.6569886207580566,0.8466132283210754,0.9231173396110536,0.9430633187294006,0.7890346646308899,0.9321947693824768,1.0357613563537598,1.015401840209961,0,0
8,93,0.3049167096614837,0.4042850434780121,0.5147459506988525,0.4506510198116302,0.6434975266456604,0.7879421710968018,0.7905685305595398,0.7792949676513672,0.669208825,0,0
8,94,0.3148764967918396,0.3881144523620605,0.4993704259395599,0.441492349,0.6465022563934326,0.8078063130378723,0.8176969885826111,0.7639108300209045,0.6562623381614685,0,0
8,98,0.3265745043754577,0.4991615712642669,0.5587611794471741,0.5019667744636536,0.6870224475860596,0.871286154,0.9544165134429932,1.0014437437057495,1.0310287475585938,0,0
8,99,0.2771315276622772,0.5282087326049805,0.5681487917900085,0.536442757,0.7144952416419983,0.9322214126586914,1.0493098497390747,1.121519923210144,1.1353131532669067,0,0
8,100,0.2336739748716354,0.5196336507797241,0.5569245219230652,0.5471029877662659,0.7436948418617249,0.9497058987617492,1.1497377157211304,1.2619980573654177,1.2407007217407229,0,0
8,117,0.4648554623126983,0.4498725831508636,0.4575767517089844,0.3562969267368316,0.5116046071052551,0.7958250641822815,0.8636879920959473,0.9125313758850098,1.0248205661773682,0,0
8,122,0.4049298763275146,0.4399981200695038,0.5112560391426086,0.4217815101146698,0.5386149883270264,0.798183262,0.875966489,1.0619220733642578,1.2467594146728516,0,0
8,123,0.4473444521427154,0.5354886054992676,0.584575355,0.5234038233757019,0.6440247297286987,0.8908326029777527,0.9375758171081544,1.1060264110565186,1.3304953575134275,0,0
8,124,0.412440151,0.5175359845161438,0.5974521636962891,0.5523857474327087,0.6482544541358948,0.8776991963386536,0.8980967402458191,1.0217825174331665,1.2026686668395996,0,0
8,125,0.4406732022762298,0.5516428351402283,0.6526932716369629,0.6019567847251892,0.6293787956237793,0.7656347155570984,0.7134345173835754,0.7394365668296814,0.7735983729362488,0,0
8,126,0.4760915338993072,0.5645208358764648,0.6459576487541199,0.6109513640403748,0.5236514210700989,0.5688920021057129,0.5203847885131836,0.5317801833152771,0.522047222,0,0
8,127,0.4789241850376129,0.4675905704498291,0.5125231742858887,0.4355032742023468,0.3714766502380371,0.4909438788890838,0.4822384417057037,0.4912931621074676,0.4539043605327606,0,0
9,-77,0.8081063628196716,1.050702452659607,1.249888300895691,1.2414536476135254,1.128286838531494,1.1890156269073486,1.324864149093628,1.3481348752975464,1.3195358514785769,0,0
9,-76,0.9061962962150574,1.1987155675888062,1.3807443380355835,1.3782869577407837,1.2102962732315063,1.300239324569702,1.5617494583129885,1.582608342170715,1.4114898443222046,0,0
9,-75,1.2522579431533811,1.458701491355896,1.5893336534500122,1.5785260200500488,1.4012724161148071,1.6735318899154663,2.2220513820648193,2.391186237335205,1.9692226648330688,0,0
9,-74,1.5157605409622192,1.7579131126403809,1.8425531387329104,1.772060751914978,1.5211011171340942,1.924174427986145,2.5119314193725586,2.7599470615386963,2.341740369796753,0,0
9,-73,1.185022234916687,1.4906082153320312,1.5453758239746094,1.6677513122558594,1.3865865468978882,1.6396034955978394,2.386293888092041,2.9604008197784424,2.878770112991333,0,0
9,76,0.011536849,0.4845268428325653,0.7898483276367188,0.952525556,1.1114786863327026,1.0464016199111938,1.0631707906723022,1.1084458827972412,1.0726699829101562,0,0
9,77,0.085549295,0.5250868201255798,0.8228387832641602,1.032460093,1.0443614721298218,0.9622848629951476,1.0831151008605957,1.2911227941513062,1.4028043746948242,0,0
9,78,0.2747853696346283,0.5585445165634155,0.7929992079734802,0.9288241267204284,0.8113353252410889,0.8284823894500732,1.0471082925796509,1.2020831108093262,1.3413671255111694,0,0
9,79,0.3260639011859894,0.6116278767585754,0.7759039998054504,0.8640171885490417,0.7721450328826904,0.7038426995277405,0.9510197639465332,1.0993062257766724,1.1088467836380005,0,0
9,93,0.2815449237823486,0.3983121216297149,0.525820792,0.4707845151424408,0.6846874356269836,0.8138563632965088,0.8394609093666077,0.8365111351013184,0.757307768,0,0
9,98,0.3012201488018036,0.4679403305053711,0.5095499157905579,0.464087576,0.6742052435874939,0.8704666495323181,0.988601029,1.0059833526611328,1.0103082656860352,0,0
9,99,0.2007562667131424,0.4679030478000641,0.5254566073417664,0.5337939858436584,0.7709495425224304,1.023664474487305,1.1709352731704712,1.2099913358688354,1.2219675779342651,0,0
9,100,-0.175521687,0.2979828417301178,0.3755288422107696,0.4381411075592041,0.698423445,0.9617037773132324,1.200243592262268,1.280434012413025,1.213063121,0,0
9,117,0.412801981,0.3853246867656708,0.4073087871074676,0.3331519365310669,0.5483917593955994,0.8256357312202454,0.8466011881828308,0.8754565715789795,1.0221749544143677,0,0
9,118,0.4217173159122467,0.43043676,0.4401262998580932,0.3528475761413574,0.5193982720375061,0.8004216551780701,0.8280206322669983,0.9419066309928894,1.1129881143569946,0,0
9,119,0.429003358,0.4191783964633941,0.4409784376621246,0.3362195491790771,0.4910444319248199,0.7529914379119873,0.7641382217407227,0.9031361937522888,1.0538679361343384,0,0
9,123,0.3287926018238067,0.3544182479381561,0.4170784652233124,0.3436123430728912,0.5435249209403992,0.7772597670555115,0.7652663588523865,0.8572416305541992,0.9931164383888244,0,0
9,124,0.3474137783050537,0.365724653,0.4374698400497436,0.362213135,0.4967522323131561,0.6783368587493896,0.6642606854438782,0.7304897308349609,0.8097078204154968,0,0
9,125,0.4540522992610931,0.4615588188171386,0.5656404495239258,0.4891352355480194,0.481205016,0.5893581509590149,0.5716436505317688,0.6285246014595032,0.6838298439979553,0,0
9,126,0.4671175479888916,0.5060152411460876,0.5989420413970947,0.5614204406738281,0.4786358773708343,0.5175556540489197,0.5097699761390686,0.5175765156745911,0.5091058611869812,0,0
10,-76,0.8735806941986084,1.0672591924667358,1.274330496788025,1.2796136140823364,1.1160882711410522,1.2432888746261597,1.4075230360031128,1.3959084749221802,1.3439656496047974,0,0
10,-75,1.487137794494629,1.736625075340271,1.749480128288269,1.636726737,1.417286992073059,1.6255521774291992,2.1279780864715576,2.298288583755493,1.9021419286727903,0,0
10,-74,1.3872265815734863,1.644373893737793,1.758410930633545,1.6392759084701538,1.3811864852905271,1.7252458333969116,2.331080198287964,2.5365169048309326,2.1482365131378174,0,0
10,-73,1.1704424619674685,1.2565475702285769,1.3485532999038696,1.4534913301467896,1.2346309423446655,1.4049005508422852,2.0307562351226807,2.5403993129730225,2.5276830196380615,0,0
10,76,0.051635683,0.4706778526306152,0.7766289710998535,0.942194939,1.141332983970642,1.133527755737305,1.1659146547317505,1.2462654113769531,1.1858124732971191,0,0
10,77,0.1655908226966858,0.5014543533325195,0.6949213147163391,0.9113008379936218,0.98691988,0.9880557656288148,1.1217819452285769,1.2668334245681765,1.3641449213027954,0,0
10,78,0.3901067078113556,0.6872408986091614,0.893904984,1.056104541,0.855598509,0.9189217686653136,1.1007124185562134,1.2473362684249878,1.371807098388672,0,0
10,79,0.4557027518749237,0.7546185851097107,0.949438751,1.0286903381347656,0.7677750587463379,0.8024683594703674,1.0405787229537964,1.2017964124679563,1.242488980293274,0,0
10,80,0.2999320030212402,0.5723716616630554,0.757465661,0.7792194485664368,0.6262684464454651,0.6716523766517639,0.939974606,1.0884944200515747,1.040338397026062,0,0
10,98,0.3929235637187958,0.5154575705528259,0.5754840970039368,0.5253072381019592,0.7646238207817078,0.9127022624015808,1.0213302373886108,1.0238884687423706,0.958657205,0,0
10,99,0.1329795271158218,0.4412161111831665,0.5256972908973694,0.5200287699699402,0.7631070613861084,1.0157870054244995,1.2213674783706665,1.2304365634918213,1.164465308189392,0,0
10,100,-0.484449267,0.2173647731542587,0.3523398339748382,0.4333795607089996,0.7126033306121826,1.0187278985977173,1.2920279502868652,1.3464411497116089,1.2071164846420288,0,0
10,118,0.3546859920024872,0.32088396,0.3594537079334259,0.3073024749755859,0.5150759816169739,0.7705473899841309,0.774593174,0.8473949432373047,1.0449289083480835,0,0
10,119,0.3246872723102569,0.3322086334228515,0.3813088238239288,0.3081789910793304,0.4917660057544708,0.7381934523582458,0.7554636597633362,0.8847531676292419,1.0759762525558472,0,0
10,120,0.3027533888816833,0.3152409791946411,0.3767358064651489,0.2896032631397247,0.4764858186244964,0.7101076245307922,0.7109160423278809,0.8445201516151428,1.0200157165527344,0,0
10,122,0.2052610367536544,0.2746317982673645,0.363347441,0.2915139198303222,0.5343484282493591,0.757983387,0.7815001606941223,0.912810743,1.106711506843567,0,0
10,123,0.1725353002548217,0.3473121225833893,0.3968732059001922,0.3451851308345794,0.5493837594985962,0.7463679909706116,0.7978198528289795,0.9199349880218506,1.0810630321502686,0,0
10,124,0.2068929076194763,0.3830731809139251,0.4128109514713287,0.3526564836502075,0.4729757010936737,0.6444530487060547,0.6921255588531494,0.7805745005607605,0.8973717093467712,0,0
10,125,0.4493626058101654,0.4563272297382355,0.4892961978912353,0.397585779,0.4513594806194305,0.5668774843215942,0.6058562397956848,0.6527894139289856,0.6910311579704285,0,0
10,126,0.4770922660827636,0.4814893305301666,0.4994723796844482,0.4137751758098602,0.4288206994533539,0.5282031893730164,0.5473830699920654,0.5419706702232361,0.5229670405387878,0,0
11,-75,0.6504713892936707,0.7674710750579834,1.015513896942139,1.151476263999939,1.0741339921951294,1.226962685585022,1.3998643159866333,1.566197395324707,1.5918294191360474,0,0
11,-74,0.8363213539123535,0.973210633,1.092467188835144,1.2158759832382202,1.1133055686950684,1.282185673713684,1.6556059122085571,1.9160881042480469,1.8943538665771484,0,0
11,-73,0.7699337005615234,0.9568824768066406,1.0611512660980225,1.1880191564559937,1.010858416557312,1.1467913389205933,1.509621500968933,1.8622506856918335,1.9301408529281616,0,0
11,-72,0.753159225,0.8328017592430115,0.9127933382987976,1.1013816595077517,0.9641995429992676,1.0865206718444824,1.4032565355300903,1.6513118743896484,1.748924732208252,0,0
11,76,0.1456891000270843,0.5304449200630188,0.8159725666046143,1.0313180685043335,1.2397764921188354,1.2557072639465332,1.270919680595398,1.4497636556625366,1.3094474077224731,0,0
11,77,0.253739059,0.6021273136138916,0.8232765197753906,1.0253636837005615,1.0587257146835327,1.0859863758087158,1.2027171850204468,1.410744309425354,1.4696584939956665,0,0
11,78,0.4217270612716675,0.7508324980735779,0.9927433133125304,1.1081185340881348,0.9484513401985168,1.0498950481414795,1.2082602977752686,1.4229434728622437,1.488731026649475,0,0
11,79,0.4648528099060058,0.8497174382209778,1.1359556913375854,1.153073787689209,0.907254994,0.9950496554374696,1.1519482135772705,1.3558416366577148,1.425896167755127,0,0
11,80,0.5156174898147583,0.7619211077690125,0.951950729,0.9023337364196776,0.6427908539772034,0.7590581774711609,0.959161341,1.1010479927062988,1.109462857246399,0,0
11,92,0.300976425,0.3666181564331054,0.4997932016849518,0.4941820204257965,0.6858642101287842,0.8188058733940125,0.8546070456504822,0.8316565155982971,0.833085299,0,0
11,93,0.3720517158508301,0.4159325361251831,0.5324041843414307,0.4939726889133453,0.6822767853736877,0.838735819,0.8749198317527771,0.8540148138999939,0.8095353245735168,0,0
11,99,0.1297909766435623,0.3843992948532104,0.4957071244716644,0.5125910639762878,0.7575840950012207,1.0778024196624756,1.2232424020767212,1.2660785913467407,1.2469474077224731,0,0
11,100,-0.425971121,0.1826225519180297,0.366389126,0.4628520905971527,0.7465042471885681,1.1377943754196167,1.3621562719345093,1.396533489227295,1.2017890214920044,0,0
11,119,0.2415862083435058,0.2554260194301605,0.3196253180503845,0.2697405517101288,0.4939777851104736,0.7199618220329285,0.717171848,0.8042817115783691,0.9898492693901062,0,0
11,120,0.2546494007110595,0.2296634465456009,0.3214905560016632,0.2546348571777344,0.4516910016536712,0.6645506024360657,0.6711682677268982,0.7973873019218445,0.9684506058692932,0,0
11,122,0.2103335410356521,0.2372647523880005,0.3459894955158233,0.2714529037475586,0.4827365577220917,0.6823499798774719,0.7343541979789734,0.8795788288116455,1.078946590423584,0,0
11,123,0.2562629878520965,0.3460875451564789,0.427528828,0.3582551181316376,0.5024265646934509,0.7010598182678223,0.7733225226402283,0.8919162750244141,1.0455002784729004,0,0
11,124,0.331864983,0.3527139723300934,0.3986534178256988,0.3267694413661957,0.4568275511264801,0.620030403,0.70203352,0.7851805686950684,0.8649924397468567,0,0
11,125,0.393527478,0.4124608337879181,0.4203875958919525,0.347172737,0.4303817451000213,0.552322507,0.6240049004554749,0.661644697,0.6799421310424805,0,0
11,126,0.4119728505611419,0.4098387062549591,0.4074766635894775,0.3135017156600952,0.3677791059017181,0.5000047087669373,0.53666991,0.5245013236999512,0.4959626197814941,0,0
12,-73,-0.04576597,0.2216584086418151,0.4007923901081085,0.5595054626464844,0.5240564942359924,0.6399474143981934,0.731053352,0.9567887187004088,1.2639375925064087,0,0
12,-72,0.04531927,0.2020429223775863,0.3793793618679046,0.5221989750862122,0.6010226607322693,0.7257049679756165,0.7588315606117249,0.923888624,1.209751009941101,0,0
12,-71,-0.010336741,0.184451476,0.3582349717617035,0.3685046136379242,0.4283496439456939,0.5207971930503845,0.5017272233963013,0.6433297395706177,0.985680103,0,0
12,75,0.1128953620791435,0.3170880973339081,0.5441989898681641,0.7582963109016418,1.131626009941101,1.186151146888733,1.1763763427734375,1.259446620941162,1.0716198682785034,0,0
12,76,0.2047141045331955,0.531285822,0.6547672152519226,0.854301393,1.0891236066818235,1.1615580320358276,1.260588288,1.5104774236679075,1.3847028017044067,0,0
12,77,0.3450834453105926,0.6507119536399841,0.8107852339744568,0.9619808793067932,1.0695520639419556,1.1794453859329224,1.317076325416565,1.5160627365112305,1.5341180562973022,0,0
12,78,0.5553325414657593,0.8468602299690247,1.013721585273743,1.051443338394165,1.0127627849578855,1.135173797607422,1.288975477218628,1.4825935363769531,1.504529356956482,0,0
12,79,0.6138907074928284,0.9789708256721495,1.1629762649536133,1.133754849433899,0.9447099566459656,1.0883601903915403,1.1852138042449951,1.406851887702942,1.4414405822753906,0,0
12,80,0.5892580151557922,0.8633589744567871,0.9928976893424988,0.9009299278259276,0.6296861171722412,0.8147108554840088,0.9564109444618224,1.1068497896194458,1.1174890995025637,0,0
12,93,0.4440512955188751,0.462475061,0.5436384081840515,0.4968636035919189,0.6674296259880066,0.8586394190788269,0.8974445462226868,0.8545715808868408,0.8249466419219971,0,0
12,99,0.1300757676362991,0.3384167850017547,0.4717770516872406,0.5187292695045471,0.7642452120780945,1.2108162641525269,1.3129860162734983,1.3292220830917358,1.2007230520248413,0,0
12,100,-0.260584474,0.1618252247571945,0.3566776216030121,0.4582658112049103,0.7766066193580627,1.2748945951461792,1.4009729623794556,1.4540842771530151,1.2474783658981323,0,0
12,102,0.081776083,0.1439529508352279,0.2557767331600189,0.4710534512996673,0.870061457,1.446475863456726,1.4919859170913696,1.517086148262024,1.2936097383499146,0,0
12,103,0.2639820277690887,0.4117951393127441,0.535597026,0.6354920268058777,0.9760558009147644,1.587117075920105,1.6042989492416382,1.6196140050888062,1.443854808807373,0,0
12,120,0.1875060349702835,0.184420571,0.2781191766262054,0.2308507412672042,0.4781283438205719,0.7027124762535095,0.7749791145324707,0.8987334370613098,1.0325442552566528,0,0
12,121,0.1795287281274795,0.1473894119262695,0.2669166922569275,0.2372806817293167,0.4936303198337555,0.7130740284919739,0.7689085602760315,0.8957200646400452,1.0289782285690308,0,0
12,122,0.1453693658113479,0.1681599766016006,0.274936706,0.2416020184755325,0.4528157711029053,0.6350076794624329,0.7048788070678711,0.8275484442710876,0.9707823395729064,0,0
12,123,0.1835253983736038,0.2128467112779617,0.3190092444419861,0.2790749371051788,0.4271333515644073,0.6058605313301086,0.6843283772468567,0.8033199310302734,0.936701238,0,0
12,124,0.280201793,0.3013463020324707,0.3790390789508819,0.318815678,0.4332908093929291,0.599916399,0.6713696122169495,0.7666823267936707,0.8634421825408936,0,0
12,125,0.3766704797744751,0.4090062379837036,0.4813029766082763,0.3880164623260498,0.4498511254787445,0.5828568339347839,0.6270106434822083,0.6615251898765564,0.671118438,0,0
12,126,0.3832207918167114,0.3577578365802765,0.4021997153759002,0.3151929378509521,0.3711852729320526,0.5052737,0.5376428961753845,0.5278337001800537,0.4991642236709595,0,0
13,75,0.1648506969213485,0.4230657517910003,0.550533116,0.7535635828971863,1.170175075531006,1.2907804250717163,1.3487812280654907,1.5752724409103394,1.3067948818206787,0,0
13,76,0.2488335222005844,0.5748556852340698,0.6486358046531677,0.8706710338592529,1.1201988458633425,1.2132073640823364,1.3262372016906738,1.6215497255325315,1.5135551691055298,0,0
13,77,0.327567458,0.6826933026313782,0.8098812699317932,0.950273097,1.109904170036316,1.2758361101150513,1.4294430017471311,1.6702919006347656,1.6165159940719604,0,0
13,78,0.4105254411697387,0.7937228083610535,0.9652186036109924,1.0348929166793823,1.0309959650039673,1.1902252435684204,1.3706969022750854,1.5613950490951538,1.605597972869873,0,0
13,79,0.5096895098686218,1.0021648406982422,1.142393946647644,1.169078350067139,0.9846596717834472,1.1342411041259766,1.2617872953414917,1.4806976318359375,1.5744290351867676,0,0
13,80,0.6320619583129883,1.061400294303894,1.07245934,1.011615753173828,0.7377532124519348,0.9176433682441713,1.036959528923035,1.1959099769592283,1.247617006,0,0
13,93,0.3781954050064087,0.4085778892040252,0.4736129939556122,0.4545021057128906,0.6506748795509338,0.8646895885467529,0.9077265858650208,0.8388724327087402,0.760201633,0,0
13,99,0.2166186571121215,0.3429801166057586,0.4752268493175506,0.5439696907997131,0.883037806,1.4644536972045898,1.5040760040283203,1.5173406600952148,1.2977375984191897,0,0
13,100,-0.051813141,0.083619557,0.2694362699985504,0.4167748689651489,0.8370823860168457,1.499522328,1.5314964056015017,1.6282429695129397,1.404406189918518,0,0
13,101,0.1261660307645797,0.18290484,0.3048489093780517,0.4442610442638397,0.9280937314033508,1.5947918891906738,1.5824594497680664,1.6718212366104126,1.408030629,0,0
13,102,0.2912949323654175,0.3963828384876251,0.5186629891395569,0.6211891770362854,1.0592975616455078,1.7002853155136108,1.648339867591858,1.7317603826522827,1.4607223272323608,0,0
13,103,0.4707693755626678,0.5155845284461975,0.628500223,0.726934016,1.1506521701812744,1.8286046981811523,1.824747085571289,1.8849982023239136,1.7099717855453491,0,0
13,120,0.1072446107864379,0.1276021301746368,0.2578900754451751,0.2370796948671341,0.5018430948257446,0.7654082775115967,0.8512074947357178,0.9376177787780762,1.0557516813278198,0,0
13,121,-0.001061122,0.238044187,0.3307116031646728,0.2806878089904785,0.4907111227512359,0.7648086547851562,0.8471527695655823,0.9995520114898682,1.151352047920227,0,0
13,122,-0.026559642,0.2459161132574081,0.3428419828414917,0.3222537636756897,0.4479875266551971,0.6503740549087524,0.7349822521209717,0.839108944,0.9923067688941956,0,0
13,123,-0.030080736,0.2131408601999282,0.2955944240093231,0.2978063523769378,0.40128386,0.5921940803527832,0.6925576329231262,0.7978647351264954,0.9272586703300476,0,0
13,124,0.1571945697069168,0.3177452385425567,0.3802153170108795,0.3487429916858673,0.3886996209621429,0.5711807012557983,0.6619482636451721,0.7458055019378662,0.8176811337471008,0,0
13,125,0.3329393863677978,0.3670065402984619,0.4501638114452362,0.3786866366863251,0.4056268036365509,0.5644019246101379,0.6070262789726257,0.6469852328300476,0.6475070118904114,0,0
14,74,0.1306632310152053,0.2611834704875946,0.4217815399169922,0.5453006029129028,0.933005393,1.1600452661514282,1.0927211046218872,1.1140447854995728,0.8717174530029297,0,0
14,75,0.1918151229619979,0.4979889392852783,0.5774098038673401,0.7916345000267029,1.224984049797058,1.3893074989318848,1.4626487493515017,1.6727620363235474,1.3291407823562622,0,0
14,76,0.2679139971733093,0.6477442979812622,0.7078542709350586,0.9713107943534852,1.3323702812194824,1.4754295349121094,1.566813826560974,1.7266157865524292,1.481080412864685,0,0
14,77,0.3058451414108276,0.7139520645141602,0.7911917567253113,0.9954288005828856,1.209748148918152,1.365561604499817,1.5637964010238647,1.7675069570541382,1.680872082710266,0,0
14,78,0.367466539,0.8440777659416199,0.9406749606132508,1.0669225454330444,1.1074472665786743,1.2930033206939695,1.5098799467086792,1.6780625581741333,1.7513359785079956,0,0
14,79,0.4870546162128448,1.0175889730453491,1.091986894607544,1.1383633613586426,1.0413669347763062,1.2125756740570068,1.3917735815048218,1.5507506132125854,1.6879016160964966,0,0
14,80,0.6540566086769104,1.0275675058364868,1.0030275583267212,0.9925267696380616,0.788923442,0.9330132007598876,1.0734026432037354,1.2055833339691162,1.2301069498062134,0,0
14,93,0.3403244912624359,0.3467526137828827,0.3939065933227539,0.4018318355083465,0.6353389024734497,0.8594815135002136,0.891876221,0.7829392552375793,0.6072759032249451,0,0
14,99,0.2271296232938766,0.2228918820619583,0.3565356731414795,0.4970784187316894,0.8984236121177673,1.5565747022628784,1.446196675300598,1.4274293184280396,1.1955684423446655,0,0
14,100,0.1502482146024704,-0.019927343,0.1474017947912216,0.4384634494781494,0.9084562659263612,1.622056484222412,1.5620598793029783,1.739521026611328,1.550045609474182,0,0
14,101,0.2926216125488281,0.2197511941194534,0.3643736839294433,0.5578318238258362,1.0934642553329468,1.779460310935974,1.6193639039993286,1.7947183847427368,1.627653956413269,0,0
14,102,0.4622553884983063,0.4326207339763641,0.5449620485305786,0.652195156,1.1631871461868286,1.9195407629013064,1.7858613729476929,1.9549404382705688,1.8196196556091309,0,0
14,103,0.6053548455238342,0.4611440598964691,0.5236518383026123,0.661998987,1.2121068239212036,1.9705866575241089,1.874298930168152,1.988207459449768,1.7784042358398438,0,0
14,104,0.7655336260795593,0.6219156980514526,0.6595839262008667,0.7478498816490173,1.3197994232177734,2.0733931064605713,1.9874582290649416,2.050262212753296,1.7976726293563845,0,0
14,105,0.7075879573822021,0.6007876992225647,0.6396254897117615,0.7477487921714783,1.2953115701675415,1.984127640724182,1.9006481170654297,1.9226703643798828,1.847710967063904,0,0
14,120,0.08560168,0.1253072321414947,0.2481325715780258,0.2522698640823364,0.500098705,0.7645021080970764,0.865752637,0.9718872904777528,1.0950578451156616,0,0
14,121,-0.052666321,0.2341972589492797,0.3158830106258392,0.3064685761928558,0.4604818522930145,0.7464326024055481,0.84248656,0.9894759058952332,1.1985236406326294,0,0
14,122,-0.139618143,0.2885069847106933,0.3489484488964081,0.3405784666538238,0.4241741895675659,0.629023552,0.7434595227241516,0.8397204875946045,0.9970211982727052,0,0
14,123,-0.103106499,0.3121291100978851,0.3626750707626343,0.3458845615386963,0.3720884621143341,0.5631973743438721,0.683563232,0.7808294296264648,0.9181696772575378,0,0
14,124,0.1899429112672805,0.314135879,0.3796427547931671,0.3359759747982025,0.3460926711559295,0.5417301058769226,0.6502599120140076,0.7396617531776428,0.8236212134361267,0,0
15,-93,0.6982448101043701,0.9408681392669678,1.177561879,1.1468206644058228,1.0881229639053345,1.356230854988098,1.209595799446106,0.9336640238761902,0.8114388585090637,0,0
15,-92,0.678727925,0.9862492084503174,1.1933069229125977,1.0240620374679563,0.9468910098075868,1.2917331457138062,1.136530518531799,0.989633083,0.9965398907661438,0,0
15,74,0.1569701433181762,0.3649397790431976,0.4782856702804565,0.6292192339897156,1.0184292793273926,1.2635399103164673,1.250011682510376,1.2237434387207031,0.8511797785758972,0,0
15,75,0.198515698,0.530143142,0.6117016673088074,0.9129250049591064,1.3817521333694458,1.6032902002334597,1.652793288230896,1.7117916345596311,1.2638620138168335,0,0
15,76,0.2223681807518005,0.6739773750305176,0.7627542018890381,1.0921082496643066,1.4537653923034668,1.5487855672836304,1.628452181816101,1.7394804954528809,1.4955765008926392,0,0
15,77,0.3060950040817261,0.7746075987815857,0.857982337,1.1017128229141235,1.369784951210022,1.4678925275802612,1.6420561075210571,1.7666850090026855,1.6311006546020508,0,0
15,78,0.3759269416332245,0.9338207840919496,0.9933056831359864,1.122457743,1.2185858488082886,1.354183554649353,1.577407717704773,1.7022038698196411,1.6925582885742188,0,0
15,79,0.4844866991043091,1.0797265768051147,1.1498628854751587,1.1939711570739746,1.168422818183899,1.3542789220809937,1.5586665868759155,1.6610774993896484,1.6862093210220337,0,0
15,80,0.6941198706626892,1.0006409883499146,0.987671435,0.9802345633506776,0.8171791434288025,0.9729284644126892,1.155377984046936,1.2405725717544556,1.2247817516326904,0,0
15,98,0.2653809487819671,0.2653058469295501,0.3660400211811065,0.474086732,0.8580412864685059,1.4867984056472778,1.4577831029891968,1.3938482999801636,1.1611849069595337,0,0
15,99,0.293100357,0.2251882553100586,0.3668608367443084,0.5093579292297363,0.9472782611846924,1.6973299980163574,1.5407837629318235,1.4745826721191406,1.158902883529663,0,0
15,100,0.2317536622285843,0.00352032,0.1901272982358932,0.4824441373348236,1.0020395517349243,1.8130232095718384,1.6645846366882324,1.686589241027832,1.4285694360733032,0,0
15,101,0.3760980367660522,0.218650147,0.3603346645832062,0.5588197112083435,1.062294840812683,1.7795805931091309,1.5135480165481567,1.640243411064148,1.4833637475967407,0,0
15,102,0.5109118819236755,0.3277749717235565,0.4179356098175049,0.5787667632102966,1.1372493505477903,1.944208741188049,1.708443284034729,1.8282241821289065,1.640959382,0,0
15,103,0.6748757362365723,0.4233676195144653,0.4662652909755707,0.6089649796485901,1.213089942932129,2.022697687149048,1.8222461938858032,1.9050612449645996,1.7357498407363892,0,0
15,104,0.7800883650779724,0.4951417148113251,0.5095877647399902,0.6118652820587158,1.2383471727371216,2.0592501163482666,1.8871017694473269,1.946433663368225,1.7640081644058228,0,0
15,105,0.6687545776367188,0.4184876680374145,0.4450036287307739,0.5902370810508728,1.224596381187439,2.0290143489837646,1.9062577486038208,1.9681679010391235,1.7957597970962524,0,0
15,106,0.4928568303585052,0.398002028,0.441747099,0.5977291464805603,1.183810830116272,1.9047975540161133,1.7564541101455688,1.7710366249084473,1.6867095232009888,0,0
15,120,0.060760308,0.1676302999258041,0.2834603488445282,0.311941385,0.5219213366508484,0.8285171389579773,0.9922739863395692,1.08996582,1.1979327201843262,0,0
15,121,0.1342536360025406,0.3157651722431183,0.4040499925613403,0.4439412355422973,0.5193843245506287,0.8748865127563477,0.9708399176597596,1.044947385787964,1.1868950128555298,0,0
15,122,0.2534022331237793,0.3710255622863769,0.4268139600753784,0.4063863754272461,0.3932090699672699,0.6133179664611816,0.7438791394233704,0.8245163559913635,0.9539058804512024,0,0
16,-99,0.9387157559394836,1.0328868627548218,1.1814509630203247,1.197715163230896,1.0400608777999878,1.079107403755188,0.8506899476051331,0.6296496391296387,0.4834576547145843,0,0
16,-98,0.7661502957344055,0.9648253321647644,1.1447957754135132,1.161235213279724,1.0750486850738523,1.1371610164642334,0.8572022914886475,0.6641514897346497,0.5885342955589294,0,0
16,-97,0.6599817872047424,0.955830991,1.1483289003372192,1.096097707748413,1.0988469123840332,1.2390780448913574,0.8223066329956055,0.6738640666007996,0.6806373596191406,0,0
16,-96,0.5868964791297913,0.9495506882667542,1.1468602418899536,1.0480012893676758,1.0600186586380005,1.2749100923538208,0.897536039,0.826002836,0.8145995140075684,0,0
16,-95,0.6929451823234558,0.9670584201812744,1.190597414970398,1.1135894060134888,1.1400971412658691,1.3953882455825806,1.1427043676376345,1.0274425745010376,0.9997184872627258,0,0
16,-94,0.6454562544822693,0.9257867336273192,1.2416247129440308,1.131899356842041,1.115110158920288,1.3606181144714355,1.0207737684249878,0.8485614657402039,0.7992351055145264,0,0
16,-93,0.6080389618873596,0.8400741219520569,1.0801573991775513,0.9838533401489258,1.013814091682434,1.2923654317855835,0.9201017022132874,0.773485005,0.7098045945167542,0,0
16,-92,0.5306645035743713,0.6704124808311462,0.842656672,0.7815442085266113,0.9088408946990968,1.2967785596847534,1.0484358072280884,0.978254259,1.1347931623458862,0,0
16,-91,0.401889443,0.5505148768424988,0.7356671690940857,0.685167134,0.8906380534172058,1.2437652349472046,0.956771433,0.96209532,1.2774940729141235,0,0
16,-90,0.3141995072364807,0.4920802414417267,0.7060274481773376,0.6494656801223755,0.9595162868499756,1.3201814889907837,1.0235201120376587,1.1094413995742798,1.4622797966003418,0,0
16,73,0.1089779734611511,0.2092963308095932,0.4039726555347442,0.4790196418762207,0.7152224183082581,0.9994147419929504,0.9923672676086426,0.9297282099723816,0.7046723365783691,0,0
16,74,0.2835677564144134,0.4234378039836883,0.4755806028842926,0.7101040482521057,1.2165135145187378,1.4669395685195925,1.4784554243087769,1.4513297080993652,0.9526114463806152,0,0
16,75,0.265817791,0.4978641271591186,0.5703163743019104,0.9659152626991272,1.4817875623703003,1.6416527032852173,1.7195762395858765,1.7175942659378052,1.3101834058761597,0,0
16,76,0.3332754671573639,0.6715720295906067,0.7356504797935486,1.1305197477340698,1.4956542253494265,1.5949153900146484,1.7398027181625366,1.7594079971313477,1.4773292541503906,0,0
16,77,0.4844084978103637,0.8563156723976135,0.930259407,1.1950639486312866,1.482253074645996,1.5832520723342896,1.6923595666885376,1.7306290864944458,1.5429962873458862,0,0
16,78,0.6032367944717407,1.0435434579849243,1.0977123975753784,1.2406325340270996,1.4031583070755005,1.5545244216918943,1.6630686521530151,1.7234452962875366,1.5502694845199585,0,0
16,79,0.7924399375915527,1.141958713531494,1.1514906883239746,1.2301815748214722,1.2899537086486816,1.5288084745407104,1.6895679235458374,1.7912663221359253,1.6314626932144165,0,0
16,80,1.0246089696884155,1.1323978900909424,1.037452220916748,1.0857244729995728,1.0930930376052856,1.3542646169662476,1.5049314498901367,1.4842901229858398,1.2333484888076782,0,0
16,81,1.0082696676254272,1.0056748390197754,0.9239563941955566,0.8623047471046448,0.7911166548728943,1.0105088949203491,1.150844931602478,1.1209858655929563,0.9683048725128174,0,0
16,82,0.6059520840644836,0.7339497208595276,0.6820114254951477,0.5701043009757996,0.4812640845775604,0.7039430141448975,0.8781237006187439,0.9222851395606996,0.8577032685279846,0,0
16,99,0.3257877826690674,0.1940218210220337,0.3479102849960327,0.5152237415313721,0.963295043,1.7158098220825195,1.6036971807479858,1.5429805517196655,1.2516368627548218,0,0
16,100,0.301713616,0.021646367,0.2135670185089111,0.5012849569320679,0.984092891,1.8319710493087769,1.7078596353530884,1.693866253,1.3954267501831057,0,0
16,101,0.4764772951602936,0.2661173939704895,0.3739192485809326,0.5705054402351379,1.112795114517212,1.893733024597168,1.6367721557617188,1.6398833990097046,1.408887505531311,0,0
16,102,0.5968085527420044,0.3481988906860351,0.3947785198688507,0.564409077,1.148182392120361,1.929673671722412,1.5919289588928225,1.6359200477600098,1.445447564125061,0,0
16,103,0.7380887866020203,0.3774081468582153,0.4022823274135589,0.5782803893089294,1.2260372638702393,2.075399637,1.815137505531311,1.8368115425109863,1.6339682340621948,0,0
16,104,0.7745585441589355,0.4007782638072967,0.41901657,0.5813897252082825,1.2932027578353882,2.168187379837036,1.9083231687545776,1.8713659048080444,1.6724847555160522,0,0
16,105,0.6798326373100281,0.35208261,0.3783028125762939,0.5501241087913513,1.189998745918274,2.031633138656616,1.8911337852478027,1.9086440801620483,1.8155107498168943,0,0
16,106,0.6595678925514221,0.4143896400928497,0.4530678689479828,0.6300527453422546,1.1709588766098022,1.8922256231307983,1.7243142127990725,1.7508364915847778,1.7787261009216309,0,0
16,120,0.026441703,0.1923129111528396,0.3141221106052398,0.3437781035900116,0.491006851,0.8317144513130188,0.9837534427642822,1.0966992378234863,1.2417335510253906,0,0
16,121,0.2117549628019333,0.3668173253536224,0.4474528729915619,0.4933115541934967,0.4735852777957916,0.8502127528190613,1.029666304588318,1.2003697156906128,1.3802642822265625,0,0
16,122,0.3693052530288696,0.4168547689914703,0.4904116690158844,0.4277968108654022,0.3380216360092163,0.6421865820884705,0.8007607460021973,0.8878466486930847,1.0006357431411743,0,0
17,-101,0.9846541285514832,0.9760293960571288,1.0709857940673828,1.0631974935531616,0.9644904732704164,0.972792625,0.7795445322990417,0.4841547012329101,0.2900228798389435,0,0
17,-100,0.6937112808227539,0.9218134880065918,1.0515384674072266,1.042934775352478,0.9456541538238524,1.0554169416427612,0.7098470330238342,0.3560648262500763,0.2243913412094116,0,0
17,-99,0.4920953810214996,0.839137077,1.0533727407455444,1.0400608777999878,0.9924384951591492,1.1802924871444702,0.7911859154701233,0.4447118937969208,0.3267219960689544,0,0
17,-98,0.4523705244064331,0.7564534544944763,0.9159703254699708,0.8934698700904846,1.0023508071899414,1.2406827211380005,0.839522123,0.6326157450675964,0.6420083045959473,0,0
17,-97,0.5017989277839661,0.7711413502693176,0.8536283373832703,0.851855993,1.084830403327942,1.3564459085464478,0.9250662922859192,0.8800487518310547,0.9588459134101868,0,0
17,-96,0.5132713913917542,0.7885968685150146,0.8520572185516357,0.8215832114219666,1.0217639207839966,1.2367738485336304,0.8112581372261047,0.8372383117675781,0.9851656556129456,0,0
17,-95,0.4104827642440796,0.8832688331604004,1.0136381387710571,0.9660463929176332,1.0648359060287476,1.1797291040420532,0.7761062979698181,0.744525135,0.8957275748252869,0,0
17,-94,0.5198579430580139,0.8900348544120789,1.1332236528396606,1.0541208982467651,1.089532494544983,1.2092756032943726,0.7477285265922546,0.670804501,0.772650957,0,0
17,-93,0.5639569759368896,0.8544573783874512,1.101758838,1.0294010639190674,1.1010503768920898,1.2919367551803589,0.8310914635658264,0.7239558100700378,0.8022139668464661,0,0
17,-92,0.4866375923156738,0.7025537490844727,0.9741395115852356,0.9838364124298096,1.111122727394104,1.3564257621765137,0.9261383414268494,0.8201916813850403,0.9631690979003906,0,0
17,-91,0.2889805734157562,0.6162455677986145,0.8123202919960022,0.8591915965080261,1.0622502565383911,1.2965936660766602,0.9228551983833312,0.901820719,1.1467708349227903,0,0
17,73,0.037302818,0.1443289071321487,0.3246303498744964,0.3908507525920868,0.6764946579933167,1.025717854499817,1.029611587524414,0.9609637260437012,0.7002915740013123,0,0
17,74,0.3551237881183624,0.4447968900203705,0.4747723639011383,0.7281825542449951,1.2549234628677368,1.581590772,1.6045621633529663,1.5642794370651243,1.0040655136108398,0,0
17,75,0.3967714607715606,0.4940000772476196,0.5331156849861145,0.9679806232452391,1.4564443826675415,1.592117428779602,1.707210898399353,1.723796010017395,1.335410237312317,0,0
17,76,0.4936921298503876,0.6817514300346375,0.7465922236442566,1.1972018480300903,1.6166462898254397,1.658607840538025,1.7891069650650024,1.7364462614059448,1.424579144,0,0
17,77,0.622312605,0.8509488105773926,0.9238134026527404,1.232069730758667,1.5460532903671265,1.671112060546875,1.7683062553405762,1.6985015869140625,1.4326709508895874,0,0
17,78,0.7496647238731384,0.9633243083953856,1.0080400705337524,1.2081340551376345,1.4620622396469116,1.6746110916137695,1.7756562232971191,1.7352399826049805,1.418520450592041,0,0
17,79,0.9287400841712952,1.029922366142273,1.0036183595657349,1.155767798423767,1.3851617574691772,1.6809872388839722,1.7838932275772097,1.742266058921814,1.3480640649795532,0,0
17,80,1.2549864053726196,1.1097484827041626,1.0312188863754272,1.1539875268936155,1.3195675611495972,1.6123820543289185,1.7562662363052368,1.6551634073257446,1.2090613842010498,0,0
17,81,1.4408310651779177,1.1370251178741455,1.0208420753479004,1.1196922063827517,1.168912053108215,1.455709457397461,1.5926741361618042,1.4711803197860718,1.0773755311965942,0,0
17,82,1.2508947849273682,1.0591226816177368,0.9685521125793456,0.9477918148040771,0.9020450711250304,1.1330647468566897,1.2631009817123413,1.186867117881775,0.9429900050163268,0,0
17,83,0.599160373,0.7444843649864197,0.5687346458435059,0.4732300043106079,0.4540878236293793,0.7064695358276367,0.8913257122039795,0.9105045199394226,0.805105448,0,0
17,98,0.2600427865982055,0.2049627900123596,0.3330599963665008,0.4489875137805938,0.7683961987495422,1.247739315032959,1.030986785888672,0.8189153671264648,0.6888397336006165,0,0
17,99,0.4595851004123688,0.2356210798025131,0.3779776394367218,0.556090772,0.9786124229431152,1.691981315612793,1.6220742464065552,1.5212358236312866,1.248953342437744,0,0
17,100,0.5399293303489685,0.2091374844312667,0.3105121552944183,0.5184997916221619,0.9519687294960022,1.7086127996444702,1.6071206331253052,1.5377311706542969,1.286350131034851,0,0
17,101,0.7149381041526794,0.4081378877162933,0.4457039535045624,0.6010230183601379,1.080594539642334,1.9070645570755005,1.706748604774475,1.6433420181274414,1.388566970825195,0,0
17,102,0.6979672312736511,0.3288362920284271,0.3535970449447632,0.5453945994377136,1.074313759803772,1.9324842691421509,1.7015719413757324,1.6956839561462402,1.4506148099899292,0,0
17,103,0.7207717895507812,0.340685636,0.3516645431518554,0.5543929934501648,1.1283947229385376,1.9901384115219116,1.7263957262039185,1.727287769317627,1.5314226150512695,0,0
17,104,0.727314293,0.3732302188873291,0.3873783349990845,0.581397533,1.2360337972640991,2.110044002532959,1.8096927404403689,1.7574138641357422,1.589495062828064,0,0
17,105,0.7423992156982422,0.3984086513519287,0.410497636,0.5754209160804749,1.2059677839279177,1.9945110082626345,1.6977639198303225,1.6387020349502563,1.5473002195358276,0,0
17,120,-0.05366984,0.1537063866853714,0.3025017976760864,0.3266460299491882,0.4686182737350464,0.8476822376251221,0.9868218302726746,0.9969604015350342,1.0811196565628052,0,0
17,121,0.2257924675941467,0.3602194488048553,0.4559324979782104,0.4495406448841095,0.3797821700572967,0.8253825306892395,0.9925399422645568,1.1011297702789309,1.2344015836715698,0,0
17,122,0.5111258625984192,0.4556224048137665,0.5551761984825134,0.4228885173797607,0.3134258389472961,0.7340022921562195,0.9046418070793152,1.0071487426757812,1.1166640520095823,0,0
17,123,0.3196634948253631,0.3405196666717529,0.4293985664844513,0.3221244215965271,0.2169228196144104,0.5448171496391296,0.7462397217750549,0.8648301959037781,0.9758620858192444,0,0
18,-104,1.377542495727539,1.146299958229065,1.142027497291565,1.087346076965332,0.9582979083061218,1.037190079689026,0.8804532885551453,0.5648272633552551,0.3261813819408417,0,0
18,-103,1.018033146858215,1.024300456047058,1.0699750185012815,1.0192946195602417,0.9404730796813964,1.0058962106704712,0.7185023427009583,0.3573272228240967,0.1619350761175155,0,0
18,-102,0.7819563746452332,0.911104977,0.9756166338920592,0.9438300132751464,0.8869374394416809,1.0074056386947632,0.6667230725288391,0.2736934423446655,0.075061895,0,0
18,-101,0.5120925903320312,0.8035197854042053,0.906164825,0.8856112360954285,0.8582040667533875,1.0612999200820925,0.6368433833122253,0.2618836462497711,0.059629574,0,0
18,-100,0.3573761880397796,0.7167978286743164,0.8493124842643738,0.8155550360679626,0.8451407551765442,1.0927796363830566,0.6776759028434753,0.3116754591464996,0.1926756501197815,0,0
18,-99,0.3549886047840118,0.6417797803878784,0.8097488880157471,0.8591564297676086,0.9142845273017884,1.1337827444076538,0.6771337985992432,0.4315105378627777,0.3915046453475952,0,0
18,-98,0.3308993577957153,0.5383846163749695,0.6348602175712585,0.685365617,0.9101459980010986,1.1719776391983032,0.7534827589988708,0.7660830616950989,0.8368737101554871,0,0
18,-97,0.3852674067020416,0.4592598676681518,0.4321756064891815,0.509946883,0.8393080830574036,1.108446717262268,0.7018391489982605,0.8203610777854919,0.9570863842964172,0,0
18,-96,0.4283662736415863,0.5958738923072815,0.5789723992347717,0.6293094754219055,0.9001941680908203,1.080190896987915,0.6738817095756531,0.6767110228538513,0.8397310376167297,0,0
18,-95,0.3538533449172973,0.6249083876609802,0.6812483668327332,0.7352108955383301,0.9382381439208984,1.043219804763794,0.6341139674186707,0.5872604250907898,0.7405902743339539,0,0
18,-94,0.5131832957267761,0.6872264742851257,0.8131046891212463,0.8989648222923279,0.9844891428947448,1.0632247924804688,0.6133391261100769,0.5199821591377258,0.6209627389907837,0,0
18,-93,0.4849326312541961,0.7097251415252686,0.9433719515800476,1.1003680229187012,1.0763792991638184,1.1270579099655151,0.6131016612052917,0.4620172083377838,0.5509061813354492,0,0
18,-92,0.3265241682529449,0.6745436191558838,0.9672309756278992,1.2277562618255615,1.2571109533309937,1.3010375499725342,0.758146346,0.5716459155082703,0.6796448826789856,0,0
18,-91,0.3873125314712524,0.7420992255210876,0.998841107,1.310791016,1.4129177331924438,1.5233913660049438,0.9818647503852844,0.8103020191192627,0.940952718,0,0
18,-90,0.3540694713592529,0.5955728888511658,0.786226213,1.0835424661636353,1.400529384613037,1.5599814653396606,1.106756567955017,1.0469485521316528,1.216085433959961,0,0
18,-89,0.3552018404006958,0.5013506412506104,0.5995880961418152,0.7109522223472595,1.1015483140945437,1.3551722764968872,1.037145972251892,1.0286744832992554,1.193933367729187,0,0
18,-88,0.3298943340778351,0.336536169,0.3986439704895019,0.4425605535507202,0.6497402787208557,0.9256232380867004,0.7619985938072205,0.7257365584373474,0.7749834060668945,0,0
18,73,0.1059563979506492,0.2839975953102112,0.3807820975780487,0.5253241658210754,0.8508820533752441,1.1981419324874878,1.1712464094161987,1.0706875324249268,0.7640347480773926,0,0
18,74,0.3221190273761749,0.3995250165462494,0.4295668601989746,0.7231461405754089,1.2833778858184814,1.657070279121399,1.6264852285385132,1.576429009437561,1.1278945207595823,0,0
18,75,0.4079783856868744,0.5391567349433899,0.5601993799209595,1.0436309576034546,1.5688691139221191,1.7236424684524536,1.7411922216415403,1.6696523427963257,1.2850654125213623,0,0
18,76,0.4885193109512329,0.6923739314079285,0.7323295474052429,1.1977026462554932,1.6264715194702148,1.7564359903335571,1.875946879386902,1.727464795,1.3490467071533203,0,0
18,77,0.5897847414016724,0.7955403923988342,0.8370194435119629,1.1823360919952393,1.532509684562683,1.769521713256836,1.918765902519226,1.757720112800598,1.3747941255569458,0,0
18,78,0.6567736864089966,0.8511741161346436,0.9046059250831604,1.131976604,1.500918984413147,1.797592043876648,1.901827692985535,1.7918190956115725,1.3794432878494265,0,0
18,79,0.8530248999595642,0.8852691054344177,0.9180083274841307,1.1192114353179932,1.5055559873580933,1.8257341384887695,1.9582940340042112,1.850613594055176,1.3565226793289185,0,0
18,80,1.1840909719467163,0.9663005471229552,0.9525270462036132,1.166675686836243,1.4380799531936646,1.7734695672988892,1.966692328453064,1.8426536321640017,1.2903860807418823,0,0
18,81,1.4450937509536743,1.039043664932251,0.973648727,1.172576904296875,1.3446608781814575,1.6561635732650757,1.8015650510787964,1.666368007659912,1.168391227722168,0,0
18,82,1.443446159362793,1.019044280052185,0.8385636806488037,0.9885408282279968,1.024291992,1.3579269647598269,1.611433982849121,1.5310286283493042,1.1183847188949585,0,0
18,83,1.266773343086243,1.0040665864944458,0.8725568652153015,0.9065208435058594,0.866625965,1.1474674940109253,1.394513487815857,1.310393452644348,0.9254862666130066,0,0
18,84,0.5354964137077332,0.4697134494781494,0.3610774278640747,0.4445374011993408,0.5076526999473572,0.7950578331947327,1.0077691078186035,0.975547969,0.7907550930976868,0,0
18,97,0.2874499559402466,0.2056940197944641,0.3599784076213836,0.4883902072906494,0.8347439765930176,1.3797534704208374,1.265084743499756,0.9941712021827698,0.8914704322814941,0,0
18,98,0.3507561683654785,0.2105239778757095,0.344527394,0.423244834,0.7643594741821289,1.3741313219070437,1.3221698999404907,1.1097432374954224,0.8364391326904297,0,0
18,99,0.6017118096351624,0.2770971357822418,0.3932158648967743,0.5466481447219849,0.9250364899635316,1.577492594718933,1.46661377,1.2779371738433838,0.9915124773979188,0,0
18,100,0.6944279074668884,0.371122807,0.436957985,0.6008625030517578,1.035394549369812,1.7767592668533323,1.674927830696106,1.5153506994247437,1.1808136701583862,0,0
18,101,0.7525014877319336,0.4270331859588623,0.4467306435108185,0.5535659790039062,0.950568676,1.746862769126892,1.630001425743103,1.5200438499450684,1.1704494953155518,0,0
18,102,0.7518437504768372,0.3769896030426025,0.3997361958026886,0.5401196479797363,0.9042601585388184,1.7133716344833374,1.5465041399002075,1.516173243522644,1.2563834190368652,0,0
18,103,0.7452194690704346,0.3926381766796112,0.4016507863998413,0.5974704623222351,1.0737231969833374,1.913813233375549,1.6372984647750854,1.574609875679016,1.3324275016784668,0,0
18,104,0.706119716,0.3876043558120727,0.38399592,0.5664061307907104,1.1252340078353882,2.013744592666626,1.6818584203720093,1.6073507070541382,1.4443703889846802,0,0
18,105,0.8177829384803772,0.524663508,0.5116513967514038,0.6439256072044373,1.1827398538589478,1.9619160890579224,1.6054649353027344,1.5368515253067017,1.3943763971328735,0,0
18,120,0.007044887,0.1378440111875534,0.3059101402759552,0.3057824075222015,0.3828564584255218,0.8347485661506653,0.9909862875938416,0.9832839369773864,1.0916563272476196,0,0
18,121,0.2310352772474289,0.2834163606166839,0.4095924794673919,0.3376697599887848,0.3112984895706177,0.8140969276428223,0.9793680310249328,1.0438871383666992,1.165462613105774,0,0
18,122,0.3641512095928192,0.3370997905731201,0.4537777006626129,0.3455292284488678,0.2480790019035339,0.681871235,0.8983319401741028,0.985767901,1.1105778217315674,0,0
19,-111,0.9041735529899596,1.0220502614974976,0.9736143946647644,1.0603495836257937,1.0152965784072876,1.2703546285629272,1.220491886138916,0.9459975361824036,0.819244921,0,0
19,-105,1.3247579336166382,1.092352271080017,1.0778131484985352,1.0323824882507324,0.912481129,1.0620489120483398,0.8656651377677917,0.4928208887577057,0.2316076308488845,0,0
19,-104,0.8723751902580261,0.911160648,0.9529478549957277,0.9143989682197572,0.8650674819946289,1.006825566291809,0.5953367352485657,0.1646077185869217,-0.040391754,0,0
19,-103,0.5047758221626282,0.7895317077636719,0.8469437956809998,0.7929555773735046,0.8288950324058533,1.0240758657455444,0.4712280333042145,0.005850059,-0.152909115,0,0
19,-102,0.3655943572521209,0.6793939471244812,0.7633708119392395,0.7360991835594177,0.8198657631874084,1.061935544013977,0.4945652186870575,-0.03731887,-0.196810082,0,0
19,-101,0.3554168939590454,0.6377147436141968,0.7363581657409668,0.7435799241065979,0.8874595761299133,1.198318362236023,0.621671736,0.099074334,-0.079290994,0,0
19,-100,0.378353477,0.6095507740974426,0.7158564925193787,0.7388849854469299,0.9819626212120056,1.3002299070358276,0.7624635100364685,0.4218176901340484,0.2718127965927124,0,0
19,-99,0.3675955533981323,0.4753110110759735,0.566053569,0.6621360778808594,0.9106537699699402,1.2412604093551636,0.7722301483154297,0.6676729321479797,0.6974654793739319,0,0
19,-98,0.3485063016414642,0.4328201711177826,0.4873484075069427,0.6494712233543396,0.938086212,1.2479346990585327,0.7674725651741028,0.8120512962341309,0.8570502400398254,0,0
19,-97,0.4865934550762176,0.5526949763298035,0.5091016888618469,0.6418495774269104,0.9722217917442322,1.1782318353652954,0.6889756321907043,0.7945668697357178,0.8837434649467468,0,0
19,-96,0.5280508995056152,0.4848102331161499,0.4576164484024048,0.5715660452842712,0.8051446080207825,0.9593403935432434,0.5895496010780334,0.5587149262428284,0.6522180438041687,0,0
19,-95,0.6051371693611145,0.562978208,0.5656272172927856,0.6430901885032654,0.8204483389854431,0.9055020809173584,0.572220504,0.5006164908409119,0.5615960955619812,0,0
19,-93,0.7052505612373352,0.7815578579902649,0.8485393524169922,0.916900098,0.9641802906990052,1.0480858087539673,0.6633381843566895,0.4912830889225006,0.4656963348388672,0,0
19,-92,0.5832226872444153,0.7228668332099915,0.8383191227912903,1.0122405290603638,1.0702718496322632,1.146720051765442,0.7545595765113831,0.532413661,0.4734602272510528,0,0
19,-91,0.4360021650791168,0.6767917275428772,0.8152782917022705,1.1062737703323364,1.1552417278289795,1.244986891746521,0.7834194302558899,0.535085142,0.5192551612854004,0,0
19,-90,0.3843590021133423,0.6793102622032166,0.7602713108062744,1.1159478425979614,1.324109673500061,1.4418529272079468,0.9411546587944032,0.7409539818763733,0.8221542239189148,0,0
19,-89,0.3309049904346466,0.5560883283615112,0.5792408585548401,0.7425024509429932,1.1244179010391235,1.3248196840286257,0.9308951497077942,0.8099045753479004,0.9364731311798096,0,0
19,-88,0.3005121648311615,0.3721607029438019,0.407024622,0.5008008480072021,0.7851138114929199,1.0347225666046145,0.7566534876823425,0.6582675576210022,0.7089818120002747,0,0
19,-87,0.3869408667087555,0.3176099359989166,0.3719352483749389,0.3727725744247436,0.4991067945957184,0.7360219359397888,0.6460774540901184,0.5259822010993958,0.5132821202278137,0,0
19,73,0.2223656773567199,0.3245898485183716,0.3975471556186676,0.5898435711860657,1.0449626445770264,1.372138500213623,1.2169398069381714,1.1051640510559082,0.8677986264228821,0,0
19,74,0.3080002963542938,0.3321403264999389,0.3645968735218048,0.6465381979942322,1.252057433128357,1.6908326148986816,1.5799283981323242,1.464122295379639,1.138255000114441,0,0
19,75,0.3551835119724273,0.4624277651309967,0.5037110447883606,0.9655523896217346,1.4920568466186523,1.8076597452163696,1.7658997774124146,1.6197468042373655,1.2846612930297852,0,0
19,76,0.4234600067138672,0.602506697,0.6731884479522705,1.0813069343566897,1.5385457277297974,1.8440998792648315,1.9220596551895144,1.7096866369247437,1.3348225355148315,0,0
19,77,0.5109274983406067,0.7192019820213318,0.8317077159881592,1.125964641571045,1.5670185089111328,1.8516349792480469,1.9935160875320437,1.7720547914505005,1.377571702003479,0,0
19,78,0.6143807768821716,0.7809063792228699,0.9020087718963624,1.139749526977539,1.5746124982833862,1.880792260169983,2.041360378265381,1.8268675804138184,1.376966357,0,0
19,79,0.7927854657173157,0.8219026923179626,0.9072847366333008,1.1693841218948364,1.5676865577697754,1.8784633874893188,2.0435683727264404,1.8737916946411133,1.3350623846054075,0,0
19,80,1.036285638809204,0.8872302174568176,0.9308025240898132,1.2208033800125122,1.4931286573410034,1.768748760223389,1.9169350862503052,1.825357437133789,1.3053570985794067,0,0
19,81,1.2774826288223269,0.8968293070793152,0.8339329361915588,1.1602903604507446,1.3521147966384888,1.704339861869812,1.9181222915649416,1.8232498168945312,1.2786880731582642,0,0
19,82,1.382367491722107,0.9086604118347168,0.7659401893615723,1.0452265739440918,1.2144031524658203,1.576875091,1.851341724395752,1.7289336919784546,1.2116481065750122,0,0
19,83,1.355759620666504,0.909493625,0.7342936992645264,0.986102581,1.0422636270523071,1.3671449422836304,1.6921640634536743,1.627366542816162,1.1117793321609497,0,0
19,84,1.3327311277389526,0.9778079390525818,0.7993543148040771,0.9498475193977356,0.9300139546394348,1.270846247673035,1.5804272890090942,1.473521113395691,0.9770297408103944,0,0
19,85,0.4444822371006012,0.1625705808401107,0.2433758825063705,0.5042068362236023,0.5612072944641113,0.8860622048377991,1.122072696685791,1.025560736656189,0.7616569995880127,0,0
19,97,0.3500270843505859,0.1995528489351272,0.3788394927978515,0.4225357472896576,0.6625383496284485,1.1594828367233276,1.137979507446289,0.9971228241920472,0.8707213997840881,0,0
19,98,0.5081420540809631,0.2674683034420013,0.425957054,0.4717274904251098,0.7419330477714539,1.3222802877426147,1.3020747900009155,1.097046971321106,0.8430758118629456,0,0
19,99,0.6751861572265625,0.3126942813396454,0.4518327713012695,0.5514187812805176,0.8501887321472168,1.4978985786437988,1.4500645399093628,1.2378510236740112,0.9296606183052064,0,0
19,100,0.786867619,0.3737923204898834,0.4576690196990967,0.5747500061988831,0.9168158173561096,1.6259722709655762,1.5507994890213013,1.3646425008773804,1.0363742113113403,0,0
19,101,0.8187232613563538,0.4845677316188812,0.5457637310028076,0.7175069451332092,1.0831791162490845,1.7947883605957031,1.707855224609375,1.5607854127883911,1.1959172487258911,0,0
19,121,0.2442507892847061,0.2151398658752441,0.3790010511875152,0.3176231682300567,0.2879734337329864,0.692795992,0.8629744648933411,0.9102564454078674,1.052374243736267,0,0
19,122,0.3090446889400482,0.2513197064399719,0.3878290951251983,0.2824570834636688,0.2051984816789627,0.6000831127166748,0.8141701817512512,0.9121555685997008,1.074404001235962,0,0
20,-106,1.4196186065673828,1.2002253532409668,1.1150535345077517,1.0585565567016602,0.9305933117866516,1.1151492595672607,1.0146313905715942,0.6857724785804749,0.4461632668972015,0,0
20,-105,0.9518942832946776,0.8488602638244629,0.8764605522155762,0.8299961090087891,0.7872173190116882,0.949404776,0.5137733817100525,0.092205137,-0.205792174,0,0
20,-104,0.4874399900436401,0.8131570219993591,0.873525083,0.8452596664428711,0.9452053904533386,1.199055552482605,0.5073408484458923,-0.003438786,-0.282572418,0,0
20,-103,0.2793298363685608,0.5701383948326111,0.6415128707885742,0.6327984929084778,0.7892858982086182,1.100144863128662,0.3689551055431366,-0.116759203,-0.332148314,0,0
20,-102,0.2983914315700531,0.5530988574028015,0.6436004638671875,0.7241472601890564,0.9379602074623108,1.3035224676132202,0.522351086,0.093578309,-0.099937819,0,0
20,-101,0.3060729801654815,0.4238810539245605,0.5201191306114197,0.6228907704353333,0.8947796821594238,1.2816883325576782,0.5411995053291321,0.2306616753339767,0.076434322,0,0
20,-100,0.3310282528400421,0.3918371200561523,0.4497872591018677,0.6288256049156189,0.9324948787689208,1.2885831594467163,0.613657534,0.5411033034324646,0.4656648337841034,0,0
20,-99,0.387808233,0.4595853090286255,0.5267342329025269,0.7609291672706604,1.0525988340377808,1.3429994583129885,0.7010625004768372,0.7796664834022522,0.7781899571418762,0,0
20,-98,0.4236035645008087,0.4698044955730438,0.5007232427597046,0.7322509288787842,0.9955087304115297,1.188048243522644,0.6073346138000488,0.7685854434967041,0.8479891419410706,0,0
20,-97,0.3679316937923431,0.3943187892436981,0.4508021175861358,0.6567543745040894,0.86548543,0.9606204032897948,0.4751374423503876,0.5370017886161804,0.6389970779418945,0,0
20,-96,0.5655509233474731,0.4828627407550812,0.4680486917495727,0.5832554697990417,0.745844841,0.8134258389472961,0.4750618636608124,0.4308016300201416,0.4913539588451385,0,0
20,-91,0.5177133083343506,0.6316139101982117,0.6777298450469971,0.8278146386146545,0.91757226,1.0672283172607422,0.7111499309539795,0.4283288717269897,0.2801930010318756,0,0
20,-90,0.2885069847106933,0.6108134388923645,0.6853923201560974,1.0713411569595337,1.1791483163833618,1.258937120437622,0.6983866691589355,0.3569414913654327,0.2961973845958709,0,0
20,-89,0.2360811382532119,0.5122960209846497,0.5249766707420349,0.837120771,1.115350604057312,1.2673624753952026,0.7673678994178772,0.4690229892730713,0.4261322915554046,0,0
20,-88,0.2020584195852279,0.3424538373947143,0.4116638600826263,0.608158529,0.8733977675437927,1.0607914924621582,0.6971305012702942,0.4788612127304077,0.4512501060962677,0,0
20,-87,0.4209765195846557,0.367353082,0.387265682,0.3922157287597656,0.5371665954589844,0.758593738,0.6061040163040161,0.4283553063869476,0.3883998692035675,0,0
20,73,0.3470507562160492,0.3146573603153229,0.3544552326202392,0.5385664105415344,1.0918306112289429,1.502887725830078,1.2833901643753052,1.1261907815933228,1.0189131498336792,0,0
20,74,0.3120636940002441,0.3000049889087677,0.3478550910949707,0.6092900633811951,1.2445217370986938,1.7814946174621582,1.602687954902649,1.4291759729385376,1.2062488794326782,0,0
20,75,0.3348105847835541,0.4455270767211914,0.5457243323326111,0.9132726192474364,1.4427685737609863,1.8962103128433228,1.7754207849502563,1.5676151514053345,1.286086082458496,0,0
20,76,0.3915211856365204,0.5593634247779846,0.6899005770683289,1.0274717807769775,1.5190715789794922,1.880581736564636,1.8885626792907717,1.6544175148010254,1.313907265663147,0,0
20,77,0.462011307,0.6526386737823486,0.8306235671043396,1.1130024194717407,1.6210800409317017,1.899805188179016,1.9632867574691772,1.7121855020523071,1.3272590637207031,0,0
20,78,0.5436249375343323,0.6984907984733582,0.8828606009483337,1.1733604669570925,1.6723175048828125,1.958946228027344,2.065882921218872,1.8175969123840332,1.354209303855896,0,0
20,79,0.7423612475395203,0.7508988976478577,0.896641195,1.2339918613433838,1.6628484725952148,1.9774047136306765,2.098008155822754,1.862529754638672,1.3414989709854126,0,0
20,80,0.9480515122413636,0.8110377788543701,0.875268281,1.272762656211853,1.5453168153762815,1.8756093978881836,2.0217792987823486,1.8623409271240232,1.359900951385498,0,0
20,81,1.212270975112915,0.8564772605895996,0.7571544647216797,1.1279504299163818,1.3830938339233398,1.8474613428115845,1.9846935272216797,1.8416775465011597,1.3517388105392456,0,0
20,82,1.247714638710022,0.8213741183280945,0.7034456729888916,1.073175072669983,1.3524874448776243,1.7651840448379517,1.916175365447998,1.780933856964111,1.2347148656845093,0,0
20,83,1.3870601654052734,0.8897982239723206,0.7581285834312439,1.0994548797607422,1.319119930267334,1.6955981254577637,1.8842037916183472,1.760794997215271,1.190212965011597,0,0
20,84,1.5141139030456543,0.9726660251617432,0.7791871428489685,1.096325397491455,1.1268457174301147,1.5010218620300293,1.780812144,1.7022830247879028,1.143108845,0,0
20,85,1.4438762664794922,0.9161590933799744,0.8293437957763672,1.0097712278366089,1.0150576829910278,1.401416897773743,1.658738613128662,1.5848236083984375,1.0405243635177612,0,0
20,86,0.8330817222595215,0.3424669802188873,0.467036635,0.7497780919075012,0.7713457942008972,1.1199533939361572,1.320162296295166,1.2533308267593384,0.853546679,0,0
20,87,0.2710567414760589,-0.217659354,0.068184912,0.4100402593612671,0.4626342952251434,0.7672939896583557,0.9222328066825868,0.8441188335418701,0.6512642502784729,0,0
20,98,0.6675305962562561,0.3896845877170563,0.6057671904563904,0.6489996314048767,0.8409928679466248,1.3675838708877563,1.330533504486084,1.137731909751892,0.9410544037818908,0,0
20,99,0.7123081684112549,0.3589926660060882,0.5011004209518433,0.4943525493144989,0.7330854535102844,1.4072688817977903,1.3938146829605105,1.1523399353027344,0.8471553921699524,0,0
20,100,0.7880163192749023,0.3805043995380401,0.4829253852367401,0.5345272421836853,0.8136882185935974,1.5108875036239624,1.477245807647705,1.279654622077942,0.9077844619750975,0,0
20,101,0.737970769,0.4008043706417084,0.4836236238479614,0.5562137961387634,0.868428648,1.5381569862365725,1.5180901288986206,1.3958755731582642,0.9182540774345398,0,0
20,122,0.348680705,0.2371868938207626,0.3906407058238983,0.3166734874248504,0.2256146669387817,0.6513959169387817,0.8655925393104553,0.9548451900482178,1.127629280090332,0,0
21,-105,0.8424866199493408,0.879062831,0.8729379177093506,0.7982084155082703,0.7571597695350647,0.9155902862548828,0.3696343898773193,-0.139604256,-0.455231339,0,0
21,-104,0.3522184789180755,0.659476101,0.7168415188789368,0.7192704081535339,0.7931291460990906,1.0672898292541504,0.2664512693881988,-0.230932817,-0.634651244,0,0
21,-103,0.4116904735565185,0.5571746826171875,0.6015962958335876,0.68320632,0.8612484931945801,1.1902083158493042,0.3203121721744537,-0.048118085,-0.382979482,0,0
21,-102,0.3726987540721893,0.4219686985015869,0.4907271862030029,0.6398640275001526,0.8745295405387878,1.2358802556991575,0.381778359,0.1640215218067169,-0.100388624,0,0
21,-101,0.4475361108779907,0.4301601350307464,0.5401117205619812,0.7330701947212219,0.9633612632751464,1.313514232635498,0.5245079398155212,0.4750213921070099,0.3491745889186859,0,0
21,-100,0.338236928,0.3289993703365326,0.3643026351928711,0.5995430946350098,0.8830567002296448,1.1881840229034424,0.5105500817298889,0.6329231858253479,0.6500827670097351,0,0
21,-99,0.3407563865184784,0.3646825850009918,0.308478981,0.5269244313240051,0.7424736618995667,0.9026802182197572,0.2731211185455322,0.4197327792644501,0.5964531302452087,0,0
21,-98,0.4241630136966705,0.5136342644691467,0.4690657556056976,0.6536840796470642,0.8010275959968567,0.8481817245483398,0.3059656023979187,0.4208769798278808,0.6096469759941101,0,0
21,-97,0.5526948571205139,0.442796379,0.4596993923187256,0.6253922581672668,0.7201347947120667,0.7485360503196716,0.319705606,0.3720989227294922,0.4854642450809479,0,0
21,-90,0.3064140379428863,0.5615071654319763,0.5973145961761475,0.8156912326812744,0.8528559803962708,0.972219169,0.5311234593391418,0.1788068860769271,-0.000191625,0,0
21,-89,0.1730450391769409,0.4381869733333587,0.5256250500679016,0.8227878212928772,0.9536351561546326,1.058574676513672,0.5819665193557739,0.1938817352056503,0.018580915,0,0
21,-88,0.2428929358720779,0.4190709292888641,0.4479401111602783,0.6876235008239746,0.8941020369529724,1.0144742727279663,0.6390854716300964,0.2907567918300628,0.1579337418079376,0,0
21,-87,0.3530662357807159,0.3932584524154663,0.4057669639587402,0.4767286777496338,0.6459712982177734,0.8088287711143494,0.5690507292747498,0.3138292133808136,0.2344425171613693,0,0
21,70,0.4662413597106933,0.352223665,0.3309486806392669,0.3115553557872772,0.6452064514160156,1.2557568550109863,0.9810706973075868,0.9414401650428772,0.8796269297599792,0,0
21,71,0.45878613,0.4070397317409515,0.3873033225536346,0.5157662630081177,1.042139768600464,1.660918116569519,1.249664545059204,1.2339335680007937,1.1846123933792114,0,0
21,72,0.3595875799655914,0.2669464647769928,0.211690068,0.3725263774394989,0.8920391201972961,1.4698506593704224,1.1443300247192385,1.0756802558898926,1.1442278623580933,0,0
21,73,0.3158105313777923,0.3058277070522308,0.4050679504871368,0.6695271134376526,1.220106006,1.730724811553955,1.388472557067871,1.2542368173599243,1.2958489656448364,0,0
21,74,0.3067501485347748,0.3357468545436859,0.4574017226696014,0.7594720721244812,1.3112127780914309,1.8767694234848025,1.6117008924484253,1.420385479927063,1.3324189186096191,0,0
21,75,0.2887608706951141,0.4299995899200439,0.6234103441238403,0.9442567229270936,1.4891200065612793,2.0149412155151367,1.8477498292922976,1.576898455619812,1.3585739135742188,0,0
21,76,0.3136477768421173,0.5504049062728882,0.7497298717498779,1.0509495735168457,1.5762958526611328,2.0317864418029785,1.9531270265579224,1.674112319946289,1.3589715957641602,0,0
21,77,0.3727904558181762,0.6402502655982971,0.8430678248405457,1.1459892988204956,1.6153062582015991,1.9404621124267576,1.930961251,1.636551856994629,1.3041619062423706,0,0
21,78,0.4760689437389374,0.7048189043998718,0.8795735836029053,1.1935960054397583,1.616762638092041,1.9116021394729616,1.9308711290359497,1.601937174797058,1.2301946878433228,0,0
21,79,0.6862285733222961,0.7671627998352051,0.8693247437477112,1.2045037746429443,1.6033185720443726,1.9327740669250488,1.9471272230148315,1.658718466758728,1.2291518449783323,0,0
21,80,0.9281638264656068,0.8163459300994873,0.8552057147026062,1.2319459915161133,1.524384379386902,1.7978118658065796,1.8175886869430544,1.624287247657776,1.176878809928894,0,0
21,81,1.2222977876663208,0.8667876720428467,0.7891227602958679,1.182101130485535,1.5308715105056765,1.9466323852539065,1.933887958526611,1.7642059326171875,1.2419110536575315,0,0
21,82,1.3223443031311035,0.8716591000556946,0.77318567,1.1520031690597534,1.4902764558792114,1.910170555114746,1.9557050466537476,1.8195457458496096,1.2376600503921509,0,0
21,83,1.4323915243148804,0.9038229584693908,0.833857536,1.1578583717346191,1.383975625038147,1.7202593088150024,1.838955998420715,1.7754496335983276,1.2119165658950806,0,0
21,84,1.5469156503677368,0.9764980673789978,0.8911192417144775,1.202453613,1.3515539169311523,1.6653414964675903,1.7772523164749146,1.721449375152588,1.1620467901229858,0,0
21,85,1.6875357627868652,1.0400044918060305,0.9372611045837402,1.1855400800704956,1.2886191606521606,1.6990910768508911,1.8546175956726072,1.7734588384628296,1.1642059087753296,0,0
21,86,1.5071759223937988,0.9026553630828856,0.8442962765693665,1.0433804988861084,1.0471137762069702,1.466753363609314,1.6225968599319458,1.5826869010925293,1.0189684629440308,0,0
21,87,0.722806454,0.2846953272819519,0.4526775181293487,0.6969935297966003,0.6566430330276489,0.9932374954223632,1.1371731758117676,1.0753846168518066,0.7001706957817078,0,0
21,122,0.3996760547161102,0.2348663955926895,0.3853890895843506,0.3128719925880432,0.2476800829172134,0.7110695838928223,0.900846303,0.9703256487846376,1.1401995420455933,0,0
22,-107,1.4452248811721802,1.2315967082977295,1.146721124649048,1.098269224,0.9151142239570618,1.0514189004898071,1.0078507661819458,0.7475166320800781,0.576973021,0,0
22,-106,1.163275122642517,1.0748693943023682,1.007362723350525,0.9572699666023254,0.8471316695213318,1.0158747434616089,0.7736390233039856,0.3882992267608642,0.1831759959459304,0,0
22,-105,0.7490389347076416,0.8099451661109924,0.8212871551513672,0.7475592494010925,0.6990947723388672,0.8424334526062012,0.2159074544906616,-0.38303411,-0.699044704,0,0
22,-104,0.2967425286769867,0.5536136031150818,0.6050243377685547,0.5782096982002258,0.6215894222259521,0.8172474503517151,0.003695205,-0.539104283,-0.9257496,0,0
22,-103,0.2898080945014953,0.5166040062904358,0.6062604784965515,0.6820073127746582,0.8007710576057434,1.065837025642395,0.154623196,-0.230171084,-0.619149327,0,0
22,-102,0.3317398726940155,0.4767460823059082,0.5226846933364868,0.701686442,0.8462435603141785,1.153673768043518,0.2363334894180297,0.057244718,-0.257790595,0,0
22,-101,0.3152871429920196,0.3727280795574188,0.402889997,0.6232361197471619,0.8189473152160645,1.1006152629852295,0.294422299,0.281003863,0.14098537,0,0
22,-100,0.2931320369243622,0.3557581901550293,0.3457775413990021,0.5735676884651184,0.8110830783843994,0.9839393496513368,0.2660920619964599,0.3002252578735351,0.3556796014308929,0,0
22,-99,0.339017391,0.5552430748939514,0.4602225124835968,0.6201817989349365,0.7440151572227478,0.8333122730255127,0.1773951053619384,0.2565986216068268,0.4345642030239105,0,0
22,-98,0.4631495475769043,0.5259369015693665,0.4889507293701172,0.6700031161308289,0.7296262383460999,0.738677442,0.1861709356307983,0.2378763556480407,0.4059208929538727,0,0
22,-97,0.5737708806991577,0.4469031393527984,0.4387597143650055,0.5851608514785767,0.649887741,0.6566037535667419,0.2240568399429321,0.2200640588998794,0.3228540420532226,0,0
22,-89,0.5538834929466248,0.5222558975219727,0.4127854108810425,0.4709977805614471,0.5795077681541443,0.7688419818878174,0.4571108818054199,0.1603979170322418,-0.023750558,0,0
22,-88,0.5850650668144226,0.5180879831314087,0.3998234272003174,0.4753638207912445,0.5694899559020996,0.7341505885124207,0.4732202291488647,0.2075386792421341,0.04402126,0,0
22,-87,0.534102738,0.4440085589885711,0.3992420732975006,0.4510827958583832,0.5165616869926453,0.6788921356201172,0.5044447779655457,0.2529160678386688,0.099093683,0,0
22,25,1.0523337125778198,1.1953078508377075,1.2256711721420288,1.7637170553207395,1.3234620094299316,0.7112216949462891,0.4919363260269165,0.9765499234199524,1.7192410230636597,0,0
22,26,0.8395302891731262,1.0684562921524048,1.1783100366592407,1.6876896619796753,1.278771996498108,0.6404213309288025,0.4534101188182831,0.9196438193321228,1.6565700769424438,0,0
22,27,0.7365198731422424,1.0416275262832642,1.1646672487258911,1.6766313314437866,1.2184014320373535,0.5496176481246948,0.4338752329349518,0.8954071998596191,1.6189931631088257,0,0
22,29,0.8925612568855286,1.0822676420211792,1.2121373414993286,1.690388798713684,1.1249536275863647,0.3655793964862823,0.3301898539066314,0.802088201,1.5404261350631714,0,0
22,30,0.91618675,1.110961914,1.2798478603363037,1.7177619934082031,1.119770646095276,0.3172318041324615,0.2728174030780792,0.7791795134544373,1.5262495279312134,0,0
22,31,0.8133280873298645,1.1067110300064087,1.308384895324707,1.693032145500183,1.123968482017517,0.3087879121303558,0.2602032721042633,0.7846131920814514,1.5503278970718384,0,0
22,32,0.6839210391044617,1.0868231058120728,1.372018337249756,1.640136719,1.058595895767212,0.2791121304035187,0.2309199124574661,0.7602621912956238,1.5106157064437866,0,0
22,33,0.6028257608413696,1.0903338193893433,1.4219679832458496,1.584641456604004,1.0376207828521729,0.2967313826084137,0.2150100618600845,0.7348104119300842,1.4596446752548218,0,0
22,35,0.3196296989917755,1.1314951181411743,1.4850915670394895,1.370107650756836,1.1014076471328735,0.5369584560394287,0.2803567945957184,0.7130446434020996,1.3474539518356323,0,0
22,36,-0.04677112,0.8638407588005066,1.1821292638778689,1.092365264892578,0.9514262080192566,0.5199745297431946,0.2867413163185119,0.5907664895057678,1.0893992185592651,0,0
22,37,-0.422484368,0.5050533413887024,0.7925786972045898,0.7967060208320618,0.6907510757446289,0.4628282785415649,0.3079650402069092,0.4865902960300445,0.7937973141670227,0,0
22,69,0.4242631494998932,0.3042430579662323,0.3497933149337768,0.3191546201705932,0.5760639309883118,1.2168978452682495,1.053519368171692,0.9557056427001952,0.9383164048194884,0,0
22,70,0.5210469365119934,0.4140427410602569,0.506369412,0.6920216679573059,1.2897456884384155,1.927563190460205,1.409016489982605,1.383928298950195,1.4271761178970337,0,0
22,71,0.4922957718372345,0.4682633876800537,0.552793026,0.7782660126686096,1.4390500783920288,2.0629332065582275,1.473636269569397,1.4618180990219116,1.5087403059005735,0,0
22,72,0.5049843192100525,0.5225090384483337,0.5955764651298523,0.9116947054862976,1.614437460899353,2.146498441696167,1.539514183998108,1.459652066230774,1.481087089,0,0
22,73,0.3798706233501434,0.4623475074768066,0.579187274,0.958765745,1.6221174001693726,2.126971722,1.582654595375061,1.4516774415969849,1.4614176750183103,0,0
22,74,0.3473147451877594,0.4596447944641113,0.6135018467903137,0.992278814,1.5630288124084473,2.1368725299835205,1.7094701528549194,1.4843535423278809,1.436260223388672,0,0
22,75,0.3058964312076568,0.51158607,0.7040457725524902,1.037504792,1.631246566772461,2.213139533996582,1.899197578430176,1.5629639625549316,1.4107694625854492,0,0
22,76,0.3007272779941559,0.6418653130531311,0.845737875,1.188043475151062,1.7428969144821167,2.2391765117645264,2.0086357593536377,1.6423002481460571,1.4419670104980469,0,0
22,77,0.3730431497097015,0.7874249815940857,0.9100371,1.2089561223983765,1.6384944915771484,2.075850009918213,1.9468083381652832,1.6215695142745972,1.3623484373092651,0,0
22,78,0.4874173402786255,0.8283827304840088,0.8473277688026428,1.1860313415527344,1.5729361772537231,1.9885653257369995,1.887062430381775,1.5858362913131714,1.268765926361084,0,0
22,79,0.7453580498695374,0.8854097723960876,0.8858934044837952,1.216774821281433,1.566607952,1.9339890480041504,1.860431194,1.551277518,1.177630066871643,0,0
22,80,1.062916874885559,0.9242672324180604,0.881570041,1.2549176216125488,1.5703140497207642,1.9331889152526855,1.849965214729309,1.5848859548568726,1.1475461721420288,0,0
22,81,1.293985366821289,0.9126991629600524,0.875634491,1.267304539680481,1.5274358987808228,1.914893627166748,1.832175850868225,1.6093181371688845,1.0745142698287964,0,0
22,82,1.4029035568237305,0.9873074889183044,0.9833789467811584,1.280474305152893,1.5216933488845823,1.9145747423171997,1.8643044233322144,1.680203557014465,1.096149206161499,0,0
22,83,1.486436963,0.991195023,0.980443537,1.2012890577316284,1.3712778091430664,1.7692424058914185,1.8120980262756348,1.6747207641601562,1.108671784,0,0
22,84,1.488717555999756,0.9879761338233948,0.9543445110321044,1.1238090991973877,1.2393789291381836,1.7015385627746582,1.7611020803451538,1.677119255065918,1.0861694812774658,0,0
22,85,1.5340944528579712,0.9599615931510924,0.9065997004508972,1.0156141519546509,1.1333205699920654,1.687924027442932,1.7814311981201172,1.7067619562149048,1.0618237257003784,0,0
22,86,1.6050249338150024,0.9398220181465148,0.876910925,0.9509907364845276,1.0238959789276123,1.532814621925354,1.6702733039855957,1.6191948652267456,0.993089199,0,0
22,87,1.151299238204956,0.7961289882659912,0.8516034483909607,0.9656261801719666,0.9374529719352722,1.3729063272476196,1.5251402854919434,1.4787143468856812,0.9244747161865234,0,0
22,88,0.7971107959747314,0.3936556875705719,0.5869014859199524,0.7831211090087891,0.7405410408973694,1.1651495695114136,1.2837399244308472,1.3028289079666138,0.8561139106750488,0,0
22,89,0.7121114730834961,0.3746924102306366,0.5490965843200684,0.6945576667785645,0.6551936864852905,1.0159480571746826,1.1432441473007202,1.159496784210205,0.7872786521911621,0,0
22,93,0.6030828356742859,0.3610163629055023,0.5223292708396912,0.4165299832820892,0.4165335595607757,0.6806995868682861,0.9079549312591552,1.035106182098389,0.945284665,0,0
23,-110,1.0021867752075195,1.3051044940948486,1.3112506866455078,1.2682329416275024,0.9905921816825868,1.0401533842086792,1.1105350255966189,0.8833511471748352,0.7950890064239502,0,0
23,-109,1.273587703704834,1.2851238250732422,1.2872445583343506,1.202005386352539,0.9045989513397216,0.9998579025268556,1.0603700876235962,0.8893032073974609,0.7785942554473877,0,0
23,-107,1.2285209894180298,1.090501308441162,1.0295263528823853,0.9590005874633788,0.7975611090660095,0.9413855671882628,0.8166892528533936,0.5108526945114136,0.3311513066291809,0,0
23,-106,0.9286391139030457,0.8429098129272461,0.8348760604858398,0.8033328056335449,0.7317202687263489,0.8416822552680969,0.3797549307346344,-0.115375489,-0.350593954,0,0
23,-105,0.4853937327861786,0.6639297604560852,0.6772180199623108,0.6818942427635193,0.6589085459709167,0.7557770609855652,0.015469655,-0.569917977,-0.926586092,0,0
23,-104,0.325436383,0.626765788,0.7254732251167297,0.7556934952735901,0.7989398837089539,0.9103334546089172,0.040300202,-0.501198947,-0.897354662,0,0
23,-103,0.2078073620796203,0.5625237822532654,0.6548218727111816,0.7785675525665283,0.808723509,0.9585035443305968,-0.012112901,-0.380837798,-0.723535001,0,0
23,-102,0.276294082,0.5312824845314026,0.611095667,0.8172008395195007,0.8729649186134338,1.0867677927017212,0.1064566001296043,-0.116550736,-0.363367081,0,0
23,-101,0.2242994904518127,0.4283163249492645,0.5238818526268005,0.7506598830223083,0.8422269225120544,1.0540496110916138,0.1484596878290176,0.040372942,-0.109653115,0,0
23,-100,0.286932498,0.5083402991294861,0.5394015908241272,0.7425699234008789,0.7872376441955566,0.9283856749534608,0.1009113416075706,0.055341024,0.009231289,0,0
23,-99,0.276115209,0.473452091,0.4763905107975006,0.6563436985015869,0.6611445546150208,0.7237392067909241,0.032768652,0.068006389,0.2080101370811462,0,0
23,-98,0.4642399847507477,0.5134498476982117,0.483494759,0.6390929818153381,0.6421059966087341,0.5992267727851868,0.024210811,0.050117146,0.228668988,0,0
23,25,1.0373653173446655,1.1701573133468628,1.1749160289764404,1.7485026121139526,1.2688181400299072,0.6906630992889404,0.5035780668258667,0.9534822106361388,1.723638653755188,0,0
23,31,0.7956398129463196,1.0736191272735596,1.1865068674087524,1.6021003723144531,1.0825883150100708,0.2828560471534729,0.287201852,0.7868345379829407,1.520177721977234,0,0
23,32,0.6428070068359375,1.0594087839126587,1.192676067352295,1.5149569511413574,1.038543462753296,0.2585755586624145,0.2624252736568451,0.7725910544395447,1.4792629480361938,0,0
23,35,0.2164053469896316,1.001500368118286,1.1499004364013672,1.1186012029647827,0.9367935061454772,0.3683657944202423,0.2050559967756271,0.6407001614570618,1.1839359998703003,0,0
23,36,-0.359523982,0.4326286017894745,0.6857607364654541,0.7182270884513855,0.6989879012107849,0.3709616363048553,0.1790151596069336,0.4056628942489624,0.728826106,0,0
23,68,0.2779019773006439,0.185893252,0.2418991178274154,0.1736114621162414,0.3210936188697815,1.0575224161148071,1.057930588722229,0.925194502,0.8652246594429016,0,0
23,69,0.3473439216613769,0.3066259920597076,0.4203439652919769,0.3896946907043457,0.6408976316452026,1.418191909790039,1.2004806995391846,1.0948450565338137,1.115769624710083,0,0
23,70,0.5325390696525574,0.4494383037090301,0.6868733763694763,0.8892214894294739,1.359211564064026,2.001584291,1.4578452110290527,1.365273356437683,1.4749059677124023,0,0
23,71,0.6357185244560242,0.5213786959648132,0.8077523112297058,1.1514919996261597,1.5940982103347778,2.0962584018707275,1.495749831199646,1.4249159097671509,1.5254853963851929,0,0
23,72,0.6899631023406982,0.5650461316108704,0.800538957,1.1813453435897827,1.7604036331176758,2.2447757720947266,1.5763616561889648,1.4642691612243652,1.5185457468032837,0,0
23,73,0.6366302371025085,0.6133854985237122,0.8059567809104919,1.1592034101486206,1.8200973272323608,2.3149161338806152,1.655004858970642,1.4950634241104126,1.518887996673584,0,0
23,74,0.4616748392581939,0.6013213992118835,0.7693447470664978,1.114565134048462,1.7212573289871216,2.3157265186309814,1.7451578378677368,1.5259507894515991,1.5556392669677734,0,0
23,75,0.378774881,0.6335504055023193,0.7725145220756531,1.1664575338363647,1.768480896949768,2.374659538269043,1.8416647911071775,1.5376453399658203,1.4766101837158203,0,0
23,76,0.3887311220169067,0.731884778,0.8739599585533142,1.2728663682937622,1.8434295654296875,2.382457733154297,1.9092618227005005,1.5897836685180664,1.465685248374939,0,0
23,77,0.5092279314994812,0.8605946898460388,0.995568037,1.3439902067184448,1.7765107154846191,2.276893377304077,1.9336072206497192,1.5836080312728882,1.3821964263916016,0,0
23,78,0.6907142996788025,0.9801326394081116,1.0350441932678225,1.3756366968154907,1.7754212617874146,2.2010319232940674,1.929017186164856,1.5925403833389282,1.34373939,0,0
23,79,0.8946599960327148,1.037184238433838,1.0551398992538452,1.3813165426254272,1.776618480682373,2.1450371742248535,1.9140297174453735,1.589906096458435,1.271891713142395,0,0
23,80,1.158526897,1.0204228162765503,1.017337441444397,1.328124761581421,1.700846552848816,2.106661319732666,1.8788385391235352,1.5983041524887085,1.2307089567184448,0,0
23,81,1.382483959197998,0.980239213,0.970634401,1.2787827253341677,1.642328143119812,2.1162683963775635,1.8795396089553833,1.6028140783309937,1.193864822387695,0,0
23,82,1.525631070137024,1.0688183307647705,1.105979323387146,1.3495241403579712,1.5685211420059204,2.0135130882263184,1.7779802083969116,1.5308624505996704,1.068198323249817,0,0
23,83,1.5589981079101562,1.0030337572097778,1.0366450548171997,1.1718182563781738,1.314055562019348,1.868983268737793,1.7275242805480957,1.5221199989318848,1.035539627075195,0,0
23,84,1.5084482431411743,0.937649429,0.990600884,1.055942416191101,1.150180101394653,1.7254996299743652,1.7147425413131714,1.5613282918930054,1.0735126733779907,0,0
23,85,1.523991584777832,0.9371631145477296,0.958132029,0.9524147510528564,1.0819350481033323,1.6617103815078735,1.6955593824386597,1.573326587677002,1.0539608001708984,0,0
23,86,1.581055760383606,0.9437931180000304,0.95073694,0.9546105861663818,1.0702496767044067,1.6109522581100464,1.691980004310608,1.6076503992080688,1.0731173753738403,0,0
23,87,1.1595189571380615,0.7886016964912415,0.9125199317932128,0.9514229893684388,0.9695629477500916,1.4769558906555176,1.6346107721328735,1.60624361,1.1212466955184937,0,0
23,88,1.0756293535232544,0.742220402,0.8663238883018494,0.921006203,0.8663615584373474,1.292616605758667,1.457051157951355,1.4800606966018677,1.009052276611328,0,0
23,89,0.9102805256843568,0.652928889,0.8102644085884094,0.8251214027404785,0.7532588839530945,1.1206990480422974,1.2674875259399414,1.307840347290039,0.9007713198661804,0,0
23,91,0.6744490265846252,0.2272097915410995,0.4987343251705169,0.4701105058193207,0.4676251709461212,0.8117730021476746,0.9627125263214112,1.043568730354309,0.7734760642051697,0,0
23,92,0.7394251227378845,0.3968890607357025,0.5697253346443176,0.4855928421020508,0.481128454,0.7885320782661438,1.0017119646072388,1.1414085626602173,0.9244239926338196,0,0
23,93,0.7805737853050232,0.5301907658576965,0.6854853630065918,0.5858996510505676,0.5179312229156494,0.7822020649909973,1.0601096153259275,1.1883842945098877,0.9940525889396667,0,0
24,-112,0.5792319178581238,1.5666807889938354,1.7575143575668335,1.9675928354263303,1.9374089241027832,1.8588871955871584,1.7285934686660769,1.4275420904159546,1.3069193363189695,0,0
24,-111,0.4776693880558014,1.3023046255111694,1.3621681928634644,1.3923734426498413,1.123038411140442,1.1265236139297483,1.1709007024765017,0.909423053,0.7984595894813538,0,0
24,-110,0.5735432505607605,1.034260392189026,1.063296675682068,0.8870907425880432,0.5543155074119568,0.7028408646583557,0.8847970366477966,0.696721613,0.5875380039215088,0,0
24,-109,0.9315659999847412,1.0982747077941897,1.100480079650879,0.9856882691383362,0.6533501148223877,0.8044573664665222,0.906351626,0.7330172657966614,0.6247177720069885,0,0
24,-108,1.0723782777786257,1.0533288717269895,0.9582719206809998,0.8958842158317566,0.6356282830238342,0.7865085601806641,0.7463631629943848,0.5189118981361389,0.3804883062839508,0,0
24,-107,0.8912045359611511,0.8335123062133789,0.7186994552612305,0.6696920394897461,0.551567554,0.6715126633644104,0.3525170981884002,-0.104462236,-0.299345732,0,0
24,-106,0.5882384181022644,0.6387265920639038,0.6833281517028809,0.673011303,0.582758367,0.5974314212799072,-0.017267205,-0.640951574,-0.901560068,0,0
24,-105,0.3618709146976471,0.6344584822654724,0.7431886792182922,0.7837345600128174,0.7784464955329895,0.7929577231407166,-0.019181035,-0.568074703,-0.897542536,0,0
24,-104,0.1952042430639267,0.6097428798675537,0.6912868618965149,0.7800846099853516,0.8084053993225098,0.8432691097259521,-0.106936552,-0.580261469,-0.819700003,0,0
24,-103,0.1631762236356735,0.6316466927528381,0.7604827880859375,0.9211277961730956,0.8871789574623108,0.9080593585968018,-0.118906528,-0.481749207,-0.63262409,0,0
24,-102,0.168226883,0.5649933218955994,0.7245791554450989,0.9122756123542786,0.8608810901641846,0.930429757,-0.086782873,-0.371450037,-0.503176212,0,0
24,-101,0.2070967704057693,0.5573734641075134,0.7137485146522522,0.9122167229652404,0.8018481731414795,0.8815662264823914,-0.105670929,-0.293657452,-0.403404981,0,0
24,-100,0.1267064958810806,0.5198734998703003,0.6229856014251709,0.7847692370414734,0.6429162621498108,0.6887289881706238,-0.197862491,-0.267055422,-0.330966026,0,0
24,-99,0.063398696,0.4111200869083404,0.5623412728309631,0.7870236039161682,0.6414093971252441,0.5877802968025208,-0.145863578,-0.117844962,0.031936597,0,0
24,-98,0.4675756394863128,0.5519845485687256,0.5685946941375732,0.7304596304893494,0.6367858052253723,0.5167832970619202,-0.135626569,-0.10723684,0.075793721,0,0
24,25,1.0541540384292605,1.1885690689086914,1.1923370361328125,1.7057088613510132,1.2277384996414185,0.6785299777984619,0.5142338275909424,0.9184462428092957,1.690336823,0,0
24,30,0.8038144707679749,1.030993103981018,1.0687665939331057,1.5078696012496948,1.0651168823242188,0.3839430809020996,0.4012909829616546,0.8458661437034607,1.5000619888305664,0,0
24,31,0.78067255,1.0433326959609983,1.096143364906311,1.531951904296875,1.0510950088500977,0.3182821273803711,0.3679992258548736,0.8236574530601501,1.5229161977767944,0,0
24,32,0.6528570652008057,1.047004461288452,1.1001018285751345,1.468441367149353,1.0095125436782837,0.2830531299114227,0.3430279493331909,0.8248952031135559,1.495100021362305,0,0
24,33,0.5034646391868591,1.0133455991744995,1.1226681470870972,1.4282770156860352,1.005197525024414,0.2779379785060882,0.2782377004623413,0.7593572735786438,1.447396159172058,0,0
24,34,0.3356163799762726,0.9909650683403016,1.1441981792449951,1.297047496,0.927482843,0.2810520827770233,0.2407501339912414,0.7117938995361328,1.3311165571212769,0,0
24,35,0.1254873126745224,0.9103509783744812,0.9942649006843568,1.0255295038223269,0.7951127886772156,0.332720011,0.2248872071504593,0.6257404088973999,1.105925202,0,0
24,36,-0.421145529,0.3046105802059173,0.5369336605072021,0.6305316090583801,0.5982868671417236,0.3301359713077545,0.1781923025846481,0.4057904779911041,0.6479287147521973,0,0
24,68,0.1828008741140365,0.1810046434402465,0.3177322447299957,0.2140533924102783,0.4592624008655548,1.2965883016586304,1.0950336456298828,1.0405789613723757,1.0945870876312256,0,0
24,69,0.211363748,0.3391233384609222,0.5693073272705078,0.5051813721656799,0.8815550208091736,1.7281240224838257,1.3009212017059326,1.2016557455062866,1.3040319681167605,0,0
24,70,0.4087773859500885,0.4888601303100586,0.855367899,0.9880040287971495,1.430651307106018,2.0520904064178467,1.4342490434646606,1.3171039819717407,1.4739446640014648,0,0
24,71,0.5962469577789307,0.5263795256614685,0.913839877,1.2214912176132202,1.691303253173828,2.1943604946136475,1.5299806594848633,1.4032760858535769,1.5284086465835571,0,0
24,72,0.7262301445007324,0.5494365692138672,0.8795058131217957,1.2695575952529907,1.789386749267578,2.2120749950408936,1.540053367614746,1.4334325790405271,1.516696810722351,0,0
24,73,0.7353920936584473,0.6278533339500427,0.9072918891906738,1.3051317930221558,1.8771346807479856,2.2680368423461914,1.5749282836914062,1.4316385984420776,1.465928077697754,0,0
24,74,0.6275699138641357,0.6919041275978088,0.894541323,1.310120701789856,1.9747023582458496,2.392417907714844,1.671259880065918,1.4668703079223633,1.4739255905151367,0,0
24,75,0.4962059557437897,0.7581068873405457,0.9130600094795228,1.312203884124756,1.8935480117797852,2.371419668197632,1.7123388051986694,1.4496688842773438,1.457022190093994,0,0
24,76,0.5235806703567505,0.8701319694519043,1.0533952713012695,1.3936175107955933,1.9239277839660645,2.416001319885254,1.777335524559021,1.474995255470276,1.4167722463607788,0,0
24,77,0.6399118304252625,0.9549017548561096,1.1702314615249634,1.4709442853927612,1.9326695203781128,2.4393231868743896,1.8604888916015625,1.5171546936035156,1.406794190406799,0,0
24,78,0.8262031674385071,1.0424636602401731,1.2499135732650757,1.5287967920303345,1.9083714485168457,2.363901853561402,1.8672839403152464,1.497259497642517,1.3277732133865356,0,0
24,79,1.054319977760315,1.103136182,1.2924715280532837,1.521786093711853,1.886999011039734,2.3133983612060547,1.8724948167800903,1.509056568145752,1.2695330381393433,0,0
24,80,1.284736156463623,1.1102086305618286,1.2721413373947144,1.4970861673355105,1.8681813478469849,2.276031017303467,1.852707028388977,1.5303255319595337,1.2564491033554075,0,0
24,81,1.4431829452514648,1.0958482027053833,1.261550784111023,1.4858702421188354,1.7517348527908323,2.1645474433898926,1.7479766607284546,1.4970332384109497,1.1970325708389282,0,0
24,82,1.5935416221618652,1.081762671470642,1.2574316263198853,1.4204038381576538,1.6057525873184204,2.0486109256744385,1.6949251890182495,1.4964418411254885,1.171622395515442,0,0
24,83,1.6850932836532593,1.0596582889556885,1.218499779701233,1.2862604856491089,1.429589867591858,1.9269708395004272,1.6708117723464966,1.4910944700241089,1.133158564567566,0,0
24,84,1.6685128211975098,0.9591524004936218,1.078489899635315,1.0929723978042605,1.2447563409805298,1.8423014879226685,1.6867865324020386,1.537659764289856,1.1340898275375366,0,0
24,85,1.6170415878295898,0.8724591732025146,0.9715301990509032,0.9729894995689392,1.1204122304916382,1.7318921089172363,1.6573729515075684,1.5447951555252075,1.1002486944198608,0,0
24,86,1.5338281393051147,0.8656206727027893,0.928289831,0.845600426,0.9279853701591492,1.4993596076965332,1.554470181465149,1.5102415084838867,1.120422363,0,0
24,87,1.4029203653335571,0.880331814,0.9469792246818542,0.8555601239204407,0.8741419315338135,1.4162168502807615,1.53053081,1.5059576034545898,1.115876078605652,0,0
24,88,1.265009880065918,0.8362207412719727,0.9484999179840088,0.8753025531768799,0.7814766764640808,1.260097622871399,1.3761178255081177,1.3987210988998413,1.048134684562683,0,0
24,89,0.9633015990257264,0.652624786,0.8584577441215515,0.7567322850227356,0.6227791905403137,1.0631340742111206,1.1905544996261597,1.262440562,0.968321979,0,0
24,91,0.7052589058876038,0.3387859761714935,0.6354097723960876,0.5437190532684326,0.4717048406600952,0.853257954,0.9907820224761964,1.1219333410263062,0.8602759838104248,0,0
24,92,0.7578909993171692,0.4289568960666656,0.5760791897773743,0.4471552073955536,0.3809306621551513,0.8268088698387146,1.0481308698654177,1.1978920698165894,1.0126148462295532,0,0
24,93,0.753307045,0.4617848396301269,0.5464491248130798,0.3722296059131622,0.2635950744152069,0.6477236151695251,0.8363175988197327,0.9772735238075256,0.8765729069709778,0,0
24,94,0.7083795666694641,0.4620105922222137,0.5858586430549622,0.4506131410598755,0.3161923587322235,0.6916101574897766,0.818868876,0.9436295628547668,0.8169764876365662,0,0
25,-112,0.4872192442417145,1.171298623085022,1.4001412391662598,1.5338220596313477,1.439681053161621,1.3767566680908203,1.3492919206619265,1.0192173719406128,0.8601419925689697,0,0
25,-111,0.4288192689418793,0.977527678,1.0367077589035034,0.925475299,0.6041424870491028,0.7328110337257385,0.8898456692695618,0.5798017382621765,0.4341628849506378,0,0
25,-109,0.7171480655670166,0.9983534216880798,0.9465418457984924,0.8677466511726379,0.5159053206443787,0.6694033741950989,0.7275156378746033,0.5001152157783508,0.4152926504611969,0,0
25,-108,0.619954526,0.848823607,0.7088750004768372,0.664466143,0.44505921,0.5525025725364685,0.3417381346225738,-0.056218877,-0.191359282,0,0
25,-107,0.4366664886474609,0.5859429240226746,0.557762861,0.5709468722343445,0.4719925820827484,0.4442500174045563,-0.015747389,-0.567480922,-0.781452835,0,0
25,-106,0.3156288862228393,0.5673341155052185,0.650138795,0.66217041,0.6165925860404968,0.5663955211639404,-0.110358275,-0.661423981,-0.877832711,0,0
25,-105,0.3690990507602691,0.8327345252037048,0.9564263224601746,0.971188486,0.9131940007209778,0.7648110389709473,-0.122478776,-0.589738011,-0.752346575,0,0
25,-104,0.1459392756223678,0.720008135,0.8045732975006104,0.939279079,0.862369955,0.7370284199714661,-0.18529503,-0.532333434,-0.616368115,0,0
25,-103,0.163782462,0.6708686351776123,0.8109025359153748,0.9989489912986756,0.8530258536338806,0.7254745364189148,-0.237823799,-0.540599644,-0.548432708,0,0
25,-102,0.169780746,0.6206576824188232,0.7784974575042725,0.9734571576118468,0.7727317810058594,0.6648804545402527,-0.335296631,-0.616050124,-0.600177944,0,0
25,-101,0.1964098811149597,0.6610057950019836,0.8075295090675354,1.0195435285568235,0.6972910761833191,0.6047866344451904,-0.353109956,-0.552513063,-0.572608411,0,0
25,-100,0.1387591809034347,0.7063316702842712,0.7975492477416992,0.979546845,0.6531869769096375,0.524451733,-0.284205616,-0.338484913,-0.314045072,0,0
25,-99,0.1220735237002372,0.5422925353050232,0.6536493301391602,0.883999765,0.6114352941513062,0.4249470233917236,-0.296614528,-0.205848992,-0.101747371,0,0
25,-98,0.4684904515743255,0.5363257527351379,0.5982401967048645,0.7396534085273743,0.5555000305175781,0.354205847,-0.306751281,-0.23823975,-0.11607033,0,0
25,-97,0.6581684350967407,0.5245997905731201,0.5513396859169006,0.6171631217002869,0.5317862629890442,0.4565264880657196,-0.063606508,-0.13172558,-0.06220765,0,0
25,25,1.1514078378677368,1.2291808128356934,1.262959361076355,1.6989984512329102,1.2556660175323486,0.6999518871307373,0.5373219847679138,0.8827975392341614,1.6527825593948364,0,0
25,29,0.9321191310882568,1.0947037935256958,1.1231868267059326,1.5575019121170044,1.1303192377090454,0.5400493144989014,0.5583123564720154,0.9341099262237548,1.565203309059143,0,0
25,30,0.7640931010246277,0.9879801869392396,1.0238181352615356,1.444009780883789,1.0193614959716797,0.4008566439151764,0.4517874717712402,0.8492556214332581,1.4804881811141968,0,0
25,31,0.7721621990203857,1.0207558870315552,1.047044038772583,1.4822849035263062,1.0353285074234009,0.3567636907100677,0.4288103580474853,0.8433614373207092,1.515897274017334,0,0
25,32,0.6353582739830017,1.000123143196106,1.023100495,1.416250705718994,0.9809704422950744,0.2944882214069366,0.3780807256698608,0.8345395922660828,1.4879087209701538,0,0
25,33,0.4196833074092865,0.9415872693061828,1.0125828981399536,1.3379777669906616,0.951953113,0.277024895,0.2985340058803558,0.7452278137207031,1.3946887254714966,0,0
25,34,0.216687337,0.9286767840385436,1.024042010307312,1.1476337909698486,0.8357592225074768,0.2747261822223663,0.2569826245307922,0.6928853988647461,1.2514408826828003,0,0
25,35,-0.105773836,0.6273124814033508,0.7740638852119446,0.7841779589653015,0.6341277360916138,0.3070245683193207,0.1828330159187317,0.4782016575336456,0.8199387192726135,0,0
25,71,0.5252034068107605,0.5441735982894897,0.93533057,1.0824623107910156,1.2792584896087646,1.9093753099441528,1.3166851997375488,1.217892050743103,1.4206706285476685,0,0
25,72,0.689558744,0.5738230347633362,0.993129551,1.292765974998474,1.6672264337539673,2.1085660457611084,1.4456478357315063,1.339154839515686,1.4791412353515625,0,0
25,73,0.7855064272880554,0.6246671080589294,1.0339146852493286,1.402222990989685,1.894625663757324,2.240173816680908,1.524281383,1.424629807472229,1.473234773,0,0
25,74,0.781711757,0.715895414,1.1049023866653442,1.5269660949707031,2.0031583309173584,2.294809103012085,1.5690690279006958,1.4192485809326172,1.4315706491470337,0,0
25,75,0.7174593806266785,0.8110988736152649,1.250813364982605,1.6569751501083374,2.0762317180633545,2.354271889,1.6914666891098022,1.4621261358261108,1.404368877410889,0,0
25,76,0.679573119,0.9349730610847472,1.3289713859558103,1.6546624898910522,2.089566230773926,2.4110465049743652,1.7288154363632202,1.4238191843032837,1.3742948770523071,0,0
25,77,0.7141572833061218,1.0487843751907349,1.4283604621887207,1.6812938451766968,2.1051158905029297,2.447260618209839,1.7842861413955688,1.4317899942398071,1.3684004545211792,0,0
25,78,0.8736584782600403,1.1227283477783203,1.5250838994979858,1.7101842164993286,2.090439558029175,2.4119741916656494,1.7944835424423218,1.429182529449463,1.3403319120407104,0,0
25,79,1.116938829421997,1.1838903427124023,1.6291688680648804,1.749772548675537,2.0616586208343506,2.3890302181243896,1.8290811777114868,1.467108130455017,1.3449479341506958,0,0
25,80,1.398593544960022,1.2238250970840454,1.6235138177871704,1.7356759309768677,1.9751490354537964,2.2768027782440186,1.7377818822860718,1.442620873451233,1.3130944967269895,0,0
25,81,1.5391727685928345,1.1826249361038208,1.499135136604309,1.664423584938049,1.8825958967208865,2.2312848567962646,1.7090879678726196,1.443407178,1.2659482955932615,0,0
25,82,1.5630508661270142,1.117644190788269,1.433527946472168,1.5591200590133667,1.7004610300064087,2.1047112941741943,1.6603156328201294,1.4345837831497192,1.2504106760025024,0,0
25,83,1.6152595281600952,1.077755570411682,1.3094109296798706,1.3726612329483032,1.518509864807129,2.022333622,1.6642364263534546,1.4807950258255005,1.2351173162460327,0,0
25,84,1.6081260442733765,1.0140516757965088,1.1599639654159546,1.1435288190841677,1.264997959136963,1.8231490850448608,1.599314809,1.468453049659729,1.1903080940246582,0,0
25,85,1.720462203025818,0.9642489552497864,1.041922688484192,1.0390853881835938,1.1014646291732788,1.683059811592102,1.5429779291152954,1.4867404699325562,1.2009752988815308,0,0
25,86,1.675776124000549,0.9626274704933168,1.0106899738311768,0.9495363235473632,0.912237585,1.4785960912704468,1.4095674753189087,1.4081658124923706,1.142448068,0,0
25,87,1.557503342628479,0.9352613091468812,0.927961767,0.8107553124427795,0.7034156322479248,1.278335452079773,1.2865153551101685,1.3441351652145386,1.0803322792053225,0,0
25,88,1.2287298440933228,0.8057625889778137,0.876325786,0.7561056613922119,0.5660527348518372,1.0828100442886353,1.0984259843826294,1.2185941934585571,1.0365228652954102,0,0
25,89,0.7858485579490662,0.5964064002037048,0.8297693133354187,0.6991356015205383,0.5459097623825073,1.0136719942092896,0.9905639290809632,1.143619179725647,1.039836049079895,0,0
25,90,0.6918068528175354,0.4226697981357574,0.7107706069946289,0.5634468197822571,0.3875920474529266,0.8200781345367432,0.8619296550750732,1.031242609024048,0.9741961359977722,0,0
25,91,1.0153567790985107,0.4977616369724273,0.6737039089202881,0.5130236148834229,0.3756814301013946,0.8419180512428284,0.975916624,1.1786044836044312,1.1361801624298096,0,0
25,92,0.921402395,0.5316347479820251,0.6608862280845642,0.495194525,0.3385540246963501,0.7302517890930176,0.8898707032203674,1.0971611738204956,1.0903609991073608,0,0
25,93,0.8165367245674133,0.6403611302375793,0.7803144454956055,0.6125839352607727,0.4346037805080414,0.7389974594116211,0.9054839611053468,1.1362810134887695,1.1034469604492188,0,0
25,94,0.7003007531166077,0.5377076268196106,0.646714985,0.4427317678928375,0.2384120225906372,0.6579065322875977,0.7815737128257751,0.9427470564842224,0.9301578402519226,0,0
25,95,0.6942246556282043,0.5109952092170715,0.582693338,0.4288135468959808,0.2676898241043091,0.7151948809623718,0.8031870722770691,0.921876848,0.8316745162010193,0,0
26,-113,0.6992154717445374,1.216328740119934,1.5968656539916992,1.8870707750320437,1.961919903755188,1.895687699317932,1.8378463983535769,1.4516760110855105,1.2522025108337402,0,0
26,-112,0.4219019412994385,0.9041836857795716,1.1396218538284302,1.1259945631027222,0.9588953852653505,1.0234248638153076,1.161259651184082,0.7959883809089661,0.5915428996086121,0,0
26,-111,0.3569686710834503,0.5850887298583984,0.979759157,0.8632667660713196,0.4724059104919433,0.6506540179252625,0.8720061182975769,0.6214956641197205,0.5041966438293457,0,0
26,-109,0.006122728,0.8098620772361755,0.7017675042152405,0.6650616526603699,0.3097034394741058,0.4211463928222656,0.3752804696559906,-0.005654553,-0.11360655,0,0
26,-108,0.2652733027935028,0.7229376435279846,0.6021297574043274,0.5973446369171143,0.4389127492904663,0.4029614627361297,0.026150709,-0.537362814,-0.695450783,0,0
26,-107,0.2624766826629638,0.5556088089942932,0.6171495318412781,0.5868940353393555,0.5027780532836914,0.4171109199523926,-0.158340827,-0.746448219,-0.910365045,0,0
26,-106,0.263574481,0.7084152698516846,0.7830965518951416,0.7743765711784363,0.6938514113426208,0.5525088906288147,-0.17203407,-0.68394804,-0.814496815,0,0
26,-105,0.1185688450932502,0.7295190691947937,0.7758042812347412,0.8344992995262146,0.7234687805175781,0.5571503639221191,-0.212341502,-0.55215472,-0.623453319,0,0
26,-104,0.091725737,0.6617273688316345,0.7680785655975342,0.8815310597419739,0.7258284687995911,0.5896722674369812,-0.212839708,-0.50358057,-0.54406327,0,0
26,-103,0.1924997419118881,0.6400907039642334,0.7754310965538025,0.9506614208221436,0.6728384494781494,0.5035136342048645,-0.3256239,-0.526065648,-0.502922118,0,0
26,-102,0.1886937469244003,0.6277420520782471,0.7325853705406189,0.9378421902656556,0.5626929998397827,0.3659641742706299,-0.422072202,-0.544374228,-0.49445188,0,0
26,-101,0.106688492,0.6274392008781433,0.7404598593711853,0.9452240467071532,0.5016611218452454,0.2375576347112655,-0.430481195,-0.455075055,-0.40461579,0,0
26,-100,0.021468485,0.5675322413444519,0.6497650742530823,0.8446083068847656,0.422338456,0.1245193183422088,-0.456743151,-0.376079053,-0.362263769,0,0
26,-99,0.1029674336314201,0.525313675,0.6616348028182983,0.8311626315116882,0.47630322,0.1649592667818069,-0.466918677,-0.342778057,-0.349701613,0,0
26,-98,0.3415998220443725,0.4862168133258819,0.599917471,0.7297065854072571,0.4697926044464111,0.1972400099039077,-0.430112571,-0.39922142,-0.362320215,0,0
26,-97,0.6581462025642395,0.5688976645469666,0.584437907,0.6342929005622864,0.5065554976463318,0.4047521650791168,-0.158481196,-0.24293685,-0.224805951,0,0
26,28,1.0379880666732788,1.110357642173767,1.1298259496688845,1.5451222658157349,1.1633353233337402,0.6079326272010803,0.5835893154144287,0.8777353167533875,1.5204763412475586,0,0
26,29,0.9546037316322328,1.074621558189392,1.1066440343856812,1.5070070028305054,1.1132396459579468,0.5592041611671448,0.5765017867088318,0.8873807787895203,1.5171931982040403,0,0
26,31,0.7311504483222961,0.979871929,0.9960448145866394,1.4155945777893066,1.0274728536605835,0.3890010118484497,0.4932997226715088,0.8614922165870667,1.505262256,0,0
26,32,0.6367625594139099,0.974529743,0.9630703926086426,1.353418469429016,0.9743477702140808,0.3352484703063965,0.4431718289852142,0.8573171496391296,1.499609351158142,0,0
26,33,0.4172111451625824,0.935638189,0.9626834988594056,1.258763551712036,0.8886451125144958,0.3092870712280273,0.3821046054363251,0.8199276328086853,1.4053276777267456,0,0
26,34,0.1790606528520584,0.8555755615234375,0.9049899578094482,0.9888436794281006,0.732323945,0.3037915527820587,0.2855755388736725,0.7057876586914062,1.1886372566223145,0,0
26,35,-0.149477929,0.3922916948795318,0.5525626540184021,0.5869073271751404,0.5320743918418884,0.2994402945041656,0.1944949626922607,0.4462478458881378,0.673257053,0,0
26,70,0.5438941121101379,0.5987433791160583,0.9495701193809508,1.0110713243484497,1.306704878807068,2.0637645721435547,1.331763505935669,1.2424005270004272,1.517535686,0,0
26,71,0.5951209664344788,0.6311256885528564,1.0378453731536863,1.1707807779312134,1.380701184272766,2.034773349761963,1.3418735265731812,1.266192913,1.511809229850769,0,0
26,72,0.6752443909645081,0.6467718482017517,1.104793667793274,1.3966315984725952,1.6790122985839844,2.1805944442749023,1.4692673683166504,1.3895564079284668,1.5464006662368774,0,0
26,73,0.7452531456947327,0.6880895495414734,1.2061952352523804,1.5125497579574585,1.8616186380386353,2.249162435531616,1.511422038078308,1.4304313659667969,1.5460504293441772,0,0
26,74,0.8027873635292053,0.7693354487419128,1.3077796697616575,1.5857210159301758,1.8948556184768677,2.2408416271209717,1.5071630477905271,1.3961833715438845,1.4529300928115845,0,0
26,75,0.8492870926856995,0.9323019981384276,1.4907697439193726,1.7564376592636108,1.976991057395935,2.254535436630249,1.571759581565857,1.3567699193954468,1.358380913734436,0,0
26,76,0.9136231541633606,1.074486494064331,1.6817775964736938,1.8648990392684937,2.0939667224884033,2.334923505783081,1.6716727018356323,1.3795042037963867,1.365495681762695,0,0
26,77,1.0197080373764038,1.160495042800903,1.7799086570739746,1.9067062139511108,2.1590425968170166,2.406902313232422,1.735926628112793,1.4217082262039185,1.3694831132888794,0,0
26,78,1.1607251167297363,1.2560712099075315,1.859337807,1.9518046379089355,2.1070597171783447,2.358395576477051,1.7564903497695925,1.4460941553115845,1.3678284883499146,0,0
26,79,1.3375927209854126,1.2942513227462769,1.8283510208129885,1.9311280250549316,2.0471227169036865,2.3218679428100586,1.7578357458114624,1.4778518676757812,1.3896913528442385,0,0
26,80,1.4959654808044434,1.2672019004821775,1.6844191551208496,1.8161964416503904,1.914244294166565,2.243041992,1.6981216669082642,1.463699460029602,1.3657294511795044,0,0
26,81,1.6318000555038452,1.2360771894454956,1.5564347505569458,1.7156063318252563,1.8333414793014529,2.203671694,1.6650363206863403,1.4568872451782229,1.3403891324996948,0,0
26,82,1.7177820205688477,1.1814041137695312,1.3952099084854126,1.562348723,1.6118961572647097,2.025811672210694,1.570623755455017,1.4019654989242554,1.2741302251815796,0,0
26,83,1.734298586845398,1.1165441274642944,1.2185646295547483,1.3012993335723877,1.3801223039627075,1.8655462265014648,1.5250873565673828,1.416155457496643,1.2492691278457642,0,0
26,84,1.714107871055603,1.0533665418624878,1.1154810190200806,1.1141098737716677,1.203295350074768,1.735912799835205,1.5211299657821655,1.468483567237854,1.2809423208236694,0,0
26,85,1.6222673654556274,0.9706203937530518,0.9758241176605223,0.8810915946960449,0.9353652596473694,1.5186418294906616,1.4215720891952517,1.446381927,1.2718456983566284,0,0
26,86,1.4411836862564087,0.9211182594299316,0.914479911,0.7481155395507812,0.7058538794517517,1.2878713607788086,1.2323814630508425,1.3688114881515503,1.2525651454925537,0,0
26,87,1.1497923135757446,0.7849209308624268,0.7927894592285156,0.5993162989616394,0.4278401434421539,0.9943447113037108,0.9999133944511414,1.1850616931915283,1.14238441,0,0
26,88,0.9224851727485656,0.7243170142173767,0.7537497878074646,0.5599426031112671,0.3877675235271454,0.8767889142036438,0.9295989871025084,1.120736837387085,1.099480390548706,0,0
26,89,0.6490917205810547,0.621641219,0.7274317145347595,0.482823372,0.3383093178272247,0.7639424204826355,0.8105097413063049,1.0084947347640991,1.0371512174606323,0,0
26,90,0.7964890599250793,0.6422404646873474,0.7269086837768555,0.460400254,0.3041343986988067,0.6491444110870361,0.7398924827575684,0.9359950423240662,0.9569069743156432,0,0
26,91,1.0295580625534058,0.7242920994758606,0.7487435340881348,0.4841477870941162,0.3114214837551117,0.6177849173545837,0.7383347153663635,0.9132617115974426,0.9545473456382751,0,0
26,92,0.9375174045562744,0.6763660311698914,0.7200064659118652,0.4843083322048187,0.3275646865367889,0.6155136823654175,0.738851786,0.8967430591583252,0.8426826596260071,0,0
26,93,0.9762396812438964,0.6462305784225464,0.6057208180427551,0.361184686,0.1601092368364334,0.522105873,0.6953025460243225,0.9076390862464904,0.9549582,0,0
26,94,0.8556751608848572,0.6089150905609131,0.6315443515777588,0.4311765134334564,0.1429802179336547,0.5619720220565796,0.6701279282569885,0.8607612252235413,0.8502123951911926,0,0
26,95,0.8414077758789062,0.5550548434257507,0.6140986084938049,0.4522879123687744,0.149860218,0.5753538012504578,0.664028525,0.8663087487220764,0.8048403263092041,0,0
27,-115,1.1236668825149536,1.4300698041915894,1.505383849143982,1.8334566354751587,2.2111904621124268,2.2493555545806885,2.275416612625122,1.8981040716171265,1.669255256652832,0,0
27,-114,0.8866789937019348,1.3283222913742063,1.3733024597167969,1.6024144887924194,1.8045549392700195,1.745844841003418,1.8026355504989624,1.3924309015274048,1.150247573852539,0,0
27,-113,0.5356294512748718,1.0778356790542605,0.984207809,0.9633018970489502,0.9376426339149476,0.9482430815696716,1.0980039834976196,0.6967106461524963,0.4530937969684601,0,0
27,-112,0.2971372902393341,0.7380016446113586,0.8781935572624207,0.7658116221427917,0.5349363684654236,0.6528381109237671,0.9039246439933776,0.5713467597961426,0.3918006420135498,0,0
27,-111,0.019923339,0.4626815617084503,0.8782928586006165,0.8114566802978516,0.4597669839859009,0.5771812200546265,0.7717807292938232,0.5413126349449158,0.4536646902561188,0,0
27,-110,-0.076278597,0.6892647743225098,0.7269425988197327,0.6622375249862671,0.2603762447834015,0.3628535568714142,0.4239287376403808,0.135659859,0.030528167,0,0
27,-109,0.1448787599802017,0.6966633796691895,0.594083846,0.5306912660598755,0.2157028168439865,0.1821029633283615,-0.012700812,-0.519845963,-0.692705154,0,0
27,-108,0.2067975252866745,0.5888159871101379,0.5585407614707947,0.491800457,0.3232890367507934,0.2600511610507965,-0.16571565,-0.761486471,-0.898193657,0,0
27,-107,0.2658906280994415,0.6532886624336243,0.7360964417457581,0.6599991321563721,0.5405402183532715,0.3908184468746185,-0.231759295,-0.805859149,-0.865976334,0,0
27,-106,0.1159799024462699,0.6840310096740723,0.7677885890007019,0.6945646405220032,0.5407791137695312,0.3637226521968841,-0.295251817,-0.750364482,-0.75164336,0,0
27,-105,0.005377451,0.6452240943908691,0.7287049889564514,0.7474114894866943,0.5495589971542358,0.3546443879604339,-0.326262742,-0.615365803,-0.608324826,0,0
27,-104,0.011991124,0.6305866241455078,0.7874455451965332,0.8153043389320374,0.5324574112892151,0.3196716010570526,-0.390255362,-0.605956495,-0.560543358,0,0
27,-103,0.088131584,0.6391633152961731,0.8067623972892761,0.8735076785087585,0.4887277781963348,0.2336080074310302,-0.428123683,-0.596220613,-0.570144832,0,0
27,-102,0.096245795,0.6373296976089478,0.7482721209526062,0.9047366976737976,0.4531274139881134,0.1429634839296341,-0.378636718,-0.426610351,-0.427597493,0,0
27,-101,0.07767687,0.6032918095588684,0.7492728233337402,0.9338691830635072,0.4312765300273895,0.069402978,-0.347341269,-0.302938193,-0.329744041,0,0
27,-100,0.058038071,0.5619861483573914,0.7278925776481628,0.8894841074943542,0.3709896504878998,0.004019832,-0.439422756,-0.334261894,-0.39951548,0,0
27,-99,0.1167491897940635,0.553319514,0.7234446406364441,0.8445420265197754,0.3722900450229645,-0.01666151,-0.544262826,-0.462371349,-0.53844732,0,0
27,25,1.1328755617141724,1.184039831161499,1.2582931518554688,1.5873411893844604,1.1564401388168335,0.7354177832603455,0.6313254237174988,0.8665634989738464,1.4957605600357056,0,0
27,28,1.1255487203598022,1.1641443967819214,1.2007144689559937,1.5384860038757324,1.1728061437606812,0.6552273631095886,0.6311060786247253,0.8750670552253723,1.4882582426071167,0,0
27,31,0.8211597800254822,1.0216635465621948,1.0017045736312866,1.3685508966445925,0.9849157333374025,0.3930098712444305,0.5145299434661865,0.8317897319793701,1.4773887395858765,0,0
27,32,0.6969496607780457,1.0105457305908203,0.946204424,1.3159139156341553,0.9390646815299988,0.3646775484085083,0.5441625118255615,0.9147369265556335,1.5298503637313845,0,0
27,33,0.4201470613479614,0.9188498854637146,0.8641943335533142,1.126050353050232,0.7937930226325989,0.323718399,0.4802669584751129,0.8692030906677246,1.42186439,0,0
27,34,0.1644307672977447,0.6378331780433655,0.6277164220809937,0.7993564009666443,0.6549316644668579,0.3608237206935882,0.3131743669509887,0.6198184490203857,1.0154207944869995,0,0
27,69,0.7314901947975159,0.7616894245147705,0.9770278334617616,0.9528376460075378,1.363414287567139,1.9921537637710571,1.2172874212265017,1.1498792171478271,1.412221908569336,0,0
27,70,0.6717392802238464,0.7269060611724854,1.0429829359054563,1.080987811088562,1.4158920049667358,2.1086537837982178,1.2996432781219482,1.2110519409179688,1.5295743942260742,0,0
27,71,0.7099106907844543,0.7404170036315918,1.1308748722076416,1.213563323020935,1.417127013206482,2.0710606575012207,1.2859429121017456,1.1871122121810913,1.510616660118103,0,0
27,72,0.7255639433860779,0.735723078,1.2126237154006958,1.3360038995742798,1.486613631248474,2.0929253101348877,1.306517481803894,1.2334229946136477,1.493043065071106,0,0
27,73,0.7111271023750305,0.7477603554725647,1.2888619899749756,1.5041059255599976,1.6628252267837524,2.1863694190979004,1.382756590843201,1.3117057085037231,1.4735561609268188,0,0
27,74,0.7606117725372314,0.7765468955039978,1.3697916269302368,1.5803619623184204,1.7751541137695312,2.2134358882904053,1.4357142448425293,1.3548461198806765,1.4148893356323242,0,0
27,75,0.8947820067405701,0.9415745139122008,1.5811318159103394,1.7287260293960571,1.817036271095276,2.2162954807281494,1.512678146362305,1.381319522857666,1.3595234155654907,0,0
27,76,1.0197824239730835,1.1154311895370483,1.8080148696899416,1.8801122903823853,2.0719757080078125,2.4245030879974365,1.6757265329360962,1.4261845350265503,1.3747310638427734,0,0
27,77,1.1472973823547363,1.2298349142074585,1.8816567659378052,1.90526545,2.078561544418335,2.415580987930298,1.696851134300232,1.410908341407776,1.3750554323196411,0,0
27,78,1.2718149423599243,1.334253430366516,1.9045475721359253,1.9392613172531128,2.027364969,2.3257009983062744,1.6891061067581177,1.4297937154769895,1.3752985000610352,0,0
27,79,1.3581880331039429,1.3259673118591309,1.8136154413223269,1.9070987701416016,1.9576319456100464,2.2626407146453857,1.679515004,1.4432481527328491,1.3558706045150757,0,0
27,80,1.4058653116226196,1.2263339757919312,1.5448929071426392,1.741688847541809,1.7728790044784546,2.1128041744232178,1.5679221153259275,1.3995575904846191,1.3129340410232544,0,0
27,81,1.618779182434082,1.162453532218933,1.3748685121536257,1.5649060010910034,1.5572409629821775,1.9551591873168943,1.5173929929733276,1.3948818445205688,1.2936862707138062,0,0
27,82,1.7524772882461548,1.0577830076217651,1.1589564085006714,1.2759326696395874,1.2601147890090942,1.7495059967041016,1.433575153,1.3693122863769531,1.2777012586593628,0,0
27,83,1.6212401390075684,0.8992107510566711,0.9147543907165528,0.9075189232826232,0.8670856356620789,1.4432355165481567,1.2471762895584106,1.2432646751403809,1.1564226150512695,0,0
27,84,1.3843787908554075,0.8523799777030945,0.7325310707092285,0.6947965621948242,0.7070510983467102,1.3400516510009766,1.1923227310180664,1.2759236097335815,1.2159706354141235,0,0
27,85,1.237524151802063,0.8492298126220703,0.7123475074768066,0.6464506983757019,0.6419658064842224,1.2583670616149902,1.1081005334854126,1.2908313274383545,1.2752914428710938,0,0
27,86,0.93881917,0.8099654316902161,0.7353072166442871,0.5740121603012085,0.4732905924320221,1.008825659751892,0.8690361976623535,1.0823091268539429,1.1440175771713257,0,0
27,87,0.580411971,0.743282139,0.7374580502510071,0.5175968408584595,0.2208702564239502,0.6924118399620056,0.5664612650871277,0.8260814547538757,1.0199908018112185,0,0
27,88,0.639879584,0.7190411686897278,0.7083063721656799,0.485530138,0.1337242424488067,0.6042120456695557,0.5232547521591187,0.7475699782371521,0.907029629,0,0
27,89,0.7282500267028809,0.6989622712135315,0.7033396363258362,0.4989776313304901,0.2186650037765503,0.6673629879951477,0.6172142624855042,0.8284509181976318,0.9611189365386964,0,0
27,90,0.7892663478851318,0.684963048,0.6848406195640564,0.4647320508956909,0.1999565958976745,0.6255608201026917,0.5385990738868713,0.8044814467430115,0.9263796806335448,0,0
27,91,0.8066965937614441,0.698296845,0.6971056461334229,0.4467814266681671,0.1801589578390121,0.5901926159858704,0.4881890118122101,0.7879789471626282,0.9319422245025636,0,0
27,92,0.9485865235328674,0.7591401934623718,0.7061154246330261,0.4455688893795013,0.1601818948984146,0.5760087370872498,0.5415470600128174,0.7816028594970703,0.8668458461761475,0,0
27,93,0.9902682900428772,0.8189167976379395,0.69994694,0.4542329013347626,0.1850847601890564,0.6425890922546387,0.6745865345001221,0.8800497055053711,0.9599497318267822,0,0
27,94,1.0092170238494873,0.683398426,0.6206806302070618,0.4161233007907867,0.1017197594046592,0.4936902523040771,0.556514323,0.752352238,0.7777988314628601,0,0
27,95,1.0460495948791504,0.6218300461769104,0.5964992046356201,0.4367353022098541,0.1130528450012207,0.4986321032047272,0.5923370718955994,0.7989804744720459,0.7803454995155334,0,0
27,96,1.0005320310592651,0.6478305459022522,0.6909639239311218,0.5388044714927673,0.2168276757001876,0.5758609175682068,0.6583028435707092,0.8382471203804016,0.857468307,0,0
27,97,1.0799188613891602,0.750140905,0.7889794707298279,0.6352404952049255,0.2739463746547699,0.5909566283226013,0.6488717794418335,0.824249804,0.8218377232551575,0,0
28,-115,0.7348372340202332,1.316092014312744,1.3834716081619265,1.6065999269485474,1.9127432107925415,1.866313338279724,1.9742387533187864,1.6105698347091677,1.3911089897155762,0,0
28,-114,0.5891973376274109,1.1889525651931765,1.194482922554016,1.2654162645339966,1.3739233016967771,1.2505699396133425,1.415026068687439,0.9809587597846984,0.7350273132324219,0,0
28,-113,0.355831116,0.8427107930183411,0.8500773310661316,0.8272795677185059,0.7250173687934875,0.7133779525756836,0.9512615203857422,0.5388728380203247,0.3267096877098083,0,0
28,-112,0.1718928217887878,0.653334379,0.7617709636688232,0.7585792541503906,0.5360361933708191,0.5700576901435852,0.8155158162117004,0.4962436258792877,0.3993761241436004,0,0
28,-111,-0.080862105,0.5439251065254211,0.5869539976119995,0.577998698,0.242511436,0.2689846158027649,0.3863650262355804,0.06888216,-0.065091729,0,0
28,-110,-0.254660368,0.6333338618278503,0.5890204906463623,0.4852618277072906,0.044683326,0.043066058,0.031461544,-0.390489668,-0.573900163,0,0
28,-109,0.1590046435594558,0.6974849700927734,0.6330244541168213,0.5434477925300598,0.2102523297071457,0.098342068,-0.150075719,-0.695690572,-0.867208779,0,0
28,-108,0.2273067235946655,0.6511003375053406,0.6631637215614319,0.5381364822387695,0.3062318861484527,0.1867256611585617,-0.249273136,-0.80703783,-0.914181292,0,0
28,-107,0.1399372369050979,0.661180317,0.7252223491668701,0.5862610340118408,0.3772238790988922,0.234302208,-0.27951315,-0.799218178,-0.803955376,0,0
28,-106,0.023267433,0.6754069924354553,0.80519408,0.6665991544723511,0.4086416661739349,0.2041462212800979,-0.322719485,-0.714636624,-0.642306149,0,0
28,-105,-0.06968981,0.7069726586341858,0.8686875700950623,0.7381952404975891,0.431895375,0.1517315506935119,-0.414200991,-0.698053181,-0.611235082,0,0
28,-104,-0.066482194,0.6414568424224854,0.8486799597740173,0.7449851036071777,0.4031415283679962,0.1093219146132469,-0.467564195,-0.696141064,-0.617004454,0,0
28,-103,-0.00197125,0.6177460551261902,0.8202187418937683,0.7967125773429871,0.3883728682994842,0.05140169,-0.473916382,-0.646992147,-0.589100659,0,0
28,-102,0.020432731,0.6250986456871033,0.7718815207481384,0.8536229729652405,0.3906585872173309,-0.018298337,-0.408469111,-0.472388417,-0.443187743,0,0
28,-101,0.027336031,0.5566069483757019,0.7714934349060059,0.8954415321350098,0.3987510502338409,-0.013183951,-0.338152617,-0.288130611,-0.326390386,0,0
28,-100,0.097921841,0.558966339,0.7442347407341003,0.853672206,0.3371290266513824,-0.081400804,-0.458666712,-0.363454074,-0.490312338,0,0
28,-99,0.1246871277689933,0.5919574499130249,0.741250217,0.7956089377403259,0.3311595022678375,-0.08140453,-0.534440577,-0.473168939,-0.629752219,0,0
28,28,1.0501216650009155,1.0979228019714355,1.151726484298706,1.436523438,1.087492585,0.615927517,0.6210281848907471,0.8367558121681213,1.419620394706726,0,0
28,29,0.9904637336730956,1.0678625106811523,1.0924564599990845,1.381400227546692,1.0463961362838743,0.5698709487915039,0.6192103028297424,0.8401023745536804,1.4005426168441772,0,0
28,31,0.8794922828674316,1.0523866415023804,1.0115009546279907,1.3531246185302734,0.9841604232788086,0.4270312786102295,0.5631685853004456,0.8464259505271912,1.4688831567764282,0,0
28,32,0.6974185109138489,0.9974863529205322,0.9027132391929626,1.2472559213638306,0.8930823802947998,0.3503659665584564,0.5490865707397461,0.8824732899665833,1.5033031702041626,0,0
28,33,0.421957254,0.8421981334686279,0.7532122731208801,1.0699442625045776,0.7786996364593506,0.3425126373767853,0.512536883,0.8543732166290283,1.4211734533309937,0,0
28,34,0.1856162548065185,0.7365024089813232,0.6626226305961609,0.9652385115623474,0.6607703566551208,0.359007329,0.5428099632263184,0.8997512459754944,1.4141606092453003,0,0
28,35,0.058403585,0.6395878791809082,0.6291646361351013,0.8740615248680115,0.5816653370857239,0.3883399963378906,0.5165143609046936,0.8455408215522766,1.3015061616897583,0,0
28,70,0.8085059523582458,0.9028655886650084,1.153234362602234,1.1425777673721311,1.4400593042373655,2.0199296474456787,1.2549238204956057,1.1818264722824097,1.4948511123657229,0,0
28,71,0.791101873,0.8835887908935547,1.2073569297790527,1.2349427938461304,1.4409736394882202,2.0890462398529053,1.2829936742782593,1.173680305480957,1.494449257850647,0,0
28,72,0.7695245146751404,0.8820822834968567,1.3136180639266968,1.3579787015914917,1.5061830282211304,2.1562676429748535,1.3155349493026731,1.201156735420227,1.5032213926315308,0,0
28,73,0.7592876553535461,0.8926961421966553,1.4289007186889648,1.4926295280456543,1.5392988920211792,2.1137161254882812,1.2806867361068726,1.2211692333221436,1.4482210874557495,0,0
28,74,0.8069419264793396,0.9177045226097108,1.5195938348770142,1.5685008764266968,1.565024733543396,2.0542054176330566,1.2766762971878052,1.2614611387252808,1.3856167793273926,0,0
28,75,0.8859681487083435,0.98384428,1.662405014038086,1.6248639822006226,1.6176886558532717,2.064000129699707,1.334857940673828,1.2578881978988647,1.299354076385498,0,0
28,76,1.013195276260376,1.145675778388977,1.8539409637451172,1.806710720062256,1.8251409530639648,2.1696321964263916,1.4190245866775513,1.2638022899627686,1.2868574857711792,0,0
28,77,1.1202658414840698,1.2599505186080933,1.897779346,1.823587417602539,1.8274236917495728,2.1190807819366455,1.4151744842529297,1.2641245126724243,1.2666064500808716,0,0
28,78,1.1635618209838867,1.285569667816162,1.7994147539138794,1.7522296905517578,1.8385577201843264,2.1816794872283936,1.518208384513855,1.3333024978637695,1.2859796285629272,0,0
28,79,1.2987903356552124,1.223675012588501,1.6262121200561523,1.660232663154602,1.707380294799805,2.088651418685913,1.5264639854431152,1.354153752326965,1.3047953844070437,0,0
28,80,1.5459154844284058,1.1242390871047974,1.3309714794158936,1.4160184860229492,1.4263159036636353,1.8598265647888184,1.4170459508895874,1.326702356338501,1.3026208877563477,0,0
28,81,1.6572833061218262,1.0470341444015503,1.1184147596359253,1.2694120407104492,1.1978843212127686,1.6407068967819214,1.2986688613891602,1.2807954549789429,1.2902580499649048,0,0
28,82,1.629800796508789,0.9651700854301452,0.9817895889282228,1.0884921550750732,0.9135704040527344,1.369630217552185,1.095267653465271,1.136017680168152,1.1987158060073853,0,0
28,83,1.2972933053970337,0.8401458263397217,0.7944230437278748,0.7944121360778809,0.5718027949333191,1.0937880277633667,0.9177334308624268,0.941972792,1.081212878227234,0,0
28,88,0.4000608623027801,0.7309518456459045,0.7339839339256287,0.5261690020561218,0.069628112,0.6844834685325623,0.6304973363876343,0.4465878903865814,0.8451502919197083,0,0
28,89,0.6554548144340515,0.7426648736000061,0.7045435905456543,0.4697466194629669,0.1035418137907981,0.6613261699676514,0.6331836581230164,0.492193729,0.8736355900764465,0,0
28,92,0.7269651293754578,0.8679645657539368,0.6884804368019104,0.4590119123458862,0.032221992,0.6306659579277039,0.7034609913825989,0.7251577377319336,0.90063715,0,0
28,93,0.5415406227111816,0.8349214196205139,0.6470043063163757,0.4739942550659179,0.084866069,0.6272414326667786,0.647464931,0.7829896807670593,0.8739256262779236,0,0
28,94,0.8790619969367981,0.730246365,0.6818596720695496,0.4875682294368744,0.1361931413412094,0.6866883635520935,0.6674417853355408,0.8546244502067566,0.9407339096069336,0,0
28,95,1.0745102167129517,0.7146444916725159,0.6502711176872253,0.4412702620029449,0.1017427146434784,0.5816922187805176,0.6215304732322693,0.7651792168617249,0.83501029,0,0
28,96,1.0374146699905396,0.6825835704803467,0.646723747,0.4186038672924042,0.018587813,0.4564646780490875,0.5052023530006409,0.6220812797546387,0.6364578604698181,0,0
28,97,1.0067992210388184,0.6172230243682861,0.5785868763923645,0.4604777097702026,-0.010138706,0.4312658607959747,0.447488785,0.626373827,0.717372715,0,0
29,-118,1.3026024103164673,1.5676013231277466,1.572834610939026,1.5035171508789062,1.4865187406539917,1.5709638595581057,1.8881268501281736,1.7807302474975586,1.6769880056381226,0,0
29,-115,0.6894828677177429,1.1647449731826782,1.1428275108337402,1.3759784698486328,1.5985536575317385,1.4433554410934448,1.6269397735595703,1.2217596769332886,1.0023126602172852,0,0
29,-114,0.5989905595779419,0.9804440140724182,0.8564960360527039,0.9281675219535828,0.9219635128974916,0.8271682262420654,1.1360543966293335,0.6514754891395569,0.3662556707859039,0,0
29,-113,0.4612990319728851,0.7819981575012207,0.6004338264465332,0.6868377327919006,0.5988453030586243,0.5675488114356995,0.8718714714050293,0.472034603,0.2973989248275757,0,0
29,-112,0.4610986709594726,0.7927559018135071,0.4929013550281524,0.5002496838569641,0.3114418685436249,0.2908783853054046,0.5094496607780457,0.1087441444396972,-0.096426047,0,0
29,-111,0.3715673983097076,0.750168502,0.4096662998199463,0.3755843639373779,0.054440498,0.008702154,0.06757129,-0.34861204,-0.567110121,0,0
29,-110,0.2880933582782745,0.7082564830780029,0.5989131331443787,0.4468365907669067,0.015078385,-0.122854196,-0.135500818,-0.656599045,-0.866545677,0,0
29,-109,0.1434623152017593,0.5881515145301819,0.533224881,0.3719706237316131,0.066450022,-0.076376788,-0.248529136,-0.803600967,-1.000871658,0,0
29,-108,0.1445593833923339,0.5552318692207336,0.5039213299751282,0.349144846,0.124956839,0.025502579,-0.291079849,-0.834858179,-0.974462986,0,0
29,-107,0.124763012,0.6517927050590515,0.6853533387184143,0.4852060377597809,0.1861264854669571,0.029642204,-0.351964802,-0.832203209,-0.84222126,0,0
29,-106,-0.0375452,0.6564638018608093,0.8193776607513428,0.6100600361824036,0.2657729685306549,0.052751508,-0.31228438,-0.68526572,-0.587393165,0,0
29,-105,-0.136218295,0.6813220381736755,0.9290314316749572,0.6870376467704773,0.2783832550048828,-0.015843838,-0.343378216,-0.647354066,-0.544061959,0,0
29,-104,-0.105975367,0.6500527262687683,0.9362821578979492,0.6908528208732605,0.2613867819309234,-0.076659501,-0.413605601,-0.644596517,-0.579400778,0,0
29,-103,-0.009872213,0.6321913599967957,0.8917576670646667,0.753536046,0.312344342,-0.082462698,-0.418980032,-0.598376215,-0.564812481,0,0
29,-102,-0.217016205,0.5691205859184265,0.8467178344726562,0.8409444689750671,0.3298426270484924,-0.097669981,-0.392790049,-0.486230135,-0.494645864,0,0
29,-101,-0.238974974,0.4739803969860077,0.7519736289978027,0.834005594,0.3156333267688751,-0.111981899,-0.381890386,-0.338139057,-0.413698167,0,0
29,-100,-0.014056329,0.5555701851844788,0.754120409,0.8096789717674255,0.3086329400539398,-0.081903204,-0.429077387,-0.387171656,-0.544012606,0,0
29,25,1.1061512231826782,1.0946794748306274,1.1655158996582031,1.3992902040481567,1.0026625394821167,0.6919479370117188,0.7228984236717224,0.8724191188812256,1.3823399543762207,0,0
29,26,1.1227346658706665,1.1214700937271118,1.1837443113327026,1.399086356163025,1.0451146364212036,0.6965768933296204,0.7366342544555664,0.8898290991783142,1.3855451345443726,0,0
29,27,1.1070832014083862,1.1154074668884275,1.1589241027832031,1.3778715133666992,1.0577272176742554,0.6587192416191101,0.7038299441337585,0.879823625,1.3608002662658691,0,0
29,29,1.0377565622329712,1.0902436971664429,1.0890387296676636,1.333057165145874,1.001997947692871,0.5699130892753601,0.6523640751838684,0.8470245003700256,1.358460545539856,0,0
29,30,1.0313698053359983,1.1040481328964231,1.0615912675857544,1.320915460586548,1.0073407888412476,0.554264486,0.672258198,0.8520552515983582,1.374675750732422,0,0
29,31,0.9424181580543518,1.0878942012786863,1.0287840366363523,1.3252497911453247,0.9648681282997132,0.4772429168224334,0.6362517476081848,0.8695753216743469,1.4543715715408323,0,0
29,32,0.7276577949523926,0.9615983963012696,0.8825123906135559,1.2078996896743774,0.893038273,0.4070956408977508,0.592799723,0.837268054,1.4522579908370972,0,0
29,33,0.5185579061508179,0.8256409764289856,0.7525992393493652,1.0641978979110718,0.8309058547019958,0.3738496303558349,0.5340611338615417,0.7939347624778748,1.384260177612305,0,0
29,34,0.5082683563232422,0.9193790555000304,0.7287890315055847,0.9931881427764891,0.7062187194824219,0.3382958471775055,0.6025357246398926,0.9401578307151794,1.5131407976150513,0,0
29,35,0.2346044778823852,0.785650909,0.649109423,0.9356834888458252,0.643793523,0.3585053980350494,0.5870888829231262,0.9303736686706544,1.5224326848983765,0,0
29,72,0.7924172282218933,1.0336014032363892,1.4142435789108276,1.398787021636963,1.5315608978271484,2.1182968616485596,1.3027701377868652,1.2152866125106812,1.4964603185653689,0,0
29,73,0.8669384121894836,1.085267424583435,1.5659111738204956,1.5511382818222046,1.5837541818618774,2.1743998527526855,1.348501205444336,1.2706081867218018,1.4839786291122437,0,0
29,74,0.895280659,1.1236037015914917,1.6961029767990112,1.6473227739334106,1.5909329652786257,2.120737075805664,1.338878154754639,1.287045955657959,1.431073784828186,0,0
29,75,0.8826465606689453,1.1299030780792236,1.8119593858718872,1.6845308542251587,1.6064385175704956,2.0637807846069336,1.313189148902893,1.238613486289978,1.2798423767089844,0,0
29,76,0.9861122965812684,1.2103608846664429,1.886000633239746,1.7512999773025513,1.737229824066162,2.1123011112213135,1.3532047271728516,1.2400728464126587,1.2628268003463743,0,0
29,77,1.125601291656494,1.2506325244903564,1.816274046897888,1.6813654899597168,1.7033852338790894,2.104933023452759,1.4045695066452026,1.268567442893982,1.2917360067367554,0,0
29,78,1.2733534574508667,1.2044609785079956,1.6513161659240725,1.5538064241409302,1.5694493055343628,1.9615081548690796,1.3807668685913086,1.2509984970092771,1.2868894338607788,0,0
29,79,1.4708040952682495,1.1439381837844849,1.3695217370986938,1.3551486730575562,1.3075460195541382,1.7454105615615845,1.3002889156341553,1.2224721908569336,1.3040518760681152,0,0
29,80,1.5079693794250488,1.038735270500183,1.099928855895996,1.1271144151687622,0.9920656085014344,1.4429782629013062,1.102718472480774,1.110422968864441,1.2172116041183472,0,0
29,81,1.139959454536438,0.9201664924621582,0.8854210376739502,0.9122204780578612,0.8111706376075745,1.2904990911483765,1.0174837112426758,0.9818757176399232,1.202790141105652,0,0
29,93,0.6478500962257385,0.5434272885322571,0.5707178711891174,0.4239503145217895,-0.20137994,0.423452228,0.6047835946083069,0.6086942553520203,0.7673144340515137,0,0
29,94,0.7095052599906921,0.6675933003425598,0.6878595948219299,0.5633979439735413,0.049737711,0.5124720931053162,0.5553008317947388,0.834522009,0.9608762860298156,0,0
29,95,0.8923223614692688,0.7792723774909973,0.7680719494819641,0.6096654534339905,0.1760134249925613,0.6103330254554749,0.6154311299324036,0.9576094150543212,1.0859755277633667,0,0
29,96,0.8617680072784424,0.9962804913520812,0.7282130122184753,0.5377305150032043,-0.008184277,0.377752811,0.4907395541667938,0.6878157258033752,0.7646760940551758,0,0
29,97,0.9231566786766052,0.9694350361824036,0.6780253052711487,0.5089734196662903,-0.064247124,0.2683108747005462,0.4252665936946869,0.6529138684272766,0.7500186562538147,0,0
30,-116,1.013778805732727,1.1951370239257812,1.2049163579940796,1.5218204259872437,1.7678192853927612,1.6839133501052856,1.9109896421432495,1.5251084566116333,1.2962478399276731,0,0
30,-115,0.8620493412017822,1.022737741470337,0.8685481548309326,0.9023354649543762,0.950837791,0.7089691758155823,1.0761003494262695,0.5848143100738525,0.311185747,0,0
30,-114,0.7408472895622253,0.9247553944587708,0.65145582,0.7323186993598938,0.7482550144195557,0.6542981266975403,1.0220273733139038,0.639139712,0.4530155658721924,0,0
30,-113,0.4538536965847015,0.7634312510490417,0.4890675246715545,0.6134792566299438,0.5589527487754822,0.4526338577270508,0.7680793404579163,0.4308975636959076,0.2597052156925201,0,0
30,-112,0.4534418880939483,0.8301102519035339,0.4580695927143097,0.4180933237075805,0.2482351660728454,0.145274132,0.3466454446315765,-0.101565361,-0.342904806,0,0
30,-111,0.3155858218669891,0.7402858734130859,0.3853135108947754,0.2276181131601333,-0.035432976,-0.124225818,0.006981059,-0.480676025,-0.696589768,0,0
30,-110,0.2107120007276535,0.7247721552848816,0.5450783967971802,0.3298106491565704,-0.019917453,-0.184683681,-0.124789916,-0.647554517,-0.831006587,0,0
30,-109,0.321809858,0.7900850176811218,0.599141538,0.4527139663696289,0.1176670417189598,-0.100539349,-0.200284645,-0.735973835,-0.858354867,0,0
30,-108,0.3126414716243744,0.7494789958000183,0.6704757213592529,0.5175341367721558,0.1621677428483963,-0.060627997,-0.244985327,-0.7868945,-0.826672971,0,0
30,-107,0.221353218,0.68490839,0.6926489472389221,0.4592553079128265,0.1077995896339416,-0.061572637,-0.257887244,-0.760918081,-0.740460873,0,0
30,-106,-0.007069081,0.660563588,0.8400295376777649,0.5705845952033997,0.1511400938034057,-0.05257212,-0.21786283,-0.629932106,-0.546735525,0,0
30,-105,-0.192853078,0.6432780623435974,0.910954773,0.6070671081542969,0.092137702,-0.133712456,-0.273424715,-0.603669465,-0.526603878,0,0
30,-104,-0.138614848,0.6146356463432312,0.947301149,0.659751296,0.1087881699204444,-0.163892016,-0.352675647,-0.61978519,-0.575446665,0,0
30,-103,-0.109301753,0.592924953,0.9103023409843444,0.7185724377632141,0.1692269444465637,-0.159147903,-0.35432443,-0.525672317,-0.540981233,0,0
30,-102,-0.225507632,0.5108779072761536,0.8299716114997864,0.7763333916664124,0.2088106125593185,-0.145048425,-0.316625923,-0.3886365,-0.478101254,0,0
30,-101,-0.233516455,0.3962589800357818,0.7278544306755066,0.7437136173248291,0.1879028677940368,-0.151591808,-0.340317726,-0.38684693,-0.520419896,0,0
30,25,1.1195969581604004,1.0957720279693604,1.1556665897369385,1.298868179321289,0.9169899821281432,0.675537109,0.7484822273254395,0.8895600438117981,1.3631467819213867,0,0
30,30,0.9454331398010254,1.0518763065338137,0.9863596558570862,1.1944655179977417,0.8986673355102539,0.4994343519210815,0.6252567768096924,0.7819335460662842,1.2484804391860962,0,0
30,31,0.966591179,1.1007896661758425,1.0071773529052734,1.2133604288101196,0.9043209552764891,0.4861458837985992,0.661585808,0.8524380326271057,1.3806031942367554,0,0
30,32,0.8530649542808533,0.9495800137519836,0.8804993033409119,1.1142109632492063,0.8842448592185974,0.4383454620838165,0.615907609,0.7780988216400146,1.312377691268921,0,0
30,33,0.7520167231559753,0.8908154368400574,0.7927756309509277,1.0656136274337769,0.8968659043312073,0.4147799909114837,0.6113764643669128,0.8222045302391052,1.381601333618164,0,0
30,34,0.6335050463676453,0.8360815644264221,0.7220351696014404,1.0000152587890625,0.8594119548797607,0.3837461471557617,0.6108621954917908,0.8616857528686523,1.4373244047164917,0,0
30,35,0.4137752950191498,0.7890803813934326,0.662571907,0.9598112106323242,0.7681221961975098,0.3360856473445892,0.6004077792167664,0.9059083461761476,1.5133610963821411,0,0
30,73,0.7851133346557617,1.1887965202331543,1.6622604131698608,1.5285720825195312,1.5476807355880735,2.118915319442749,1.3054298162460327,1.2392544746398926,1.4207264184951782,0,0
30,74,0.8553597331047058,1.2291641235351562,1.7664170265197754,1.5924177169799805,1.496295928955078,2.013061523,1.2419437170028689,1.195287585258484,1.3230818510055542,0,0
30,75,0.8983386158943176,1.2366076707839966,1.890990614891052,1.6415151357650757,1.589613914489746,1.9966357946395872,1.250438213348389,1.2070980072021484,1.2575606107711792,0,0
30,76,0.92768532,1.226496934890747,1.8556936979293823,1.5854169130325315,1.582505702972412,2.0018906593322754,1.2836557626724243,1.203600287437439,1.2419224977493286,0,0
30,77,1.0570656061172483,1.2204397916793823,1.7084256410598757,1.498311161994934,1.461066722869873,1.858230710029602,1.2580894231796265,1.1759169101715088,1.2765125036239624,0,0
30,78,1.190253496170044,1.1671913862228394,1.4451680183410645,1.3259410858154297,1.2337578535079956,1.5491361618041992,1.1603059768676758,1.1243997812271118,1.3144302368164062,0,0
30,79,0.7237308025360107,0.9849340915679932,1.0535129308700562,0.939577818,0.8387247920036316,1.1244357824325562,0.8943908214569092,0.8941758275032043,1.1702537536621094,0,0
30,80,0.4694348275661468,0.8438653349876404,0.7974691987037659,0.5758025050163269,0.580690324,0.7696218490600586,0.7131729125976562,0.8000968098640442,1.1238365173339844,0,0
30,81,0.4266248643398285,0.8189681172370911,0.7626281380653381,0.4064271152019501,0.4910981953144073,0.6686049103736877,0.5886192917823792,0.6317152380943298,1.0885854959487915,0,0
31,-117,1.0763214826583862,1.2958590984344482,1.209731936454773,1.3854838609695437,1.5557960271835327,1.5540035963058472,1.875380039215088,1.6121149063110352,1.4207210540771484,0,0
31,-116,0.9493353962898254,1.1059147119522097,1.0017120838165283,1.136350154876709,1.1819276809692385,0.920774221,1.250363826751709,0.8328073024749756,0.5929474234580994,0,0
31,-115,0.7795609831809998,1.0005279779434204,0.7760917544364929,0.799046516,0.7595310807228088,0.4913694858551025,0.8950349688529968,0.4228965938091278,0.164340541,0,0
31,-114,0.6741101741790771,0.9522972106933594,0.6056758761405945,0.6795554161071777,0.778701127,0.6135005354881287,0.9710858464241028,0.6606659293174744,0.5135619640350342,0,0
31,-113,0.5210887789726257,0.8737043738365173,0.569614828,0.5940821766853333,0.5615686774253845,0.3528378009796142,0.6604278087615967,0.3144224286079407,0.080812633,0,0
31,-112,0.4979285299777984,0.8629086017608643,0.5002307891845703,0.4145850837230682,0.254986972,0.059191566,0.2686232030391693,-0.163049579,-0.401268572,0,0
31,-111,0.4452932178974151,0.7720261216163635,0.4717724323272705,0.2761230766773224,0.055317681,-0.104673766,0.081485026,-0.415215164,-0.585598409,0,0
31,-110,0.3266831338405609,0.7491922378540039,0.4757410585880279,0.2716463208198547,-0.019114723,-0.165741637,-0.042452559,-0.543068409,-0.615802169,0,0
31,-109,0.3062681257724762,0.7320411801338196,0.4977091550827026,0.3476941883563995,0.015418649,-0.137015387,-0.089452624,-0.587021053,-0.653972805,0,0
31,-108,0.329525739,0.7435836791992188,0.6028106808662415,0.4352473020553589,0.045088422,-0.110581964,-0.077774234,-0.576967299,-0.615164518,0,0
31,-107,0.2608524262905121,0.6992723941802979,0.6993234753608704,0.4921238720417022,0.079027772,-0.056927204,-0.089150675,-0.551962197,-0.576207101,0,0
31,-106,0.1288500726222992,0.6848505139350891,0.8571710586547852,0.5497867465019226,0.1138699129223823,-0.070544861,-0.140575513,-0.540414393,-0.552268207,0,0
31,-105,-0.089235403,0.6785106062889099,0.9455551505088806,0.575105608,0.016623726,-0.189998031,-0.255867273,-0.564327061,-0.610052764,0,0
31,25,0.9500954151153564,0.9010279774665833,0.8474793434143066,1.030630350112915,0.7522006630897522,0.572969377,0.669429362,0.8324519991874695,1.2504936456680298,0,0
31,26,0.8768360614776611,0.8380438685417175,0.7312617897987366,0.959755838,0.7401349544525146,0.5355490446090698,0.6165573596954346,0.7888866066932678,1.1766127347946167,0,0
31,27,0.7761191725730896,0.8319509029388428,0.7065786719322205,0.9531274437904358,0.745906651,0.5058543086051941,0.5858562588691711,0.7499566078186035,1.1040747165679932,0,0
31,28,0.7215490937232971,0.8097565770149231,0.7237899303436279,0.9251850247383118,0.731003463,0.4525853097438812,0.5192394852638245,0.6818380355834961,1.0153547525405884,0,0
31,29,0.6716106534004211,0.7647412419319153,0.7408664226531982,0.8924575448036194,0.7136220335960388,0.4144200980663299,0.4742973744869232,0.6273603439331055,0.9419459700584412,0,0
31,30,0.6570306420326233,0.7991493344306946,0.7710275053977966,0.929982364,0.7042238116264343,0.3818531334400177,0.4849208295345306,0.6471278071403503,1.0065200328826904,0,0
31,31,0.6076896786689758,0.794557512,0.7360336184501648,0.8814236521720886,0.6572871804237366,0.3201391398906708,0.4916132688522339,0.6836031079292297,1.0568147897720337,0,0
31,32,0.550925076,0.6969335079193115,0.6622305512428284,0.7893028259277344,0.6298794746398926,0.2752549648284912,0.4452159404754638,0.6325710415840149,0.9845247268676758,0,0
31,33,0.4279671609401703,0.60224396,0.5620878338813782,0.7085296511650085,0.6665113568305969,0.2848388254642486,0.445799321,0.627197266,0.9860547184944152,0,0
31,34,0.4611159265041351,0.70744735,0.6493061184883118,0.8166818618774414,0.7836311459541321,0.3722174167633056,0.5857076048851013,0.7888767719268799,1.1806150674819946,0,0
31,35,0.3770640790462494,0.7473899722099304,0.6925438046455383,0.9200217127799988,0.8045640587806702,0.3394555747509002,0.5943071842193604,0.8462758660316467,1.3715333938598633,0,0
31,74,0.7098237872123718,1.3175863027572632,1.8326095342636108,1.4972387552261353,1.3962520360946655,1.906868339,1.2044492959976196,1.1809234619140625,1.340264916419983,0,0
31,75,0.7512412071228027,1.2713910341262815,1.820465087890625,1.465023636817932,1.4460992813110352,1.9011746644973757,1.2379634380340576,1.2011696100234983,1.306637406349182,0,0
31,76,0.9049177169799804,1.199747920036316,1.7034591436386108,1.4424309730529783,1.3566099405288696,1.7501295804977417,1.1657577753067017,1.1731873750686646,1.3128336668014526,0,0
31,77,0.9135660529136658,1.1820087432861328,1.495113730430603,1.319532036781311,1.1272220611572266,1.369180679321289,1.0265918970108032,1.041383147239685,1.2896829843521118,0,0
31,78,0.5433443188667297,0.8954165577888489,1.052533507347107,0.8465577960014343,0.78186512,0.917168915,0.8384682536125183,0.8618342280387878,1.2430638074874878,0,0
31,79,-0.288965434,0.6650349497795105,0.6947324872016907,0.3551401197910309,0.4748286306858063,0.5398549437522888,0.652944028,0.825263262,1.3547672033309937,0,0
31,80,-0.501784623,0.6730697154998779,0.6818933486938477,0.1430361121892929,0.5741461515426636,0.3560639321804046,0.5228914618492126,0.6942573189735413,1.300848364830017,0,0
32,-117,0.9906684756278992,1.2171497344970703,1.0932365655899048,1.2734588384628296,1.365664839744568,1.1754281520843506,1.5148910284042358,1.2166509628295898,1.029887557029724,0,0
32,-116,0.8317475914955139,1.0617793798446655,0.9077355861663818,0.9652819633483888,0.8889619708061218,0.4705341756343841,0.8647900223731995,0.3879214227199554,0.1941535621881485,0,0
32,-115,0.798199475,1.0357434749603271,0.7908596396446228,0.8807902336120605,0.7314901947975159,0.4050807058811188,0.8139009475708008,0.3625646531581878,0.088055275,0,0
32,-114,0.7375351786613464,0.9819371104240416,0.7103952765464783,0.7331904768943787,0.6614362597465515,0.3479849994182586,0.6725865006446838,0.260608047,0.00168558,0,0
32,-113,0.671917737,0.9473920464515686,0.6915754675865173,0.6072746515274048,0.5097072720527649,0.2291502505540847,0.4841021597385406,0.1158722564578056,-0.144312814,0,0
32,-112,0.613608181,0.918230116,0.6088228225708008,0.4573179483413696,0.3108004033565521,0.069051839,0.2940622270107269,-0.075927861,-0.319532573,0,0
32,-108,0.3712206780910492,0.7874584794044495,0.6200324892997742,0.4398504197597503,0.033773433,-0.092389047,0.007225199,-0.348223448,-0.465411663,0,0
32,-107,0.2584305107593536,0.7604710459709167,0.6959052681922913,0.494188517,0.050724108,-0.066895187,-0.077857479,-0.383037239,-0.565066636,0,0
32,-106,0.06428466,0.710274875,0.8146281242370605,0.5308278799057007,0.078352958,-0.093506575,-0.127860188,-0.3996813,-0.579424322,0,0
32,25,0.6920878887176514,0.5678654313087463,0.3169625103473663,0.5507333874702454,0.523730457,0.4247111976146698,0.5356818437576294,0.7267303466796875,1.0174624919891355,0,0
32,26,0.6675279140472412,0.5252995491027832,0.2344913333654403,0.5028101801872253,0.4938357174396515,0.370505542,0.4340115785598755,0.6408705711364746,0.9141492247581482,0,0
32,31,0.3464737832546234,0.5258625149726868,0.5416460037231445,0.5724954605102539,0.4851662814617157,0.2478473633527755,0.3290771842002868,0.5185691714286804,0.7691402435302734,0,0
32,32,0.2374442964792251,0.482560247,0.5294217467308044,0.5380809903144836,0.4712916910648346,0.2181020528078079,0.3049230277538299,0.5175102353096008,0.7744871973991394,0,0
32,75,0.6941657662391663,1.3449492454528809,1.8279051780700684,1.494019627571106,1.3191207647323608,1.620606780052185,1.114407658576965,1.1464122533798218,1.3485647439956665,0,0
32,76,0.5879418253898621,1.1784127950668335,1.6608484983444214,1.3153001070022583,1.082497239112854,1.2356337308883667,0.8674843907356262,0.9540531039237976,1.3056719303131104,0,0
32,77,0.5888813734054565,0.931874454,1.0354938507080078,0.7455072999000549,0.8049013614654541,0.827829897,0.7312305569648743,0.9116242527961732,1.3625339269638062,0,0
32,78,0.047082674,0.5574807524681091,0.7179136276245117,0.3209737539291382,0.5997555255889893,0.575874388,0.7693920135498047,1.0270278453826904,1.4949184656143188,0,0
32,79,-0.202264056,0.6078206896781921,0.6313202381134033,0.1771460175514221,0.6691998839378357,0.4245491325855255,0.6161425709724426,0.7809650301933289,1.341058611869812,0,0
33,-117,0.8019519448280334,1.0958491563796997,0.9615649580955504,1.125459909439087,1.048488974571228,0.7089117169380188,1.138670563697815,0.7184724807739258,0.5697158575057983,0,0
33,-116,0.7873937487602234,1.0068358182907104,0.8684916496276855,0.9513535499572754,0.7725937962532043,0.3437487185001373,0.8282652497291565,0.3231250345706939,0.1194605007767677,0,0
33,-115,0.7966687083244324,1.0524097681045532,0.8735673427581787,0.9422361850738524,0.7305119633674622,0.3296165466308594,0.7398599982261658,0.2728052139282226,0.020845434,0,0
33,74,0.7103932499885559,1.512920379638672,1.9799394607543943,1.5368094444274902,1.280062913894653,1.469018578529358,0.9640300273895264,1.066329836845398,1.3974217176437378,0,0
33,75,0.5804863572120667,1.238477588,1.555348515510559,1.3263808488845823,1.119522213935852,1.2044613361358645,0.7709083557128906,1.0002182722091677,1.411705493927002,0,0
33,76,0.3124864101409912,0.8244068026542664,0.8495776057243347,0.6338218450546265,0.7348153591156006,0.7253629565238953,0.5246934294700623,0.7509779334068298,1.3358627557754517,0,0
33,77,0.1210701242089271,0.3927651345729828,0.634647548,0.2947696149349212,0.7835385203361511,0.7000930309295654,0.8327669501304626,1.0997806787490845,1.5799674987792969,0,0
33,78,-0.241275191,0.7415902614593506,0.5936147570610046,0.1661312133073806,0.7968629002571106,0.566801131,0.6986508369445801,0.9815979599952698,1.5538800954818726,0,0
33,79,-0.228587091,0.7703319191932678,0.6419310569763184,0.1831757873296737,0.8833611607551575,0.8046688437461853,0.5736029148101807,0.5523793697357178,1.2384980916976929,0,0
34,74,0.5932462811470032,1.278227686882019,1.4326987266540527,1.1429381370544434,1.015278697013855,1.047507643699646,0.6715774536132812,0.943780243,1.3607319593429563,0,0
34,75,0.2323255985975265,0.8989241719245911,0.9055020809173584,0.6908139586448669,0.8216930031776428,0.9406757354736328,0.6238011717796326,0.872500479,1.3817548751831057,0,0
34,76,-0.021008139,0.3759965598583221,0.4294605255126953,0.3475407660007477,0.9114888310432434,0.8635722994804382,0.7954995632171631,1.1248401403427124,1.5398755073547363,0,0
34,77,-0.131015837,0.5226526856422424,0.6368785500526428,0.2832816243171692,1.035769820213318,0.7917702794075012,0.6440990567207336,0.8756343722343445,1.4547075033187866,0,0
34,78,-0.158574998,0.6322603821754456,0.6816956996917725,0.2947356700897217,1.1506386995315552,0.8230262398719788,0.6369784474372864,0.8257858157157898,1.4644376039505005,0,0
34,79,-0.033370424,0.7260303497314453,0.6342601776123047,0.2272224426269531,1.047811508178711,0.94912082,0.6805596947669983,0.6385156512260437,1.3275431394577026,0,0
35,74,0.8841826915740967,1.2571719884872437,0.900727928,0.602615476,0.9907800555229188,0.956796944,0.7657344937324524,1.1282726526260376,1.4950871467590332,0,0
35,75,0.1313293725252151,0.8325207829475403,0.6199902892112732,0.4013514220714569,1.148214340209961,1.2299485206604004,0.9511703848838806,1.1656888723373413,1.460510254,0,0
35,76,0.07896433,0.5770413875579834,0.7970049977302551,0.3226315081119537,1.2627540826797483,1.2428354024887085,0.9540141224861144,1.2110518217086792,1.5257123708724976,0,0
35,77,0.2879756987094879,0.7945230007171631,1.0227398872375488,0.4070160388946533,1.3594990968704224,1.2282716035842896,0.8820295333862305,1.1844934225082395,1.5607749223709106,0,0
35,78,0.23878552,0.796696663,0.8640063405036926,0.4585213363170624,1.3880729675292969,1.1813162565231323,0.7338655591011047,0.9483720660209656,1.5329090356826782,0,0
35,79,0.1690893173217773,0.6794171333312988,0.6715319752693176,0.347678542,1.104945182800293,0.9909391403198242,0.5854053497314453,0.5516616702079773,1.339747428894043,0,0