lat,lon,6,7,8,9,10,11,12,1,2,3,4
-56,-68,-16.28269005,-5.191436291,-5.133333206,-10.74483871,-10.77532673,-13.64855671,-13.99385834,-14.52685833,-14.73300362,0,0
-56,-67,-15.77254105,-6.361541271,-4.930232048,-9.587957382,-9.49813652,-12.16352844,-12.59581089,-11.8073082,-11.77872944,0,0
-55,-72,-8.400551796,-2.35086298,-13.87673759,-22.31009674,-26.06825638,-25.65727043,-20.59917259,-25.40983582,-24.25009727,0,0
-55,-71,-14.84521961,-4.596806526,-12.44585228,-20.13666916,-23.24396706,-23.95562363,-20.84512901,-26.1140213,-25.45441246,0,0
-55,-70,-22.03086853,-7.575648308,-12.89779663,-18.32945442,-20.17169762,-23.80386925,-19.6934166,-21.78152466,-23.7600975,0,0
-55,-69,-17.93989754,-4.951956272,-7.280040741,-12.24230289,-12.15476322,-14.5445137,-13.03057575,-12.24421978,-16.43605995,0,0
-55,-68,-14.38058567,-3.630249977,-2.727832317,-5.66585207,-5.561227322,-7.09637022,-8.923347473,-5.990239143,-10.10508156,0,0
-55,-67,-13.0057888,-3.759032726,-2.115779877,-2.96099782,-2.464322329,-5.650452614,-7.472167492,-5.439859867,-6.851883411,0,0
-54,-74,1.9082133769989016,-2.138525724,-17.34974289,-27.87322044,-34.52188873,-31.97596931,-19.96576881,-31.75936317,-29.86933136,0,0
-54,-73,-7.095614433,-4.052571297,-18.16234589,-27.51981163,-32.47419357,-31.421772,-18.65370369,-31.92750359,-31.52248383,0,0
-54,-72,-16.04682159,-6.272366524,-17.21849442,-24.68558693,-27.42226601,-28.27952003,-21.11729622,-30.07840347,-30.04167747,0,0
-54,-71,-16.17876244,-4.576076508,-11.58948708,-18.91394615,-21.47507286,-20.74818993,-19.34631538,-24.28995132,-25.42111969,0,0
-54,-70,-11.69532585,-2.210103035,-7.687815666,-13.62456226,-17.06800652,-16.0626297,-16.02400398,-18.05081558,-21.5338192,0,0
-54,-69,-7.80968523,0.1777760684490203,-4.546326637,-8.898159027,-12.01658344,-12.25837898,-12.38434887,-11.35206795,-14.9754343,0,0
-53,-74,-2.087000132,-2.388553858,-21.3163681,-32.01216125,-40.75893784,-39.75989914,-20.60640717,-40.02001572,-39.20994186,0,0
-53,-73,-12.09768391,-4.951202869,-23.03547096,-30.37203407,-35.53258896,-36.9405365,-22.52993393,-37.79681396,-36.57870865,0,0
-53,-72,-12.43292427,-1.670981884,-13.2882452,-18.75510979,-19.76098824,-21.53794289,-16.75840569,-24.58384895,-24.4859333,0,0
-53,-71,-9.114372253,0.984002173,-5.920993805,-9.315276146,-8.685420036,-10.07315826,-10.22120857,-10.97913265,-13.17904949,0,0
-53,-70,-5.607978821,2.7940170764923096,-2.885597467,-5.247535706,-5.477856636,-7.529469013,-7.760393143,-5.033984184,-8.976904869,0,0
-53,-69,-3.214942217,2.9792356491088867,-0.846378148,-2.372769594,-3.815764666,-6.364583969,-6.167414665,-3.157315254,-6.903784275,0,0
-52,-75,2.997933149337769,-0.743970037,-19.13653374,-33.5032959,-41.66240311,-39.24509811,-19.49505615,-43.05984116,-42.09279251,0,0
-52,-74,-10.00749302,-4.900897503,-25.06027603,-35.07303238,-42.9094429,-44.29281998,-24.96496391,-46.56814194,-42.66179657,0,0
-52,-73,-14.27725887,-3.161407709,-18.30871964,-23.06819534,-25.98520088,-29.99755478,-20.68486595,-33.19868088,-29.91308594,0,0
-52,-72,-10.73163891,0.4580890536308288,-7.73864603,-9.284524918,-8.069754601,-12.81706619,-13.15626526,-15.91879463,-14.83296204,0,0
-52,-71,-6.61947298,3.3757715225219727,-3.046584129,-2.455417633,-0.334769726,-5.717984676,-8.164923668,-4.28614521,-6.659597397,0,0
-52,-70,-2.847347975,4.666846275,-0.385972083,-0.291652918,1.8086832761764529,-3.177021503,-5.846579075,0.4119755327701568,-3.535125256,0,0
-52,-69,-3.001757622,3.0244648456573486,0.2104802429676056,0.5194653868675232,1.738343596458435,-2.350130081,-4.032124996,0.8648874759674072,-4.594134331,0,0
-52,-68,-5.263498783,0.9045512676239014,0.006792658,0.092242323,1.549615740776062,-2.203513384,-3.437102318,-0.092149265,-5.420247078,0,0
-51,-75,-3.901311159,-3.984743834,-23.88735962,-39.95809174,-50.37896729,-48.31270599,-28.39396477,-54.26854706,-49.09805298,0,0
-51,-74,-25.24033737,-10.79914665,-33.18927765,-45.82256699,-55.22687531,-58.3950882,-36.14228821,-57.93344498,-51.82207489,0,0
-51,-73,-20.76611519,-7.064932346,-16.38839531,-23.58376884,-26.17965889,-30.43759155,-21.79577446,-31.99178886,-28.0606041,0,0
-51,-72,-11.04448509,-0.074741878,-2.886107206,-5.915006161,-2.840237379,-7.041948318,-10.08556557,-9.465514183,-8.876870155,0,0
-50,-75,-2.463417053,-4.257193089,-27.58148193,-47.9577446,-64.7997818,-57.78853226,-30.42410088,-67.32883453,-57.05326843,0,0
-50,-74,-28.14916611,-15.49708366,-41.97053528,-57.79779816,-78.88169098,-78.63056946,-48.33638763,-78.86392975,-65.76229095,0,0
-50,-73,-21.04893112,-3.590621948,-10.10554886,-22.98089027,-27.14817047,-31.42271996,-23.04648018,-35.79922867,-28.77701759,0,0
-49,-76,11.109006881713867,-4.299434185,-19.50520515,-35.01303101,-50.81692123,-43.75305939,-21.647789,-50.31544876,-35.15590286,0,0
-49,-75,-0.58570075,-4.42124033,-30.05394363,-50.65433502,-71.83904266,-60.50778198,-31.78253174,-72.20184326,-56.66093445,0,0
-49,-74,-24.95879173,-10.23647499,-36.24475479,-56.05983734,-81.94616699,-76.26840973,-43.77115631,-81.38050842,-63.19515991,0,0
-49,-73,-23.39746475,-1.999753833,-15.2774353,-30.12230873,-41.14689636,-44.00474548,-27.49348831,-48.19200134,-35.84631348,0,0
-48,-76,7.504318237304688,-4.196657181,-16.49887085,-29.40534782,-43.67351532,-38.09580994,-17.60225677,-44.46733093,-29.32386208,0,0
-48,-75,-1.999398232,1.487955093383789,-20.85502052,-41.1452446,-62.95587921,-55.5334816,-23.15528679,-68.7620163,-47.55237579,0,0
-48,-74,-26.49864197,-5.047976494,-27.43306732,-49.05847931,-73.85593414,-69.23561096,-32.37431335,-76.32189941,-54.14422226,0,0
-48,-73,-30.82376099,-7.049581528,-18.24488831,-30.20733452,-41.43891907,-47.48861694,-22.70755386,-43.20028305,-32.50854111,0,0
-48,-72,-17.15007782,4.450926780700684,-1.620452523,-9.381216049,-8.576633453,-14.73368168,-5.818105221,-12.76159286,-9.521391869,0,0
-47,-76,-0.629930437,-0.747154474,-10.35415173,-22.12454605,-31.80373573,-31.45325851,-11.71465206,-32.78549194,-20.28681755,0,0
-47,-75,-12.84639359,-0.476534158,-9.213709831,-30.90361214,-45.28422928,-47.74402618,-17.13230324,-49.31695557,-38.90007782,0,0
-47,-74,-37.90871048,-14.1383152,-27.14876175,-44.86494446,-69.29200745,-67.92027283,-27.56335258,-61.49975586,-47.11791611,0,0
-47,-73,-29.42433929,0.3445192873477936,-5.552751064,-23.04565811,-33.13737106,-40.14312363,-18.63211632,-39.70846939,-29.8501606,0,0
-47,-72,-17.35799408,9.353176117,3.920587062835694,-6.556812286,-4.890983582,-10.93405533,-5.051629543,-8.931517601,-5.921755791,0,0
-46,-75,-8.373298645,4.098633289337158,-5.783324242,-19.43692207,-36.3886795,-37.6786499,-15.74232578,-38.91189957,-26.02386856,0,0
-46,-74,-25.19538307,5.888580799102783,-5.373013496,-25.00354576,-43.63792801,-43.95642853,-19.24975395,-47.52769089,-31.87007523,0,0
-46,-73,-38.25260925,-2.843643904,-11.92451763,-26.17750168,-37.80730438,-40.17843246,-18.69609833,-37.81055832,-25.21422005,0,0
-46,-72,-20.78799438,8.004798889160156,5.309110641479492,-6.455928802,-5.071573734,-12.63478947,-4.482526302,-10.13908291,-6.236713409,0,0
-45,-75,-8.59026432,5.749776363372803,-1.884421468,-8.314540863,-19.53499413,-23.65180588,-12.46314812,-24.60483551,-14.80715561,0,0
-45,-74,-28.78481865,6.589299201965332,-8.406900406,-16.35411835,-31.56589699,-36.23940659,-18.70923805,-40.65254211,-21.06343079,0,0
-45,-73,-54.15246582,-3.392768145,-17.80276871,-22.58306885,-34.99398041,-39.38300323,-20.24594688,-43.66366577,-19.5056324,0,0
-45,-72,-37.1684227,2.569627523422241,-2.293836355,-7.94621706,-7.908295631,-18.57203293,-6.795498371,-15.69684124,-7.444062233,0,0
-45,-71,-11.45980167,5.448558330535889,7.531400203704834,2.369795560836792,10.191173553466797,1.2846744060516355,4.730260848999023,6.8103203773498535,4.584112167358398,0,0
-44,-75,-11.56815243,6.3000569343566895,-0.279814541,-0.603858888,-9.325555801,-13.33955288,-9.355464935,-17.4981308,-6.538356781,0,0
-44,-74,-30.83407784,6.798579216003418,-7.98494339,-8.110217094,-19.06815147,-27.52253532,-15.16173363,-31.63944435,-12.82738781,0,0
-44,-73,-66.65216827,-4.856413841,-16.72836113,-16.79356194,-24.03751564,-33.22393417,-20.12173462,-37.30186462,-12.1213932,0,0
-44,-72,-56.1985817,-1.173713923,-3.633721828,-9.027845383,-8.912426949,-19.30025482,-9.65692997,-19.34597969,-9.419220924,0,0
-44,-71,-22.0488224,7.487440586090088,8.193152428,1.5353567600250244,7.384556770324707,0.4701927304267883,4.423958778381348,3.824037790298462,2.081015110015869,0,0
-43,-74,-35.6152153,5.720033168792725,-2.059818983,-5.096597672,-9.425463676,-16.81343651,-10.92705154,-21.82430458,-9.006804466,0,0
-43,-73,-67.00308228,2.017800807952881,-1.376443505,-6.409659386,-10.0987978,-18.50014114,-13.38230801,-23.42023087,-10.46957207,0,0
-43,-72,-65.585495,-3.340335131,-1.740440845,-8.428549767,-5.256219387,-14.26249218,-7.764018536,-15.77102852,-8.702234268,0,0
-42,-74,-33.7628746,12.668445587158203,10.24966526031494,-0.583218932,-1.168197393,-8.787967682,-8.523451805,-15.39446068,-7.019035339,0,0
-42,-73,-56.61696625,7.034198760986328,10.935611724853516,-1.34183085,0.473322719,-8.47724247,-7.868716717,-15.06519794,-9.206449509,0,0
-42,-72,-65.28361511,-4.939029217,7.562774181365967,-3.341114283,3.983602285385132,-4.770287037,-4.540290833,-10.16788006,-4.373315811,0,0
-41,-74,-27.6517334,14.809453010559082,17.102703094482422,1.0224825143814087,2.398874521255493,-4.543888569,-5.376691818,-11.34679222,-5.056999207,0,0
-41,-73,-40.67844772,14.926246643066406,23.724149703979492,5.7234721183776855,7.985229015350342,0.6684477925300598,-3.290058613,-11.20324421,-7.275474548,0,0
-41,-72,-61.47441101,-3.759996176,11.700557708740234,1.5898840427398682,11.19807243347168,1.9730641841888428,-3.571090698,-7.93717289,-2.835259676,0,0
-40,-74,-21.19586945,22.632923126220703,25.198257446289062,10.03128147125244,11.656688690185549,5.658551216125488,-1.457645059,-7.377556324,-2.616376162,0,0
-40,-73,-36.81942368,16.819181442260742,23.37333297729492,10.755343437194824,13.157607078552246,5.2639079093933105,-2.792194366,-11.33112812,-5.46491003,0,0
-40,-72,-57.05905914,4.087905406951904,14.017529487609863,12.122360229492188,19.51163101196289,10.589651107788086,-2.617686033,-6.877173424,-2.201128244,0,0
-39,-74,-18.92188263,24.020185470581055,24.52501106262207,14.477170944213867,15.45970344543457,9.161692619,-0.77546382,-6.28998518,-2.4068501,0,0
-39,-73,-32.55788422,23.787195205688477,23.318872451782227,19.61675071716309,18.761484146118164,10.53550148010254,-1.690301418,-8.905709267,-3.749950171,0,0
-39,-72,-47.18761826,15.39765453338623,15.331345558166504,24.81884766,26.193435668945312,18.086505889892575,-0.137742981,-5.470161438,-2.842164516,0,0
-39,-71,-23.13158226,13.728963851928713,17.166101455688477,16.472997665405273,19.72774887084961,12.257684707641602,3.988251209259033,4.106847286224365,1.244694471359253,0,0
-38,-74,-15.79084492,30.742494583129883,26.65276336669922,19.96586227416992,18.541162490844727,10.358474731445312,0.3754960298538208,-4.843448162,-1.438088059,0,0
-38,-73,-32.87994003,29.98636245727539,25.67874336242676,24.983367919921875,21.42879867553711,12.864030838012695,-1.453715563,-6.441717148,-3.421246529,0,0
-38,-72,-44.87263107,30.91623878479004,23.367647171020508,36.11371612548828,29.96185874938965,23.486263275146484,1.139220952987671,-4.13186264,-3.218442678,0,0
-38,-71,-33.91957092,14.64828395843506,16.737438201904297,23.414512634277344,23.176679611206055,14.324427604675291,3.6417484283447266,2.948639154434204,-0.238166928,0,0
-37,-74,-11.08970451,33.399452209472656,28.723848342895508,22.836259841918945,18.331336975097656,8.667482376098633,0.9544938206672668,-2.519535303,-0.857993901,0,0
-37,-73,-31.17728615,37.3704834,30.982343673706055,29.08198356628418,20.61893844604492,13.675091743469238,0.1992084383964538,-3.87872529,-1.648757219,0,0
-37,-72,-45.0373764,41.10221099853515,33.281028747558594,44.62114334106445,30.407146453857425,16.663198471069336,0.8664723634719849,-2.599219084,-2.88088274,0,0
-37,-71,-49.28340149,31.96874237060547,28.476036071777344,36.356101989746094,31.823022842407227,15.721787452697754,1.5355724096298218,0.3425033390522003,-1.893589258,0,0
-36,-73,-20.63110542,36.399635314941406,31.077966690063477,26.580055236816406,16.493698120117188,9.204739570617676,1.3293051719665527,-1.947664738,-0.533831418,0,0
-36,-72,-39.51539993,39.29066467285156,35.24053192138672,42.31942367553711,23.946868896484375,13.632645606994627,2.076083183288574,-1.406777263,-0.796436489,0,0
-36,-71,-55.11867905,49.03512191772461,43.88462829589844,60.503761291503906,41.26197814941406,21.45838165283203,3.3826112747192383,1.385006546974182,-0.881471336,0,0
-36,-70,-15.40809441,13.834501266479492,22.095457077026367,23.572359085083008,20.358875274658203,9.705220222473145,2.4907681941986084,3.964492082595825,-2.205069304,0,0
-35,-73,-12.5922823,27.679058074951172,26.21302032470703,22.466310501098633,12.243395805358888,6.623261929,1.4908372163772583,-1.006145716,0.3728305399417877,0,0
-35,-72,-24.45624542,37.49292755126953,33.06352615356445,37.24092102050781,18.951011657714844,11.267876625061035,2.0465304851531982,-0.673574865,-0.078312837,0,0
-35,-71,-31.87487602,43.57853317260742,42.68034744262695,53.75687026977539,34.115901947021484,18.0587101,2.598618268966675,-0.826359868,-1.695447922,0,0
-35,-70,-20.59706879,21.867206573486328,30.319204330444336,33.34300994873047,29.15367889404297,13.222856521606444,0.5832484364509583,-3.862007141,-6.672534466,0,0
-35,19,13.959174156188965,2.388174057006836,0.2788437902927398,4.230757713317871,2.025341510772705,-1.714236379,-0.6398592,-0.42760241,-1.259999633,0,0
-35,20,8.227856636047363,-0.423409373,-0.928556323,1.1691139936447144,1.1200145483016968,-2.920968056,-0.527912855,-2.16577363,-2.047770023,0,0
-34,-79,2.6897711753845215,19.414207458496097,18.684032440185547,10.803650856018066,10.461647033691406,5.311120033,1.7841986417770386,0.8010222911834717,-0.661982536,0,0
-34,-72,-14.09963799,27.70577621459961,24.65869903564453,26.354934692382812,14.162920951843262,8.54840374,1.4846113920211792,-0.54435569,-0.228426009,0,0
-34,-71,-15.53022671,32.18324279785156,36.48114776611328,37.05908966064453,26.005775451660156,16.129915237426758,1.9013755321502688,-0.545473576,-1.789213777,0,0
-34,-70,-21.33125496,35.32646560668945,43.77033233642578,50.03821563720703,46.331058502197266,27.324857711791992,2.116170644760132,-4.817534924,-6.988445759,0,0
-34,-54,-14.19749069,-6.023076534,5.562445163726807,14.099355697631836,17.74077796936035,22.533613204956055,43.18863296508789,27.781566619873047,15.41909408569336,0,0
-34,-53,-16.18560982,-11.20882225,0.4121624827384949,16.845991134643555,16.327709197998047,21.358137130737305,36.40956497192383,21.25224494934082,7.948297977,0,0
-34,18,6.712979793548584,1.516063928604126,-0.305255502,3.690366744995117,1.326934814453125,-0.522790253,-0.33898899,0.7895882725715637,-1.242425203,0,0
-34,19,2.755725622177124,-4.182976723,0.3417647182941437,3.607502460479736,2.435692071914673,-1.304710627,-1.109355211,-0.894307792,-3.3977983,0,0
-34,20,1.794015645980835,-4.966573238,0.1049349680542945,0.2201571613550186,3.818131685256958,-2.958154917,-4.259423256,-6.410494804,-6.878941536,0,0
-34,21,3.2745370864868164,-3.392407656,1.544372797012329,1.499184012413025,7.414316654205322,-2.8206954,-6.296641827,-9.692914009,-9.293131828,0,0
-34,22,7.1528706550598145,-2.808688879,2.6191020011901855,1.4560937881469729,7.770890235900879,-3.095304728,-6.968864918,-10.44787598,-10.24055958,0,0
-34,23,14.975147247314451,-1.480738044,6.64838171,3.245786190032959,9.425217628479004,-1.716661572,-6.616732121,-9.924005508,-10.30247021,0,0
-34,24,16.554645538330078,-0.35018304,7.350584983825684,3.1016321182250977,8.684272766113281,-1.116805077,-6.014093399,-9.20078373,-9.159478188,0,0
-34,25,15.873153686523438,0.8023960590362549,5.743109226226807,2.252779722213745,8.697868347167969,-1.35870707,-6.071654797,-9.2162323,-7.372755051,0,0
-34,26,20.50460624694824,1.791656494140625,6.546295642852783,2.789060592651367,6.530915260314941,-1.798995614,-6.367453098,-10.49232674,-7.300936222,0,0
-34,27,27.462751388549805,4.046586513519287,7.622288227081299,1.750767469406128,4.137578964233398,-1.131495953,-7.887311459,-10.22992325,-7.381901264,0,0
-33,-72,-9.183400154,14.495139122009276,18.652803421020508,17.912181854248047,11.77615451812744,7.560105800628662,0.8155956864356995,-0.82100457,-0.80136025,0,0
-33,-71,-9.939872742,28.708677291870117,33.99372100830078,33.327388763427734,24.099550247192383,15.484125137329102,0.4552381932735443,-1.87133646,-2.331754923,0,0
-33,-70,-13.18207741,31.516965866088867,36.042964935302734,37.584095,34.13175582885742,20.40530014038086,-2.442622185,-8.424161911,-8.54705143,0,0
-33,-53,-17.3022747,-1.815384269,0.035212852,17.443456649780273,21.629262924194336,36.812103271484375,37.89943313598633,31.11847496032715,5.0205888748168945,0,0
-33,-52,-23.75747299,-2.565699577,-3.968177557,15.997279167175291,22.58370018005371,33.973167419433594,37.10813522338867,25.838211059570312,4.150051116943359,0,0
-33,18,0.3941772282123565,-2.978083372,-0.947577596,1.4761536121368408,0.2971465587615967,0.222355306,-0.332411766,0.2571268677711487,-2.080317259,0,0
-33,19,-0.500822425,-4.641170025,-0.38210398,4.631885528564453,4.238795280456543,0.2969487607479095,-1.209624052,-1.619945526,-5.227352619,0,0
-33,20,-1.037063837,-4.876053333,-0.570692599,0.6773777604103088,4.335633277893066,-1.17728138,-4.311750889,-6.821107388,-10.91879463,0,0
-33,21,1.152482271194458,-3.494751692,2.3950061798095703,1.766090989112854,8.745662689208984,-1.942928195,-7.582242489,-13.0434885,-14.74116325,0,0
-33,22,1.8836162090301511,-2.189954758,3.094780921936035,2.6484622955322266,10.46402645111084,-1.758059978,-8.870073318,-17.17018509,-17.71465492,0,0
-33,23,3.6900439262390137,-1.635778189,4.269250392913818,3.093195676803589,11.903719902038574,-2.297064781,-10.10705948,-20.28496552,-19.72095871,0,0
-33,24,7.939807415008545,-0.740093172,5.920715332,3.9636151790618896,13.335086822509766,-3.725761175,-10.93850327,-22.83215714,-19.09387398,0,0
-33,25,11.350573539733888,0.3206690549850464,7.759429931640625,3.282137155532837,12.698925018310549,-4.799197197,-12.2143898,-24.92462921,-19.67495155,0,0
-33,26,15.158072471618652,0.6438362002372742,11.055201530456545,3.3891677856445312,13.989731788635254,-5.953761578,-11.78585243,-25.24349785,-14.80603027,0,0
-33,27,23.463348388671875,0.5908141732215881,14.539023399353027,3.3593358993530273,14.02286148071289,-5.172279358,-14.14517879,-22.26277161,-9.148863792,0,0
-33,28,29.176504135131836,2.671877861022949,16.61866569519043,2.419159173965454,7.432967185974121,-4.596306324,-15.4627924,-17.86241722,-5.514540195,0,0
-33,29,33.74916458129883,5.559841156005859,15.916629791259766,0.8308630585670471,-1.673273563,-3.034813643,-15.43331146,-14.27394676,-6.811342716,0,0
-32,-72,-7.022576809,11.610663414001465,16.575233459472656,11.921924591064451,9.636292457580566,5.971123218536377,0.113735095,-0.874599218,-1.106765151,0,0
-32,-71,-4.808889389,23.09777832,29.867273330688477,24.51712417602539,18.893177032470703,11.583907127380373,-2.892558813,-5.422672749,-5.097073555,0,0
-32,-70,-6.829144001,22.187095642089844,26.132753372192383,23.96844482421875,24.275279998779297,9.626752853393556,-11.05906773,-17.8760891,-14.35686684,0,0
-32,-55,-13.14622021,-1.219744325,-2.918608189,11.691418647766112,16.09568214416504,41.77685547,49.363304138183594,34.661556243896484,13.162684440612791,0,0
-32,-54,-14.33243656,-0.431810826,-3.152047634,10.123737335205078,19.114036560058594,45.44298553466797,47.869781494140625,34.13333511352539,9.419621467590332,0,0
-32,-53,-13.81834602,-0.445309639,-1.333182216,13.618385314941406,21.170385360717773,45.88096237182617,46.97341537475586,36.44305038452149,10.898633003234863,0,0
-32,-52,-14.51445389,-2.073063374,0.5540985465049744,16.105804443359375,22.258888244628903,48.86485290527344,48.949989318847656,33.88429260253906,11.09584903717041,0,0
-32,-51,-20.58879089,-6.773213863,-2.918377399,11.24851417541504,21.90751838684082,42.62870407104492,42.76854705810547,27.921049118041992,7.375078201293945,0,0
-32,18,1.5920963287353516,0.4262253940105438,1.250268816947937,3.946485996246338,1.9482760429382324,0.6426624059677124,-0.854380488,-0.862670243,-3.034169197,0,0
-32,19,-0.904248059,-3.232764244,-0.016030431,3.6260898113250737,3.092977523803711,0.1442316621541977,-2.221465588,-3.268977642,-6.723340511,0,0
-32,20,-0.588780403,-3.319574833,1.2129942178726196,2.8410120010375977,5.974787712097168,-0.943942666,-5.018134117,-8.905254364,-12.1442461,0,0
-32,21,-0.25436458,-1.931742191,3.0992789268493652,2.2858684062957764,10.07359790802002,-2.188022137,-8.244634628,-15.74433517,-16.02974319,0,0
-32,22,1.4789692163467407,-0.795454025,4.800969601,3.142404556274414,13.17924976348877,-3.494627237,-11.07238865,-21.74041557,-19.12104607,0,0
-32,23,2.3142106533050537,0.2303216010332107,5.834620952606201,3.9695653915405273,15.123210906982422,-4.767499924,-12.67378807,-25.97045898,-21.32987785,0,0
-32,24,6.815413951873779,1.3481866121292114,6.790295124053955,5.405362129211426,17.76292610168457,-6.357587814,-16.32607651,-30.42899132,-21.84647751,0,0
-32,25,9.766105651855469,2.847550392150879,7.503146648406982,7.2812275886535645,18.070051193237305,-8.232112885,-19.61351776,-32.96292114,-21.59575844,0,0
-32,26,12.914043426513672,1.890713095664978,9.399760246276855,7.177401542663574,15.936261177062988,-11.41654205,-22.48381615,-34.36053848,-21.49796104,0,0
-32,27,18.472854614257812,0.9853532314300536,11.83633804321289,6.408935070037842,14.39434814453125,-11.99726963,-24.62157822,-32.4865303,-15.90037727,0,0
-32,28,26.25377846,0.6916908025741577,16.517276763916016,4.9789228439331055,10.410526275634766,-9.266360283,-25.17856026,-24.8326683,-4.337053776,0,0
-32,29,31.24131774902344,2.937683105,20.80596160888672,1.2817132472991943,4.063572406768799,-6.353478432,-22.67951012,-7.131296635,4.362170219421387,0,0
-32,30,36.03999328613281,5.1619391441345215,20.33496094,-0.641795576,-7.319268227,-4.291565418,-20.60113525,-4.410101414,-0.504937649,0,0
-31,-72,-5.020712852,8.499505996704102,13.876684188842772,7.337434768676758,6.887765884399414,3.827913522720337,-0.176009014,-1.264716029,-1.203095794,0,0
-31,-71,-1.556073904,18.81049156188965,27.004125595092773,20.589614868164062,14.966537475585938,8.867015838623047,-3.484095335,-5.630925655,-5.040509224,0,0
-31,-70,-4.250523567,21.656782150268555,26.53142547607422,22.510190963745117,21.337078094482425,8.958218574523926,-14.82196999,-21.13485909,-18.28133011,0,0
-31,-56,-8.847617149,2.225656270980835,0.8658730983734131,5.782429218292236,14.539052963256836,42.69279098510742,56.98455810546875,35.35600280761719,13.983628273010254,0,0
-31,-55,-9.768321037,1.8151029348373413,2.300964832305908,6.742189407348633,22.69896697998047,46.27801132202149,63.23747634887695,34.14147949,14.296817779541016,0,0
-31,-54,-13.44341946,1.797003984451294,3.8899104595184326,9.30576992,25.489643096923828,51.11302947998047,65.89916229248047,35.336910247802734,13.073907852172852,0,0
-31,-53,-13.61118793,-1.111070752,7.474600791931152,11.072092056274414,29.29429054260254,52.70020676,66.11235809326172,38.149017333984375,15.533574104309082,0,0
-31,-52,-14.49376392,-0.213724077,10.053352355957031,9.776517868041992,27.63697624206543,45.68107223510742,55.92665481567383,37.91297149658203,9.236239433288574,0,0
-31,-51,-14.41140556,-0.898789585,12.176643371582031,8.680567741394043,28.399078369140625,37.934417724609375,48.71306991577149,31.443464279174805,7.129169464111328,0,0
-31,-50,-17.42635918,-5.327921391,4.657574653625488,1.8062942028045657,22.545562744140625,30.822006225585938,38.63152313232422,19.885751724243164,3.402873277664185,0,0
-31,17,1.3134480714797974,0.3825205862522125,1.230162262916565,2.7418994903564453,2.094910144805908,0.3771203458309173,-0.559442401,-1.004266858,-2.091155291,0,0
-31,18,-0.140149802,-2.598972082,0.95019716,2.9667863845825195,2.474412441253662,0.1116835251450538,-1.346101403,-2.435018778,-5.299354553,0,0
-31,19,-0.377796203,-2.432360411,1.3624186515808103,2.857229232788086,3.5924577713012695,-0.654967546,-2.983197212,-5.807144165,-10.17471886,0,0
-31,20,0.6406858563423157,-1.53979063,2.9621756076812744,3.3151450157165527,7.262270927429199,-2.742749214,-6.045860767,-11.60962391,-13.53437614,0,0
-31,21,-0.407604516,-0.310670495,4.349240779876709,3.823995351791382,9.312542915344238,-3.705910444,-9.287361145,-17.89785194,-16.35983658,0,0
-31,22,-1.49657464,0.5749420523643494,5.3686747550964355,4.929635047912598,11.462409019470217,-4.998949528,-12.67274761,-23.23965454,-19.84000969,0,0
-31,23,-0.719525278,1.7663278579711914,6.094416618347168,5.823106288909912,13.54644489,-5.991810799,-15.56448936,-27.12620735,-21.56805038,0,0
-31,24,0.8834003806114197,2.7279486656188965,6.695066452026367,8.096343040466309,15.373196601867676,-6.934249401,-17.31824684,-30.57092476,-20.04078865,0,0
-31,25,3.6020028591156006,2.8544058799743652,7.723447799682617,10.14114475250244,15.408197402954102,-11.24869061,-20.82307434,-33.28915024,-15.66255951,0,0
-31,26,6.237708092,2.5826520919799805,9.743811607,12.128271102905272,14.377266883850098,-14.60353279,-27.16651535,-33.24456787,-16.10730934,0,0
-31,27,10.664359092712402,1.7167102098464966,11.821014404296877,12.470471382141112,15.632444381713867,-18.8255825,-30.76511192,-31.00376511,-16.29967308,0,0
-31,28,17.723678588867188,1.0247256755828855,14.11520767211914,7.723508358001709,13.398716926574709,-17.25781631,-31.36078072,-28.34399033,-13.3586874,0,0
-31,29,26.622434616088867,1.5191562175750732,16.199857711791992,6.730080604553223,9.739959716796877,-5.62466383,-23.42320251,-12.88430023,-0.663675249,0,0
-31,30,32.59138488769531,3.2541089057922363,16.386781692504883,-0.511315346,2.088775396347046,-5.570353031,-20.39792252,7.7373738288879395,12.684755325317385,0,0
-31,31,34.27199172973633,5.711411952972412,17.24500084,-2.261916399,-8.959312439,-1.608121157,-16.55015373,2.706519842147827,6.769534111022949,0,0
-30,-72,-1.913735509,6.709000587463379,11.72411060333252,5.695256233215332,4.881106376647949,2.338266134262085,-0.767074585,-2.060736656,-1.035369754,0,0
-30,-71,-0.380243599,12.72113037109375,20.01522445678711,13.174935340881348,10.208992958068848,5.092505455,-4.115986347,-7.394125938,-5.250819683,0,0
-30,-70,-2.411478281,20.112558364868164,26.645153045654297,20.169843673706055,17.557758331298828,9.833209037780762,-16.14673424,-25.27843857,-21.35318375,0,0
-30,-58,-0.240444452,1.51992929,1.2270934581756592,8.364540100097656,22.299402236938477,45.99666213989258,57.56857681274414,46.35284805297851,23.271100997924805,0,0
-30,-57,-3.007558107,2.280949592590332,2.518899679,6.457335472106934,20.41452407836914,49.456199645996094,63.50689697265625,43.87168884277344,18.00148582458496,0,0
-30,-56,-5.032800198,5.232045650482178,6.107661247253418,7.463798999786377,27.174184799194336,49.05950546264648,73.03220367,43.692344665527344,14.376471519470217,0,0
-30,-55,-8.55818367,5.6798014640808105,13.313194274902344,8.564352035522461,32.3013916,50.58582305908203,74.89217376708984,39.40423202514648,16.313945770263672,0,0
-30,-54,-9.885800362,3.5991837978363037,16.898332595825195,10.456793785095217,36.47687530517578,45.205467224121094,68.67866516113281,37.604122161865234,16.848962783813477,0,0
-30,-53,-13.11066341,3.0144076347351074,17.242225646972656,11.128792762756348,33.350982666015625,45.090110778808594,61.780330657958984,33.41270828,14.164410591125488,0,0
-30,-52,-10.66441345,1.7742825746536257,21.32401657104492,9.934301376342772,35.61855697631836,39.836814880371094,58.988616943359375,33.9855957,12.821949005126951,0,0
-30,-51,-10.26486015,5.014832496643066,24.077730178833008,8.440548897,35.05766677856445,33.75964355,50.09847259521485,26.97719955444336,8.637969017028809,0,0
-30,-50,-10.11047745,4.603437423706055,21.15148544311523,8.472178459,33.451316833496094,31.59703254699707,40.79811477661133,19.082191467285156,5.915785312652588,0,0
-30,17,0.1539641618728637,-0.596799731,1.3269933462142944,2.7509825229644775,2.5103631019592285,0.266287088,-1.05466938,-2.004081964,-3.037928343,0,0
-30,18,0.20257853,-1.456186056,1.323207974433899,4.7459025382995605,4.521575450897217,-0.469327539,-2.094128132,-4.202466965,-7.67317009,0,0
-30,19,-0.318297267,-0.968282819,2.186276674,3.256190538406372,5.002903461456299,-2.240590811,-4.550301552,-8.420631409,-12.97609997,0,0
-30,20,0.3948762416839599,0.4270804226398468,3.7391843795776367,2.991413116455078,8.772114753723145,-3.786912441,-7.152768135,-14.17954731,-16.23291969,0,0
-30,21,-0.242043048,1.339951515197754,4.869423866271973,3.614268541336059,9.838585854,-4.964260101,-10.66311359,-20.19949341,-17.43454933,0,0
-30,22,-1.396774292,2.135302782058716,5.570964336395264,5.116251468658447,10.761201858520508,-5.422609806,-14.56499767,-24.40643311,-20.72760582,0,0
-30,23,-1.977651954,2.459538221359253,6.233096599578857,7.122608661651611,11.582215309143066,-5.796425343,-18.15852165,-27.25172234,-21.17519951,0,0
-30,24,-0.911099792,2.6702051162719727,6.649586200714111,10.696004867553713,12.510228157043455,-7.672141552,-20.76992607,-30.01842308,-18.92416763,0,0
-30,25,0.4000469744205475,3.254333019256592,7.01107645,12.340131759643556,11.242830276489258,-11.72143364,-22.66394234,-31.56929588,-15.93423367,0,0
-30,26,2.3175206184387207,3.670544862747192,8.808198928833008,14.415522575378418,14.000764846801758,-17.79244995,-29.71964264,-31.67151451,-15.57249832,0,0
-30,27,5.671787261962891,2.949251174926758,9.407115936279297,12.591551780700684,16.65014648,-19.26403427,-33.98222351,-32.58566284,-15.82423019,0,0
-30,28,9.913170815,2.449571371078491,10.363112449645996,11.179814338684082,18.77808189,-20.26293182,-32.48514175,-27.05505943,-11.95599461,0,0
-30,29,16.933530807495117,1.6538124084472656,12.87028980255127,9.935238838,11.13575553894043,-11.65578938,-25.08190918,-19.72512817,-13.13615322,0,0
-30,30,28.961923599243164,4.140691757202148,15.252087593078612,5.521593094,6.134637355804443,-1.589434862,-15.49785995,2.7067110538482666,14.373250007629396,0,0
-30,31,30.34734535217285,5.098579406738281,13.114736557006836,-0.245219141,-8.678545952,-3.303053379,-17.2149353,6.044951915740967,20.41792678833008,0,0
-29,-72,-1.558477044,3.7745602130889897,7.429457664489746,4.185302257537842,3.0528078079223633,1.2968274354934692,-0.754546642,-1.826713562,-0.57132268,0,0
-29,-71,-0.241356373,8.187853813171387,15.142887115478516,8.322879791259766,7.548933506011963,3.2156927585601807,-3.524918795,-7.755054474,-4.632725239,0,0
-29,-70,0.5580540299415588,28.33151626586914,40.860443115234375,30.97407913208008,28.30372428894043,18.636821746826172,-13.48563385,-26.88471603,-21.49957466,0,0
-29,-57,-1.612426162,2.1640634536743164,9.119746208190918,12.265677452087402,15.604848861694336,52.68705368041992,68.30934906,49.613372802734375,21.10997200012207,0,0
-29,-56,-5.460558414,2.2244675159454346,14.025193214416504,16.59612464904785,23.638715744018555,56.94294738769531,71.57789611816406,39.31423568725586,21.400802612304688,0,0
-29,-55,-7.489011288,6.936717510223389,23.28081512451172,17.64435386657715,31.17482566833496,55.58807373046875,77.18385314941406,37.36313247680664,19.920917510986328,0,0
-29,-54,-9.029263496,6.257684230804443,25.928638458251953,18.559253692626953,37.23392868041992,50.77702713012695,78.96501922607422,36.516639709472656,18.63488388061523,0,0
-29,-53,-7.219297409,6.355474472045898,27.67326545715332,19.381214141845703,39.276702880859375,51.72831726074219,77.70800781,33.817596435546875,12.12017059326172,0,0
-29,-52,-8.837022781,6.779841899871826,30.45030403137207,21.378421783447266,40.23148727416992,45.39406204223633,69.73153686523438,27.505062103271484,9.886337280273438,0,0
-29,-51,-12.10633755,10.194917678833008,30.64241600036621,21.03801727294922,46.78584671020508,46.10161590576172,57.49185943603515,23.29382896,6.135952472686768,0,0
-29,-50,-9.850898743,5.887125015258789,26.613014221191406,17.833559036254883,38.41514205932617,33.984622955322266,39.688533782958984,9.465784072875977,-3.538702011,0,0
-29,-49,-10.12605858,2.650767087936402,23.243724822998047,19.087299346923828,36.39244461,29.144990921020508,28.19409942626953,12.933911323547363,-5.113249302,0,0
-29,16,0.2707785964012146,0.2397480607032776,1.318454027175903,2.8853299617767334,2.5737736225128174,0.080350734,-0.798134804,-1.541983485,-1.924587488,0,0
-29,17,0.112139769,-0.913312018,1.1753191947937012,2.870885848999023,3.1393730640411377,-0.475794464,-1.468955278,-2.960808754,-5.340050697,0,0
-29,18,-0.424639285,-0.746559203,1.5376962423324585,4.516293525695801,4.837418079376221,-1.750584483,-2.653134584,-6.054959297,-10.90913105,0,0
-29,19,-0.146212816,0.1328562796115875,2.8540151119232178,3.4834673404693604,6.9298200607299805,-3.389627934,-5.159107208,-11.17505836,-14.77916336,0,0
-29,20,0.03462531,1.1398109197616575,4.313349247,4.011438846588135,9.020164489746094,-4.909330845,-8.141981125,-16.29582024,-16.73441315,0,0
-29,21,-0.508983612,1.760910153388977,4.962655067443848,4.768182754516602,9.165280342,-5.796605587,-12.5330925,-22.23501778,-20.15070343,0,0
-29,22,-1.032983541,1.8439291715621948,5.959927082061768,6.1598663330078125,9.939642906188965,-6.779471874,-17.37262917,-27.21498871,-21.96489334,0,0
-29,23,-1.537189007,1.975494146347046,6.3805646896362305,8.421563148498535,12.201501846313477,-9.093149185,-21.2469101,-30.71222687,-21.59153938,0,0
-29,24,-1.396495104,2.4330813884735107,6.138620376586914,10.689702033996582,11.511479377746582,-11.20358276,-23.28092575,-31.16287422,-19.73597717,0,0
-29,25,-1.586061954,2.0956740379333496,5.786416053771973,11.051802635192873,12.239405632019045,-15.27825451,-24.05757523,-29.41670418,-18.71094131,0,0
-29,26,-0.272960067,2.8087942600250244,5.959219455718994,11.882061004638672,15.509140014648438,-18.75456047,-31.67401886,-29.64605141,-14.89192867,0,0
-29,27,3.167508125305176,2.044508218765259,6.214343070983887,13.20419979095459,16.152429580688477,-22.19691086,-35.77299118,-30.53465271,-15.81592655,0,0
-29,28,6.328127384185791,2.6869630813598633,8.340057373046875,14.058354377746582,13.345770835876465,-22.73003006,-33.19843674,-23.45554161,-11.60293388,0,0
-29,29,10.01565647125244,3.292497396469116,9.300159454345703,11.400413513183594,10.506604194641112,-16.49211884,-27.30959129,-27.78580284,-5.728310585,0,0
-29,30,15.656980514526367,3.7299482822418217,11.271478652954102,6.517443656921387,3.3981759548187256,-10.71690655,-16.31478882,-14.25652885,20.328798294067383,0,0
-29,31,21.44342613220215,3.2158749103546143,11.150019645690918,2.106283664703369,-4.536918163,-4.038071632,-13.4529295,6.0185770988464355,31.979156494140625,0,0
-29,32,19.194917678833008,2.7073264122009277,11.99478816986084,1.107399582862854,-9.051797867,-1.332411408,-7.970197678,5.1530585289001465,20.977258682250977,0,0
-28,-71,-1.214595795,1.898022174835205,6.755810737609863,4.2164225578308105,3.6428956985473633,1.055226445198059,-3.543548107,-7.290208817,-3.903909683,0,0
-28,-70,1.9263354539871216,13.520237922668455,20.426586151123047,17.320714950561523,14.237181663513184,7.347764969,-9.614720345,-21.86154366,-15.74623203,0,0
-28,-69,-2.732685804,11.31363582611084,18.339330673217773,17.255474090576172,17.453981399536133,5.351465702056885,-24.16423988,-41.00640869,-27.53470039,0,0
-28,-56,-4.694631577,11.043763160705566,22.234708786010746,17.129093170166016,44.70417022705078,45.73139572143555,74.24975586,34.971336364746094,22.444923400878903,0,0
-28,-55,-6.043045998,9.782149314880373,24.22941780090332,17.495433807373047,43.35942840576172,49.156925201416016,73.56181335449219,33.01215744018555,14.09243869781494,0,0
-28,-54,-5.77828598,9.398965835571287,27.77362823486328,27.55463409423828,45.53302383422851,57.798057556152344,72.89197540283203,34.60203170776367,10.51731300354004,0,0
-28,-53,-5.862906456,20.203542709350582,34.98969268798828,35.86833572387695,47.44676971435547,68.65972137451172,71.33929443359375,33.517852783203125,6.345750331878662,0,0
-28,-52,-5.686407566,13.407243728637695,34.548728942871094,33.73145676,48.90598678588867,64.33892822265625,59.86774826049805,26.417177200317383,0.7399125695228577,0,0
-28,-51,-5.798701286,11.437150955200195,33.825618743896484,35.29919434,53.76448059082031,60.96038436889648,60.25800323486328,27.088361740112305,2.2771682739257812,0,0
-28,-50,-6.685832024,7.992858409881592,29.653579711914062,34.39939498901367,50.153194427490234,51.500999450683594,47.753360748291016,14.683967590332031,-8.331892014,0,0
-28,-49,-5.108270645,-1.825576901,25.60443878173828,30.587228775024418,34.86419677734375,32.42103195,23.041749954223633,8.578346252441406,-8.995573044,0,0
-28,-48,-3.917028189,-8.309212685,22.54627990722656,29.400774002075195,33.39964676,22.57665252685547,15.151827812194824,7.247988700866699,-10.95725155,0,0
-28,17,-0.023077978,-0.365348548,1.7830250263214111,3.811522245407105,3.759239912033081,-0.840058923,-2.400664568,-4.398648262,-9.802568436,0,0
-28,20,-0.510281324,0.9250091910362244,4.598260402679443,4.989345550537109,9.314970016479492,-5.444609165,-11.01450729,-19.9902401,-19.81014252,0,0
-28,21,-0.51115191,1.3011208772659302,5.7554473876953125,5.288210391998291,9.175082206726074,-5.896917343,-13.23264313,-24.9380455,-19.42549896,0,0
-28,22,-0.311665952,1.0320621728897097,5.888360023498535,6.401941299438477,11.419490814208984,-8.254167557,-17.47126007,-25.96224976,-20.72838593,0,0
-28,23,-0.579239249,0.8086384534835815,5.389488697052002,7.797906875610352,13.32583713531494,-10.70635986,-22.29554367,-29.25100327,-22.82883263,0,0
-28,24,-1.371665597,1.6051900386810305,4.688573837280273,9.273213386535645,12.434675216674805,-11.71456242,-24.48698997,-28.62216187,-23.35891533,0,0
-28,25,-2.2024436,1.350971817970276,3.3449301719665527,9.823075294494627,12.76714038848877,-13.56411743,-26.41498756,-27.25741768,-18.28784943,0,0
-28,26,-1.557281852,0.8883110284805298,3.398956775665283,11.154312133789062,13.210609436035156,-15.61959839,-32.32352066,-26.74026871,-14.6973238,0,0
-28,27,0.7187916040420532,1.050237774848938,4.234954833984375,12.36935043334961,11.506362915039062,-20.48610497,-35.54793167,-23.52902794,-8.286348343,0,0
-28,28,2.9389727115631104,2.8082196712493896,5.620980262756348,11.398030281066896,7.340788841247559,-19.91101074,-30.60938072,-12.53264713,0.8588166236877441,0,0
-28,29,4.390221596,3.9702887535095215,7.362912654876709,8.800650596618652,6.819736003875732,-16.11028671,-20.93795967,-3.923446655,7.684895992279053,0,0
-28,30,6.707871437072754,4.2183990478515625,10.32315731048584,6.273774624,3.7220568656921382,-11.080513,-6.221739769,-2.966823816,19.32395362854004,0,0
-28,31,10.883550643920898,3.517078399658203,11.26601791381836,3.2336626052856445,-1.414897799,-8.701293945,-5.455935001,6.876496792,26.082056045532227,0,0
-28,32,11.773099899291992,2.9638125896453857,11.264981269836426,3.3162527084350586,-2.297654867,-6.559943676,1.7306838035583496,5.506580352783203,24.423463821411133,0,0
-28,33,13.39678192138672,3.507892608642578,12.845768928527832,1.739990472793579,-2.482092857,-5.102868557,11.845178604125977,5.866024971008301,11.15434455871582,0,0
-27,-109,36.45222091674805,48.517826080322266,49.46535873413086,54.74024200439453,51.17733383178711,36.35765838623047,20.641921997070312,21.573076248168945,26.26959800720215,0,0
-27,-71,-1.37962687,-0.634783924,1.9124990701675415,1.7193163633346558,1.6640678644180298,-0.25250715,-2.997038603,-5.735034943,-3.585263729,0,0
-27,-70,-0.281434953,2.588819742202759,4.528200626373291,5.487850666046143,5.815265179,1.612939953804016,-7.433985233,-18.86386108,-12.93872166,0,0
-27,-69,-1.137861252,17.37080192565918,20.242164611816406,22.017690658569336,17.357046127319336,9.689964294433594,-20.34263039,-44.14227295,-31.72922897,0,0
-27,-68,0.091079503,1.803542137145996,2.408587694168091,2.0255203247070312,-1.23392427,-16.36303329,-55.38967133,-77.32962799,-43.3979454,0,0
-27,-55,-3.730545998,11.531560897827148,26.35536766052246,24.34134864807129,53.931365966796875,54.18838119506836,62.48575210571289,34.39881516,14.071666717529297,0,0
-27,-54,-4.821702957,12.76300048828125,33.13727569580078,30.859697341918945,51.84606170654297,62.71182632446289,52.43313980102539,32.06470871,7.009653568267822,0,0
-27,-53,-3.046980381,9.511713027954102,39.16191482543945,37.83038330078125,53.373191833496094,67.31205749511719,53.73894119262695,28.54778289794922,3.2168891429901123,0,0
-27,-52,1.4733301401138306,7.000373840332031,40.67424392700195,43.47655487060547,55.58396530151367,67.39352416992188,47.21544266,23.074234008789062,1.0615205764770508,0,0
-27,-51,5.701645851135254,4.071726322174072,40.96727371,42.47605895996094,47.25440216064453,60.70493698120117,36.23747634887695,15.777589797973633,-6.596759319,0,0
-27,-50,6.4401750564575195,-2.324215889,39.308345794677734,40.04796219,43.40540313720703,53.818824768066406,29.869853973388672,13.379740715026855,-3.302975893,0,0
-27,-49,1.9446829557418823,-5.653216362,37.07668685913086,37.443267822265625,38.12989807128906,35.78480148,19.01462745666504,12.746129989624023,-2.596679926,0,0
-27,-48,0.9637092351913452,-8.681862831,29.858013153076172,33.28675461,31.472211837768555,21.708295822143555,15.875809669494627,6.203089714050293,-13.01235199,0,0
-27,20,-0.787017345,0.5336205363273621,4.981164932250977,5.570503234863281,10.524735450744627,-6.924996376,-11.97519684,-24.5173912,-21.82910919,0,0
-27,21,-0.739887118,0.5563433170318604,4.854739189147949,4.695590972900391,11.77781867980957,-7.838469505,-13.21462631,-25.8857975,-21.30976105,0,0
-27,22,-0.157087877,0.7670052647590637,4.708509445,6.067768573760986,12.605066299438477,-9.418581963,-14.98142624,-24.80455971,-21.13798904,0,0
-27,23,-0.530835927,0.982997715,3.766834020614624,7.174353122711182,12.121386528015137,-11.18366909,-18.38641548,-25.1841259,-22.50139618,0,0
-27,24,-1.583085299,0.7665620446205139,2.4571471214294434,8.476068496704102,9.719092369,-11.63708591,-24.99881935,-24.46740913,-23.37305069,0,0
-27,25,-2.127410173,0.5749768614768982,1.766965151,8.534070014953613,8.926021575927734,-13.05088806,-27.94443893,-21.26041222,-16.99900436,0,0
-27,26,-2.114138842,0.8276322484016418,1.922346115112305,9.013649940490724,7.750922679901123,-13.0327177,-32.35158539,-18.5002327,-14.73392391,0,0
-27,27,-1.565473318,1.9244989156723025,2.308809280395508,9.291975975,6.447557449,-14.50399399,-28.87737465,-11.18017864,-9.276644707,0,0
-27,28,-0.938593566,2.6592421531677246,3.097323179244995,9.677539825439451,5.961874485015869,-13.27545738,-20.65475655,-6.11220789,-1.880501509,0,0
-27,29,0.3950327634811401,3.689508677,5.7428460121154785,10.191012382507324,5.900648117,-11.38856316,-6.230250835,3.243405581,4.595811367034912,0,0
-27,30,2.910140276,4.043470859527588,9.151971817016602,8.610368728637695,3.342637777328491,-13.61173439,3.3511781692504883,0.3433910608291626,20.582386016845703,0,0
-27,31,4.768280982971191,4.094672679901123,9.400786399841309,5.4246745109558105,-2.14160347,-15.25191498,2.9150609970092773,-9.362670898,16.55276107788086,0,0
-27,32,6.291352272033691,3.645397424697876,9.955163002,4.670266151428223,-3.227055311,-11.58899021,13.577868461608888,-3.112987518,12.960527420043944,0,0
-27,33,5.242302894592285,2.877286434173584,10.816113471984863,4.093440055847168,-2.521223545,-8.650141716,20.826396942138672,2.6837141513824463,4.549553871154785,0,0
-26,-71,-1.094807863,-1.018416643,0.4063352942466736,0.9274026155471802,0.8961693644523621,-0.565436184,-2.09167099,-4.124239445,-2.836981773,0,0
-26,-70,-0.720808148,0.087892063,0.574592113,1.9301631450653076,3.255455017089844,0.3574087619781494,-6.753404617,-17.58253288,-12.09625816,0,0
-26,-69,1.2939680814743042,8.466694831848145,10.48530101776123,9.142949104309082,7.0358781814575195,1.2611827850341797,-21.89870453,-45.61750031,-30.63467979,0,0
-26,-68,0.3413177132606506,2.6056132316589355,5.373463153839111,2.9063634872436523,1.1298528909683228,-10.49637318,-47.62885284,-65.63993073,-39.45958328,0,0
-26,-55,-1.747689724,12.765127182006836,33.072471618652344,29.46600341796875,57.89012908935547,66.97523498535156,54.55231094360352,32.54670715332031,17.297693252563477,0,0
-26,-54,0.5633684992790222,12.93021297454834,39.55609130859375,46.444278717041016,57.027626037597656,76.97733306884766,48.25004196166992,29.61146545410156,16.126012802124023,0,0
-26,-53,3.388463973999023,11.736133575439451,42.06659698486328,55.70740891,56.31975173950195,70.13485717773438,42.73644256591797,17.066720962524414,3.372419595718384,0,0
-26,-52,8.982659339904785,11.472881317138672,46.95491409301758,58.36470031738281,53.951446533203125,73.77128601074219,41.60418319702149,19.23474693,4.593574523925781,0,0
-26,-51,11.92392635345459,10.476948738098145,43.52163314819336,58.51701736450195,46.751739501953125,69.39930725097656,32.633079528808594,19.097484588623047,7.404304027557373,0,0
-26,-50,10.571934700012209,8.823053359985352,40.99153137207031,55.24947738647461,43.07866287231445,57.88204574584961,30.74504852294922,20.394710540771484,4.746589183807373,0,0
-26,-49,5.708142280578613,-2.692904711,31.322023391723633,39.001258850097656,23.698570251464844,31.913198471069336,14.024698257446287,10.74868106842041,-6.052202702,0,0
-26,-48,3.96425724,-4.289813519,28.00524139404297,37.76780700683594,22.99215316772461,23.353288650512695,13.900900840759276,2.506079674,-11.20979309,0,0
-26,20,-0.979063332,0.4135906994342804,4.301609992980957,4.881302356719971,11.55881118774414,-8.477806091,-11.11434269,-26.74632263,-23.36961174,0,0
-26,21,-0.898412824,0.3951069712638855,4.0339226722717285,4.7300543785095215,11.698176383972168,-10.87286282,-13.2963953,-26.0066967,-22.04718781,0,0
-26,22,-0.134535149,0.6545508503913879,3.4341843128204346,5.326517105102539,10.92980670928955,-11.89273739,-15.59438515,-23.77004623,-22.0753994,0,0
-26,23,-0.704948723,0.6624636650085449,2.6354870796203613,5.743837833404541,7.505860328674316,-11.49940968,-16.63996315,-21.92459488,-19.97628403,0,0
-26,24,-0.979389846,0.6317930817604065,1.815809965133667,6.402408599853516,5.535858154296875,-11.58491898,-19.13106155,-19.17378998,-15.98122597,0,0
-26,25,-1.721554875,0.5287343263626099,1.1134583950042725,7.205952644348144,4.878814220428467,-11.69303226,-24.3150425,-16.58021164,-14.06404305,0,0
-26,26,-2.578402519,1.2683849334716797,1.162039279937744,8.533659934997559,5.8537421226501465,-11.53672028,-24.45887756,-15.47487259,-10.91797161,0,0
-26,27,-2.866609335,2.3196115493774414,0.7361395955085754,8.819322586,5.309297085,-12.31889343,-21.55587196,-13.81871128,-10.43909836,0,0
-26,28,-2.171624899,3.2029905319213867,1.6175841093063354,8.634920120239258,3.213986396789551,-13.80182648,-12.27359962,-9.498514175,-3.151695967,0,0
-26,29,-0.87302357,3.903533458709717,3.986513137817383,8.838685989379883,4.452327251434326,-14.17068863,-1.009437561,-2.450383186,0.9121987819671632,0,0
-26,30,1.2599825859069824,2.493450403213501,6.894436359405518,8.610978126525879,1.6609796285629272,-15.29585934,8.638791084,-7.2228055,9.304203033447266,0,0
-26,31,1.733870506286621,2.3866114616394043,7.5032196044921875,4.350496768951416,-0.667480886,-12.10472107,15.961320877075195,-17.68766403,2.2178537845611572,0,0
-26,32,1.2862677574157717,2.4901256561279297,7.757718563079834,3.727960586547851,-2.675333023,-10.68959332,24.733463287353516,-11.40535164,3.173598289489746,0,0
-25,-71,-0.495568633,-0.493845224,0.3452763855457306,0.8013122081756592,0.3815227150917053,-0.638774395,-1.122570515,-2.492470741,-1.684608579,0,0
-25,-70,-0.932745397,-0.021437326,-0.002813468,0.7603907585144043,1.7787290811538696,0.2007472068071365,-5.043813705,-12.99140072,-9.538143158,0,0
-25,-69,0.8531903624534607,4.854867935180664,6.039438724517822,5.308420658111572,3.4528534412384033,-1.696449161,-24.92897987,-48.21183395,-31.03179932,0,0
-25,-68,0.7645957469940186,0.7715364098548889,4.378713607788086,2.040027379989624,0.4309661388397217,-11.25312042,-47.5455246,-62.43190765,-37.76437378,0,0
-25,-55,7.130651950836182,12.858477592468262,26.77622413635254,45.28770065307617,38.780879974365234,53.83123779296875,42.589744567871094,24.38570976257324,12.191344261169434,0,0
-25,-54,7.779813766479492,12.265091896057127,31.367162704467773,52.548614501953125,44.48230743408203,52.522850036621094,35.28176498413086,19.43218421936035,10.689494132995604,0,0
-25,-53,9.738577842712402,15.12856388092041,37.612213134765625,52.295021057128906,64.03349304199219,69.01538848876953,42.999366760253906,27.126535415649418,13.81881618499756,0,0
-25,-52,14.865575790405272,16.30572509765625,43.96233749389648,54.84398651123047,66.19317626953125,68.97897338867188,46.768558502197266,27.499998092651367,14.317055702209473,0,0
-25,-51,15.53445816040039,13.79088306427002,41.193756103515625,50.31795501708984,57.61696243286133,59.01872634887695,35.80725860595703,15.486034393310549,4.546073913574219,0,0
-25,-50,12.457655906677246,9.807487487792969,38.17776107788086,43.953372955322266,46.94713592529297,47.866493225097656,17.531713485717773,7.245545387268066,-10.91783619,0,0
-25,-49,11.241090774536133,9.336817741394045,30.787567138671875,37.72298812866211,33.35484313964844,40.351417541503906,18.077842712402344,5.750389575958252,-0.994797647,0,0
-25,-48,7.192497253417969,6.193661212921143,23.160242080688477,31.55318832397461,21.69999885559082,22.28436851501465,10.641193389892578,0.3401678204536438,-9.309311867,0,0
-25,-47,8.685462951660156,4.722616195678711,18.207090377807617,26.220191955566406,16.473390579223633,13.4556303,2.4329326152801514,-6.965107918,-13.83574677,0,0
-25,20,-0.998649299,0.4344677627086639,4.090489387512207,5.367672443389893,11.257035255432127,-9.460354805,-9.939419746,-28.02062416,-24.05818176,0,0
-25,21,-1.01841855,0.3292389512062073,3.5621354579925537,4.315678119659424,9.313789368,-11.23291397,-11.51153564,-26.00401497,-22.17024231,0,0
-25,23,-1.22458744,0.3582526445388794,1.7711739540100098,4.832976341247559,7.562352180480957,-11.66239929,-15.00656319,-19.7750473,-15.2077055,0,0
-25,24,-1.296144724,0.5351433157920837,0.9659691452980042,5.667198181152344,5.692079544067383,-12.02265644,-14.65655041,-17.60457802,-11.36237621,0,0
-25,26,-2.135332108,1.528967022895813,0.5527990460395813,6.799234867095947,6.307579517364502,-13.33762932,-23.17109108,-13.89453602,-8.216860771,0,0
-25,27,-2.21214366,1.8278614282608032,0.8521113395690918,6.490429401397705,1.4497195482254028,-13.78352451,-17.96203804,-8.215971947,-5.206130028,0,0
-25,28,-2.127556324,2.519228935241699,1.7161037921905518,6.563295841217041,1.171326994895935,-11.24431801,-8.889638901,-5.542070866,-2.681891203,0,0
-25,29,-1.301203966,2.5173380374908447,2.9193084239959717,6.047928333282471,0.2427505105733871,-10.63300133,-0.013046151,-3.791749477,1.8085529804229736,0,0
-25,30,0.7049880623817444,1.534460425376892,4.251109600067139,4.152607440948486,0.3363488018512726,-17.34433746,9.763309478759766,-9.168870926,4.032119274139404,0,0
-25,31,-0.359848082,3.1388297080993652,4.206645488739014,1.734754443,-1.97832036,-18.80477715,12.517122268676758,-13.77856827,-3.908661127,0,0
-25,32,-1.658328891,1.9333505630493164,4.3455986976623535,2.2480244636535645,-1.72968483,-14.21165562,21.578893661499023,-9.958231926,-5.153366089,0,0
-24,-71,-0.772476554,-0.151750132,0.50396198,0.4408116638660431,0.2091113924980163,-0.273692697,-0.239658847,-1.229960561,-0.96677953,0,0
-24,-70,-0.631590962,-0.243101418,-0.174116179,0.4161592423915863,0.5604196190834045,-0.153555989,-3.734455109,-8.755736351,-7.107976913,0,0
-24,-69,0.451713353,0.700600266,0.4888221323490143,2.0233871936798096,1.204177975654602,-4.818014145,-27.88069153,-45.70602036,-28.7897625,0,0
-24,-68,2.770498275756836,2.467266798019409,4.073692321777344,4.173471450805664,-0.326334238,-12.88267994,-49.32393265,-59.37761688,-33.58670044,0,0
-24,-67,0.9435358047485352,-0.350413948,-0.731098711,-1.648766756,-12.64375019,-27.58003998,-55.95892715,-47.12227631,-29.42041016,0,0
-24,-56,6.087119102478027,11.848851203918455,30.36425209,40.73540496826172,40.02420425415039,54.719749450683594,44.37714767456055,31.903806686401367,17.096542358398438,0,0
-24,-55,8.434915542602539,14.026259422302246,28.646625518798828,40.90794754,38.03396987915039,44.066429138183594,33.90160369873047,29.391700744628903,12.624939918518066,0,0
-24,-54,7.880686283111572,17.057283401489258,26.71894645690918,44.62308120727539,48.760128021240234,42.18407059,29.45941925048828,29.03515625,16.10186004638672,0,0
-24,-53,11.568599700927734,21.501577377319336,31.794422149658203,50.04494857788086,49.54386520385742,40.854454040527344,31.153636932373047,20.56079102,9.826907158,0,0
-24,-52,13.039568901062012,21.242502212524418,34.36798095703125,48.97123336791992,44.23873519897461,42.72019577026367,30.357131958007812,18.629478454589844,2.54634428,0,0
-24,-51,14.31215476989746,22.041667938232425,33.21052551269531,49.21616744995117,48.63249588012695,52.26143264770508,29.20802116394043,22.872644424438477,2.8229875564575195,0,0
-24,-50,13.638548851013184,19.366918563842773,31.062034606933594,45.639503479003906,46.63727569580078,51.833534240722656,17.8848877,8.272041320800781,-7.137681484,0,0
-24,-49,13.350481033325195,16.45566749572754,28.705564498901367,41.24332046508789,35.73863220214844,37.850467681884766,16.92458152770996,4.998499393463135,-10.08379555,0,0
-24,-48,12.510489463806152,13.660042762756348,22.6015625,36.281341552734375,27.60093116760254,25.75604820251465,9.324501037597656,12.351007461547852,-3.109688282,0,0
-24,-47,11.838255882263184,12.218600273132324,18.70124053955078,32.728790283203125,19.897314071655273,9.762536049,0.4645734429359436,0.7452725172042847,-6.647625446,0,0
-24,-46,8.778007507324219,10.214985847473145,17.931602478027344,34.53805923461914,17.794239044189453,0.6873968839645386,-3.70868206,-5.087847233,-5.33034277,0,0
-24,-45,7.585504531860352,7.025680065155029,15.733540534973145,29.894241333007812,8.167421340942383,-5.712007523,-2.812663317,-2.614370584,6.569573879241943,0,0
-24,27,-1.872102737,2.099809408187866,0.73180753,3.779184103012085,-1.153499961,-9.573059082,-11.89420509,-6.226142883,-3.406512499,0,0
-24,28,-1.860540509,2.4164605140686035,0.8453998565673828,3.752255678,-1.141105413,-6.889128208,-12.354949,-3.256824732,0.1893192827701568,0,0
-24,29,-1.158694267,1.6708190441131592,1.3427690267562866,3.2644224166870117,0.7402857542037964,-9.210048676,-9.471055031,-5.849453926,2.6047041416168213,0,0
-24,30,-0.594498038,2.159409523010254,1.552412509918213,2.4878149032592773,0.2633009552955627,-11.09972858,-0.522789598,-8.871759415,2.5959558486938477,0,0
-24,31,-1.981120467,2.2437164783477783,2.721310615539551,2.264885902404785,0.000643914,-12.55895138,6.047529220581055,-8.025111198,-0.913313508,0,0
-24,32,-1.899486899,1.8440818786621096,2.1957709789276123,1.7643412351608276,-0.617872477,-12.75972366,13.119417190551758,-7.041668892,-8.279024124,0,0
-23,-71,-0.867704451,0.067748003,0.2473886758089065,0.2714880704879761,0.2977083027362823,0.022159019,-0.023547286,-1.345560789,-1.104358435,0,0
-23,-70,-0.44168362,-0.50025624,-0.220673546,0.2839060723781585,0.3897291421890259,-0.208586097,-3.753876209,-8.127505302,-7.305537701,0,0
-23,-69,0.7980552315711975,0.001430282,0.1147888004779815,0.854141891,0.3804674744606018,-7.912748337,-33.50544357,-46.61896896,-29.02902794,0,0
-23,-68,0.6697332859039307,0.514178455,0.4735908806324005,0.3387753963470459,-2.304245472,-15.27554321,-54.70368195,-60.0778656,-34.11608505,0,0
-23,-67,0.6979295015335083,0.1532990634441375,-0.716711879,-1.287638664,-13.28595638,-26.49689484,-59.11875916,-50.82224655,-32.81644058,0,0
-23,-56,8.375482559204102,15.033251762390137,28.78783607,36.59773254394531,26.783777236938477,52.36534118652344,28.05913352966309,25.909725189208984,9.055589676,0,0
-23,-55,8.855259895324707,16.523242950439453,22.27407455444336,41.15727996826172,23.472890853881836,41.2349968,22.216110229492188,17.08354949951172,5.870911121368408,0,0
-23,-54,11.540512084960938,17.505451202392578,24.37471389770508,42.97199630737305,23.68339157104492,37.39495849609375,19.965038299560547,8.301976203918457,4.528495788574219,0,0
-23,-53,12.125328063964844,20.48535919189453,28.179773330688477,45.27390670776367,25.212812423706055,44.755897521972656,28.93497657775879,10.312870025634766,1.375092625617981,0,0
-23,-52,11.414569854736328,20.29671287536621,28.42350196838379,49.850868225097656,24.502086639404297,42.32392120361328,25.21193504333496,14.37000560760498,-6.974477291,0,0
-23,-51,12.865246772766112,17.541528701782227,28.806020736694336,47.013309478759766,25.18890380859375,40.30095291137695,9.227972984313965,11.652743339538574,-10.29036522,0,0
-23,-50,14.089679718017578,16.335796356201172,23.65867042541504,39.888572692871094,27.15092086791992,34.58559799194336,2.123390436172486,10.590771675109863,-10.54415417,0,0
-23,-49,14.696605682373049,17.29289436340332,21.754913330078125,37.62521743774414,29.05580139160156,31.72261619567871,1.3323034048080444,12.274970054626465,-0.901814103,0,0
-23,-48,11.137118339538574,14.166756629943848,19.47275733947754,34.452030181884766,22.132980346679688,26.116058349609375,-5.777982712,4.942235946655273,-12.36340332,0,0
-23,-47,11.580520629882812,15.808053970336914,19.51240348815918,35.441001892089844,20.38368797302246,22.00165557861328,-4.404126167,-13.44181728,-13.73750973,0,0
-23,-46,12.676336288452148,15.43472385406494,22.49656867980957,35.312278747558594,21.91482734680176,7.598550796508789,-6.968378067,6.1361212730407715,-3.284012318,0,0
-23,-45,13.309009552001951,12.742670059204102,19.293888092041016,31.43499755859375,14.426926612854004,-4.803517342,-4.519935608,-4.844552994,5.501550674438477,0,0
-23,-44,10.19597053527832,9.640335083007812,15.207159042358398,26.95553398132324,5.490371227264404,-11.33040333,-8.693982124,-2.490643978,22.11127662658691,0,0
-23,-43,4.214836120605469,7.801815509796143,14.146527290344238,25.834922790527344,-0.160023063,-13.83351994,-8.554234505,-3.868919134,14.616357803344728,0,0
-23,-42,3.1509838104248047,8.060086250305176,13.627480506896973,22.35487174987793,0.9871569275856018,-15.20673943,-3.927602053,-6.930541039,12.988730430603027,0,0
-23,27,-1.713261008,3.0599586963653564,0.5295975804328918,2.595817804336548,-2.266289711,-11.25217819,-15.40372944,-6.225815296,-3.529989481,0,0
-23,28,-1.647839665,2.549891948699951,0.5966068506240845,1.4398164749145508,-2.387774467,-7.623529434,-13.60760784,-7.074736118,-0.512181997,0,0
-23,29,-1.63452208,1.789436698,0.9162580370903016,1.000243902206421,-2.157410383,-8.67066288,-10.98387337,-8.084039688,1.8759359121322632,0,0
-23,30,-1.553112149,1.728515625,0.4386101961135864,0.9896911382675172,-1.693791151,-11.01489925,-11.12453556,-10.95668411,-3.890516281,0,0
-23,31,-1.923737049,1.8354111909866333,1.3375312089920044,1.2378984689712524,-2.208854675,-9.145738602,-1.958100438,-9.486361504,-8.83669281,0,0
-23,32,-1.957355976,1.053906798362732,1.1632330417633057,-0.046116285,-2.657612085,-8.085107803,5.797539710998535,-11.69030571,-13.77051353,0,0
-22,-70,-0.142692998,-0.269107759,-0.081904769,0.2995316684246063,0.4891006350517273,-0.249270409,-3.911161661,-8.196689606,-7.718976974,0,0
-22,-69,0.7307202816009521,-0.382248074,0.1924220025539398,0.3568418323993683,0.2508616149425506,-8.931584358,-38.92782974,-46.88176346,-30.13562775,0,0
-22,-68,0.2936132848262787,0.3189641237258911,0.1548915952444076,-0.181752279,-2.951146364,-18.77914429,-61.92064667,-62.61874008,-37.76935196,0,0
-22,-58,2.952844619750977,7.040266036987305,17.7128849,32.32205581665039,19.67989921569824,20.004173278808594,12.104998588562012,20.40939712524414,-2.981800556,0,0
-22,-57,6.755021572113037,12.003149032592772,22.01805877685547,38.026519775390625,23.222612380981445,22.052339553833008,11.984703063964844,13.796502113342283,0.9238170981407166,0,0
-22,-56,7.5955681800842285,19.072202682495117,21.698625564575195,46.11041259765625,28.235740661621097,21.48930549621582,9.672225952148438,9.332794189453123,2.959506989,0,0
-22,-55,6.813502311706543,19.900815963745117,25.89953231811523,47.69880294799805,27.36763381958008,33.090423583984375,12.759130477905272,3.375180959701538,2.159208297729492,0,0
-22,-54,9.572948455810549,19.927446365356445,28.73571205,51.09355163574219,28.939945220947266,36.13008499145508,15.72939682006836,7.988679409,-2.287947178,0,0
-22,-53,10.980405807495115,15.570265769958496,25.125749588012695,51.031761169433594,20.563880920410156,36.904747009277344,15.486000061035156,3.8670830726623535,-6.031786919,0,0
-22,-52,12.72170639038086,14.687214851379396,23.966238021850582,40.61182403564453,20.19828987121582,34.72175979614258,10.039399147033691,12.597112655639648,-4.169692993,0,0
-22,-51,14.562661170959473,15.38984203338623,22.051353454589844,38.84292984008789,18.31913375854492,31.796743392944336,5.401292801,14.674787521362305,-4.29865694,0,0
-22,-50,14.711533546447754,15.790724754333496,20.89487075805664,40.66182327270508,20.996076583862305,30.255218505859375,-7.129815102,11.744284629821776,-8.315675735,0,0
-22,-49,13.302669525146484,14.919384956359863,19.589550018310547,36.07936096191406,20.863101959228516,25.039167404174805,-12.3056078,10.091742515563965,-11.80685806,0,0
-22,-48,11.95390510559082,14.169692993164062,17.90746307373047,35.59375762939453,17.260364532470703,24.512374877929688,-11.92326641,8.337703704833984,-6.402085781,0,0
-22,-47,11.79822063446045,14.195579528808594,19.366802215576172,33.46574020385742,16.264245986938477,17.271717071533203,-13.69056606,-5.077725887,-0.851428747,0,0
-22,-46,13.053549766540527,15.576672554016112,22.887697219848633,33.27055740356445,20.799394607543945,14.50586223602295,-18.49391365,14.345179557800291,-3.934873819,0,0
-22,-45,13.805028915405272,16.026119232177734,25.14209557,36.36826705932617,20.939836502075195,8.522201538085938,-4.852087498,16.98363494873047,14.00765895843506,0,0
-22,-44,10.566261291503906,12.872140884399414,18.835206985473633,32.70872116088867,14.185050010681152,-1.86558187,-10.64384747,19.90546989440918,20.689956665039062,0,0
-22,-43,6.456264972686768,11.93171501159668,15.01689338684082,29.76123047,10.038843154907228,-11.04775238,-9.191697121,11.940805435180664,23.75495719909668,0,0
-22,-42,2.908897638320923,9.478463172912598,12.352147102355955,20.659059524536133,2.360692262649536,-21.00817871,-3.196995497,5.270557403564453,19.68603516,0,0
-22,-41,0.009550459,10.436041831970217,11.896547317504885,16.394643783569336,-3.104957819,-26.06405449,-10.92250061,0.3783710300922394,14.321967124938965,0,0
-22,29,-1.878453016,3.001350164413452,0.4468771815299988,0.7587822079658508,-2.686619043,-7.912443161,-15.43894291,-7.119527817,-8.754114151,0,0
-22,30,-1.820370436,1.237239122390747,0.7775307297706604,0.8202546238899231,-3.774446487,-9.276950836,-14.92809772,-9.815110207,-13.00622559,0,0
-22,31,-1.787464023,1.329500436782837,0.6027947664260864,0.8872680068016052,-3.558109283,-6.278436184,-9.118545532,-15.10907173,-18.13074493,0,0
-21,-70,-0.12146692,-0.293726206,-0.047433726,0.3503826856613159,0.7833698987960815,-0.002280856,-3.470515966,-7.32109499,-6.554672718,0,0
-21,-69,0.5827740430831909,0.1986635774374008,0.048242003,0.4904303252696991,0.4327320754528045,-6.625136852,-37.0994072,-44.69487381,-30.79081154,0,0
-21,-68,-0.077510573,0.087518945,-0.544351935,-0.416466326,-2.685103893,-18.43128395,-63.57421112,-64.43160248,-39.12802124,0,0
-21,-58,3.7108657360076904,11.02288818359375,16.097965240478516,34.28513717651367,17.499221801757812,11.320636749267578,7.967022419,19.8807373,0.003614895,0,0
-21,-57,5.295753479003906,13.693711280822754,21.243423461914062,38.03034591674805,23.409618377685547,10.815924644470217,10.656634330749512,10.565183639526367,-0.828999102,0,0
-21,-56,5.066942215,13.967954635620115,24.53880500793457,40.018836975097656,19.09735107421875,11.14575195,16.755647659301758,6.107408524,3.790534257888794,0,0
-21,-55,8.358572006225586,16.205286026000977,27.465591430664062,40.93572998046875,20.587718963623047,12.739853858947754,7.343506336212158,-2.594295502,6.994197845458984,0,0
-21,-54,9.956639289855955,16.33811378479004,26.53611946105957,41.212459564208984,22.437883377075195,17.34752655029297,9.383333206176758,4.642299175262451,2.3083178997039795,0,0
-21,-53,11.177266120910645,15.261411666870115,26.66910743713379,41.49939727783203,25.769269943237305,20.35295295715332,8.310342788696289,4.122267723083496,0.092390314,0,0
-21,-52,11.488045692443848,15.237507820129396,22.02322769165039,35.70424270629883,20.62226676940918,19.97438621520996,4.581739426,11.78134059906006,3.5352225303649902,0,0
-21,-51,11.560362815856934,15.791075706481934,19.96389389038086,37.87714385986328,17.52249526977539,20.68216133117676,-5.388026237,0.9264981746673584,-3.166613817,0,0
-21,-50,11.267049789428713,13.931586265563965,18.90291404724121,34.72269821166992,18.75487709,18.405942916870117,-14.20316505,-0.844267428,-2.16682744,0,0
-21,-49,11.295086860656738,14.304627418518066,17.154279708862305,32.78458786010742,18.514142990112305,17.895854949951172,-18.17634201,2.6673381328582764,-11.94420052,0,0
-21,-48,10.369558334350586,13.602031707763672,16.139230728149414,30.33544922,16.90940284729004,17.575529098510742,-19.15330315,2.941596508026123,-6.690441608,0,0
-21,-47,11.359957695007324,15.83851718902588,17.388856887817383,30.570537567138672,22.918304443359375,16.22173500061035,-17.66829491,9.031967163085938,3.2910306453704834,0,0
-21,-46,9.910053253173828,12.848986625671388,16.186845779418945,26.82113265991211,15.166479110717772,14.78037929534912,-21.42887878,6.172483444213867,4.689484119415283,0,0
-21,-45,10.120121955871582,12.283805847167969,15.602631568908691,24.953290939331055,12.797951698303224,-2.388484955,-14.35277843,5.2870306968688965,9.95289135,0,0
-21,-44,7.919495105743408,11.915053367614746,16.685075759887695,23.76865005493164,10.14792537689209,-2.998127222,-7.831180573,11.283602714538574,17.090274810791016,0,0
-21,-43,4.232298374176025,9.953826904296877,13.27354335784912,21.24054527282715,5.890632629394531,-20.2878437,-8.883256912,13.57444953918457,32.927425384521484,0,0
-21,-42,2.161062717437744,9.274077415466309,10.522310256958008,16.57830238342285,1.6202619075775146,-27.25405693,-16.05124474,9.757426261901855,30.28584671020508,0,0
-21,-41,-1.010064602,9.619564056396484,7.078454494476318,12.103169441223145,-4.174413204,-34.21255875,-19.5479641,-0.397407919,21.72457695007324,0,0
-21,-40,-4.343366623,10.369146347045898,6.162230014801025,13.096693992614746,-9.903599739,-34.68864441,-18.9650135,-2.574257135,18.913232803344727,0,0
-20,-70,0.1558784693479538,-0.287327737,-0.040454783,0.4141902327537536,0.871015191,-0.332293212,-4.650006771,-8.674594879,-7.428414822,0,0
-20,-69,0.7349382042884827,0.4608542919158935,-0.039103691,0.065215655,0.6478474140167236,-6.11733532,-35.32017517,-46.155056,-33.55920029,0,0
-20,-58,4.341907501220703,11.028848648071287,15.810676574707031,29.53531265258789,14.920156478881836,9.327817916870115,-0.348609328,16.02035903930664,3.265106678009033,0,0
-20,-57,6.460509300231934,14.590575218200684,20.876108169555664,32.96708679199219,14.57751750946045,6.391498089,5.571120738983154,9.283361434936523,-0.416239798,0,0
-20,-56,7.291271209716797,12.730863571166992,23.574296951293945,31.782180786132812,16.378217697143555,2.1110758781433105,6.055861473083496,1.155671477,-3.696858406,0,0
-20,-55,8.262057304382324,14.542490005493164,23.324060440063477,34.56525421142578,14.759917259216309,-3.138600349,-1.633981705,-1.288941264,3.3427987098693848,0,0
-20,-54,9.064600944519045,15.287395477294922,23.176298141479492,37.430362701416016,13.97373867034912,1.534328818321228,-6.588842392,-7.457103252,-2.9960742,0,0
-20,-53,9.152862548828123,15.05817985534668,15.94969367980957,36.00181579589844,16.788684844970703,4.788865089416504,-6.868078709,-6.041337013,-3.125589848,0,0
-20,-52,9.213431358337402,14.960064888000488,14.240795135498049,36.05097579956055,19.705055236816406,4.530426025390625,-13.9590168,3.707324266433716,1.5956413745880127,0,0
-20,-51,8.706337928771973,13.541565895080566,13.644376754760742,34.65244674682617,17.845327377319336,4.992473602294922,-13.85617161,6.426194190979004,-0.51384753,0,0
-20,-50,8.694699287,12.316301345825195,13.50540828704834,34.08613586425781,17.834936141967773,6.549434185028076,-12.60245609,-1.073404908,-4.479735374,0,0
-20,-49,8.487609863,11.88250732421875,14.172496795654297,33.86107635498047,20.700042724609375,12.743484497070312,-14.50571156,2.3879759311676025,-6.436554432,0,0
-20,-48,8.671071053,12.33108901977539,15.048160552978516,32.71001052856445,20.10478973388672,14.29238510131836,-21.18711662,5.309895992279053,-5.2775774,0,0
-20,-47,8.072624206542969,16.49346923828125,17.92554473876953,33.72316360473633,20.16965675354004,13.62618350982666,-26.58673859,10.92368984222412,-2.657971144,0,0
-20,-46,5.747946262359619,11.694293022155762,14.81093406677246,26.51958274841309,13.451620101928713,1.6156185865402222,-24.00856018,4.420123100280762,2.2224199771881104,0,0
-20,-45,5.611169815063477,9.828001022338867,13.695837020874023,24.67426109313965,7.571298122406006,-5.313391209,-15.35764313,17.421817779541016,12.99190902709961,0,0
-20,-44,4.040368556976318,9.883847237,14.226006507873535,20.928661346435547,4.671766281,-9.946539879,-14.49924374,21.706968307495117,22.12982177734375,0,0
-20,-43,0.5670623183250427,8.362556457519531,10.127448081970217,17.906923294067383,4.668658733,-17.84466743,-19.61513138,19.72318649291992,25.88779640197754,0,0
-20,-42,-2.560270548,7.856199264526367,8.417882919311523,16.172245025634766,0.2057251036167144,-29.40461159,-9.74745369,35.17491149902344,31.12738037109375,0,0
-20,-41,-5.210824013,5.434725284576416,5.824864387512207,13.874116897583008,-5.404461861,-35.08630753,-17.40826225,22.19694709777832,29.972923278808594,0,0
-20,-40,-7.899413586,1.3624576330184937,-0.960781217,11.111592292785645,-13.16430855,-43.64439011,-19.12609673,5.872164726257324,16.54016113,0,0
-19,-70,0.1924857646226883,0.4185405969619751,-0.065624461,0.086281925,0.2713172733783722,-2.194812775,-11.45197582,-18.71475601,-14.04624081,0,0
-19,-69,1.6861225366592407,2.076064109802246,-0.099410325,-0.250066638,0.6540277600288391,-12.31551743,-48.85631561,-61.00802231,-44.18418884,0,0
-19,-68,1.0910032987594604,2.680532932281494,-1.399387836,-2.239577055,-0.561925352,-22.2801609,-61.86919022,-63.87068176,-43.7806282,0,0
-19,-58,6.944208622,11.584318161010742,17.79538345336914,29.20422744750977,15.342912673950195,6.5450921058654785,-9.980143547,16.937589645385742,0.5121741890907288,0,0
-19,-57,6.484979629516602,10.21196460723877,22.874940872192383,27.064916610717773,19.333036422729492,2.7521276473999023,-9.733032227,4.120910167694092,-0.605099738,0,0
-19,-56,6.7353010177612305,10.049901008605955,21.41647720336914,29.374483108520508,20.156328201293945,-4.472562313,-8.291485786,-9.387206078,-7.271915436,0,0
-19,-55,7.532797813415527,12.182887077331545,17.74032974243164,33.44327926635742,16.78459930419922,-7.730254173,-19.20034218,-23.40385056,-9.746232986,0,0
-19,-54,8.206805229187012,12.60876178741455,17.28163719177246,36.391117095947266,19.39487648010254,-10.83895493,-18.73872185,-24.0970993,-11.57132626,0,0
-19,-53,8.290739059448242,12.23365592956543,16.073692321777344,40.40319061279297,22.28791046142578,-5.158657074,-19.01366615,-10.91354942,-10.10087585,0,0
-19,-52,6.994543075561523,10.567569732666016,13.924546241760254,40.51787185668945,17.376890182495117,-1.632289886,-12.33937073,-6.699057102,-2.427897215,0,0
-19,-51,6.773386478424072,9.627331733703612,13.276132583618164,36.22076797485352,16.406387329101562,-6.524936199,-17.33506012,-3.852840662,4.082093238830566,0,0
-19,-50,6.400912761688232,8.176804542541504,14.80786418914795,33.70820236206055,18.35721778869629,-5.849206448,-20.17828369,4.801133632659912,-1.769541502,0,0
-19,-49,6.475385665893555,10.608501434326172,14.14306926727295,31.772998809814453,19.928956985473633,-0.209015459,-21.65499878,8.189750671386719,0.062147789,0,0
-19,-48,5.354533672332764,11.098514556884766,15.201079368591309,31.56091690063477,17.24576187133789,1.2710535526275637,-25.87717438,12.90838337,5.063546657562256,0,0
-19,-47,4.450474262237549,10.662795066833496,14.949846267700195,30.13309669494629,16.53426170349121,3.4630181789398193,-25.83616447,19.960664749145508,14.362977027893066,0,0
-19,-46,3.826450109481811,8.598267555236816,14.559565544128418,26.899747848510746,8.361290932,-4.28059721,-32.11875916,18.92407227,14.126626968383787,0,0
-19,-45,2.6779069900512695,5.879461288452148,12.357951164245604,21.779451370239254,4.626725196838379,-6.488270283,-26.99937248,20.77375030517578,13.767732620239258,0,0
-19,-44,1.2463136911392212,5.737326145172119,11.124685287475586,20.025999069213867,0.1008504182100296,-12.57501221,-26.29698944,17.99603843688965,20.04071617126465,0,0
-19,-43,-2.221498013,6.064306259155273,8.523146629333496,18.813615798950195,-3.692008972,-21.85774994,-23.41948509,26.056486129760746,27.204015731811523,0,0
-19,-42,-5.164435387,4.563346862792969,4.943282127380371,15.745180130004885,-3.984579086,-34.19854355,-9.106874466,26.80266571044922,23.58268165588379,0,0
-19,-41,-7.55902195,1.934141993522644,0.8307145237922668,12.955049514770508,-9.874329567,-39.84531784,-18.28250694,22.45526123046875,18.127941131591797,0,0
-19,-40,-8.221465111,0.2340499013662338,-1.703600883,10.63049602508545,-14.21549034,-39.69316483,-14.65382004,18.425722122192383,14.327554702758787,0,0
-18,-71,-0.634313405,0.4231158792972564,0.008907225,-0.058710162,-0.217319801,-3.000601053,-13.42205811,-17.48422241,-9.688815117,0,0
-18,-70,0.2420246303081512,2.198566198348999,-0.007182797,-1.702935815,-2.440551519,-11.58556938,-36.41534805,-46.33863449,-30.31332397,0,0
-18,-69,1.924897552,4.2507805824279785,-1.082215667,-4.749778748,-3.841397524,-26.56506538,-67.86884308,-72.34621429,-46.58885574,0,0
-18,-58,7.469417095184326,10.059823036193848,20.62887191772461,32.15294647216797,15.251558303833008,1.9736238718032837,-15.32923126,13.607309341430664,-8.148694992,0,0
-18,-57,5.971847057342529,10.053552627563477,20.22904396057129,28.40191078186035,16.17597770690918,-2.234989882,-11.44839668,0.1168776080012321,-15.2324295,0,0
-18,-56,6.176303386688232,9.952098846435549,18.77703285217285,25.16870117,16.534997940063477,-8.602208138,-20.09899521,-10.2791872,-18.32723045,0,0
-18,-55,6.046380043029785,10.345051765441896,16.895618438720703,24.471113204956055,17.73875617980957,-7.527446747,-19.92198372,-17.43439865,-21.35012817,0,0
-18,-54,6.3830461502075195,10.456177711486816,14.762928009033203,31.352144241333008,17.071269989013672,-13.5998888,-24.26036453,-17.96648979,-21.28668213,0,0
-18,-53,6.453192710876465,8.408130645751953,14.969707489013672,36.674827575683594,17.540369033813477,-11.80370998,-21.5084362,-13.33802414,-24.97517395,0,0
-18,-52,5.485798358917236,7.368153095245361,15.640358924865724,37.08269119262695,12.997476577758787,-9.407407761,-20.03334236,-6.81373167,-17.98270607,0,0
-18,-51,4.957111835479736,6.389246940612793,14.874690055847168,34.66180419921875,8.569913864135742,-3.318194151,-20.88171768,-5.657818794,-0.48296237,0,0
-18,-50,4.523594379425049,5.630797863006592,13.94370937347412,30.89609718322754,10.700949668884276,-11.0576725,-21.92648506,3.1834754943847656,-1.247615933,0,0
-18,-49,3.7053043842315674,6.455692291259766,13.224893569946287,28.233234405517575,9.827222824,-11.48656654,-23.6996479,5.3312458992004395,3.441911220550537,0,0
-18,-48,2.752145290374756,6.202599525,12.460556030273438,26.076353073120117,9.161502838134766,-2.490178823,-22.56283379,15.364709854125977,10.915325164794922,0,0
-18,-47,2.403140068054199,5.395517826080322,12.291141510009766,29.722919464111328,9.786526679992676,-7.30505991,-23.19716454,25.09955406188965,13.38967227935791,0,0
-18,-46,2.060013533,5.240463733673096,12.70655918121338,26.71160125732422,1.8883224725723269,-6.082170963,-23.39136887,25.07329368591309,16.940975189208984,0,0
-18,-45,1.0500563383102417,4.950733184814453,9.688785552978516,22.31894874572754,1.0831396579742432,-16.18179893,-24.10991287,29.77979278564453,19.11934471130371,0,0
-18,-44,-0.464478582,6.182955265045166,9.810779571533203,20.11604881286621,4.570643424987793,-17.26688576,-18.94575119,35.25758361816406,27.93642807006836,0,0
-18,-43,-4.132347584,3.203613042831421,6.584986686706543,16.753875732421875,-3.375350714,-30.07665062,-17.36689758,18.324811935424805,14.611442565917969,0,0
-18,-42,-7.162884235,0.5068804025650024,2.428215503692627,12.326545715332031,-6.908917427,-29.03712845,-10.76852989,21.960468292236328,15.125592231750488,0,0
-18,-41,-10.34200478,-2.436297178,-0.932869673,9.938933372,-12.35445976,-32.42805862,-15.76434135,23.731340408325195,16.614137649536133,0,0
-18,-40,-11.41769314,-2.020247936,-4.363801003,7.072521209716797,-19.32434654,-37.77298355,-18.86850166,13.544522285461426,7.487666606903076,0,0
-18,-39,-10.22578526,3.179351806640625,-2.49849987,5.109927654266357,-19.54810715,-34.69241714,-18.91236877,9.288685799,5.363918781280518,0,0
-17,-73,-1.144551754,-0.140296191,0.4396488070487976,0.7342661619186401,1.132594347000122,0.4874348938465118,-6.453944206,-11.49870777,-4.04821825,0,0
-17,-72,-0.915549099,0.2637635171413421,0.3614540994167328,-0.062468007,0.1647293865680694,-2.441897869,-16.14016342,-22.22814941,-5.874298573,0,0
-17,-71,-0.248163715,2.5526230335235596,0.3009378612041473,-2.855892658,-3.388433933,-10.07070732,-33.37182999,-41.45212555,-18.50800705,0,0
-17,-70,2.712718963623047,6.201126575469971,0.3091269135475158,-9.072030067,-10.08722305,-23.51038361,-61.84907532,-65.86439514,-35.52846909,0,0
-17,-69,5.341679573059082,7.620982646942139,-1.142039776,-13.27962685,-15.18867779,-20.40329552,-46.71707535,-36.07086945,-19.37400818,0,0
-17,-58,6.130315304,7.149315357208252,15.943771362304688,24.866512298583984,9.226173400878906,-5.373076439,-15.24691868,0.2821636199951172,-15.66662121,0,0
-17,-57,6.182098388671875,7.650342464447021,15.113319396972656,22.35119629,18.659896850585938,-8.358150482,-21.71484184,-4.799833298,-21.84575081,0,0
-17,-56,5.298070430755615,9.402059555053713,13.652267456054688,26.11486244,20.667877197265625,-10.24072075,-23.73461342,-14.34178638,-25.4674778,0,0
-17,-55,4.754805564880371,7.901551723480225,13.355873107910156,27.016826629638672,16.024778366088867,-7.983899593,-20.98408127,-16.09592819,-31.36204147,0,0
-17,-54,5.210060119628906,6.667153835296631,13.909208297729492,29.616071701049805,14.364628791809082,-9.07224369,-23.55882835,-24.62265778,-36.70198441,0,0
-17,-53,4.283069610595703,5.439232826,11.689213752746582,32.675559997558594,11.504549026489258,-10.92251015,-29.97985649,-11.73106194,-32.84529877,0,0
-17,-52,3.883638620376587,5.875339508056641,13.805242538452148,34.69178009033203,4.155480861663818,-14.83145428,-35.03631973,-6.664855003,-33.27390289,0,0
-17,-51,3.382479667663574,4.826689243,13.70452117919922,31.375837326049805,0.6044573783874512,-24.47899055,-35.10704422,-14.86153412,-24.77458382,0,0
-17,-50,2.711277961730957,4.885316848754883,13.147906303405762,25.929977416992188,1.6048046350479126,-20.43851089,-25.64710617,-3.991946936,-18.81557655,0,0
-17,-49,2.535818099975586,5.283006668,13.064257621765137,27.534570693969727,1.281887173652649,-20.1952858,-21.54347801,8.958759307861328,-11.04631042,0,0
-17,-48,1.979914665222168,4.945851802825928,12.79220485687256,26.780113220214844,-1.898533583,-11.01786232,-19.48862648,22.539209365844727,1.2565386295318604,0,0
-17,-47,1.2513794898986816,5.072048664093018,13.432533264160156,24.60055160522461,-0.941465318,-17.42391586,-16.30231667,33.656864166259766,9.512397766,0,0
-17,-46,0.8492158055305481,4.636451721191406,10.255008697509766,19.58374596,-2.983510256,-18.8118,-18.5713253,35.03111649,14.980178833007812,0,0
-17,-45,0.1469350159168243,4.265939712524414,11.52213191986084,18.62876319885254,-1.635316849,-16.20810127,-20.00385284,32.939388275146484,9.900914192199709,0,0
-17,-44,-0.804151595,3.137521743774414,10.714999198913574,17.227720260620117,1.7501606941223145,-21.05224037,-10.19861889,30.187973022460938,17.73461914,0,0
-17,-43,-3.769619226,1.4454139471054075,9.586785316467283,13.945589065551758,-4.108906746,-23.15723419,-9.901926994,29.46025657653809,15.641003608703612,0,0
-17,-42,-7.23791647,-1.623039246,2.464111328,9.682235717773438,-11.42994976,-28.64471626,-14.89112186,27.710561752319336,11.913923263549805,0,0
-17,-41,-10.6628027,-4.07078743,-2.448500395,7.213583946228027,-17.08118629,-35.59489441,-15.33017159,12.077803611755373,5.225114345550537,0,0
-17,-40,-12.42949867,-5.118311405,-4.186274052,3.0031843185424805,-18.43564606,-38.22037888,-21.67529106,3.571967601776123,0.5487045645713806,0,0
-17,-39,-7.619501114,-0.078533038,-2.081136465,2.7745249271392822,-19.4505558,-34.97153473,-21.25716591,-2.554139137,-0.673559129,0,0
-16,-75,-0.623325408,0.3719298541545868,0.1666794270277023,0.1631335318088531,0.6913375854492188,0.8391817808151245,-0.736491442,-0.479191512,1.7126301527023315,0,0
-16,-74,-0.812981009,0.1427154839038849,0.185616598,0.7501599192619324,0.4332274198532104,0.2450471371412277,-6.749802113,-13.06571007,-5.641299725,0,0
-16,-73,-0.619956017,1.2095515727996826,0.5051990747451782,0.3292056620121002,-2.263429403,-2.695413351,-17.38112259,-30.09939003,-12.71059036,0,0
-16,-72,0.2769099771976471,3.3037333488464355,1.5032278299331665,-2.519792557,-3.491816282,-6.010590553,-29.2960701,-42.0752182,-20.62191582,0,0
-16,-71,3.2601490020751953,5.969745159,2.121349573135376,-8.384056091,-9.825019836,-16.88670158,-48.3122406,-54.07886124,-30.17191505,0,0
-16,-70,5.107168674468994,8.154872894,-2.102780581,-21.93923569,-31.92701912,-22.48768806,-55.09254456,-45.29732513,-23.95329666,0,0
-16,-69,16.98284912109375,11.711030006408691,12.596501350402832,-7.435955048,-16.94846916,-1.740013361,-21.80146027,-7.328465939,2.4107747077941895,0,0
-16,-60,7.555797576904297,10.121898651123049,16.339269638061523,21.10906219482422,7.172360897064209,-8.270341873,-9.905605316,2.939680576324463,-9.890011787,0,0
-16,-59,6.907280921936035,9.003578186035156,14.47828197479248,20.80681610107422,10.264039993286133,-11.93689919,-14.03479099,-1.036685348,-13.12948036,0,0
-16,-58,5.052534103393555,6.628465652,14.651978492736816,20.348773956298828,11.85092544555664,-10.51342392,-20.2087307,-5.549715042,-21.76891327,0,0
-16,-57,4.061647891998291,7.087662696838379,12.298752784729004,22.374887466430664,18.165584564208984,-12.69019032,-23.35537148,-15.06989384,-25.18248177,0,0
-16,-56,3.584047794342041,7.164200305938721,11.101449966430664,22.23441696166992,18.25596618652344,-14.67387486,-21.17479897,-18.99314308,-31.95532417,0,0
-16,-55,3.471446990966797,5.633920669555664,12.485819816589355,27.24124526977539,19.788982391357425,-19.5925293,-27.93146706,-21.83525276,-36.90151978,0,0
-16,-54,3.4530110359191895,4.560805320739746,11.48908805847168,25.839244842529297,14.45847225189209,-15.80368233,-31.95603371,-20.75325203,-36.20948792,0,0
-16,-53,2.937947034835815,4.601944446563721,10.778979301452637,26.976072311401367,8.229068756103516,-14.00005054,-37.04779053,-16.30280876,-27.43316078,0,0
-16,-52,2.655470848083496,3.156339406967163,11.257720947265623,24.576324462890625,0.1344752013683319,-21.22516823,-35.70045853,-10.89891434,-30.23888206,0,0
-16,-51,1.9659279584884644,2.897815227508545,13.815048217773438,21.838367462158203,-0.991913855,-29.61129189,-33.14368439,-9.859426498,-33.59877396,0,0
-16,-50,1.5188729763031006,3.6782541275024414,12.088504791259766,22.243267059326172,-7.015628815,-37.01794815,-32.30261993,-9.040701866,-30.61684227,0,0
-16,-49,1.4678608179092407,5.111485004425049,13.505091667175291,25.950185775756836,-6.689017296,-29.79019928,-29.68972969,6.446603298187256,-22.75179291,0,0
-16,-48,1.008800745010376,5.9372334480285645,15.554132461547852,25.228559494018555,-12.03748798,-24.44068527,-29.04797173,12.02910327911377,-13.71110058,0,0
-16,-47,0.4661853611469269,5.7278008460998535,12.425413131713867,21.231027603149418,-9.600989342,-21.88086128,-14.50171661,31.56628418,10.214367866516112,0,0
-16,-46,0.105338342,4.663832187652588,11.066727638244627,18.37983512878418,-8.822315216,-26.38702774,-13.56593323,30.242469787597656,1.9558221101760864,0,0
-16,-45,0.036841452,3.4616684913635254,9.594909668,14.971460342407228,-7.366336346,-27.42507362,-16.83491707,21.824485778808594,4.978116512298584,0,0
-16,-44,-1.206611514,2.173128843307495,8.466507911682129,13.850545883178713,-7.649322987,-27.4411068,-18.43193626,26.261445999145508,11.40418529510498,0,0
-16,-43,-3.306374073,1.5301518440246582,7.038836956,12.084352493286133,-7.806388378,-25.93453217,-14.16571903,25.501550674438477,13.327563285827637,0,0
-16,-42,-6.045106411,-0.807500064,4.146697998046875,7.138186931610107,-12.12467575,-30.56639671,-10.57148457,21.508272171020508,10.900705337524414,0,0
-16,-41,-9.201256752,-4.218441486,0.5580130815505981,4.593175888061523,-13.12244034,-26.55670929,-9.779529572,14.486218452453612,7.467418670654297,0,0
-16,-40,-9.701658249,-5.616999626,-2.134833097,2.6895925998687744,-14.46765423,-35.44094086,-13.86225414,8.042987823486328,3.938869238,0,0
-16,-39,-12.77945137,-7.542452335,-5.498282909,-1.758930564,-18.58389473,-36.53325272,-13.76935577,-3.724632025,-2.361637115,0,0
-15,-76,-0.506177723,1.0545783042907717,0.3327451944351196,0.6456819176673889,0.032991052,0.3314188122749328,-1.436886072,-2.201474667,0.2073230445384979,0,0
-15,-75,-0.614015937,0.59535867,0.3350770473480224,1.1113946437835691,0.9302610158920288,2.490677833557129,-4.753407955,-8.826021194,0.8644185662269592,0,0
-15,-74,0.5319288372993469,2.150868654251098,1.6244401931762695,0.366355687,-1.958252668,-0.29026106,-11.41486549,-21.93464279,-8.022200584,0,0
-15,-73,4.374312877655029,4.903290271759033,5.218735218048096,-8.885213852,-15.65859604,-15.13520145,-27.01043701,-46.02391434,-36.06368637,0,0
-15,-72,5.8301215171813965,6.244904995,4.235560417175293,-17.21944427,-27.62273026,-20.92230225,-40.65346909,-50.80453873,-40.38179398,0,0
-15,-71,8.924782752990723,8.229421615600586,3.882776498794556,-22.40204048,-37.9996376,-22.23467255,-44.05922318,-45.53442001,-35.80736542,0,0
-15,-70,12.982370376586914,12.364795684814451,5.882840633392334,-22.88813591,-44.60112762,-16.42804337,-33.00172806,-28.06488991,-19.97531128,0,0
-15,-69,19.58022117614746,18.175670623779297,28.310720443725582,12.791638374328612,3.9676401615142822,8.184610366821289,1.4765286445617676,11.61485481262207,29.12658691,0,0
-15,-61,7.220573902130127,8.973918914794922,16.05169105529785,11.530903816223145,8.506771087646484,-12.47604561,-17.33894348,-14.50776577,-15.08810997,0,0
-15,-60,6.611489295959473,8.879869461,17.031719207763672,15.69884967803955,10.930001258850098,-18.8820591,-17.98754501,-18.83892822,-22.63345337,0,0
-15,-59,5.925779342651367,9.355026245117188,15.367918968200684,18.015640258789062,12.452425003051758,-17.16075516,-21.18829727,-16.52697754,-20.64920998,0,0
-15,-58,3.945362091064453,6.921843052,13.704824447631836,19.285621643066406,10.49780273,-14.60655308,-25.55334663,-21.54074669,-20.9120121,0,0
-15,-57,2.709570885,6.173018932342529,13.128870010375977,21.03140640258789,13.14666462,-18.83124733,-32.65089417,-24.29802513,-28.81218719,0,0
-15,-56,2.633026599884033,5.456158638000488,13.004103660583496,24.39201545715332,13.87780475616455,-15.62101173,-35.63851929,-30.37678337,-31.85372734,0,0
-15,-55,2.4139392375946045,5.810426712036133,13.050049781799316,28.051334381103516,8.800177574157715,-21.87244415,-37.89061737,-26.59646416,-37.84026718,0,0
-15,-54,2.1691579818725586,5.876171588897705,13.897428512573242,27.183799743652344,3.609614372253418,-23.40961266,-39.55737305,-24.82872009,-30.01237297,0,0
-15,-53,1.8187651634216309,4.387495517730713,11.211185455322266,23.864362716674805,6.102666378,-21.65834808,-41.46387863,-23.78050995,-22.70930099,0,0
-15,-52,1.4337592124938965,2.745859384536743,10.808810234069824,22.862308502197266,3.3798811435699463,-23.49575806,-37.38389206,-21.6095829,-25.45520401,0,0
-15,-51,1.2408610582351685,1.881962299346924,10.150683403015137,18.807504653930664,-3.836521149,-29.20208931,-35.17785645,-21.39286232,-27.67498398,0,0
-15,-50,1.3604212999343872,3.899862289428711,11.490395545959473,19.52739524841309,-5.460372448,-33.30845642,-34.28741455,-5.859107971,-33.43996811,0,0
-15,-49,1.1588094234466553,4.043145656585693,11.799032211303713,20.42818260192871,-6.517301559,-28.67760658,-34.02378464,2.6546313762664795,-23.0510025,0,0
-15,-48,0.6459842920303345,5.059504032,13.152403831481934,19.40807723999023,-8.313446045,-24.45840454,-32.01657867,0.5867858529090881,-12.83104992,0,0
-15,-47,0.040751304,4.2072296142578125,11.097895622253418,19.827253341674805,-10.3290329,-19.14206505,-23.94530296,22.534883499145508,-3.211933136,0,0
-15,-46,-0.098932303,3.932450294494629,8.754992485046387,16.73716163635254,-13.49600029,-25.68207359,-26.02329636,26.020036697387695,-1.441454411,0,0
-15,-45,-0.293512672,2.763254165649414,6.793639659881592,14.847346305847168,-10.13034725,-31.67408943,-19.05151176,24.366802215576172,5.108644485473633,0,0
-15,-44,-0.969155908,1.603418469429016,5.855119228363037,11.475042343139648,-8.337962151,-28.34019852,-20.72089958,20.975061416625977,9.579856872558594,0,0
-15,-43,-1.830993056,0.475638747,5.546308517456055,8.993159294128418,-9.447031975,-23.19049072,-16.52675819,20.934633255004883,10.06999683380127,0,0
-15,-42,-3.763264894,-0.558225214,5.393361568450928,7.038517475128174,-11.24961281,-26.90787888,-9.479786873,19.57895851135254,8.941050529,0,0
-15,-41,-9.069141388,-6.360648632,-0.775769174,3.8826074600219727,-13.33963203,-25.91465569,-10.21360397,6.596102714538574,1.8716102838516235,0,0
-15,-40,-12.06630707,-9.450152397,-4.641626835,-1.280997872,-15.71003819,-29.7404213,-14.52093124,-4.600237846,-8.589812279,0,0
-15,-39,-12.84142399,-9.932383537,-6.452516556,-2.735289812,-17.42526627,-33.64350891,-15.18122387,-10.17849255,-8.748806,0,0
-14,-76,-0.439031243,0.8837177157402039,1.1621441841125488,0.7243900299072266,1.6881170272827148,1.8133271932601929,1.0907132625579834,3.853550672531128,7.211300849914551,0,0
-14,-75,0.3878780901432037,2.214226722717285,3.677023172,0.074237995,-0.225359187,2.931277275085449,7.989333152770996,16.711828231811523,30.12201499938965,0,0
-14,-74,5.7016730308532715,4.354306221008301,6.508734703063965,-5.511086464,-7.820390224,-1.056295037,4.565657615661621,5.449146747589111,5.454211711883545,0,0
-14,-73,10.64719009399414,7.574087142944336,11.086803436279297,-14.30897617,-31.72517967,-19.40480995,-22.45782852,-27.32912445,-20.76419449,0,0
-14,-72,15.236394882202148,13.15351104736328,18.947336196899418,-17.45858002,-43.80897141,-27.31341553,-24.9842186,-23.67823982,-17.70652962,0,0
-14,-71,22.128198623657227,23.129976272583008,35.05574417114258,-4.086978436,-10.05385494,6.821994781494141,19.30152702331543,30.647964477539062,21.352718353271484,0,0
-14,-70,25.744110107421875,33.64425277709961,63.76191711425781,37.62331008911133,44.86299133300781,26.516695022583008,38.937652587890625,29.687543869018555,28.03893471,0,0
-14,-69,20.18128776550293,53.221702575683594,72.93872833251953,63.49816895,43.379600524902344,18.49231529,0.5092235207557678,-24.34133339,10.794443130493164,0,0
-14,-62,5.789604663848877,9.578415870666504,15.18142795562744,9.527016639709473,3.0389420986175537,-12.45560551,-19.1328125,-19.39051056,-15.80392075,0,0
-14,-61,5.021986961364746,8.469268798828125,15.135525703430176,11.357461929321287,3.7861685752868657,-14.81414413,-32.44587708,-35.64194489,-30.38018227,0,0
-14,-60,4.148633957,8.237211227416992,16.79610252380371,15.50238323,6.080122947692871,-20.15517616,-34.39981842,-34.35388947,-34.34090042,0,0
-14,-59,2.426898956298828,7.332134246826172,14.76502513885498,16.581884384155273,2.3629534244537354,-27.95161247,-42.57174683,-44.00509262,-33.67097473,0,0
-14,-58,2.348123788833618,6.801433563232422,14.648921966552734,19.15082740783691,3.9028353691101074,-24.51900673,-36.064785,-38.94464874,-22.97359085,0,0
-14,-57,2.607114315032959,5.864216327667236,13.648956298828123,23.26009750366211,7.259524822235107,-20.94693947,-29.69346619,-28.92764473,-23.11423874,0,0
-14,-56,2.487987518310547,4.833415985107422,13.009932518005373,20.676319122314453,8.898707389831543,-16.90760612,-36.16184998,-26.48152161,-25.85994911,0,0
-14,-55,1.7213315963745115,4.511473655700684,12.798643112182615,23.51825714111328,6.132728099822998,-16.76503563,-38.71281815,-29.90285683,-31.19498825,0,0
-14,-54,1.697839379310608,4.118237018585205,13.306139945983888,22.373966217041016,-0.380312949,-23.032547,-44.45982361,-27.2774353,-27.26063156,0,0
-14,-53,1.8010421991348269,3.039265394210815,14.354371070861816,21.895233154296875,-2.283218622,-32.64008713,-52.30258942,-32.54454041,-25.62912941,0,0
-14,-52,1.462283492088318,2.338273286819458,11.624334335327148,20.03063393,-0.627016068,-28.97192001,-46.50761032,-30.3677578,-31.46192169,0,0
-14,-51,1.651191473007202,2.618659257888794,11.253084182739258,17.403095245361328,-2.042632103,-33.61966324,-53.07172394,-21.7093029,-33.86280823,0,0
-14,-50,1.403411865234375,2.8745977878570557,10.446088790893556,16.86687469482422,-2.740859509,-26.98316574,-43.96984482,-16.09594154,-33.0732193,0,0
-14,-49,1.0085934400558472,3.170219898223877,11.2500639,17.794240951538086,-8.711632729,-28.56307411,-41.72569656,-18.15437126,-27.93524933,0,0
-14,-48,0.5976254940032959,3.610116958618164,9.190294266,15.180607795715332,-14.33940601,-29.61672211,-44.32121658,-18.19412804,-26.55225945,0,0
-14,-47,0.1253517568111419,3.658684968948364,8.274173736572266,14.389360427856444,-17.39165115,-24.98246384,-39.68891144,-0.401287317,-16.44873619,0,0
-14,-46,0.3278129696846008,3.1726112365722656,7.500840663909912,14.965678215026855,-14.86501312,-27.64425659,-31.94233894,10.254745483398438,-13.79561615,0,0
-14,-45,-0.013425107,2.085655212402344,7.170254707336426,14.092267036437988,-8.645232201,-30.65377426,-25.06710052,14.251900672912598,-2.605078697,0,0
-14,-44,-0.291943192,0.8723139762878418,6.066206932067871,9.870107650756836,-8.383522987,-30.63430786,-28.16833687,10.413422584533691,1.0923733711242676,0,0
-14,-43,-1.046046615,-0.24527441,5.460543155670166,7.027354717254639,-6.487224102,-26.31495285,-17.08346176,11.260377883911133,8.039873123168945,0,0
-14,-42,-3.12679863,-1.580627561,2.9922397136688232,3.899057388305664,-7.103855133,-23.69927216,-12.91830349,11.154562950134276,5.595432281494141,0,0
-14,-41,-4.388731956,-2.563995123,0.3797033429145813,0.7862803936004639,-10.86407375,-22.04702568,-9.551055908,2.500164509,-0.828859091,0,0
-14,-40,-10.33742237,-10.97109413,-7.855228901,-6.430049419,-16.7536602,-32.79000092,-13.05012321,-7.612132549,-10.54560852,0,0
-14,-39,-12.14991379,-11.83113766,-8.726670265,-8.061442375,-16.01678276,-31.21067619,-11.69128036,-8.259204865,-17.10190582,0,0
-13,-77,-0.179390118,0.9914604425430298,1.9408018589019775,1.1513147354125977,-0.880975783,3.9798405170440674,5.009052753448486,8.004638672,11.783928871154783,0,0
-13,-76,-0.376918495,1.7296960353851318,5.058049679,-0.301702917,-5.986314774,7.581943511962891,21.86529541015625,33.40657424926758,41.07497787475586,0,0
-13,-75,8.548551559448242,1.9130353927612305,7.140960216522217,-5.998890877,-8.285997391,10.474526405334473,35.97719192504883,46.755165100097656,41.94212723,0,0
-13,-74,-0.227464944,-4.178892136,5.45828104,0.83163929,-12.0159874,6.639283180236816,17.946321487426758,16.19097328186035,13.17224407196045,0,0
-13,-73,-6.894248009,6.515265941619873,25.855144500732425,18.40616226196289,15.611151695251465,19.711759567260746,18.611249923706055,14.344051361083984,14.435152053833008,0,0
-13,-72,9.318990707,19.859373092651367,38.316429138183594,26.013935089111328,25.34534264,20.366527557373047,36.27180480957031,25.84924316,21.465362548828125,0,0
-13,-71,0.018886393,23.17384147644043,48.97070313,34.56395721435547,36.162567138671875,9.121068000793455,24.20271873474121,25.267244338989254,0.7531366348266602,0,0
-13,-70,2.9894888401031494,18.82872963,31.620851516723633,16.473033905029297,19.153276443481445,-9.241965294,2.485452175140381,-7.490532875,-4.946388245,0,0
-13,-69,4.8944315910339355,15.85732078552246,18.106842041015625,4.015073299407959,13.85017204284668,-19.46775627,-0.917190254,-10.04943848,1.3685801029205322,0,0
-13,-64,8.727033615112305,11.30479335784912,13.878899574279783,7.276547431945801,-0.740220189,-6.312151432,-6.039444923,-15.43684959,-7.052888393,0,0
-13,-63,7.599859714508057,8.167689323425293,15.412064552307127,3.830453634262085,-2.712753534,-7.45410347,-20.53482819,-23.79378891,-8.713609695,0,0
-13,-62,4.482403278,7.200837135314941,13.447171211242676,7.390700817108154,-3.652338266,-13.60308743,-28.13211823,-31.41799164,-25.1808548,0,0
-13,-61,3.5579888820648193,7.682772636413574,15.747650146484377,13.232135772705078,-0.651303709,-19.42959213,-36.40034866,-43.04124832,-32.61489487,0,0
-13,-60,3.5974576473236084,8.212722778320312,14.86197280883789,17.200838088989258,4.637136936187744,-22.57551956,-41.34394836,-46.70949554,-29.14571762,0,0
-13,-59,3.615678071975708,6.629184722900391,14.452147483825684,17.438518524169922,1.5251895189285278,-21.28561783,-45.51137924,-46.92670059,-31.89778328,0,0
-13,-58,2.6278998851776123,4.760182857513428,14.344005584716797,18.89850425720215,-2.753310442,-29.42012405,-45.33427811,-43.71764755,-35.71536255,0,0
-13,-57,3.3820223808288574,4.100444793701172,14.109051704406738,20.57520294189453,-3.658065319,-27.26268387,-46.89245224,-45.09750366,-37.98608017,0,0
-13,-56,2.005521059036255,3.3565986156463623,13.089313507080078,22.564680099487305,0.9796478748321532,-24.22698021,-54.24577332,-45.15460968,-40.63803482,0,0
-13,-55,1.6312034130096436,3.184546471,12.03261947631836,20.46279525756836,-2.678514481,-20.18920326,-55.080616,-40.35369492,-41.56463623,0,0
-13,-54,1.5566644668579102,2.8455588817596436,11.924519538879396,17.102632522583008,-5.59862566,-20.06793785,-56.31981659,-38.58731842,-35.25955582,0,0
-13,-53,1.6781818866729736,2.5164079666137695,13.769855499267578,20.036752700805664,-4.427736759,-32.54059601,-61.8118248,-41.63440323,-40.40944672,0,0
-13,-52,1.672396183013916,2.733293294906616,11.242450714111328,19.258892059326172,-7.212983608,-30.53426933,-58.12400818,-35.64722443,-34.19823456,0,0
-13,-51,2.1367831230163574,3.39805007,11.023690223693848,17.313121795654297,-8.435898781,-33.51238251,-67.9538269,-41.28059006,-37.38870621,0,0
-13,-50,1.2578847408294678,2.4402313232421875,9.301297187805176,17.54555892944336,-8.587285995,-27.98373604,-58.39544678,-37.34519958,-36.64279938,0,0
-13,-49,1.0064382553100586,2.5797603130340576,9.376330375671388,17.324962615966797,-12.76489067,-31.7033844,-57.18147278,-37.44202423,-38.2206192,0,0
-13,-48,0.7925665378570557,2.859578847885132,10.708195686340332,16.35635757446289,-17.29658508,-34.33330536,-58.57435226,-36.0279808,-37.6238327,0,0
-13,-47,0.818131149,2.0992014408111572,7.226747989654541,14.631013870239258,-17.74148941,-34.37334442,-54.34464264,-26.37563705,-30.71911049,0,0
-13,-46,1.181138515472412,2.5069451332092285,7.3693342208862305,12.522143363952637,-12.78996563,-28.9191227,-43.26189423,-11.77770996,-24.6597805,0,0
-13,-45,1.039057374000549,1.8842904567718504,7.928598880767822,11.17337131500244,-6.470934391,-30.13250351,-31.18638229,4.107346534729004,-16.83000374,0,0
-13,-44,0.5455548167228699,0.9948036670684814,6.752838134765625,5.493611812591553,-6.937693119,-30.23822784,-26.85954857,1.1080831289291382,-11.08238506,0,0
-13,-43,-0.545237601,-0.225913286,3.545552968978882,3.8636295795440674,-5.926613331,-25.83668518,-18.01423836,-0.229621217,-0.49887225,0,0
-13,-42,-3.255511284,-2.909065962,1.2361924648284912,1.5265361070632937,-4.674118996,-16.56813431,-7.071804523,0.6267073154449463,5.258314133,0,0
-13,-41,-4.21523571,-3.520304441,-0.016029021,-0.631763339,-7.123951435,-19.73249626,-9.041742325,-4.18028307,1.0288885831832886,0,0
-13,-40,-5.352496624,-11.26131821,-8.172035217,-8.829195023,-14.70454884,-28.31145096,-13.05170441,-11.76554108,-8.315279961,0,0
-13,-39,-5.723967075,-14.08656979,-13.12583828,-10.89330482,-13.68241501,-26.99804115,-8.15877533,-9.348297119,-18.64726257,0,0
-13,-38,-9.721858978,-12.14723873,-13.99121284,-9.748035431,-13.98852634,-24.13012123,-7.396790504,-10.93165874,-25.68722534,0,0
-12,-77,-0.159224346,0.6762874126434326,3.694439411,4.741755009,9.752598762512209,20.52866554260254,26.926677703857425,37.11530685424805,36.07472229003906,0,0
-12,-76,0.6128097176551819,-2.672407389,0.1960042715072631,-9.975913048,-19.82602501,10.979761123657228,29.988466262817383,51.903507232666016,50.50776672363281,0,0
-12,-75,14.790575981140137,3.097743511199951,10.059747695922852,11.565000534057615,6.050355911254883,47.51693344116211,77.28206634521484,69.73118591308594,44.27130889892578,0,0
-12,-74,9.334650993347168,7.785912990570068,17.97514533996582,15.601497650146484,15.120648384094238,11.76394271850586,26.771215438842773,-4.987483025,-5.245983601,0,0
-12,-73,13.412508010864258,10.880399703979492,22.391742706298828,15.19034481048584,31.892240524291992,-6.203508854,-10.24777031,-33.9620285,-21.05746269,0,0
-12,-72,-0.591017902,7.989271640777588,17.577075958251953,15.868082046508787,33.66253662109375,-6.260247231,0.2035318911075592,-15.87543392,-9.095006943,0,0
-12,-71,3.554215908050537,13.421241760253906,13.34232234954834,6.454095840454102,23.992013931274418,-19.28535843,6.073495864868164,0.4962315857410431,-4.00274229,0,0
-12,-70,8.679895401000977,13.20400619506836,8.992844581604004,-6.703321457,0.82195276,-20.75745773,8.908990859985352,2.383921384811402,-6.281994343,0,0
-12,-69,10.840897560119627,14.63317584991455,10.40375042,-6.047483921,-4.752295971,-19.68787003,-2.76625967,-4.435796738,-12.96065807,0,0
-12,-65,7.293015956878662,9.932462692260742,11.535237312316896,3.5879127979278564,-8.515375137,-13.2559433,-18.40268707,-15.85893059,-8.19781971,0,0
-12,-64,8.110326766967773,9.663228989,12.453808784484863,7.238123416900635,-7.136552811,-17.66779327,-16.97408676,-21.18236732,-15.44884014,0,0
-12,-63,6.0024285316467285,8.052308082580566,13.262317657470703,5.800197601318359,-10.33301067,-19.67841911,-29.48725891,-25.97555542,-20.0815239,0,0
-12,-62,4.539476395,8.411532402038574,16.892274856567383,8.097633361816406,-6.012281418,-22.16913033,-41.61876297,-34.44313049,-30.19638443,0,0
-12,-61,2.3499813079833984,7.667346000671387,14.58453369140625,10.444435119628906,-0.525454938,-26.15258789,-43.16602325,-49.07167053,-33.62507629,0,0
-12,-60,2.7268009185791016,7.870926380157471,16.037540435791016,15.11633586883545,-3.557486296,-29.41982651,-48.73729706,-51.61697006,-33.52108383,0,0
-12,-59,4.111068248748779,6.940475940704346,16.448022842407227,15.584793090820312,-3.159430265,-23.2812767,-43.38976669,-47.93399429,-39.22077942,0,0
-12,-58,2.7159006595611572,4.908652305603027,17.712024688720703,17.762054443359375,-11.78143692,-30.43904114,-58.23911667,-48.72481155,-50.91043091,0,0
-12,-57,3.568278551101685,4.887273312,14.91844654083252,15.50770092010498,-6.159519672,-24.99211311,-58.48058701,-50.54896927,-49.68978882,0,0
-12,-56,2.060288667678833,4.621578216552734,15.134268760681152,20.045320510864254,-5.394380569,-25.19968033,-60.18701935,-53.81792831,-52.48616791,0,0
-12,-55,1.0458310842514038,3.522549867630005,13.862661361694336,14.30704402923584,-6.200370789,-25.43910217,-59.20169067,-45.1912117,-45.25230789,0,0
-12,-54,1.5450934171676636,2.947399139404297,12.844202995300291,15.211166381835938,-8.714962959,-28.58227158,-66.1558075,-49.89831543,-44.99053574,0,0
-12,-53,1.5218654870986938,2.6665380001068115,13.87152099609375,16.523971557617188,-8.470741272,-30.71271896,-68.51128387,-50.10547638,-47.96470642,0,0
-12,-52,1.9549155235290527,2.9481451511383057,13.37901782989502,14.59296703338623,-11.25351524,-36.56346893,-70.03058624,-52.17335892,-51.00138092,0,0
-12,-51,1.7903847694396973,2.651939868927002,14.408758163452148,17.327192306518555,-11.99977589,-31.11161041,-71.32683563,-44.79708481,-47.23102951,0,0
-12,-50,1.5854002237319946,2.4468836784362793,10.67328167,16.908733367919922,-13.90458107,-33.16936493,-69.19516754,-51.91110611,-47.82927322,0,0
-12,-49,1.2727110385894775,2.424933671951294,9.826282501220703,17.421993255615234,-20.70329094,-38.40932846,-69.40132904,-54.17447662,-52.41909409,0,0
-12,-48,1.4671074151992798,2.650486469268799,8.873750686645508,12.885921478271484,-20.0809269,-38.6594696,-66.27799225,-59.88323212,-51.04803085,0,0
-12,-47,1.4424076080322266,2.237276554107666,7.1222734451293945,10.755820274353027,-18.7271862,-39.08671188,-59.23758698,-48.04850769,-44.16536713,0,0
-12,-46,1.4189283847808838,2.3560516834259033,7.510581016540527,9.730783462524414,-10.80518818,-38.91500854,-47.78904343,-33.71317291,-39.79958725,0,0
-12,-45,1.4160655736923218,1.7023675441741943,7.133448123931885,5.854251861572266,-10.69147778,-33.91069031,-37.84781265,-14.80502129,-31.8984108,0,0
-12,-44,1.1325610876083374,1.6087167263031006,5.418425559997559,3.1879312992095947,-12.63715839,-30.37547493,-29.746912,-12.75271797,-22.21723938,0,0
-12,-43,0.4261684715747833,0.5959993600845337,3.0073630809783936,1.7960859537124634,-7.996006966,-26.27894974,-21.40394402,-14.25734138,-11.05637169,0,0
-12,-42,-1.688077211,-2.367536783,0.5032199621200562,-0.621501505,-5.741274357,-20.96622658,-13.1121645,-7.1396451,-5.051231384,0,0
-12,-41,-2.042345524,-7.2822299,-5.707591534,-4.898366928,-8.471157074,-21.01810837,-12.26685238,-9.042803764,-7.54210186,0,0
-12,-40,0.6382535099983215,-8.056210518,-6.353877544,-6.052268982,-11.00593376,-20.94859505,-9.528001785,-7.629679203,-14.63016033,0,0
-12,-39,-5.917812347,-15.97430515,-15.19629574,-10.56249237,-15.24236679,-23.80898285,-10.63641071,-15.21092987,-25.23939896,0,0
-12,-38,-12.08872604,-16.73524094,-17.62005997,-8.243182182,-14.70231056,-21.60389519,-7.348309517,-16.94044685,-28.50906754,0,0
-12,-37,-9.334620476,-11.49624634,-13.99987698,-4.050024033,-11.99684715,-15.6729908,-3.68806386,-12.83752537,-24.67023468,0,0
-11,-78,-1.382967353,0.178041935,2.9872477054595947,8.959758758544922,14.176173210144045,23.382314682006836,29.187238693237305,29.28229522705078,22.476577758789062,0,0
-11,-77,-1.424630284,0.7533962726593018,3.271620273590088,8.463029861450195,13.87864875793457,34.92182540893555,45.410865783691406,56.66781234741211,57.09527969360352,0,0
-11,-76,10.086126327514648,-0.351579815,0.2488234490156173,1.9959560632705688,-5.831978798,43.59869384765625,59.71226501464844,62.97856521606445,34.07770919799805,0,0
-11,-75,1.472664713859558,8.269074440002441,23.26201820373535,46.707794189453125,47.43074798583984,43.63375473022461,45.92263412475586,-0.610231876,-15.95811462,0,0
-11,-74,7.747409820556641,6.8806843757629395,13.021164894104004,12.434788703918455,19.81075859069824,-3.916382074,-7.831768036,-41.81625366,-41.52584457,0,0
-11,-73,8.873669624328613,8.494224548339844,8.889878273010254,-3.675308704,10.172036170959473,-25.45342255,-21.57585716,-36.84010315,-36.00669479,0,0
-11,-72,4.687873363494873,10.58588695526123,9.405281066894531,-1.584147692,13.684816360473633,-12.62415981,8.333474159240723,-7.481355667,-11.64055824,0,0
-11,-71,14.637089729309082,17.53441047668457,14.654569625854492,-2.147315979,2.080291271209717,-24.70646286,3.389996052,-0.517276704,-7.008410454,0,0
-11,-70,8.122421264648438,13.959443092346191,10.41250991821289,-7.270316124,-9.05057621,-27.59254456,-6.561269283,-4.368864059,-10.78251553,0,0
-11,-69,11.177751541137695,15.594470977783203,12.098433494567873,-3.679124355,-7.912761688,-21.15179062,-16.84809113,-12.21437073,-11.96589756,0,0
-11,-68,10.538419723510742,14.317105293273926,9.912934303283691,0.5890481472015381,-12.0569315,-19.37316322,-20.40226364,-23.09514999,-15.12663651,0,0
-11,-65,12.03113079071045,11.865697860717772,11.842093467712402,-0.322517604,-11.15071678,-22.92848969,-36.67309189,-29.35477066,-18.45605469,0,0
-11,-64,9.645779609680176,10.115339279174805,13.381999969482422,3.6739563941955566,-11.36101055,-24.19247246,-34.40270615,-36.37738037,-22.38174248,0,0
-11,-63,8.214085578918457,9.618424416,13.896926879882812,6.3274431228637695,-12.45662689,-29.35245514,-42.62952423,-43.28403854,-28.29591942,0,0
-11,-62,5.352753639221191,9.243798256,13.542617797851562,5.961092948913574,-9.578997612,-30.71168327,-48.08637238,-50.7859726,-36.63260269,0,0
-11,-61,2.9436779022216797,9.723409653,14.284186363220217,6.6845011711120605,-8.91927433,-34.03196335,-53.31349182,-57.61337662,-46.10015869,0,0
-11,-60,4.503947734832764,7.922730445861816,15.876994132995604,10.033687591552734,-12.14187336,-40.12892532,-62.13179016,-58.48277664,-49.6124649,0,0
-11,-59,3.418280601501465,8.489915848,16.86450768,9.492693901062012,-12.59100819,-31.99452782,-59.50585175,-53.34197617,-57.33625031,0,0
-11,-58,2.6280100345611572,7.572422981262207,17.209247589111328,12.840773582458496,-14.71701908,-28.72543335,-58.86334229,-67.61745453,-68.86343384,0,0
-11,-57,2.457698106765747,7.289780616760254,17.794944763183594,9.674032211303713,-17.49653244,-35.15355682,-67.75083923,-66.80658722,-70.34607697,0,0
-11,-56,1.2304296493530271,6.054378986358643,15.63507843017578,8.804186820983887,-11.80387306,-39.49521255,-74.75681305,-67.81988525,-67.37900543,0,0
-11,-55,0.9056565165519714,4.403807163238525,14.870052337646484,11.047624588012695,-10.7629118,-39.36294174,-72.04268646,-55.7342186,-56.6845932,0,0
-11,-54,1.932171940803528,4.021874904632568,14.30125617980957,12.424939155578612,-11.79159927,-36.15626144,-66.07234955,-51.96090317,-50.55254364,0,0
-11,-53,0.9634612798690796,3.3713748455047607,15.012054443359377,13.409085273742676,-9.746732712,-37.48364639,-71.94483185,-52.77053833,-53.66297913,0,0
-11,-52,2.254498005,3.444841146469116,12.932177543640137,12.619390487670898,-15.66878414,-41.96266174,-78.8265686,-63.90245056,-59.28055573,0,0
-11,-51,2.3393023014068604,3.358020305633545,12.596476554870604,16.385684967041016,-21.15303802,-37.04708099,-77.12265778,-59.5100174,-51.19343567,0,0
-11,-50,2.139779567718506,3.050426959991455,11.49875259399414,16.161964416503906,-23.27427101,-39.08629608,-81.24307251,-66.92636871,-62.07660675,0,0
-11,-49,1.7229321002960205,2.6238932609558105,10.758617401123049,13.53594207763672,-22.68161774,-40.12257004,-73.14710999,-70.27876282,-63.19244766,0,0
-11,-48,1.4821044206619265,2.5251290798187256,9.300354004,11.181758880615234,-21.26706696,-41.96960068,-72.02528381,-75.28508759,-64.56808472,0,0
-11,-47,1.511260986328125,2.010815143585205,7.180253028869629,8.76762867,-19.41676331,-48.33459091,-65.93286896,-64.28000641,-56.16272736,0,0
-11,-46,1.8078019618988037,1.927190899848938,6.6147089,7.510393142700195,-14.88463497,-46.01538849,-59.93636322,-49.32609558,-49.48758698,0,0
-11,-45,1.8688701391220093,1.444813251495361,6.368823528289795,3.3944106101989746,-16.10382652,-44.71177292,-48.46926498,-33.37072372,-37.68994141,0,0
-11,-44,1.8034740686416624,1.5011309385299685,4.880176067352295,1.7128764390945437,-14.46612072,-38.97206879,-40.26131821,-30.00305367,-31.63978958,0,0
-11,-43,1.193382740020752,1.0834064483642578,3.4328904151916504,0.3471130132675171,-9.745479584,-33.00550079,-31.63685989,-27.33180237,-26.78729248,0,0
-11,-42,0.3531692624092102,-0.48836571,1.0395517349243164,-0.957440078,-6.44879961,-25.4840889,-21.32666206,-21.00489998,-19.91587639,0,0
-11,-41,-2.171489,-5.538413048,-3.26969099,-3.488767624,-7.530928135,-21.5790844,-16.88910866,-18.66332054,-21.88298988,0,0
-11,-40,0.228009894,-6.718990803,-5.178412437,-4.157042027,-9.585556984,-18.91263962,-11.98704815,-15.80253506,-20.63438416,0,0
-11,-39,-0.097399548,-10.26974773,-8.371985435,-6.536159039,-11.84002018,-17.38258171,-7.967599869,-13.45739269,-23.54686928,0,0
-11,-38,-8.789152145,-14.52970791,-14.88958359,-7.356741428,-14.2489357,-17.95988464,-6.953699112,-18.66693687,-28.06176567,0,0
-11,-37,-10.79433155,-10.93699741,-11.5566082,-5.031010628,-11.86793518,-13.11769962,-1.271766186,-15.98329353,-22.50923347,0,0
-11,-36,-15.22182083,-11.57350445,-10.81330872,-3.902361155,-11.71278381,-10.96635056,-2.560796499,-18.45062828,-25.37994957,0,0
-11,122,-18.35009956,-7.315582275,-3.768664122,-4.743096828,-15.74920177,-49.25556564,-95.85302734,-82.49196625,-74.27765656,0,0
-11,123,-15.36558723,-5.758960247,-2.907988548,-3.785084963,-14.02901459,-47.61864471,-97.36873627,-74.78618622,-72.22843933,0,0
-10,-78,-4.345285416,-1.069611549,1.2052417993545532,14.213567733764648,23.806591033935547,36.13480758666992,42.649776458740234,48.32355117797851,41.495601654052734,0,0
-10,-77,3.1710450649261475,-1.2860744,-4.259805679,3.462148427963257,4.718601226806641,30.82278823852539,34.31721496582031,38.79199981689453,29.01205062866211,0,0
-10,-76,12.197425842285156,0.4296472370624542,-6.439867496,11.15339469909668,17.044973373413086,51.22365188598633,51.192020416259766,24.584806442260746,10.686058044433594,0,0
-10,-75,8.349028587341309,8.333913803100586,9.625536918640137,7.975437641143799,27.23693466186523,14.132853507995604,9.384077072143556,-32.60242081,-39.26780701,0,0
-10,-74,9.492807388305664,3.3024072647094727,1.6139857769012451,-9.870036125,1.470187783241272,-19.48645782,-11.26664066,-29.91303635,-38.71456528,0,0
-10,-73,11.733756065368652,14.127922058105469,9.182593346,-11.66312122,-11.36682796,-26.00808334,1.824519157409668,-17.21499443,-26.49985695,0,0
-10,-72,9.269451141357422,13.199122428894045,15.358810424804688,-0.126925617,-6.561863422,-12.44643879,18.50324821472168,-7.56217289,-10.82004929,0,0
-10,-71,8.279050827026367,10.828376770019531,11.189245223999023,-4.38749218,-18.73809433,-23.11159134,0.028540269,-13.99539375,-17.43137932,0,0
-10,-70,7.558957576751709,11.20837688446045,10.416815757751465,-4.08532238,-21.293396,-31.96948242,-16.14481163,-21.63832283,-15.74518871,0,0
-10,-69,11.188081741333008,18.106372833251953,16.505355834960938,1.7889500856399536,-15.82385349,-20.97255707,-16.96356583,-26.9224472,-8.75302887,0,0
-10,-68,10.256148338317873,14.247875213623049,10.012168884277344,3.8862051963806152,-16.54419708,-16.31130028,-25.49939156,-37.0056076,-14.88181019,0,0
-10,-67,9.348782539367676,10.681045532226562,7.1221232414245605,-1.98214829,-13.25882626,-21.11176109,-36.35829926,-33.20259857,-12.56173515,0,0
-10,-66,11.018296241760254,15.214991569519045,12.21848201751709,-5.378614902,-17.28930092,-23.2788105,-40.66662979,-47.19128799,-23.70324707,0,0
-10,-65,11.125325202941896,11.378613471984863,12.759635925292969,-0.527038395,-13.04111576,-28.72032928,-41.94147491,-56.23712158,-32.5071907,0,0
-10,-64,6.066523551940918,8.065932273864746,11.400656700134276,0.010057399,-11.1997261,-29.1844368,-45.33789063,-64.33800507,-40.46121216,0,0
-10,-63,5.297519207000732,9.029088973999023,11.621710777282717,1.3734605312347412,-12.32396317,-28.48085594,-51.99124527,-67.12496948,-43.44891357,0,0
-10,-62,8.983274459838867,11.387125968933104,12.277324676513672,1.3533623218536377,-11.6302824,-32.30937576,-59.08493805,-66.2462616,-45.19104385,0,0
-10,-61,9.828167915344238,12.7401123,16.134132385253906,2.3693954944610596,-14.91128349,-42.96198654,-63.84380722,-72.37162781,-57.73340607,0,0
-10,-60,9.592825889587402,13.235062599182127,17.220767974853516,4.094677925109863,-19.1611824,-42.31494904,-72.41996002,-78.53952026,-66.45970154,0,0
-10,-59,5.630942344665527,12.517950057983398,18.09062957763672,1.551278591156006,-13.32019806,-43.42679214,-71.68017578,-83.30737305,-77.39009094,0,0
-10,-58,6.564283847808838,12.939613342285156,20.66083717346191,-0.481573939,-19.29986,-43.76417542,-77.68263245,-88.04628754,-77.26055908,0,0
-10,-57,2.0821118354797363,9.958370208740234,19.689855575561523,-0.45301351,-19.82588768,-42.59564972,-79.07353973,-82.89287567,-77.93126678,0,0
-10,-56,3.5283522605895996,9.321627616882324,17.15111732,2.6391706466674805,-15.1542778,-46.20087433,-77.18658447,-79.95703125,-75.46355438,0,0
-10,-55,-0.081974916,4.643876552581787,14.355380058288574,3.396841049194336,-19.55822754,-49.73407364,-83.9043045,-72.19985962,-61.8957634,0,0
-10,-54,3.020561933517456,6.782388210296631,16.235078811645508,6.290620327,-15.92752457,-47.49303818,-77.84793091,-65.07102203,-55.52044678,0,0
-10,-53,3.283428907394409,6.026838779449463,15.768927574157717,10.199387550354004,-21.067976,-44.15296936,-80.78055573,-64.93528748,-59.01679611,0,0
-10,-52,1.3462737798690796,4.931873798370361,13.536662101745604,13.266398429870604,-27.7694912,-44.01973343,-81.753685,-72.37579346,-59.8791008,0,0
-10,-51,1.719726800918579,4.241109371185303,12.34286880493164,13.327019691467283,-28.33691216,-48.77087402,-87.77186584,-76.4213562,-65.94200897,0,0
-10,-50,3.2501983642578125,3.667680978775024,12.843281745910645,16.39014434814453,-26.37333488,-43.40968704,-85.16468811,-79.76634216,-65.52142334,0,0
-10,-49,2.4567880630493164,3.120517731,11.229368209838867,13.24487018585205,-25.19128799,-48.78652954,-78.82035828,-88.09321594,-75.97337341,0,0
-10,-48,2.007373094558716,2.732886791229248,10.177831649780272,8.783648490905762,-24.33195877,-52.22612,-72.87387085,-86.02191162,-67.80043793,0,0
-10,-47,1.9107598066329956,2.289433240890503,8.656031608581543,7.522174835205078,-24.36302948,-53.84405518,-68.46677399,-75.61283112,-59.15517044,0,0
-10,-46,1.8070762157440183,2.2510006427764893,7.319611072540283,4.2413763999938965,-21.02443314,-54.2875061,-67.32162476,-64.6576767,-57.45604706,0,0
-10,-45,1.7576439380645752,1.9802756309509275,7.479613780975342,2.045139789581299,-20.00496483,-53.85263824,-59.81567764,-54.14126587,-51.17266083,0,0
-10,-44,1.4759331941604614,1.2547004222869873,4.711086273193359,2.091780424118042,-15.73126698,-46.31846619,-50.19561768,-45.83200073,-43.62660599,0,0
-10,-43,1.119827389717102,1.0085333585739136,3.0031352043151855,0.6198258996009827,-11.65581512,-38.24995422,-39.81186295,-38.99657822,-38.29151154,0,0
-10,-42,0.269204706,-0.277192146,2.9708352088928223,-0.777058899,-8.230081558,-27.44992256,-28.23338699,-35.73569107,-32.95612335,0,0
-10,-41,-1.65585494,-2.521146059,0.069481358,-1.249572515,-7.613960743,-19.3789711,-19.76001167,-28.88830757,-28.41263962,0,0
-10,-40,-2.317461252,-4.440302849,-1.697457433,-0.597429216,-6.523987293,-15.48057556,-11.80294609,-22.46399117,-25.97339058,0,0
-10,-39,-4.00341177,-6.819475174,-4.239171982,-3.426149607,-8.747430801,-13.69313049,-6.741768837,-18.0954361,-25.05722427,0,0
-10,-38,-10.09215927,-11.53584194,-8.952781677,-6.246220112,-12.74076843,-13.22592354,-7.090954781,-21.85405159,-31.9329586,0,0
-10,-37,-14.76418114,-14.89909363,-10.57248306,-7.9672122,-13.94315338,-10.09043407,-4.66869545,-21.22162437,-31.15221024,0,0
-10,-36,-17.39524269,-13.0967617,-6.777313232,-6.491776943,-12.22469044,-8.217163086,-3.958570004,-22.94215202,-29.21544075,0,0
-10,119,-27.52605629,-13.46840191,-10.65252209,-14.35003376,-34.21738434,-72.11647797,-98.64548492,-85.08563232,-72.29668427,0,0
-10,120,-26.48845673,-12.63296318,-9.839141846,-12.2157526,-30.05826569,-67.24822235,-92.45726013,-86.9286499,-56.17506027,0,0
-10,121,-26.71013641,-11.25050926,-8.535642624,-10.02533054,-25.76634979,-60.23111725,-80.43156433,-68.99799347,-49.99769974,0,0
-10,122,-25.82621765,-10.74279881,-7.145834923,-8.023319244,-21.86673546,-59.09498215,-82.4390564,-68.15418243,-52.42441559,0,0
-10,123,-23.34654617,-9.196364403,-5.763701916,-6.386018753,-19.07471275,-58.69687653,-89.67580414,-72.18344879,-60.68555832,0,0
-10,124,-24.21475983,-8.641464233,-5.47855711,-6.25337553,-18.69481087,-57.45814514,-92.62817383,-72.80921173,-56.27575302,0,0
-10,125,-34.60029602,-11.31466103,-6.108254433,-5.501684666,-16.19748688,-49.03807831,-80.22402954,-59.36242294,-58.4669342,0,0
-9,-79,-0.925802529,0.4091925024986267,4.9524712562561035,20.419862747192383,36.62877655029297,51.27901840209961,73.03039551,86.10656738,53.11161804199219,0,0
-9,-78,-2.392695904,-1.134294391,0.7646170258522034,13.89807129,28.197895050048828,48.87665557861328,64.63959503173828,83.46365356445312,78.94351196289062,0,0
-9,-77,9.418376922607422,2.7781546115875244,2.682159423828125,14.348725318908691,19.11054420471191,43.70452117919922,48.76694869995117,50.31076431274414,26.136016845703125,0,0
-9,-76,8.084724426269531,8.334225655,5.247420310974121,6.758148193359375,21.802331924438477,25.39893913269043,15.222954750061035,-10.90250111,-15.1819067,0,0
-9,-75,5.673007011413574,1.6126282215118408,-0.807146072,-8.435325623,4.212108612060547,-6.048713207,-0.856225491,-15.89247608,-24.17798996,0,0
-9,-74,9.850693702697754,7.651985645294189,0.8319214582443237,-15.94017601,-9.542377472,-17.58907127,0.4069801568984985,-11.43862343,-23.33455467,0,0
-9,-73,18.444761276245117,20.850664138793945,17.707233428955078,-4.323687077,-10.58488178,-14.70168114,14.394691467285156,-1.996494532,-8.304976463,0,0
-9,-72,1.6190952062606812,8.247665405273438,11.098413467407228,-7.199017525,-21.40725899,-23.96904755,3.6354434490203857,-19.07915497,-13.18265915,0,0
-9,-71,5.231647015,9.655298233032228,11.13300895690918,-7.424993515,-28.44922256,-27.44860077,-8.976055145,-18.23736954,-12.23725033,0,0
-9,-70,5.814632415771484,11.841015815734863,12.92929744720459,-4.050223351,-25.72723198,-28.50079536,-15.84018135,-28.49566269,-13.45622826,0,0
-9,-69,7.570339679718018,13.179251670837402,11.61952018737793,4.4636945724487305,-20.51016808,-21.22218132,-14.48672771,-38.03374481,-8.789740562,0,0
-9,-68,1.6699295043945312,8.044794082641602,6.819304943084717,0.6928211450576782,-14.93854523,-18.31713867,-23.76232147,-44.19979858,-17.13145638,0,0
-9,-67,8.425812721252441,10.947985649108888,5.575693130493164,-3.854146957,-16.55106163,-18.64413452,-28.45857811,-51.24728394,-28.15734863,0,0
-9,-66,8.698480606079102,16.555002212524414,11.684460639953612,-5.351072788,-18.80737877,-28.93595886,-41.19906235,-55.15402222,-34.05083847,0,0
-9,-65,4.019759178161621,8.356699944,9.982014656066896,-1.984930515,-13.80324841,-31.44508362,-50.21286392,-70.25358582,-39.58145523,0,0
-9,-64,3.025089740753174,5.903771877288818,5.091307640075684,-5.718050003,-11.44927979,-28.13127136,-54.65351868,-77.84574127,-46.08398056,0,0
-9,-63,8.160735130310059,8.448464393615723,8.746459961,-7.499493122,-13.7792635,-37.04599762,-67.67510986,-85.82408905,-48.41184616,0,0
-9,-62,14.207663536071776,13.62497329711914,11.397465705871582,-3.76292181,-17.96639252,-37.4840126,-76.00462341,-88.47220612,-62.14228439,0,0
-9,-61,15.37558937072754,18.352964401245117,14.190179824829102,-3.302432775,-20.48449135,-49.52325058,-79.2039032,-88.20495605,-78.69473267,0,0
-9,-60,16.212312698364258,21.10137176513672,17.916950225830078,-0.785813153,-21.73734093,-51.86582947,-78.05345917,-100.4716797,-83.50497437,0,0
-9,-59,15.650394439697266,20.45917701721191,17.236663818359375,-5.455813885,-25.77800369,-54.26737213,-88.87071228,-107.1186066,-94.15765381,0,0
-9,-58,12.729547500610352,19.435789108276367,19.946136474609375,-4.047254086,-23.68675232,-51.48539352,-87.50571442,-108.4298859,-99.2253418,0,0
-9,-57,14.13501262664795,22.941368103027344,26.833797454833984,0.8897210359573364,-21.77724457,-44.21028137,-79.2330246,-101.53022,-92.02965546,0,0
-9,-56,4.4828290939331055,12.15321159362793,17.974803924560547,-0.148212254,-25.57242584,-47.54121017,-89.43430328,-94.96457672,-93.97026062,0,0
-9,-55,8.82562542,12.430880546569824,21.440933227539062,-0.271548718,-24.91798973,-55.30261993,-84.75762177,-87.87692261,-79.80895233,0,0
-9,-54,6.756990432739258,10.208205223083496,21.65774726867676,3.2960681915283203,-21.50991631,-52.02357864,-86.50074768,-83.70113373,-74.18958282,0,0
-9,-53,6.293372631072998,9.106624603271484,18.837217330932617,4.802083969116211,-33.40769577,-55.64538193,-88.30134583,-88.6925354,-72.01791382,0,0
-9,-52,3.3179166316986084,6.596263885498047,16.540279388427734,5.432474613189697,-37.50584793,-58.30086517,-93.26747131,-92.01651764,-79.03697205,0,0
-9,-51,3.897653341293335,5.056450366973877,14.699240684509276,8.805795669555664,-33.87215042,-53.75323105,-93.1052475,-91.97859955,-81.72042847,0,0
-9,-50,4.18661356,4.462061405181885,15.31862449645996,8.435145378112793,-30.2675705,-53.73747253,-94.50488281,-96.23480988,-86.63766479,0,0
-9,-49,4.2274580001831055,3.958100080490112,13.11753749847412,9.565093994140623,-30.97364998,-60.42066956,-85.56119537,-102.9962234,-87.38566589,0,0
-9,-48,3.128366231918335,3.0816328525543213,11.671521186828612,7.283296585083008,-31.22083473,-57.51689148,-83.90630341,-98.62213898,-81.76409149,0,0
-9,-47,1.876838445663452,2.8518779277801514,11.453539848327637,4.173103332519531,-29.63661003,-62.63816833,-80.19943237,-92.55357361,-72.46935272,0,0
-9,-46,1.2517545223236084,2.6659581661224365,9.343600273132324,2.6489646434783936,-24.90339279,-59.99100494,-74.94003296,-83.17480469,-66.11844635,0,0
-9,-45,0.8588971495628357,2.355383873,7.466004371643066,0.8691706657409668,-22.26464462,-56.68795013,-70.36302948,-75.57686615,-63.40924072,0,0
-9,-44,0.8420215845108032,1.6296114921569824,5.841993332,1.810355544090271,-16.88046837,-48.51329803,-58.98823929,-60.79972076,-55.70214081,0,0
-9,-43,0.3378892242908478,1.2017310857772827,6.630619525909424,1.005488634109497,-12.94927883,-40.54428864,-48.94494629,-55.06840897,-50.96950912,0,0
-9,-42,-0.333963424,0.3667550086975097,4.933867931365967,-0.199618012,-8.573517799,-28.1341095,-32.17009354,-46.0058136,-44.23948288,0,0
-9,-41,-1.95075345,-0.487426639,1.6172722578048706,0.1477592289447784,-6.605576992,-20.61044693,-22.31861115,-38.27949905,-38.83248901,0,0
-9,-40,-2.826407671,-1.508337498,-0.008012176,-0.4410083,-4.856800079,-15.25123405,-13.04004669,-31.1388607,-38.04173279,0,0
-9,-39,-4.53312397,-2.918012142,-1.462415338,-2.013312817,-5.040997505,-10.5139122,-9.017359734,-29.38978577,-42.91374207,0,0
-9,-38,-10.66335487,-6.66665411,-4.451228619,-4.424397945,-7.086733341,-8.668588638,-7.921017647,-30.53238678,-49.76979828,0,0
-9,-37,-16.3481884,-9.625946999,-3.977664232,-7.305399418,-10.2623682,-7.865271091,-4.269780159,-23.55864334,-43.72412491,0,0
-9,-36,-33.91404343,-8.887046814,-3.278576612,-9.325649261,-15.18737793,-12.32980156,-12.5748024,-31.62982941,-45.98857498,0,0
-9,-35,-36.87143707,-5.687766075,5.728965759277344,-7.81364584,-12.06384563,-8.155507088,-9.021391869,-25.11185837,-37.67957306,0,0
-9,114,-62.64250183,-34.2922821,-28.08621407,-38.41555405,-63.99814987,-92.08750916,-84.73269653,-80.72980499,-54.16369629,0,0
-9,115,-63.94535065,-31.93725014,-25.88035393,-35.88771439,-60.64055252,-84.76616669,-80.67554474,-71.1233139,-40.86831284,0,0
-9,116,-56.86929703,-28.52664185,-24.12762642,-33.50257111,-60.81889343,-89.19431305,-89.32038116,-78.59216309,-43.47447205,0,0
-9,117,-46.11792755,-23.88740349,-21.70172119,-29.20771217,-57.48766327,-86.90003967,-84.09294128,-59.8169632,-24.10064697,0,0
-9,118,-42.30492401,-22.65137863,-19.904459,-26.17920303,-52.5157547,-84.73487854,-91.69709015,-70.16869354,-16.03034401,0,0
-9,119,-37.39803314,-19.24028969,-16.98287964,-22.21833992,-45.35222244,-79.73456573,-83.34474182,-78.77693176,-37.48274231,0,0
-9,120,-38.64015198,-19.24766159,-15.89904213,-19.94389153,-41.16148758,-77.72558594,-76.90715027,-76.98433685,-22.40816879,0,0
-9,121,-43.4412384,-20.48400879,-15.74904633,-18.11685753,-37.16633606,-73.44042206,-73.58574677,-59.84098816,-7.796336174,0,0
-9,122,-40.59917831,-16.93478775,-12.6511898,-14.61097813,-31.50990868,-71.15934753,-78.59638214,-52.34441376,-19.90468407,0,0
-9,123,-36.07425308,-14.36495781,-9.615062714,-10.94276142,-26.01785851,-69.25071716,-92.22483063,-69.26172638,-38.3586998,0,0
-9,124,-37.06721115,-13.66550636,-8.410534859,-10.23505974,-25.93453598,-69.68215942,-92.40388489,-70.39492798,-42.25421524,0,0
-9,125,-47.20616913,-16.66042709,-9.277984619,-10.70456123,-23.83909798,-63.99778748,-87.30873871,-67.6839447,-34.38079453,0,0
-9,140,-33.51700211,-10.99020195,-7.843027592,-15.40605354,-29.95633125,-54.24503326,-72.47470856,-48.99671936,-39.39659882,0,0
-9,141,-31.85401917,-13.50638008,-13.17823505,-22.04764557,-35.78475952,-60.37863159,-71.37386322,-47.25265503,-34.52138138,0,0
-8,-80,0.3730228841304779,1.9508094787597656,6.636714458465576,8.314191818237305,12.364270210266112,18.354276657104492,54.52625274658203,91.32721710205078,38.813514709472656,0,0
-8,-79,-4.770300865,-1.718319893,0.4547054767608642,14.669012069702148,32.39400100708008,37.53963470458984,60.41264343261719,83.82424164,64.68834686279297,0,0
-8,-78,0.082648255,-1.74937737,-3.17218709,3.777115821838379,16.511837005615234,52.622093200683594,57.35516357421875,75.08354187011719,52.59090805053711,0,0
-8,-77,10.09679889678955,-0.25430119,-1.026224136,9.015288352966309,19.67564582824707,54.15677261352539,47.43333053588867,34.657745361328125,-5.610854626,0,0
-8,-76,8.501371383666992,12.878741264343262,9.543118476867676,-3.190063238,4.332538604736328,9.951595306396484,16.288021087646484,-8.106023788,-22.76244164,0,0
-8,-75,4.174594879150391,2.839848995,-2.671703815,-15.00470543,-11.84052181,-15.02005672,1.0743416547775269,-10.43190002,-20.19594765,0,0
-8,-74,18.35550308227539,18.10773468017578,10.43439769744873,-10.52193451,-17.58241653,-11.9804554,16.36618995666504,3.4979684352874756,1.124416708946228,0,0
-8,-73,19.38747787475586,22.42334747314453,22.432641983032227,-3.570644379,-21.17743111,-15.5786171,11.258458137512209,-3.431680679,-3.317443848,0,0
-8,-72,6.290536403656006,10.146801948547363,11.647814750671388,-13.42068958,-27.82168198,-23.57944298,-7.063391209,-13.04501343,-13.43509769,0,0
-8,-71,5.555139541625977,9.418166160583496,10.325071334838867,-9.862784386,-24.57832527,-26.20843506,-16.7241993,-30.96383476,-14.705513,0,0
-8,-70,10.551523208618164,16.42876434326172,13.725398063659668,-3.796320438,-22.12398911,-25.99621773,-12.22460556,-37.91191864,-13.47415543,0,0
-8,-69,7.556318283081055,16.093793869018555,8.46805191,0.3088272511959076,-12.43750572,-23.60020828,-11.73855782,-40.60893631,-14.32137108,0,0
-8,-68,3.8865137100219727,8.478989601135254,2.0959737300872803,-3.748074055,-12.2531147,-27.42610359,-30.04842186,-54.47522354,-32.98936081,0,0
-8,-67,10.6139555,11.38059139251709,3.047163248062134,-7.695012093,-13.14070892,-17.95201302,-29.55303574,-55.03631592,-35.27087021,0,0
-8,-66,12.409660339355469,15.789498329162598,7.972244739532471,-8.942158699,-13.44015884,-27.62714005,-41.48163223,-67.71207428,-45.74765015,0,0
-8,-65,5.333620071411133,9.957942008972168,5.231626033782959,-11.27770329,-14.03565311,-28.30441666,-54.00775909,-76.90632629,-47.4812088,0,0
-8,-64,8.125589370727539,8.005347252,2.788806915283203,-13.31787968,-19.51990509,-31.25517082,-60.38156509,-86.78911591,-48.45013046,0,0
-8,-63,17.031160354614258,13.639257431030272,5.717245101928711,-13.56393051,-24.57020569,-40.13747406,-69.90597534,-94.64495087,-60.67647934,0,0
-8,-62,24.643131256103516,22.38146591186523,9.321535110473633,-10.9112606,-27.74550247,-46.70626068,-84.64308167,-99.57234192,-70.38877106,0,0
-8,-61,25.787364959716797,26.190317153930664,15.13028335571289,-6.060493946,-28.20548439,-55.40345383,-87.36260986,-105.3565292,-82.98873138,0,0
-8,-60,27.556840896606445,27.312557220458984,14.864591598510742,-7.808018684,-29.30275536,-63.55586243,-98.42652893,-114.9623108,-96.7457428,0,0
-8,-59,22.344053268432617,25.600101470947266,15.37657642364502,-11.195508,-31.4847374,-58.38029861,-98.06229401,-115.5665512,-98.92887878,0,0
-8,-58,24.85793113708496,30.024999618530273,23.188255310058594,-3.519224644,-21.56854057,-42.93463135,-81.3841629,-108.2826767,-90.77031708,0,0
-8,-57,19.658103942871097,24.604530334472656,22.01646614074707,-7.668791771,-31.66073799,-45.98162842,-87.5427475,-112.8892212,-101.6218872,0,0
-8,-56,18.64581298828125,24.21489906311035,23.3105526,-5.585903168,-33.72110748,-54.52716446,-96.59976196,-113.5250473,-101.584198,0,0
-8,-55,12.766371726989746,18.344003677368164,21.947824478149418,-6.20946455,-33.47811508,-57.99709702,-92.43994904,-110.2888641,-91.01299286,0,0
-8,-54,13.626826286315918,15.761754035949709,21.434785842895508,-3.90193224,-34.06300354,-55.29881287,-91.16268921,-107.2664337,-92.02740479,0,0
-8,-53,7.723925113677979,11.053905487060549,21.21952247619629,-1.048372984,-39.02677917,-64.95283508,-99.49013519,-113.7820129,-93.58790588,0,0
-8,-52,10.425854682922363,8.707470893859863,17.930234909057617,0.1043958514928817,-42.65638351,-67.32147217,-104.2157898,-115.7334137,-97.22246552,0,0
-8,-51,8.201641082763672,6.570381164550781,16.40984535217285,2.2094969749450684,-41.34786224,-68.27738953,-107.9969864,-116.0899887,-101.2462692,0,0
-8,-50,7.364513874053955,6.646010875701904,17.063915252685547,3.3184118270874023,-39.50492859,-70.21295166,-109.0247192,-116.64888,-104.6867905,0,0
-8,-49,7.262575149536133,6.3100810050964355,15.09012508392334,4.094187259674072,-37.17721176,-71.15362549,-97.95982361,-113.5240479,-99.12197113,0,0
-8,-48,4.943510055541992,5.274784564971924,13.82610798,4.536193848,-36.07250214,-70.91216278,-96.11221313,-113.0447235,-96.73408508,0,0
-8,-47,2.8442509174346924,3.703218698501587,12.00127888,3.551232099533081,-32.13564682,-69.37065125,-94.56508636,-108.0105209,-93.45906067,0,0
-8,-46,1.0831098556518557,3.5299108028411865,10.853752136230469,2.387450695037842,-30.21408844,-71.70886993,-92.25735474,-105.4287872,-88.87567902,0,0
-8,-45,0.3274155557155609,2.669137954711914,8.686824798583984,0.766624928,-24.26056862,-63.33227539,-84.4300766,-97.71647644,-81.76010132,0,0
-8,-44,0.1267630755901336,1.8833966255187988,6.793920040130615,1.2308180332183838,-18.44542122,-51.1784935,-71.19441223,-86.72254944,-73.21097565,0,0
-8,-43,-0.176204979,1.5276637077331543,5.8109869956970215,1.398032784461975,-13.1917696,-40.45560837,-60.85390854,-76.68435669,-70.52035522,0,0
-8,-42,-0.688352823,1.3037397861480713,5.652848243713379,0.044672836,-7.929748535,-28.35424995,-43.23369217,-65.89426422,-69.01563263,0,0
-8,-41,-2.067430019,0.6333363652229309,2.1114330291748047,-0.29118222,-4.972227573,-21.3192749,-26.79408455,-55.58612442,-67.99492645,0,0
-8,-40,-4.397563934,0.1544073969125747,1.1901516914367676,-0.589963138,-3.638672352,-17.24658394,-22.64737511,-53.31626511,-73.36003876,0,0
-8,-39,-6.309445381,0.1084029972553253,1.2226043939590454,-1.076930165,-2.670781136,-10.49650288,-17.81809616,-54.10626984,-77.28158569,0,0
-8,-38,-8.339447021,0.5168963074684143,2.8298168182373047,-1.926325202,-3.872456789,-6.819909573,-12.04272747,-43.33285904,-66.73925781,0,0
-8,-37,-13.86767006,0.2369492053985595,4.148617744445801,-3.705250263,-5.506241798,-4.776427746,-5.101597786,-25.42982483,-52.51704788,0,0
-8,-36,-24.91049957,0.4463823139667511,4.928271770477295,-5.257966518,-7.021267891,-5.207924366,-6.090184212,-21.80521965,-43.21046066,0,0
-8,-35,-40.19967651,1.1834571361541748,7.123258590698242,-8.010239601,-8.39111042,-6.072714806,-6.950088978,-23.24577713,-36.52878952,0,0
-8,107,-69.04866791,-57.03091049,-63.69071198,-84.75410461,-136.8680267,-152.4197388,-118.5240479,-127.9284363,-73.44056702,0,0
-8,108,-71.65830994,-57.71908188,-60.93697357,-83.60842133,-132.4791412,-142.2749481,-106.3434906,-105.0322495,-31.42317009,0,0
-8,109,-62.56617737,-46.97014236,-48.90363693,-68.80068207,-113.6547928,-130.7605286,-102.927803,-100.5518341,-33.70280075,0,0
-8,110,-55.86665726,-36.03125763,-39.38328552,-58.91897964,-104.7206345,-123.479454,-91.36704254,-89.23880005,-10.23417854,0,0
-8,111,-59.59461975,-34.15148544,-35.66085052,-54.25008774,-100.3039627,-117.8617172,-76.0290451,-63.87443924,-13.77543354,0,0
-8,112,-64.88385773,-36.75842667,-36.04995346,-50.88962936,-96.92063141,-119.7112198,-74.54055023,-37.69737244,23.26338577270508,0,0
-8,113,-77.3168869,-45.10816956,-39.28073502,-50.50223541,-91.95631409,-113.7206345,-77.37134552,-27.52264214,31.61963463,0,0
-8,114,-78.06903076,-44.28100204,-39.13732529,-50.49522018,-83.02928925,-100.9606705,-78.95812988,-40.178936,30.987857818603516,0,0
-8,115,-69.05574799,-35.41999435,-34.1473465,-45.58698273,-70.7255249,-89.71099091,-75.22257233,-43.97267532,-4.879308224,0,0
-8,116,-66.10671997,-33.37330246,-32.55856705,-42.57645035,-69.86933899,-91.57516479,-87.52871704,-41.71963882,-18.94149971,0,0
-8,117,-63.5735321,-32.96461487,-31.21977997,-38.56324005,-67.55992126,-93.4046402,-90.36070251,-46.77456284,-12.72490883,0,0
-8,118,-55.63213348,-29.68722534,-27.96628952,-33.97095871,-61.91021347,-87.89286041,-89.99281311,-42.68085861,1.834713339805603,0,0
-8,119,-58.60524368,-31.44991302,-28.18645668,-32.34885406,-56.39709854,-85.75756073,-87.19539642,-59.07972336,-14.12934399,0,0
-8,120,-61.8585434,-30.74378967,-26.23543358,-30.02420998,-53.12433624,-87.59505463,-80.66225433,-46.10193634,-11.69782925,0,0
-8,121,-68.27196503,-30.00974846,-24.26395798,-27.17662811,-46.90778732,-82.29051971,-82.13304901,-36.80690765,12.492610931396484,0,0
-8,122,-70.02179718,-28.46134186,-21.8823452,-24.21170998,-42.30596924,-82.19570923,-90.14849091,-42.33293152,-0.427516907,0,0
-8,123,-63.55810547,-25.34163284,-17.72697639,-19.61915588,-37.10784531,-79.81364441,-98.73249054,-47.28610992,4.357638359069824,0,0
-8,124,-59.53191376,-22.51068878,-13.8431654,-16.13876534,-33.5461998,-78.92060852,-102.7353058,-47.2202301,-2.598566294,0,0
-8,125,-66.18685913,-21.71236229,-11.69356251,-14.27536869,-27.85705376,-71.04062653,-95.25937653,-50.94323349,-7.09761858,0,0
-8,126,-85.23132324,-24.57601929,-13.19804096,-15.90524864,-27.09436417,-65.79704285,-85.57714081,-46.62218094,-11.47434902,0,0
-8,127,-105.2361603,-30.87459183,-15.47390366,-17.83122826,-27.92081833,-59.62392807,-79.80677795,-48.73248291,-17.62379265,0,0
-8,128,-96.22390747,-24.5343895,-11.85040379,-15.50921726,-25.56005859,-55.03082275,-87.9764328,-56.01462555,-30.10906219,0,0
-8,130,-93.2410202,-20.19227219,-9.794338226,-14.46363926,-25.24315643,-49.05667496,-87.42808533,-63.46141434,-46.04474258,0,0
-8,131,-87.51566315,-17.1286068,-8.829474449,-14.9200182,-26.54461288,-48.44409561,-88.84046936,-62.90427017,-49.44104004,0,0
-8,132,-95.91352844,-19.67673683,-9.949757576,-17.32572937,-30.08367348,-49.44527054,-84.9814682,-59.42192459,-57.76063919,0,0
-8,138,-52.24268723,-17.4227829,-19.06621552,-32.29863358,-63.44789124,-72.62420654,-91.28414154,-39.93356705,-29.52332115,0,0
-8,139,-48.48281479,-21.36667824,-23.36744499,-38.32455826,-68.05575562,-74.31084442,-75.67209625,-30.17594337,-22.10894966,0,0
-8,140,-50.78629684,-28.4320755,-30.78117943,-47.06725693,-70.75406647,-72.98083496,-61.86227036,-36.22264099,-22.85665321,0,0
-8,141,-53.57909012,-32.43741608,-35.86204147,-57.83883286,-79.3690033,-79.74211121,-50.80841064,-28.87198257,-13.29132938,0,0
-7,-80,0.008322346,1.5931559801101685,12.128729820251465,14.842117309570312,15.996679306030272,26.05471992492676,53.23958969116211,88.88584137,63.652374267578125,0,0
-7,-79,-12.51255226,-10.10334587,-9.706511497,-0.565105855,25.114295959472656,56.96793365478515,78.56463623046875,101.13253784179688,88.51172637939453,0,0
-7,-78,-1.266774297,-0.772200167,-0.279268771,3.8089139461517334,-3.785854816,48.725711822509766,46.91958236694336,54.660545349121094,25.297122955322266,0,0
-7,-77,2.019716978,7.528591632843018,-1.994119763,-5.669936657,-15.34373951,-10.34626579,8.728837013244629,-9.010251999,-22.38006592,0,0
-7,-76,1.556145191192627,6.100346565246582,-1.919215798,-10.64530849,-12.04814816,-12.25915909,1.3907793760299685,-6.475946426,-20.87213135,0,0
-7,-75,4.501218795776367,7.884281635284424,-0.228059933,-15.6350956,-21.42649651,-19.50367165,-1.260039687,-6.188097477,-15.89491653,0,0
-7,-74,16.65729331970215,19.78017234802246,13.431593894958496,-8.933597565,-18.43119621,-13.04243469,9.375231742858888,-1.320636272,-6.544919491,0,0
-7,-73,11.744919776916504,15.647537231445312,11.611998558044434,-13.18226147,-16.02110672,-17.88236618,-1.849505782,-18.08063316,-12.18720436,0,0
-7,-72,9.579602241516112,12.970948219299316,10.229093551635742,-8.430272102,-18.89744759,-29.99061775,-11.42129803,-31.20202827,-22.50688553,0,0
-7,-71,12.404787063598633,15.567617416381836,11.412711143493652,-10.92007637,-18.13132095,-22.96616745,-13.05045033,-39.47563553,-18.48376274,0,0
-7,-70,13.485607147216797,19.02463722229004,14.840039253234863,-5.802425385,-12.97158337,-27.71739578,-20.49160004,-54.71804428,-30.09930229,0,0
-7,-69,10.285531997680664,15.158141136169434,9.63293457,-4.673969269,-10.90783691,-30.40173531,-27.4740448,-53.29278564,-35.90405273,0,0
-7,-68,10.698084831237791,13.719549179077148,3.5081214904785156,-8.807142258,-7.966034412,-29.26704025,-29.46144485,-58.59142685,-37.16709518,0,0
-7,-67,13.288004875183104,12.57530117034912,-0.094018988,-14.28206825,-11.73628139,-26.59936523,-35.6141243,-68.05643463,-37.58927917,0,0
-7,-66,13.553421020507812,11.36367130279541,0.2872278094291687,-16.83488846,-16.30237007,-27.27233505,-41.50050735,-76.24687958,-42.33530426,0,0
-7,-65,13.58537483215332,8.953260422,-1.245157838,-21.16641808,-26.11208725,-28.75816345,-51.38964462,-78.85870361,-45.66013336,0,0
-7,-64,20.656757354736328,12.423091888427734,-0.937108636,-22.08399773,-32.93690491,-44.30401993,-68.17604828,-102.412056,-55.64146042,0,0
-7,-63,28.73474502563477,19.686931610107425,5.277177333831787,-17.64957047,-35.48639679,-47.46045685,-78.40265656,-101.90345,-65.62515259,0,0
-7,-62,31.500877380371097,22.253753662109375,5.907336235046387,-15.79751205,-32.78779221,-49.15322113,-91.17032623,-108.7835388,-73.97587585,0,0
-7,-61,32.780418395996094,24.944324493408203,7.170711040496826,-13.11035252,-33.67036057,-55.51206589,-98.61113739,-119.484314,-89.70953369,0,0
-7,-60,32.87138748168945,29.043428421020508,12.99796199798584,-4.509717941,-24.6293869,-49.5886116,-88.69121552,-111.0232544,-95.06222534,0,0
-7,-59,33.091270446777344,32.40388488769531,12.534161567687988,-12.49870872,-34.04765701,-56.76791382,-95.03231049,-122.4602966,-98.20256042,0,0
-7,-58,30.620080947875977,35.48627471923828,17.81582260131836,-8.18296051,-28.75695038,-47.92063904,-84.42598724,-119.6706696,-99.34532928,0,0
-7,-57,27.97832298278809,28.29522132873535,14.323728561401367,-13.120821,-36.72456741,-58.39585876,-94.22593689,-127.1767883,-108.2194748,0,0
-7,-56,27.694290161132812,30.862043380737305,18.83105469,-13.60454941,-40.57245255,-59.99043274,-97.60242462,-123.0345688,-107.1931915,0,0
-7,-55,24.898212432861328,29.64714813232422,22.472776412963867,-10.63574028,-38.99873734,-60.56511307,-94.73860931,-121.2161102,-107.6554337,0,0
-7,-54,13.16562557220459,16.619983673095703,17.403013229370117,-10.79850101,-40.16418076,-65.46669006,-96.89306641,-124.5177841,-111.3067856,0,0
-7,-53,12.436267852783203,14.669116020202637,18.45894241333008,-10.97759533,-48.01592636,-70.49259949,-98.86077118,-125.015152,-112.0947723,0,0
-7,-52,12.389641761779783,13.201116561889648,20.541234970092773,-9.793634415,-52.80461884,-75.82527924,-109.2864609,-129.749115,-114.7344666,0,0
-7,-51,19.122394561767575,15.19155216217041,20.633554458618164,-8.505003929,-54.52709198,-79.92118073,-111.5942612,-127.2012405,-106.1647568,0,0
-7,-50,12.148983001708984,11.902822494506836,19.87669563293457,-4.76774931,-52.02741623,-82.39602661,-121.0168991,-139.2510376,-114.8712616,0,0
-7,-49,10.62160873413086,10.446978569030762,18.365079879760746,-1.404686928,-48.82554245,-86.11681366,-114.8003769,-135.6090698,-123.998558,0,0
-7,-48,9.113109588623049,9.308381081,17.28744888305664,2.7991504669189453,-44.11985397,-82.58821869,-108.970871,-128.1053619,-120.6210327,0,0
-7,-47,5.125689506530762,5.809347152709961,14.64955711364746,3.2587573528289795,-38.02815247,-78.00879669,-105.0195694,-128.9675751,-119.1779861,0,0
-7,-46,2.4340269565582275,6.530915260314941,13.634897232055664,4.0625762939453125,-33.58869934,-75.99737549,-107.5883865,-129.7338104,-114.2698364,0,0
-7,-45,0.3386283218860626,4.2791547775268555,9.650588035583496,2.275053024291992,-27.43523407,-67.40587616,-93.4670105,-119.2107925,-105.8590164,0,0
-7,-44,-0.108175077,3.703046560287475,8.429404258728027,2.0512235164642334,-20.2866478,-55.89582443,-83.5483017,-112.7548065,-102.1904984,0,0
-7,-43,0.007516799,2.8651247024536133,7.285429000854492,1.2032991647720337,-14.15898705,-42.79484558,-69.47460175,-103.1239624,-99.33876038,0,0
-7,-42,-0.840153992,2.3027689456939697,5.783858299255371,0.4408361613750458,-8.251832008,-29.33667564,-49.13902283,-85.78489685,-92.97793579,0,0
-7,-41,-2.192335129,1.3556588888168335,2.7252681255340576,0.177021176,-4.844543457,-19.5674057,-30.50795746,-67.82070923,-86.53104401,0,0
-7,-40,-4.161873817,2.815434217453003,3.217612028121948,0.032699246,-3.982351303,-15.5756216,-26.56742096,-61.77853775,-85.96721649,0,0
-7,-39,-5.143718719,3.437898635864258,3.8241779804229736,-0.85801357,-3.10299921,-8.289580345,-15.70310307,-50.7704277,-78.28115845,0,0
-7,-38,-6.948616982,1.942906379699707,4.959116458892822,-2.173047066,-3.266265631,-4.237189293,-8.554684639,-38.02326202,-68.6638031,0,0
-7,-37,-10.91909885,1.417219638824463,5.0378828048706055,-3.413806677,-3.862499714,-2.499910355,-3.471864223,-23.61172295,-53.47932053,0,0
-7,-36,-19.83777618,3.942737579345703,9.344940185546877,-4.186973095,-4.747066498,-3.901221275,-7.497616768,-22.31347466,-43.30836105,0,0
-7,-35,-36.54045486,2.017317771911621,7.239131450653076,-8.069536209,-6.814067841,-4.652959824,-5.705742359,-19.83775902,-32.24650192,0,0
-7,105,-84.34658051,-81.60733795,-98.33167267,-122.7256088,-172.3769531,-169.5118256,-141.1056976,-171.9707031,-73.35345459,0,0
-7,106,-83.77731323,-65.14655304,-77.39356232,-105.8912354,-167.0868835,-163.8837433,-115.3861694,-133.8360138,-54.00628281,0,0
-7,107,-90.44522858,-62.57775497,-71.72492981,-106.6061172,-167.0694275,-146.935379,-49.16334152,-35.47944641,60.29966735839844,0,0
-7,108,-83.91217804,-55.69261551,-62.29362488,-91.09407043,-143.224472,-122.4687729,-57.44046021,0.8742575645446777,126.28085327148438,0,0
-7,109,-71.47091675,-49.5663147,-55.20294189,-78.47688293,-124.7614517,-119.9119186,-62.27524567,-20.12016869,60.09389877319336,0,0
-7,110,-69.49871826,-44.98717117,-47.84743881,-72.41169739,-116.5043106,-102.8262253,-65.76216125,-11.27379704,51.13861846923828,0,0
-7,111,-63.87084961,-40.08278275,-43.54817581,-64.58105469,-103.6442566,-82.88387299,-47.45013046,-32.00416183,41.23156738,0,0
-7,112,-67.61399078,-39.45712662,-38.92602921,-55.33950806,-92.31622314,-91.06942749,-48.23885345,-25.34786415,36.48532485961914,0,0
-7,113,-66.67404175,-37.84381485,-34.44898224,-46.74989319,-79.80875397,-92.31778717,-65.76534271,-16.51473427,23.397891998291016,0,0
-7,114,-70.77445984,-39.14280319,-36.63128281,-46.24273682,-73.35836792,-94.53676605,-71.78730011,-18.94275665,26.294479370117188,0,0
-7,115,-73.91132355,-40.97081375,-39.29370117,-46.95551682,-70.86006927,-94.86959076,-82.54208374,-15.54873276,21.98204803466797,0,0
-7,116,-79.14945221,-44.57535934,-41.02149582,-47.91345215,-70.6802063,-96.1835022,-93.78961182,-15.44857502,15.051599502563477,0,0
-7,121,-95.21128082,-44.70535278,-33.12593842,-34.45405197,-48.09753418,-81.83618927,-95.21471405,-34.43603897,2.039637565612793,0,0
-7,129,-134.8379822,-41.78580475,-21.96823883,-27.50551796,-36.26908493,-59.27549744,-97.64705658,-57.37394714,-19.77086449,0,0
-7,131,-129.2117767,-38.56611252,-20.80567551,-28.99193764,-40.1255188,-56.90262604,-99.15475464,-66.21949768,-45.81443405,0,0
-7,132,-126.730629,-35.63825607,-21.76023483,-33.15428543,-45.76971436,-55.3167038,-95.02328491,-64.61379242,-41.89834595,0,0
-7,134,-120.1069107,-36.43183136,-25.39486122,-41.53657532,-57.27614594,-59.72493362,-88.41246796,-50.63667679,-42.6536293,0,0
-7,135,-115.9393692,-35.93181992,-28.93686867,-48.52186966,-65.79721069,-61.21687698,-81.96795654,-44.27900696,-31.13420105,0,0
-7,138,-69.7080307,-34.11051559,-41.20220566,-67.98738861,-107.5943909,-78.37014771,-66.25811005,-40.73203278,-33.71809387,0,0
-7,139,-71.9651947,-41.35379028,-52.42765808,-81.67932129,-124.3413773,-80.64994049,-54.5841713,-28.09923744,-16.74039841,0,0
-7,140,-80.15749359,-48.55706406,-61.46638107,-93.53974915,-124.8717346,-80.0280304,-30.72380257,-24.34626198,-5.325191498,0,0
-7,141,-93.12382507,-58.72467804,-70.65433502,-108.114769,-132.4481964,-79.89033508,-31.69013023,-16.58787727,-5.682591915,0,0
-6,-81,-0.545113504,0.4495408535003662,7.138617038726807,8.045125007629395,8.339129447937012,17.243505477905273,44.957420349121094,76.15457916259766,64.45930480957031,0,0
-6,-80,-3.10609436,-0.171212777,5.760845661,15.766931533813477,19.427074432373047,33.03601837158203,45.23798751831055,69.00296783447266,70.23451996,0,0
-6,-79,-7.576765537,-3.01979351,-6.084339142,-1.294285893,13.399104118347168,62.38530349731445,74.13763427734375,67.64538574,50.356727600097656,0,0
-6,-78,-9.310218811,-1.196224213,-3.139191389,-2.598146439,-0.333263814,39.59764099121094,41.443965911865234,28.065473556518555,19.959606170654297,0,0
-6,-77,-4.922350883,5.905580997467041,-3.679908276,-11.55867958,-13.06790733,1.1282753944396973,9.648888588,-10.30089664,-16.68583488,0,0
-6,-76,-1.560001612,7.304699897766113,1.5170100927352903,-11.43604565,-15.07828617,-16.03223801,-7.435462475,-13.25924587,-17.16211319,0,0
-6,-75,7.236478805541992,16.328577041625977,8.794373512268066,-12.35534191,-21.83824921,-20.21726608,-3.547587633,-7.356180191,-6.218384743,0,0
-6,-74,12.220590591430664,20.557918548583984,12.052154541015623,-10.83300591,-21.31744957,-20.19470596,-1.44429636,-10.07888031,-9.2868433,0,0
-6,-73,11.284147262573242,16.68661880493164,9.548034668,-13.3849144,-17.53888321,-29.20571709,-15.68664932,-21.14592552,-13.40636158,0,0
-6,-72,13.380746841430664,18.287595748901367,17.032859802246094,-1.816372395,-12.50897026,-27.50468826,-16.96281624,-33.96868134,-18.09990883,0,0
-6,-71,14.850082397460938,15.910680770874023,5.469398021697998,-14.32248878,-21.52337074,-30.2926445,-19.65847015,-48.64308167,-24.03240204,0,0
-6,-70,14.567066192626951,18.236021041870117,12.96637249,-10.29576302,-15.90163994,-27.51438904,-24.03810501,-50.25239182,-28.74355316,0,0
-6,-69,14.25178050994873,15.125144958496094,7.670318603515625,-14.61185455,-8.392116547,-29.82520294,-35.40291214,-54.13983917,-34.2243309,0,0
-6,-68,14.875225067138672,12.894472122192385,2.3476855754852295,-17.00008774,-8.264939308,-33.90564346,-39.57248306,-63.26250458,-37.59960556,0,0
-6,-67,16.48310661315918,11.70359992980957,-2.347746372,-19.27324867,-13.927104,-28.32858658,-43.26130676,-73.75906372,-42.05300522,0,0
-6,-66,18.3319149,10.124153137207031,-2.963419437,-23.91096497,-25.44962883,-28.17688179,-49.02663422,-81.76383972,-39.896595,0,0
-6,-65,20.97546387,10.44328784942627,-3.036904097,-26.70982361,-31.81114578,-40.12186432,-60.21252441,-89.69843292,-43.22660065,0,0
-6,-64,21.484718322753903,9.033094406,-6.014472961,-26.80783463,-37.87204742,-46.42664337,-81.48706055,-104.49897,-60.05903244,0,0
-6,-63,40.90117645263672,26.230104446411133,10.75374984741211,-16.54533577,-34.20732117,-47.2426796,-82.8657074,-90.12238312,-57.25789261,0,0
-6,-62,31.55816078186035,21.55587387084961,4.232254505157471,-19.80379295,-36.87530518,-63.07323456,-104.3930206,-118.2758789,-79.78862762,0,0
-6,-61,31.13385581970215,24.418642044067383,2.6449592113494873,-20.5509758,-38.32230377,-73.26141357,-113.4517593,-128.796936,-97.65673065,0,0
-6,-60,32.56092834472656,28.14057350158691,5.558252334594727,-14.69626045,-33.59524918,-69.34686279,-107.8722153,-130.346405,-106.3105927,0,0
-6,-59,34.61710739135742,31.76436233520508,5.426685333251953,-16.60670853,-31.03388977,-59.12562561,-99.68171692,-128.0522766,-101.9676514,0,0
-6,-58,32.72835922241211,31.172039031982425,6.530297756195068,-13.67441845,-26.4206295,-50.39548111,-89.27238464,-122.5114212,-102.3661041,0,0
-6,-57,31.002573013305664,30.32659912109375,6.733084678649902,-23.11361504,-40.73793411,-62.92884827,-103.6355057,-135.5892181,-111.987236,0,0
-6,-56,30.395715713500977,29.97365951538086,11.498383522033691,-20.97540665,-39.93325424,-64.22886658,-102.7319565,-139.7439728,-116.9714355,0,0
-6,-55,27.011829376220703,29.324792861938477,17.011146545410156,-17.32580757,-39.99802017,-65.69385529,-101.7979507,-136.615921,-113.5537262,0,0
-6,-54,17.736928939819336,16.419326782226562,8.251735687,-20.95425797,-45.66835785,-67.10611725,-101.2397003,-135.2070618,-122.7462158,0,0
-6,-53,19.85685157775879,19.849092483520508,11.455392837524414,-21.77659607,-53.78648376,-75.16461182,-108.1711273,-139.9152832,-126.2020187,0,0
-6,-52,18.731769561767575,18.82752799987793,14.388092041015623,-18.7438755,-59.29063416,-78.36193085,-114.3905029,-145.5822601,-128.2240601,0,0
-6,-51,21.556745529174805,21.21172142028809,20.40469741821289,-15.02039433,-57.99259949,-84.78899384,-121.2854385,-148.2732391,-128.3633423,0,0
-6,-50,21.916336059570312,24.000139236450195,24.62225914001465,-9.96596241,-56.77760315,-86.53015137,-119.3139267,-142.1213074,-121.5318832,0,0
-6,-49,17.66667938232422,17.617292404174805,19.78830337524414,-5.146393299,-51.55820084,-82.28179169,-111.2904816,-130.8158417,-122.3717194,0,0
-6,-48,13.10142993927002,11.94049358,15.769903182983398,-1.533597469,-44.31067276,-78.67060089,-108.0753632,-128.015686,-123.3694992,0,0
-6,-47,9.426173210144045,8.037419319152832,13.314900398254396,-1.037601113,-34.85175323,-66.93075562,-96.84326172,-121.6203308,-120.8561249,0,0
-6,-46,7.548203945159912,8.840156555175781,12.343890190124512,0.1610543429851532,-29.05679131,-63.08940887,-96.82672119,-127.8955002,-120.5577927,0,0
-6,-45,5.177166938781738,7.330501556396484,11.085079193115234,1.9322868585586548,-23.68971443,-58.91115952,-92.71413422,-130.8197632,-117.0848618,0,0
-6,-44,2.8593995571136475,5.903756618499756,8.097186088562012,2.695270538330078,-16.71359825,-46.31284714,-80.34347534,-119.3433609,-112.1991043,0,0
-6,-43,1.302120327949524,4.630599021911621,6.351393222808838,1.3046507835388184,-11.66138077,-34.58774567,-66.33545685,-108.2241898,-112.1258926,0,0
-6,-42,-0.36444366,2.9092984199523926,5.143181800842285,-0.587186456,-6.900242329,-23.25602722,-45.68990707,-88.0484848,-98.62277985,0,0
-6,-41,-3.23773098,2.5200321674346924,4.050523758,-1.164453387,-4.486498356,-14.48183918,-26.92257118,-65.95027161,-88.12660217,0,0
-6,-40,-6.284537315,4.661849021911621,6.3693060874938965,-1.865411282,-3.350882053,-9.288520813,-17.45655632,-50.0220108,-81.96564484,0,0
-6,-39,-7.513262749,3.4002931118011475,6.8909125328063965,-2.300088167,-2.316487551,-4.784022331,-10.32914448,-40.5766983,-75.40770721,0,0
-6,-38,-8.42561245,2.252274275,6.835736274719238,-2.626953125,-2.268302679,-2.794601917,-8.082100868,-37.86240768,-68.76469421,0,0
-6,-37,-11.93715954,-0.466174424,4.9780988693237305,-3.330550194,-2.488583803,-1.363252163,-1.882099271,-22.28873825,-48.92250824,0,0
-6,-36,-19.17714691,1.7167052030563354,7.854413032531738,-3.846378565,-2.806700468,-1.908141017,-3.866174459,-22.08684921,-41.63531113,0,0
-6,-35,-38.91077423,0.7970869541168213,4.1668829917907715,-6.725533009,-4.08011961,-2.678235292,-3.637668133,-18.79875946,-31.44485664,0,0
-6,104,-79.00826263,-97.70184326,-125.2134933,-157.6184845,-197.677887,-162.0152435,-131.6434326,-126.5059738,-9.315172195,0,0
-6,105,-73.03126526,-78.9727478,-101.3845367,-129.5443268,-161.3605652,-120.7145386,-104.1398468,-92.1361618,27.191221237182617,0,0
-6,106,-72.03070831,-64.67983246,-79.33525085,-106.0780411,-132.026474,-91.09396362,-92.86542511,-90.00559235,16.99762535095215,0,0
-6,107,-74.05945587,-59.6904068,-68.29358673,-88.88755035,-114.7191772,-77.33463287,-76.57891083,-72.09764099,13.883527755737305,0,0
-6,108,-74.35722351,-55.66115952,-59.9969635,-76.28054047,-106.1242828,-87.00914001,-69.75971985,-31.34191513,34.769752502441406,0,0
-6,109,-85.52114868,-67.09555817,-68.19988251,-79.66156006,-103.2387924,-90.80303955,-81.48020172,-22.91073608,33.09079360961914,0,0
-6,111,-86.58259583,-60.91902542,-55.40205002,-67.72702789,-92.56506348,-98.45363617,-101.88591,-20.98025894,48.58674240112305,0,0
-6,113,-92.35450745,-59.17405701,-51.04737091,-57.84793091,-83.87957764,-106.6287689,-96.04826355,-2.216101885,54.84568786621094,0,0
-6,119,-92.46244812,-55.14955521,-43.45100403,-44.42619324,-62.51727676,-108.7267303,-123.7276382,-45.90411377,-8.681024551,0,0
-6,120,-109.0603867,-63.54454422,-50.23830032,-49.74183273,-61.26033401,-92.3790741,-99.823349,-31.45574951,-4.669091702,0,0
-6,121,-126.9760361,-73.66873932,-54.69866943,-52.54997635,-59.36289215,-84.05444336,-85.61575317,-14.37163925,4.556850910186768,0,0
-6,123,-142.8929749,-73.98238373,-50.03732681,-47.53969193,-55.2567215,-81.62860107,-85.11466217,-8.50861454,11.719541549682615,0,0
-6,124,-143.6326447,-71.25351715,-46.30767059,-45.21635056,-51.01007843,-79.46633148,-88.22327423,-4.979894161,11.833148956298828,0,0
-6,133,-149.8183594,-62.8697052,-48.97101593,-73.32234955,-77.02696228,-66.10603333,-97.93551636,-42.45516968,-31.37780571,0,0
-6,134,-141.2766571,-64.10647583,-52.59093094,-79.92951202,-82.96672058,-63.92242432,-85.59792328,-41.87464905,-25.36554909,0,0
-6,135,-130.2365723,-59.32048798,-58.0931282,-93.0139389,-94.3155899,-60.01955795,-63.89256668,-34.55780411,-8.734729767,0,0
-6,138,-113.3468781,-76.9620285,-85.81752014,-125.3761978,-145.4000244,-68.15782166,-32.41068649,-18.29481888,10.007772445678713,0,0
-6,139,-110.9936676,-78.63204956,-92.62564087,-128.907608,-145.2530365,-69.98283386,-17.25674248,-10.00320148,18.604389190673828,0,0
-6,140,-115.1007004,-76.64595032,-96.7303772,-131.4430847,-138.1743774,-64.96421051,-2.00213027,19.10613250732422,27.294090270996097,0,0
-6,141,-127.5465012,-87.46810913,-108.2520828,-141.1628571,-135.2506714,-50.63574219,12.22836971282959,60.04482650756836,45.57469940185547,0,0
-5,-81,-0.980304897,0.3740736544132232,9.956158638000488,17.22826385498047,18.71824073791504,31.83724021911621,71.12093353271484,117.3311767578125,117.55007934570312,0,0
-5,-80,-1.72563374,0.6185904741287231,4.519347190856934,20.147977828979492,30.92566299438477,61.86119842529297,82.37886047363281,117.52921295166016,121.9237060546875,0,0
-5,-79,-7.730846882,-2.485430956,-10.73867989,-8.287838936,-0.143295527,54.112545013427734,49.45022964477539,37.65602111816406,19.585838317871097,0,0
-5,-78,-13.80508423,-3.041418076,-8.407159805,-16.81819916,-13.57615566,8.618492126464844,0.888633132,-18.68848991,-20.39043617,0,0
-5,-77,3.263484477996826,12.02703857421875,-0.046988636,-17.99640465,-17.3368187,-8.565181732,-11.73687363,-23.10814857,-21.42603683,0,0
-5,-76,12.08198356628418,20.824987411499023,11.222972869873049,-10.55433083,-17.02142906,-17.78211975,-10.51779366,-16.40760994,-13.97216892,0,0
-5,-75,9.806375504,24.31049919128418,14.778517723083496,-11.54488754,-22.74362373,-20.11609459,-3.855916977,-10.01354599,-9.847257614,0,0
-5,-74,11.264411926269531,18.57679557800293,8.350741386413574,-15.03083229,-21.26577187,-30.17486382,-17.46753693,-22.92756271,-12.4417305,0,0
-5,-73,13.224360466003418,16.23051643371582,6.774290084838867,-16.64138412,-22.86912537,-32.35755539,-18.29102135,-30.47168159,-11.22223854,0,0
-5,-72,16.04585838317871,16.302135467529297,6.413548469543457,-17.64802742,-27.09860039,-34.12038422,-21.10392952,-43.29401016,-18.34556961,0,0
-5,-71,19.315120697021484,18.021818161010746,10.116941452026367,-16.34589195,-20.87788391,-27.2369976,-16.72387886,-43.64292145,-18.878685,0,0
-5,-70,16.958982467651367,15.52057933807373,10.654662132263184,-12.92329025,-18.09387016,-31.40229988,-34.16202164,-60.14367294,-28.1746521,0,0
-5,-69,19.226736068725582,15.656249046325684,6.986506462097168,-17.03514671,-15.14818954,-31.93785667,-37.09631348,-63.72808838,-27.82589912,0,0
-5,-68,22.006263732910156,14.355571746826172,2.6459193229675293,-19.54240227,-12.49121952,-36.4613266,-41.83921432,-63.12374496,-26.59336281,0,0
-5,-67,22.613021850585938,12.806243896484377,-0.086897373,-22.27616882,-14.0557375,-38.29579163,-55.35759735,-78.36724854,-37.09121323,0,0
-5,-66,22.29224967956543,9.830100059509276,-3.465696096,-27.83080101,-24.60640144,-45.22082901,-63.32143402,-81.9467926,-42.14557648,0,0
-5,-65,23.827423095703125,8.189842224121094,-7.498259068,-29.83545303,-28.53276825,-52.53229141,-74.70050812,-96.89657593,-58.72912598,0,0
-5,-64,24.066680908203125,8.879483222961426,-9.370622635,-28.47459221,-30.66489983,-58.53123093,-93.5930481,-109.2022247,-67.35071564,0,0
-5,-63,27.230632781982425,15.156314849853516,-3.137358665,-27.63029861,-37.41629791,-67.18713379,-107.8811111,-122.3014526,-82.3000946,0,0
-5,-62,28.498912811279297,18.018394470214844,0.082791403,-24.47063446,-38.95841599,-75.7339859,-122.8439255,-139.1839752,-96.78933716,0,0
-5,-61,28.461261749267575,20.427400588989254,-4.043928146,-25.12471008,-39.97948456,-82.76303864,-122.0356369,-138.2711945,-102.6614151,0,0
-5,-60,29.147659301757812,23.614944458007812,3.2722442150115967,-16.36522293,-32.44444275,-78.43235779,-118.9924927,-144.9515686,-109.814888,0,0
-5,-59,30.81998062133789,26.13926124572754,-1.125382781,-22.31174088,-34.95143509,-72.31682587,-116.0685959,-142.2103577,-113.7775803,0,0
-5,-58,31.111391067504883,23.449386596679688,-1.249879956,-23.18100739,-35.40921021,-71.07541656,-116.3830948,-144.9923096,-116.2438354,0,0
-5,-57,28.888431549072266,21.901477813720703,-1.129439473,-22.00849152,-36.92583466,-69.32302094,-115.1530457,-145.4230957,-118.3917618,0,0
-5,-56,26.912273406982425,22.28656578063965,1.7124595642089844,-22.84108734,-40.53442764,-67.47808075,-114.0269547,-149.7555389,-123.8708954,0,0
-5,-55,25.421783447265625,17.848073959350586,2.772132158279419,-21.47059441,-39.25534439,-64.27924347,-110.3500366,-148.0091858,-120.2347794,0,0
-5,-54,25.61456871032715,18.707141876220703,-1.880824208,-29.04731941,-47.56255722,-70.51477814,-114.9184341,-153.5054474,-131.6448364,0,0
-5,-53,26.852130889892575,22.09740447998047,2.4674270153045654,-26.75332451,-51.79970169,-73.08379364,-115.1177444,-151.2038116,-133.098877,0,0
-5,-52,28.871030807495117,25.190401077270508,10.05543327331543,-21.04254723,-55.54418564,-78.48404694,-120.2052917,-151.1006927,-131.8775787,0,0
-5,-51,31.44586181640625,27.247657775878903,16.03996467590332,-15.09891605,-52.58191299,-78.42996216,-120.700386,-147.6234131,-127.8521347,0,0
-5,-50,33.53117752075195,33.359291076660156,23.390872955322266,-8.468147278,-48.43625641,-78.26448822,-118.7868958,-146.5565186,-130.0987854,0,0
-5,-49,18.868070602416992,15.49928092956543,12.997705459594728,-7.1965518,-43.95772171,-70.06117249,-107.2094345,-129.5672302,-126.0652466,0,0
-5,-48,12.525598526000977,10.367249488830566,13.702526092529297,-7.62039423,-35.8810997,-61.19514847,-100.703804,-122.6148987,-126.7273102,0,0
-5,-47,14.186466217041016,10.574650764465332,13.190081596374512,-5.333048344,-27.62343216,-50.31278992,-91.97389221,-122.2844391,-124.1160812,0,0
-5,-46,14.23911190032959,12.314348220825195,11.334009170532228,-3.966076136,-23.27009583,-45.56687164,-82.05673981,-117.6122284,-112.952919,0,0
-5,-45,15.513452529907228,14.458647727966309,11.507058143615724,-2.156322479,-18.22413445,-42.56695557,-75.3200531,-114.4804916,-108.1256409,0,0
-5,-44,6.011292934417725,9.066937446594238,6.648664951324463,-0.408924907,-12.95600224,-33.10455704,-65.58166504,-112.9457779,-115.1513367,0,0
-5,-43,0.9385820031166076,4.281343460083008,6.936110973358154,-0.771300733,-9.336229324,-26.24972725,-56.47690201,-104.3314133,-114.5669632,0,0
-5,-42,-1.97124505,1.684941053390503,4.957067012786865,-1.439139724,-5.317319393,-16.05124283,-38.2819519,-78.29138947,-95.70248413,0,0
-5,-41,-4.685174942,0.8446360230445862,3.332479953765869,-1.56502974,-3.085950136,-8.104063034,-19.77438164,-53.77263641,-82.07963562,0,0
-5,-40,-6.922339439,1.2321131229400637,5.036750793457031,-1.830389977,-2.183647633,-4.509065628,-10.59120083,-40.41823959,-68.9911499,0,0
-5,-39,-9.619688988,1.5831422805786133,6.186704158782959,-2.447562695,-1.965104938,-3.09010911,-8.33979702,-35.55112076,-61.86726379,0,0
-5,-38,-13.47683907,-0.11835362,4.615813255310059,-2.284538746,-1.278887868,-1.847355247,-5.720378876,-29.45267487,-50.23555374,0,0
-5,-37,-17.14485931,0.3547508716583252,4.115058422088623,-2.440982342,-0.8545596,-1.229410648,-4.170171261,-25.47429085,-45.33150101,0,0
-5,-36,-19.68808746,0.9259330630302428,3.291304349899292,-2.785585165,-0.951137006,-1.419294596,-2.077159405,-20.99358368,-37.89451218,0,0
-5,-35,-29.53519249,0.9535542726516724,-2.408798933,-5.14450407,-2.377990723,-2.806841135,-6.036759853,-23.31265259,-30.51348114,0,0
-5,39,6.614145278930664,-0.174733207,-6.287023067,-6.502532482,10.547855377197266,17.34972572,16.613849639892578,20.075441360473633,21.74351692199707,0,0
-5,102,-76.3567276,-116.368515,-160.5924225,-201.3484802,-242.0694885,-193.3400726,-143.1781006,-92.03546906,18.349117279052734,0,0
-5,103,-80.49459076,-105.7176361,-144.7848663,-186.7052917,-217.5684357,-169.6418304,-107.578804,-24.11864281,75.30440521240234,0,0
-5,104,-81.46183014,-85.36756897,-112.7797318,-151.8369141,-170.5205841,-125.6348038,-86.58367157,19.748865127563477,143.65000915527344,0,0
-5,105,-67.38252258,-73.24164581,-91.4670105,-113.4588013,-120.4659195,-79.91527557,-62.47702408,44.517704010009766,99.78923034667967,0,0
-5,106,-65.51583862,-68.38394928,-77.75897217,-90.18253326,-97.41804504,-62.94940186,-66.18687439,25.759632110595703,59.12646484,0,0
-5,119,-118.7466888,-79.96691895,-65.30006409,-63.52419281,-83.59597778,-129.6596985,-119.22509,-18.60154915,20.22467803955078,0,0
-5,120,-126.8127518,-92.45068359,-76.71160126,-72.18182373,-84.76261902,-105.1144257,-75.59452057,14.760851860046388,72.48745727539062,0,0
-5,121,-150.8482056,-107.5802078,-80.88717651,-72.470047,-77.55753326,-91.90158081,-55.71618652,36.172306060791016,37.12668228149414,0,0
-5,122,-148.5084991,-105.4181061,-81.01317596,-72.00576019,-76.54230499,-96.17041779,-61.17779541,43.57323074,41.61121368408203,0,0
-5,123,-173.2526398,-118.950058,-91.01555634,-81.17573547,-78.55986023,-87.42053223,-58.40261841,41.80891799926758,34.76955032348633,0,0
-5,124,-190.6004486,-123.8328094,-90.44381714,-81.65676117,-73.12358856,-86.21716309,-73.54043579,23.53466225,9.710194588,0,0
-5,133,-145.1639709,-87.04256439,-76.66405487,-107.5552902,-91.48377228,-68.29903412,-97.7865448,-36.94151688,-6.616251469,0,0
-5,135,-116.3955536,-89.56856537,-100.164299,-146.9692078,-118.3608475,-59.0666275,-57.97960281,-16.05029106,11.24806785583496,0,0
-5,136,-126.569397,-107.9443283,-119.2252502,-167.2125549,-143.8454285,-61.02467346,-39.28622055,9.601808547973633,45.217430114746094,0,0
-5,137,-156.9702301,-148.0284882,-155.2595215,-191.9456787,-170.3930664,-56.38339233,-9.012955666,29.974700927734375,74.15453338623047,0,0
-5,138,-161.8749542,-155.9207764,-160.7568054,-194.9224854,-187.3541565,-53.67959595,10.451966285705566,38.99073791503906,69.92089080810547,0,0
-5,139,-141.4010162,-134.4036407,-151.2440643,-183.0566864,-181.6536102,-44.17960358,32.119667053222656,53.15764236450195,57.59759140014648,0,0
-5,140,-136.0556641,-115.956543,-126.8161926,-163.3703461,-163.384613,-36.72913742,45.71312713623047,80.27485656738281,55.463905334472656,0,0
-5,141,-113.5984344,-97.88335419,-111.5542603,-134.0292664,-105.9312439,-4.309479237,62.78346252441406,146.2663116455078,95.06620789,0,0
-4,-81,-0.202540144,1.051131248474121,11.985025405883787,23.79694366455078,25.646482467651367,43.702293395996094,90.17047882080078,137.6556854248047,149.86996459960938,0,0
-4,-80,-4.234178543,-2.011927128,3.676372766494751,29.184072494506836,43.38948822021485,80.03949737548828,104.61968994140624,135.90219116210938,132.3087921142578,0,0
-4,-79,-10.05783749,2.758971929550171,-4.026969433,0.6382236480712891,14.02425479888916,60.15090560913086,58.26925277709961,31.582490921020508,8.552463531,0,0
-4,-78,3.911106348,14.49026584625244,1.3065361976623535,-12.86771679,-8.986527443,4.053272247314453,-4.460259914,-24.88983727,-21.80811882,0,0
-4,-77,13.33627700805664,25.905054092407227,10.488524436950684,-11.27267456,-14.85569859,-18.45748138,-25.96270752,-34.91209793,-24.59693909,0,0
-4,-76,19.60024070739746,27.77786445617676,16.556068420410156,-8.776477814,-20.86236763,-26.10013199,-21.82224464,-29.45369148,-21.21304321,0,0
-4,-75,9.263255119,22.283039093017575,14.969792366027832,-9.263280869,-22.45174789,-25.14682579,-19.06887627,-29.83638382,-17.83625221,0,0
-4,-74,11.802861213684082,18.636329650878903,6.568254470825195,-12.10144806,-24.16777802,-31.78991318,-26.41302299,-31.56644249,-21.04806519,0,0
-4,-73,17.19424819946289,15.867937088012695,2.635608196258545,-13.30342293,-25.0949192,-31.97498703,-25.22766685,-36.15356064,-21.11840057,0,0
-4,-72,21.97488784790039,16.708402633666992,8.009569168,-15.16654491,-25.15786552,-35.60732651,-26.46164703,-44.09125137,-23.14014816,0,0
-4,-71,21.440597534179688,16.341426849365234,9.056947708129885,-15.07108307,-18.82131767,-34.14062119,-24.04826736,-51.35677719,-25.52022552,0,0
-4,-70,22.23293113708496,15.52574062347412,6.268177032470703,-15.59518719,-14.40111828,-29.75925636,-35.2347641,-55.46250153,-26.89109039,0,0
-4,-69,24.20271873474121,15.620691299438477,4.7996978759765625,-11.46574497,0.002984088,-21.74228477,-41.27581024,-63.2770195,-16.83830261,0,0
-4,-68,26.389516830444336,15.376381874084473,2.582778215408325,-20.07437134,-16.00963402,-42.40578461,-63.15151596,-81.7397995,-26.07288742,0,0
-4,-67,24.682945251464844,12.473103523254396,-1.973259449,-25.10931587,-15.58240795,-41.88370132,-65.82669067,-89.30176544,-34.9243927,0,0
-4,-66,21.973064422607425,9.536777496,-5.719246387,-28.84096909,-21.92456055,-55.24741364,-80.98059845,-101.5954819,-49.20665741,0,0
-4,-65,17.813600540161133,6.132163047790527,-10.33401394,-29.14758682,-18.32601166,-53.30765915,-91.57243347,-107.155098,-60.93612671,0,0
-4,-64,16.93383789,6.460762977600098,-10.60332775,-28.64671135,-29.62637138,-65.50128174,-105.1208267,-118.4498749,-78.71803284,0,0
-4,-63,13.755521774291992,5.376414775848389,-6.843296051,-24.30860901,-33.1884079,-71.86621857,-116.3186188,-130.9687653,-91.9131546,0,0
-4,-62,17.869909286499023,10.507874488830566,-4.275854588,-24.70910835,-39.17258835,-83.07061768,-128.7238464,-140.2315826,-105.7490387,0,0
-4,-61,19.082496643066406,11.266029357910156,-7.708012581,-25.43748665,-37.38253021,-87.97093964,-132.0696564,-146.7686768,-111.7935791,0,0
-4,-60,24.85576057434082,16.739971160888672,1.995737671852112,-27.24160767,-39.29101563,-92.2399292,-137.2368469,-161.1053772,-120.0654984,0,0
-4,-59,25.26169776916504,15.124728202819824,-1.485842705,-22.35161591,-38.52767563,-78.62326813,-126.3324509,-153.9794769,-122.3942642,0,0
-4,-58,26.001890182495117,13.28005027770996,-2.843438148,-18.35666656,-36.48596191,-77.60777283,-127.1753845,-163.6782684,-127.5096054,0,0
-4,-57,22.687488555908203,9.140381813049316,-5.741520882,-20.32163048,-35.84369278,-72.37206268,-122.5091705,-157.8005066,-126.9734573,0,0
-4,-56,20.81031036376953,8.676542282104492,-7.171224594,-19.95802116,-37.92711639,-69.39056396,-115.9474335,-153.2032776,-126.9962616,0,0
-4,-55,21.270193099975582,8.773003578186035,-7.913446426,-20.35424423,-38.15982056,-66.72223663,-112.0691299,-152.095108,-128.6221313,0,0
-4,-54,21.69305992126465,10.769248962402344,-9.578914642,-26.61762619,-42.44345474,-68.38437653,-114.1352005,-153.2936554,-129.9503326,0,0
-4,-53,24.585554122924805,15.202603340148926,-2.992274284,-25.37665558,-46.23813629,-69.46964264,-112.3696747,-150.7083893,-132.9787445,0,0
-4,-52,28.16083717346191,17.640153884887695,2.5592188835144043,-21.05311584,-50.31292725,-73.33358002,-114.4862061,-149.0337372,-136.4673004,0,0
-4,-51,26.964466094970703,19.832130432128903,6.015488147735596,-14.07745361,-43.15738297,-70.20161438,-111.8259735,-144.342041,-130.8644104,0,0
-4,-50,28.82288932800293,22.020225524902344,10.15159797668457,-12.59204578,-36.38821793,-59.81319427,-100.0031891,-128.4125366,-113.3847733,0,0
-4,-49,17.05205726623535,15.326937675476074,9.354037284851074,-12.69465446,-31.07440948,-50.61992264,-94.27043915,-123.7151031,-121.8453064,0,0
-4,-48,14.010937690734863,14.044904708862305,11.53372573852539,-11.19716835,-27.02884102,-43.16233826,-87.13097382,-120.8041534,-123.5057068,0,0
-4,-47,12.995482444763184,16.068256378173828,11.01819133758545,-7.4720397,-20.55887604,-34.73724747,-75.77615356,-111.7259521,-117.1009827,0,0
-4,-46,15.85731029510498,16.193836212158203,10.81035614013672,-7.547927856,-17.9769516,-32.38103867,-69.12966919,-109.7498474,-109.6991882,0,0
-4,-45,6.797870159,9.016893387,9.111649513244627,-7.012643337,-15.72992706,-31.15834618,-61.87755585,-102.2123566,-103.1156769,0,0
-4,-44,-3.205594778,2.4717583656311035,3.5135083198547363,-5.185425758,-11.41526604,-23.7610054,-47.329422,-92.69158936,-101.6027756,0,0
-4,-43,-6.850464344,0.8669967651367188,5.4727044105529785,-3.517462492,-7.639300823,-19.14409637,-42.29870224,-88.90346527,-100.9648056,0,0
-4,-42,-4.902701855,1.700763463973999,5.577233315,-2.02423501,-3.942111492,-10.2795372,-30.89985657,-71.02793121,-90.76841736,0,0
-4,-41,-6.388274193,3.515887498855591,7.359298706054688,-0.565815032,-1.86845839,-5.471486092,-22.19112206,-59.60857773,-80.70868683,0,0
-4,-40,-8.735713959,1.5415147542953491,2.649130582809448,-1.33625257,-1.087361097,-2.458774805,-8.948604584,-40.95531464,-63.09817123,0,0
-4,-39,-19.83044052,-2.507815838,1.7453466653823853,-3.488777399,-2.80116868,-3.818013668,-9.476506233,-40.00784683,-60.66575623,0,0
-4,-38,-21.84282494,-0.807829499,3.112238883972168,-1.86011529,-0.495757282,-1.269875288,-4.230996132,-26.77951622,-45.7430954,0,0
-4,38,2.766411304473877,2.1745376586914062,-1.486705303,-2.906708479,13.966136932373049,15.967107772827148,16.68475341796875,17.974409103393555,15.91093635559082,0,0
-4,39,5.148719787597656,0.3955906629562378,-3.577268839,-3.944921017,21.83076286315918,17.121545791625977,14.089627265930176,22.857696533203125,21.68567467,0,0
-4,40,8.611748695373535,1.4180134534835815,-4.166231155,-1.598458052,28.80731201171875,28.29847717285156,22.038454055786133,26.38751983642578,19.047285079956055,0,0
-4,102,-72.29960632,-106.6844788,-154.0749207,-199.2929535,-216.3105927,-152.7412567,-88.08558655,16.014080047607422,91.12625122070312,0,0
-4,103,-71.31296539,-95.29579926,-125.5759811,-157.4257507,-143.392334,-90.72045135,-21.87627983,98.25035858154295,141.2642364501953,0,0
-4,104,-80.67536163,-81.43468475,-100.8499832,-120.5775299,-110.1604843,-56.64338303,-15.85213566,86.44486236572266,111.43331146240234,0,0
-4,105,-71.0002594,-75.9665451,-88.12198639,-97.57262421,-103.0786819,-62.66100693,-25.83560753,101.70000457763672,87.44776916503906,0,0
-4,106,-75.59074402,-77.7148056,-83.7327652,-88.30301666,-104.0174026,-69.94765472,-42.68262482,84.3766861,75.77567291259766,0,0
-4,112,-94.62528992,-86.80576324,-82.5522995,-88.75113678,-110.8514175,-130.463913,-68.64594269,96.82642364501952,109.9415512084961,0,0
-4,115,-110.9540863,-96.93283844,-98.44242096,-95.21621704,-107.1489639,-107.5303192,-39.98462677,94.02374267578124,101.41789245605467,0,0
-4,116,-140.0403595,-113.0012894,-111.7463303,-107.95224,-106.2803192,-95.2388916,-47.22235489,83.64899444580078,62.61311721801758,0,0
-4,119,-131.9272461,-100.8533707,-92.60300446,-91.01452637,-107.8549194,-121.414032,-65.3323288,16.234066009521484,47.97958755493164,0,0
-4,120,-138.1382141,-108.9616547,-100.095932,-94.64899445,-104.4314117,-91.36906433,0.5077812075614929,83.58479309082031,106.19261169433594,0,0
-4,121,-160.0707092,-129.0594482,-106.323616,-94.11894226,-99.21239471,-86.27594757,12.167548179626465,97.34805297851562,93.69995880126952,0,0
-4,122,-172.2398071,-152.2153931,-126.2620773,-104.634613,-101.0528793,-95.52296448,-4.965944767,84.81434631347656,69.57023620605469,0,0
-4,123,-188.2060699,-162.8713379,-130.8222504,-110.7280502,-94.74525452,-89.86206818,-30.22788811,70.63994598388672,40.46613311767578,0,0
-4,126,-197.3700562,-168.8168945,-128.5118561,-115.942482,-92.97185516,-91.55852509,-93.76306915,-47.82783508,-31.77525902,0,0
-4,127,-209.958786,-192.0714111,-154.5081787,-138.2081146,-99.82774353,-77.26153564,-80.27021027,-8.13189888,44.46297073364258,0,0
-4,128,-185.2730408,-178.1769867,-144.2661896,-132.5908661,-97.95972443,-81.06828308,-70.23776245,-25.50719261,14.136322975158691,0,0
-4,129,-170.896759,-158.4347076,-131.180481,-126.0518188,-94.15333557,-87.43167877,-77.3372879,-12.398633,18.058012008666992,0,0
-4,130,-173.6504822,-153.0653381,-135.3830109,-136.7380981,-99.51124573,-78.59406281,-66.52600861,5.469241619110107,37.15737533569336,0,0
-4,131,-161.7052917,-138.6991425,-130.0420532,-139.002182,-97.97222137,-76.44818878,-60.59202957,4.409440994262695,48.57889938354492,0,0
-4,133,-132.2761688,-108.4009399,-105.129158,-128.6561279,-97.93418884,-66.69792938,-68.46624756,-2.691681623,15.863567352294922,0,0
-4,134,-136.4463806,-114.2618332,-124.2619476,-150.9169769,-108.9904785,-51.26362228,-38.9061203,22.022701263427734,38.884613037109375,0,0
-4,135,-141.7496796,-161.6072388,-176.2985382,-201.8149719,-120.18853,-42.45328522,-13.4548645,36.87666320800781,74.41958618164062,0,0
-4,136,-136.5729828,-213.089386,-239.8369751,-239.0091858,-123.9662628,2.455293893814087,29.69919776916504,81.96578979492188,136.73562622070312,0,0
-4,137,-165.6538086,-191.4707336,-241.9497375,-238.0053711,-126.5752029,31.40395164489746,74.96967315673828,160.20021057128906,175.03311157226562,0,0
-4,138,-93.34112549,-68.25824738,-119.1244583,-125.7868347,-72.92437744,49.91228485107422,112.90731048583984,265.7975158691406,231.85340881347656,0,0
-4,139,-69.76488495,-18.51663589,-19.80318451,-28.74493408,-49.4678154,42.624900817871094,110.53010559082033,266.2665710449219,218.96202087402344,0,0
-4,140,-67.71323395,-30.6578083,-35.8674202,-42.81292343,-45.65220642,34.17323684692383,99.62633514404295,202.3015594482422,164.25164794921875,0,0
-4,141,-79.79940033,-63.16606903,-58.38983917,-53.39842987,-26.631567,40.08438491821289,79.73000336,173.7431182861328,122.46050262451172,0,0
-3,-80,-3.064911842,-4.39793396,8.395329475402832,49.06461334228515,75.54301452636719,124.78672790527344,135.51173400878906,176.34036254882812,148.22372436523438,0,0
-3,-78,6.985015392303467,19.274375915527344,-1.49846077,-7.931252956,-0.307313204,2.004493236541748,-17.38151741,-41.85969543,-35.88137054,0,0
-3,-77,14.86176872253418,25.264854431152344,5.724219322,-8.506137848,-10.45857143,-16.97202873,-32.6592865,-38.19591522,-35.24500656,0,0
-3,-76,23.53838539123535,29.81222152709961,14.590594291687012,-6.31401825,-21.32830429,-31.89181137,-33.67272186,-40.79575729,-28.07676888,0,0
-3,-75,15.086804389953612,22.089603424072266,15.844468116760254,-3.499400139,-18.86957359,-25.54529572,-26.73023033,-37.36753082,-25.17860031,0,0
-3,-74,18.602937698364254,19.75217628479004,7.121768951416016,-6.774887562,-18.80375671,-27.33860397,-31.80373573,-42.94446182,-33.18941498,0,0
-3,-73,25.42793083190918,17.09789276123047,5.30919075,-7.656201839,-16.87013245,-25.05592155,-31.56151962,-41.60822678,-32.60307693,0,0
-3,-72,28.078367233276367,17.164079666137695,7.4880452156066895,-10.0643692,-14.45574665,-30.41263962,-34.10733795,-49.50348663,-31.91640854,0,0
-3,-71,26.03879165649414,15.457246780395508,7.052055835723877,-10.12775421,-14.73869228,-31.97069168,-41.2085228,-62.24191284,-29.37348747,0,0
-3,-70,26.541683197021484,12.439105033874512,4.681207656860352,-12.30551815,-13.71866703,-32.70902252,-50.992733,-68.25102234,-29.53090477,0,0
-3,-69,28.37523078918457,12.44853687286377,2.6503593921661377,-14.62115383,-13.08825493,-37.58769608,-62.87507629,-80.80924988,-23.15691376,0,0
-3,-68,26.191497802734375,11.62710666656494,0.5958393216133118,-17.07856369,-12.78033924,-42.82779694,-72.81240082,-90.49010468,-32.35224915,0,0
-3,-67,22.03902053833008,8.120292663574219,-1.812804341,-22.18478394,-14.4414587,-50.28951645,-78.39350891,-91.5723877,-37.9659462,0,0
-3,-66,14.413036346435549,6.381735324859619,-7.704171658,-26.11151695,-14.74573898,-53.40297699,-83.75688934,-92.83446503,-42.82456207,0,0
-3,-65,10.357542037963867,2.256739616394043,-13.35266209,-29.84843254,-22.03202438,-65.62915802,-102.7299118,-111.8106079,-67.21006012,0,0
-3,-64,7.249245643615723,-0.286315382,-16.1137619,-31.06600952,-34.09171677,-77.08686066,-115.4851303,-120.5284195,-80.36065674,0,0
-3,-63,7.436846733093262,-0.130720288,-13.66606903,-29.74805832,-37.11668396,-84.03619385,-128.77742,-137.473938,-92.0774765,0,0
-3,-62,7.883271217346191,3.155698776245117,-9.600701332,-28.45147324,-42.19970703,-91.00244141,-138.4539948,-143.8509521,-108.2887268,0,0
-3,-61,8.744599342346191,1.362737774848938,-10.98217487,-26.87632561,-42.20890808,-92.34114838,-138.6020813,-149.8071442,-115.0060501,0,0
-3,-60,11.992862701416016,-2.540502787,-15.32140064,-33.04836655,-45.41542053,-96.79033661,-147.5381622,-159.7828217,-126.5294876,0,0
-3,-59,20.99693298339844,4.301877975463867,-5.350107193,-26.08241844,-39.86660767,-84.61530304,-139.1490326,-155.3050079,-128.6181793,0,0
-3,-58,21.469453811645508,3.463526487350464,-6.27243042,-26.82816124,-34.92051697,-81.11304474,-131.3596497,-155.5928345,-127.7670746,0,0
-3,-57,22.25681495666504,2.113414764404297,-5.824279308,-25.99184418,-37.57963562,-78.1217041,-120.4341278,-155.8312988,-123.8033524,0,0
-3,-56,12.16111183166504,-2.050528765,-9.627375603,-20.51993179,-36.90424347,-75.33800507,-117.2638321,-159.4735107,-133.1204224,0,0
-3,-55,13.951497077941896,-3.482833624,-13.31589699,-19.88916016,-30.90800285,-60.68737411,-98.08250427,-139.4938812,-122.0984344,0,0
-3,-54,10.54981517791748,-4.934588432,-16.62099457,-21.6000309,-27.42626953,-51.84934998,-92.18791199,-133.9913635,-119.8405609,0,0
-3,-53,11.131388664245604,3.286757707595825,-10.81841564,-24.77224541,-34.33785629,-55.2226944,-96.63762665,-141.5689392,-129.271347,0,0
-3,-52,9.585229873657228,5.359116077423096,-6.053231239,-24.778265,-39.57509995,-56.35562897,-92.68901062,-136.4622955,-128.9862366,0,0
-3,-51,11.245038986206056,6.937479496002197,-0.210155442,-12.35779476,-31.55305481,-50.64820862,-86.85157013,-129.4599152,-127.8990021,0,0
-3,-50,12.12258529663086,9.785632133483888,-1.911569953,-14.06808758,-25.2645092,-41.70104599,-82.08184052,-124.2656555,-124.6734314,0,0
-3,-49,6.582175254821777,6.8310699462890625,-0.937099636,-11.9409132,-18.77832031,-30.60129547,-73.05236053,-110.7472534,-119.1345444,0,0
-3,-48,2.530605316,5.826862812042236,0.5257318615913391,-11.61598587,-17.35035896,-25.72739601,-67.41934204,-110.0018463,-124.3558502,0,0
-3,-47,1.7707502841949463,7.2159552574157715,3.536426544189453,-9.512235641,-15.49203205,-25.48327637,-63.62524414,-102.8496094,-118.1976471,0,0
-3,-46,-1.075901985,4.572836875915527,-2.620234013,-11.75868034,-13.97947884,-21.61388397,-48.58803177,-82.77521515,-97.02774048,0,0
-3,-45,-0.505488276,5.229601860046387,0.8273180723190308,-8.440605164,-10.3642025,-19.67458725,-42.23912811,-74.95948792,-86.78899384,0,0
-3,-44,-12.72973156,-3.795969963,-2.749923944,-7.589118481,-8.25177002,-16.26447105,-36.77296829,-70.8499527,-87.42948151,0,0
-3,-43,-17.0564003,-2.465054989,1.405158281326294,-3.505581141,-5.322584152,-12.30916977,-31.06896782,-66.01298523,-82.73980713,0,0
-3,-42,-13.1893816,-1.730459571,1.8019992113113403,-1.03310585,-1.666615605,-5.588079929,-17.990942,-51.24340439,-72.97085571,0,0
-3,-41,-11.76936245,-0.807397127,0.4897697567939758,-1.103727102,-1.07409215,-3.089612961,-13.34659004,-44.18260956,-68.75788879,0,0
-3,-40,-13.18821144,1.7109051942825315,2.1575567722320557,-0.79139024,-0.394070774,-1.315104842,-7.85015583,-33.73952484,-58.66183853,0,0
-3,-39,-17.28769684,1.9654262065887451,1.488940954208374,-1.500157595,-0.692025125,-1.432110429,-8.819641113,-32.32302856,-53.09691238,0,0
-3,37,-0.159305528,-0.14902477,-1.587127924,-2.723782539,16.087736129760742,33.44993209838867,32.40161895751953,20.16730308532715,22.1965332,0,0
-3,38,2.626309633255005,1.4367893934249878,-0.952609718,-1.381300092,20.544479370117188,26.231544494628903,32.34770584106445,24.63075256347656,25.71069908,0,0
-3,39,4.4062323570251465,0.7965533137321472,-1.96003902,-1.242442489,25.941822052001953,17.935989379882812,18.980039596557617,31.217287063598633,26.372589111328125,0,0
-3,40,9.626510620117188,0.6135030388832092,-2.507657051,-0.377987027,32.92705535888672,26.658370971679688,26.915632247924805,26.91934585571289,18.04895401000977,0,0
-3,41,3.4252727031707764,0.3786814510822296,-3.463805914,1.7041383981704712,47.28211594,37.16194152832031,39.147579193115234,28.217287063598633,12.942740440368652,0,0
-3,100,-62.7467308,-99.75891113,-162.935379,-203.6903229,-209.3537903,-118.0251617,-99.36294556,22.46647071838379,67.81014251708984,0,0
-3,101,-68.72302246,-91.34693146,-151.9639893,-192.5594025,-179.4345093,-98.79998779,-53.69696426,74.81323242,95.92314910888672,0,0
-3,102,-59.31766129,-82.19674683,-117.2472992,-149.6422272,-108.6504822,-36.67694092,5.544741630554199,83.50178527832031,102.3475570678711,0,0
-3,103,-65.19480133,-76.40700531,-100.951828,-107.7056656,-74.83965302,-11.75217438,16.211381912231445,93.79581451416016,71.30548858642578,0,0
-3,104,-67.36048889,-71.78490448,-87.87075043,-97.45210266,-71.56266785,-16.45890045,29.55374336242676,110.99964141845705,85.97745513916016,0,0
-3,105,-70.05247498,-76.2438736,-88.20637512,-95.20378876,-97.64334106,-41.10468674,10.589787483215332,128.24681091308594,81.23468780517578,0,0
-3,106,-76.79421997,-83.18704224,-90.15235901,-95.54266357,-112.7166672,-56.88568497,-4.793105602,131.86524963378906,72.67193603515625,0,0
-3,107,-81.89772797,-87.76823425,-88.59487152,-97.48861694,-120.8934174,-58.35438538,-20.85230637,120.22511291503906,53.19591522216797,0,0
-3,108,-79.67006683,-80.00047302,-80.63114929,-95.81834412,-126.0944748,-82.8057251,-28.95666122,131.0725555419922,63.336647033691406,0,0
-3,110,-68.10041809,-72.97173309,-78.34250641,-93.42944336,-119.7897873,-85.0915451,-18.21607018,128.95562744140625,95.64820098876952,0,0
-3,111,-78.3843689,-81.45211792,-87.09325409,-100.3289108,-117.549263,-66.34832001,23.628211975097656,131.56173706054688,124.67132568359376,0,0
-3,112,-73.96832275,-89.63010406,-97.6857605,-107.6265411,-117.1966705,-54.28911591,36.52539063,135.33045959472656,136.95462036132812,0,0
-3,113,-71.48835754,-88.51319122,-99.66322327,-107.596077,-113.4191513,-59.76506424,26.433374404907227,127.1235122680664,126.83041381835938,0,0
-3,114,-84.23523712,-89.57740784,-102.0700073,-106.4756699,-111.82901,-66.1446991,20.37409019470215,100.19181823730467,90.99176025390624,0,0
-3,115,-108.1038589,-97.99971771,-111.0134735,-112.5136795,-113.3734589,-58.94688034,44.56077194213867,91.9593277,71.34722900390625,0,0
-3,116,-136.7838898,-126.0321045,-136.4206238,-129.9669189,-113.9639816,-55.95236588,24.12714385986328,91.08768463134766,65.36173248291016,0,0
-3,117,-159.1880493,-140.2729187,-145.2959137,-131.2750549,-108.1664581,-69.40175629,-5.999881268,56.52759552001953,9.762153625,0,0
-3,119,-163.87677,-152.2569427,-169.0569763,-170.3577271,-169.4106598,-88.33429718,11.465227127075195,55.735015869140625,88.81352233886719,0,0
-3,120,-145.696579,-147.1986084,-147.2275543,-141.2518005,-129.2939758,-66.13963318,50.367340087890625,124.92731475830078,160.98643493652344,0,0
-3,121,-150.6452637,-157.0294952,-149.149826,-138.4399261,-128.8269958,-69.6555481,64.43132781982422,131.8921661376953,91.07374572753906,0,0
-3,122,-170.4767456,-169.6022644,-149.5858765,-125.374054,-112.3626099,-81.07035828,29.132360458374023,101.35875701904295,66.20669555664062,0,0
-3,126,-157.6160431,-174.9906769,-142.6840363,-131.6485748,-110.6848755,-80.44878387,-68.17037201,-11.15352249,-29.63003159,0,0
-3,127,-177.8011627,-181.5950317,-149.0553436,-137.6137848,-106.0875549,-67.32302094,-40.86692047,22.78339576721191,8.090088844299316,0,0
-3,128,-180.3832397,-177.7184906,-153.7522736,-151.0101929,-127.4018402,-70.35122681,-38.22492218,27.839252471923828,13.040716171264648,0,0
-3,129,-152.6410675,-163.7968445,-149.0646973,-153.7267761,-123.1249008,-64.13304138,-24.44183159,54.315486907958984,54.35509490966797,0,0
-3,130,-144.9985657,-148.6348724,-136.1806335,-139.0329437,-103.1464233,-62.10858154,-17.86911583,95.97517395019533,67.39464569091797,0,0
-3,131,-119.2821045,-141.597702,-134.558075,-138.8356476,-97.09044647,-67.80258942,-27.35502434,43.530635833740234,21.77693748474121,0,0
-3,132,-105.4260483,-131.6996613,-127.940094,-139.6795349,-96.2290802,-60.6064682,-32.93717575,26.558408737182617,27.32654571533203,0,0
-3,133,-128.3693542,-132.4353333,-132.7371063,-147.8077545,-105.8058167,-47.19070816,-12.30762291,39.285884857177734,42.29053879,0,0
-3,134,-131.2104034,-147.4421844,-158.1526642,-167.5093689,-94.4453125,-22.37254524,13.032669067382812,66.38930511,52.98484420776367,0,0
-3,135,-158.9155579,-176.9901733,-187.6828461,-189.856369,-104.3355408,-22.58572578,30.296066284179688,102.53614807128906,100.588623,0,0
-3,136,-147.6560364,-166.3593292,-180.3976288,-177.9983368,-90.59217834,6.817481994628906,54.46140670776367,126.3666000366211,128.1871795654297,0,0
-3,137,-118.0949707,-117.9535217,-127.0322037,-133.914978,-67.6918335,28.59316062927246,82.28411102294922,167.65452575683594,159.4227294921875,0,0
-3,138,-99.66552734,-88.0715332,-76.61964417,-84.56660461,-38.73707199,36.42000961303711,77.87390137,159.86688232421875,133.97689819335938,0,0
-3,139,-85.05090332,-75.55886078,-66.19330597,-58.30522537,4.092547894,36.834529876708984,69.59577941894531,150.0986328,99.97438812,0,0
-3,140,-71.14463043,-69.37041473,-56.86227798,-33.62436676,21.559682846069336,42.48019790649414,71.41081237792969,159.53997802734375,77.20168304,0,0
-3,141,-56.28536224,-64.20849609,-48.72151184,-18.81642342,29.75622177124023,40.84450912475586,61.37697219848633,168.16317749023438,88.74964904785156,0,0
-2,-76,26.671619415283203,24.312759399414062,6.403834819793701,-8.281754494,-19.26394463,-34.41804123,-46.08589554,-49.25727844,-38.84365845,0,0
-2,-75,24.26125144958496,20.323387145996097,11.958205223083496,1.4387600421905518,-16.50398827,-24.22228432,-29.25688744,-36.21965408,-25.14665031,0,0
-2,-74,23.398778915405273,18.46454429626465,10.904825210571287,-0.027824514,-10.84849548,-22.32180214,-29.30320549,-40.77158356,-30.53288841,0,0
-2,-73,29.50751495361328,12.10050106048584,9.327990531921388,-1.673807263,-10.96594429,-22.140625,-34.99935913,-43.46006393,-35.8009491,0,0
-2,-72,26.914871215820312,8.660158157348633,6.106410503387451,-4.769556999,-11.18199444,-25.88105202,-44.01846695,-52.06533813,-36.64397812,0,0
-2,-71,24.855268478393555,6.4539361000061035,6.469372272491455,-7.34691,-10.25621796,-28.47441292,-47.84254456,-64.90987396,-38.82311249,0,0
-2,-70,24.746959686279297,3.5067250728607178,3.706623792648315,-9.282519341,-11.69708824,-35.50956345,-58.87887192,-74.99554443,-36.60046005,0,0
-2,-69,28.312442779541016,4.187838077545166,1.313441038131714,-11.93863678,-13.98559093,-42.6966362,-79.19477844,-95.59515381,-44.67683792,0,0
-2,-68,25.85527229309082,3.668420791625977,-1.159846663,-15.58858681,-11.18639278,-43.43972015,-82.36416626,-93.46810913,-41.71658325,0,0
-2,-67,17.500635147094727,0.2754705846309662,-5.871453762,-20.9823494,-12.46284103,-51.49121475,-83.86995697,-87.78585815,-44.91186523,0,0
-2,-66,8.919233322143555,-2.307525635,-10.80071926,-24.33312607,-15.49020576,-60.01472092,-91.00522614,-91.45266724,-52.06603622,0,0
-2,-65,2.714144468307495,-6.280895233,-16.63132095,-28.38941765,-24.34993744,-74.07162476,-103.1581345,-98.44216919,-61.76200867,0,0
-2,-64,6.219015598297119,-4.320357323,-15.30740547,-26.63774681,-28.54732323,-78.11943054,-107.3605194,-103.321167,-71.26821136,0,0
-2,-63,7.125675678253174,-3.622122765,-11.06059742,-22.897089,-33.39355469,-80.33840179,-114.635994,-113.786171,-77.17899323,0,0
-2,-62,7.1087565422058105,-3.536099434,-5.469880104,-19.5620327,-34.63462448,-84.20102692,-127.316925,-126.9922943,-88.96350861,0,0
-2,-61,5.406100273132324,-6.391237259,-3.946968555,-15.72889233,-37.15547562,-92.20193481,-141.8846283,-143.3884583,-101.6389694,0,0
-2,-60,6.065604209899902,-5.948747158,-9.070263863,-25.5100193,-44.92243958,-101.6296844,-158.537323,-161.3915863,-120.7424774,0,0
-2,-59,8.849734306,-5.694409847,-4.421692371,-21.52791595,-39.64295959,-97.44915771,-157.9673615,-166.3384552,-130.4060059,0,0
-2,-58,4.1638994216918945,-13.51567841,-12.2002449,-25.2673111,-43.52126312,-96.8240509,-148.3380432,-164.7341919,-132.0744629,0,0
-2,-57,3.118480920791626,-10.54794693,-10.91972828,-26.15767288,-41.87372971,-90.78839874,-135.7265778,-160.5440521,-132.4224243,0,0
-2,-56,-4.786380768,-16.74546051,-14.46904945,-21.68019295,-36.33273315,-79.62215424,-118.7733383,-147.6856232,-128.7402344,0,0
-2,-55,-5.882743835,-14.51312923,-12.68470573,-16.98847771,-27.33032417,-61.9098053,-91.25757599,-125.259491,-109.6425934,0,0
-2,-54,-6.864156723,-16.35867882,-17.99682045,-18.05130768,-20.49633026,-43.79806519,-77.16001892,-118.2587585,-108.5445862,0,0
-2,-53,-8.67332077,-10.46857071,-16.29899979,-18.25574875,-18.5993042,-36.116745,-71.52064514,-121.0886612,-116.8720245,0,0
-2,-52,-11.20869923,-9.167728424,-18.05258179,-25.71725082,-25.6630764,-39.36009216,-71.96555328,-123.8773422,-124.8976135,0,0
-2,-51,-8.777920723,-7.802914619,-19.58504868,-23.94754791,-21.32033348,-32.18832397,-60.49794388,-113.2111664,-120.985817,0,0
-2,-50,-8.189786911,-2.910314798,-10.0137701,-15.33383274,-15.09653187,-23.84086227,-52.61231232,-102.7113342,-116.8831787,0,0
-2,-49,-10.60063648,-3.859708071,-7.744474411,-11.47085381,-12.61870861,-19.04335403,-52.7554512,-97.35568237,-114.9265976,0,0
-2,-48,-18.37039948,-6.19092226,-8.931735039,-9.452998161,-11.52718544,-15.94820213,-50.49819183,-88.13417053,-107.2267227,0,0
-2,-47,-26.20155144,-16.14386559,-21.034935,-19.03268242,-19.75236511,-24.28510857,-52.63602448,-84.84869385,-102.2290497,0,0
-2,-46,-14.05807304,-3.933352232,-7.005395412,-8.961910248,-9.924956322,-14.03650665,-31.32351494,-65.06040192,-79.83830261,0,0
-2,-45,-37.27806854,-23.29502678,-14.67863464,-7.861391068,-5.713840008,-10.24641418,-23.66743469,-56.30408478,-74.90341949,0,0
-2,-44,-39.77209473,-19.58197784,-10.70217991,-4.465293884,-3.43799758,-7.554891109,-18.3314209,-45.35651398,-72.71405792,0,0
-2,-43,-35.59368134,-15.87667561,-6.881446838,-2.288529634,-2.158547878,-5.065004349,-17.58436966,-48.81255341,-77.96081543,0,0
-2,35,-10.72478199,-3.858503103,-0.294509023,-9.203385353,2.9184625148773193,33.368263244628906,24.303009033203125,11.893769264221191,7.085702896118164,0,0
-2,36,-5.03779459,-1.349434853,-0.553411186,-5.497581482,4.158079147338867,22.967479705810547,17.99807357788086,10.542421340942385,12.792801856994627,0,0
-2,37,-1.814902782,-0.085622936,-1.27817297,-2.8317945,13.07241153717041,20.452363967895508,23.06914520263672,17.494028091430664,16.38412094116211,0,0
-2,38,2.3404176235198975,0.8745514750480652,-1.128489017,-0.557415962,24.59143447875977,24.313989639282227,31.395252227783203,28.970308303833008,25.058969497680664,0,0
-2,39,4.896376609802246,1.2369966506958008,-0.520350456,0.7428379654884338,29.269887924194336,23.292497634887695,28.21243476867676,35.31166076660156,26.979894638061523,0,0
-2,40,8.257051467895508,2.2628142833709717,0.023796279,0.9358772039413452,35.113800048828125,24.730066299438477,25.836284637451172,28.040922164916992,19.226543426513672,0,0
-2,41,6.214156627655029,0.4619479775428772,-1.975565076,3.419036865234375,47.453575134277344,33.123435974121094,36.00445556640625,21.790517807006836,10.922659873962402,0,0
-2,42,0.3281404972076416,-1.061325431,-3.169676065,8.588608741760254,60.21007156,41.75696945,53.469032287597656,25.00984764099121,9.784912109,0,0
-2,99,-51.62411499,-83.77629852,-157.9113159,-183.3527832,-165.6960297,-67.96125031,-63.5402298,42.124263763427734,41.32850266,0,0
-2,100,-65.42343903,-85.14047241,-160.011734,-192.174942,-167.4666595,-65.38960266,-16.84567451,103.92736053466795,61.56296920776367,0,0
-2,101,-72.2953186,-78.39035034,-143.011795,-145.4595642,-96.18167877,-15.42997265,51.48478317260742,140.4358673095703,105.94923400878906,0,0
-2,102,-55.64242554,-63.43612289,-96.93740082,-97.37429047,-47.28344345,32.38139724731445,49.71174240112305,111.9355239868164,58.69301223754883,0,0
-2,103,-56.52841949,-65.0711441,-84.72436523,-92.62665558,-43.05226517,23.826242446899418,60.808380126953125,126.0233154296875,52.036136627197266,0,0
-2,104,-66.86558533,-77.45812988,-92.03350067,-91.55000305,-68.82180023,-8.175591469,43.383827209472656,124.6148452758789,56.57238006591797,0,0
-2,105,-71.54441071,-82.85619354,-97.12099457,-96.12787628,-97.54656219,-25.37413216,16.55673599243164,132.55897521972656,59.46681594848633,0,0
-2,106,-74.49050903,-90.1672287,-96.21996307,-99.29551697,-111.541153,-40.97253036,8.224437713623047,147.05934143066406,69.51194,0,0
-2,109,-67.10679626,-72.75921631,-84.66802979,-97.30049896,-115.0550003,-52.09381104,12.917518615722656,127.68181610107422,87.35757446289062,0,0
-2,110,-78.28144836,-73.74973297,-89.48339844,-103.341156,-111.8265915,-15.75793362,48.47543716430664,149.74977111816406,117.81735229492188,0,0
-2,111,-79.06139374,-79.11989594,-99.23101044,-111.929657,-103.7106323,20.00327491760254,89.49853516,159.09278869628906,161.4960479736328,0,0
-2,112,-74.91065216,-89.97763062,-106.3323288,-114.933815,-88.26428986,41.68212891,107.82891082763672,164.7441864013672,169.6830596923828,0,0
-2,113,-75.99014282,-81.91802979,-100.685585,-115.5765915,-87.5279007,17.639089584350586,100.80128479003906,152.1262969970703,130.76150512695312,0,0
-2,114,-80.23597717,-86.33262634,-105.1016846,-115.6567993,-93.88227844,-11.77060509,52.72466278076172,92.65749359,75.25803375,0,0
-2,115,-92.68621826,-93.70976257,-112.0427551,-118.0176544,-100.293457,-19.01278114,46.91059112548828,79.24493408203125,33.948211669921875,0,0
-2,116,-112.7972565,-112.7909317,-132.6861572,-135.122345,-108.9977264,-22.92444611,50.50133514404297,70.37474822998047,14.626322746276855,0,0
-2,117,-137.9768066,-134.5031586,-149.3721924,-138.7339783,-98.93913269,-26.81058502,30.118946075439453,48.453861236572266,-21.01192284,0,0
-2,119,-152.3751221,-147.9352875,-176.2798004,-180.6877594,-136.6601257,-16.94397736,43.94951248168945,45.55189895629883,17.997556686401367,0,0
-2,120,-102.5948792,-146.1217041,-170.033844,-155.1599579,-52.03234863,-13.22462845,149.7103271484375,235.20770263671875,167.36219787597656,0,0
-2,121,-101.9365616,-120.9660416,-122.7335358,-120.1641006,-92.57285309,-31.45186234,66.00019836425781,97.16783905029295,30.371925354003903,0,0
-2,122,-138.4476929,-166.0823669,-151.4111938,-132.7042694,-110.9638672,-70.30666351,23.023136138916016,43.29925155639648,1.064589262008667,0,0
-2,123,-152.4996033,-184.7993011,-163.4960632,-133.7999268,-109.8003159,-88.70592499,-14.32292366,24.145702362060547,-24.10859871,0,0
-2,124,-153.8795166,-184.8042908,-160.3486176,-137.9742126,-108.4567947,-97.45959473,-47.68950653,12.452862739562988,-49.51142883,0,0
-2,125,-145.004837,-160.5122528,-139.9746399,-123.7025681,-97.38213348,-87.21833038,-57.30455017,4.521015167236328,-46.99181747,0,0
-2,126,-135.7748718,-147.1018982,-129.9342651,-118.7309036,-87.66213989,-75.97829437,-50.44252014,13.214667320251465,-27.0666256,0,0
-2,127,-140.0749817,-184.0728455,-163.928833,-144.1815338,-101.9041824,-72.68685913,-39.80169296,23.725849151611328,-10.26440239,0,0
-2,128,-133.9735413,-175.5134125,-154.3172607,-142.7215881,-102.9380188,-73.45925903,-30.09329414,47.820838928222656,16.52328872680664,0,0
-2,130,-126.9478989,-144.7591095,-139.126709,-137.8652039,-98.09738922,-57.16898727,-2.208697319,83.63813018798828,24.434045791625977,0,0
-2,132,-89.46470642,-139.3570099,-140.911499,-146.5224915,-96.27883911,-40.73080826,0.004418684,27.972692489624023,-7.970124245,0,0
-2,133,-90.57642365,-128.5239105,-141.3071289,-149.2588043,-100.6491165,-24.00203896,40.358009338378906,62.51578521728515,11.12357234954834,0,0
-2,134,-77.89654541,-134.3084412,-145.5765991,-130.3923492,-68.83041382,2.0225048065185547,67.64453125,96.15967559814452,43.74731445,0,0
-2,136,-119.7485275,-145.4515991,-150.1784058,-122.6527023,-44.01124191,11.629487991333008,48.03654098510742,117.83186340332033,47.988521575927734,0,0
-2,137,-91.43273163,-106.8180008,-105.4065399,-84.13445282,-12.93432426,22.85060691833496,55.517330169677734,141.8907012939453,61.28440856933594,0,0
-2,138,-68.55522919,-75.61955261,-58.85480499,-41.78842163,10.550225257873535,30.91659927368164,57.20589065551758,135.96331787109375,60.361698150634766,0,0
-2,139,-59.22561264,-69.24823761,-54.79737854,-23.06137848,27.189367294311523,35.57721710205078,50.75230026245117,126.23834228515624,36.26040267944336,0,0
-2,140,-55.04188538,-72.7756958,-67.42377472,-12.67681885,28.754377365112305,29.41988754272461,50.12281799316406,115.76323699951172,12.29553223,0,0
-2,141,-68.82151794,-95.0090332,-103.0820236,-48.15403366,16.45113182067871,15.643556594848633,36.82848358154297,106.8560028076172,11.992364883422852,0,0
-1,-76,25.140066146850582,21.588321685791016,6.318909645080566,-5.571676731,-21.11635208,-39.32529449,-61.68899155,-64.58271027,-59.65707779,0,0
-1,-75,26.32640266418457,16.22527503967285,9.849807739257812,2.2490649223327637,-17.44280815,-28.99661827,-37.51133347,-37.7287674,-30.87363243,0,0
-1,-74,26.734792709350582,11.59121799468994,12.19221019744873,6.743845462799072,-7.182956696,-19.32081413,-29.70052147,-29.5182991,-21.95215416,0,0
-1,-73,24.401762008666992,2.1406936645507812,9.057059288024902,0.9865041971206664,-9.447185516,-22.0729351,-39.80507278,-36.10829163,-28.85908127,0,0
-1,-72,23.998546600341797,-1.581054688,4.892181396484375,-1.89287591,-10.04184246,-24.45198059,-49.51580048,-49.87274551,-37.45906067,0,0
-1,-71,26.11678695678711,-3.695943117,2.1700024604797363,-5.36713171,-10.83143902,-30.01114655,-55.7069397,-61.81109238,-40.69325256,0,0
-1,-70,25.209426879882812,-4.738184929,2.520449638366699,-3.86579442,-3.224687576,-25.44451904,-50.151371,-62.60071564,-34.47964096,0,0
-1,-69,25.582748413085938,-7.864537239,0.5096520781517029,-12.17275429,-13.97865582,-46.71988678,-81.22446442,-95.70435333,-57.04951477,0,0
-1,-68,21.81627655029297,-9.71035862,-1.628466368,-13.82883644,-9.487512589,-43.91250229,-82.6337738,-92.03865051,-53.18610764,0,0
-1,-67,15.868907928466797,-11.81984138,-6.026321888,-19.12952614,-9.932847023,-51.64229965,-82.44661713,-84.64152527,-47.80324173,0,0
-1,-66,6.587808132171631,-14.18905926,-11.0397234,-22.71333504,-16.73149872,-60.37448883,-86.5736084,-78.7365036,-48.83702087,0,0
-1,-65,1.6138705015182495,-17.31273079,-16.22002792,-24.26182747,-26.43622017,-75.45032501,-94.84674835,-79.09587097,-49.3314476,0,0
-1,-64,5.785369396209717,-18.48607445,-14.51237392,-23.1998806,-33.23990631,-81.79192352,-96.40014648,-80.77506256,-49.40258789,0,0
-1,-63,11.038838386535645,-14.67708588,-7.755321503,-15.36979008,-31.42627716,-76.30065918,-99.65287781,-84.6111908,-56.28487015,0,0
-1,-62,5.231652736663818,-13.93843174,-7.758220196,-22.22503471,-40.03952408,-89.21881866,-122.4706421,-106.7543488,-70.65454865,0,0
-1,-61,-0.820763052,-17.81951904,-11.26721287,-23.35928345,-44.66437912,-98.62265778,-140.4010315,-131.9218445,-90.78783417,0,0
-1,-60,-0.153213993,-19.1502533,-12.05427647,-22.66579247,-41.79653549,-103.4606552,-153.9385376,-144.8438416,-105.2008667,0,0
-1,-59,-5.321397305,-20.61182022,-14.42912674,-27.26082802,-43.8421936,-110.6044006,-160.2739105,-153.0568848,-113.6791153,0,0
-1,-58,-8.86856842,-21.8454895,-16.05839157,-29.17826843,-40.56913376,-101.0269241,-147.4060364,-147.3514099,-111.6353836,0,0
-1,-57,-14.99708652,-23.51854134,-16.66072464,-29.69191551,-39.62807465,-92.05474091,-135.4011688,-145.9147491,-115.8066788,0,0
-1,-56,-20.77570724,-23.56279945,-21.41710854,-24.13235664,-31.02678108,-78.56378174,-119.3149109,-132.7991333,-109.7182541,0,0
-1,-55,-33.47406387,-29.10084152,-27.96738243,-27.35926247,-25.77118301,-58.87836456,-96.5934906,-123.7988663,-107.8859406,0,0
-1,-54,-36.25666428,-27.18072891,-32.80920029,-33.06336212,-25.33023643,-43.10238647,-79.06469727,-126.5326004,-118.3980942,0,0
-1,-53,-27.10292625,-21.91079521,-20.02661514,-14.7075634,-8.400743484,-20.77417755,-51.05369568,-100.2996902,-98.54077148,0,0
-1,-52,-30.82381821,-22.73982048,-22.21247101,-16.8103714,-12.16069412,-21.05093765,-48.26989746,-105.6268234,-113.4938736,0,0
-1,-51,-26.49869347,-17.92253876,-18.8053112,-15.20808125,-10.12530422,-17.5867939,-41.329422,-98.54932404,-111.4667892,0,0
-1,-50,-29.82865906,-22.87789726,-21.95869446,-14.21511745,-8.999060631,-14.66391373,-39.29715347,-95.02507782,-113.206192,0,0
-1,-49,-36.8059845,-26.23184013,-24.72537041,-14.06893826,-8.488822937,-12.58517361,-38.01715088,-84.70133209,-101.8939896,0,0
-1,-48,-44.58158875,-32.90330887,-27.18235397,-13.37655735,-8.709754944,-12.32545662,-35.21170425,-78.77171326,-99.95300293,0,0
-1,-47,-36.9356308,-24.22743034,-18.01329422,-8.581810951,-6.368451118,-9.240390778,-24.87332916,-62.80550766,-85.80961609,0,0
-1,-46,-38.22746277,-22.55971909,-13.88058281,-5.499995708,-2.847118139,-5.368032455,-17.29632378,-56.10113525,-81.275177,0,0
-1,-45,-46.05836105,-24.49650002,-11.03157234,-2.772103548,-1.313679457,-5.292039871,-16.63151932,-54.69031143,-82.91461945,0,0
-1,34,-16.23072624,-7.733166218,-9.478462219,-23.5219593,2.8375115394592285,54.94219970703125,69.13077545166016,45.72814941,18.38703727722168,0,0
-1,35,-19.43459511,-6.22643137,-2.151281834,-14.15103531,12.328168869018556,50.727569580078125,49.62104034423828,35.312137603759766,21.636499404907227,0,0
-1,36,-20.76569366,-8.548114777,-2.650160789,-13.90183067,7.155788898468018,45.96269607543945,27.95305824279785,20.67757225036621,31.025718688964844,0,0
-1,37,-8.51913166,-3.663437605,-4.089434624,-6.68116045,17.511253356933594,31.019023895263672,32.84847640991211,28.271120071411133,31.77852439880371,0,0
-1,38,0.023887049,-0.138094783,-2.082731009,-1.425109863,26.585376739501953,28.37569236755371,34.40266799926758,34.81979751586914,29.04322624206543,0,0
-1,39,3.201529741287231,0.5979213118553162,-0.660048783,0.2273434400558471,29.79001235961914,29.250673294067383,31.09835624694824,35.68221664428711,25.68391990661621,0,0
-1,40,6.187901496887207,1.268243670463562,0.017978119,1.115419864654541,33.915252685546875,26.473737716674805,26.15027236938477,28.073102951049805,18.370649337768555,0,0
-1,41,8.061895370483398,2.40071702,-0.409948289,3.906812668,47.35331344604492,33.984012603759766,32.940494537353516,23.277990341186523,13.509175300598145,0,0
-1,98,-48.06995773,-63.54001236,-141.1496887,-149.1067963,-120.9833374,-57.32609177,-30.82463264,35.053428649902344,22.055849075317383,0,0
-1,99,-54.85176849,-66.51587677,-136.7136688,-148.8786011,-112.7803116,-38.8199234,-9.850776672,63.15492248535156,34.23887634277344,0,0
-1,100,-62.96028137,-61.49743652,-132.6274567,-132.8981628,-85.57501221,0.076018624,32.360050201416016,69.93314361572266,32.066261291503906,0,0
-1,101,-52.45181656,-46.39097595,-101.2082901,-68.29905701,-24.4281311,39.77029800415039,71.57070922851562,93.36895751953124,36.27191925048828,0,0
-1,102,-39.05535507,-37.0836792,-63.15155029,-56.80355835,-11.07584,55.859256744384766,90.16555023,112.96001434326172,27.235498428344727,0,0
-1,103,-64.38031006,-61.57359314,-78.22608948,-76.6517868,-34.22874069,18.109859466552734,70.78856658935547,111.93960571289062,29.005409240722656,0,0
-1,104,-67.1061554,-72.76354218,-86.51231384,-80.92629242,-61.40718842,-0.567566991,55.37098693847656,114.81661987304688,34.43884277,0,0
-1,105,-71.63264465,-84.91810608,-96.89883423,-90.5883255,-88.18206024,-14.36651707,40.14259338378906,142.76565551757812,54.13872146606445,0,0
-1,109,-74.67762756,-68.18643951,-91.86985016,-100.9638519,-87.36763,-8.7053442,51.865211486816406,137.47451782226562,113.15428924560548,0,0
-1,110,-84.33123016,-73.12107849,-95.73375702,-99.02272797,-52.67924881,34.17970275878906,79.56153106689453,141.98866271972656,144.0592803955078,0,0
-1,111,-89.22907257,-73.83846283,-97.76398468,-102.4618073,-35.29302979,54.31697082519531,105.6481704711914,144.64602661132812,172.12838745117188,0,0
-1,112,-86.87746429,-75.15732574,-98.15958405,-104.4436951,-30.68629265,70.43551635742188,107.22327423095705,147.08865356445312,164.38571166992188,0,0
-1,113,-80.41454315,-76.50500488,-100.6551056,-113.6197433,-40.09949112,50.91685104370117,98.55724334716795,130.64988708496094,111.95201873779295,0,0
-1,114,-71.92131805,-81.03890991,-104.4860001,-113.6322632,-50.9202652,38.73360061645508,75.75542449951172,91.72489929,68.64582824707031,0,0
-1,115,-73.28922272,-85.04737854,-106.0461044,-110.2674408,-63.61478424,23.44029426574707,70.60144043,68.70749664,20.313674926757812,0,0
-1,116,-81.19057465,-93.74000549,-115.1412048,-122.4513321,-81.27823639,7.143075466156006,58.385135650634766,54.617427825927734,-19.41542244,0,0
-1,117,-92.52498627,-102.4989243,-122.673172,-123.3526306,-80.974823,0.2094344794750213,48.22684860229492,30.358720779418945,-38.09914017,0,0
-1,118,-101.9647522,-114.8044586,-139.3539124,-134.1411591,-83.44367218,0.6174122095108032,25.033357620239254,12.450632095336914,-50.76335144,0,0
-1,119,-114.4262543,-133.9374542,-165.0612488,-165.6477661,-103.8404846,15.220252990722656,41.55345535,30.144256591796875,-40.47462082,0,0
-1,120,-108.9819794,-109.0781555,-143.2635956,-140.7095947,-62.18645096,42.49332046508789,89.37457275390625,104.31532287597656,8.178733825683594,0,0
-1,121,-79.38838196,-125.4413986,-133.6572723,-127.3823776,-92.52294159,0.3655388653278351,45.26609420776367,48.98890305,-25.43816948,0,0
-1,122,-83.91539764,-142.5990143,-138.8057861,-129.5633087,-94.69270325,-50.58406067,58.97521973,62.13875579833984,-18.06748009,0,0
-1,123,-102.3940964,-150.4110565,-146.0602112,-125.7830658,-107.8149643,-72.68908691,16.25085449,31.798925399780273,-35.75527954,0,0
-1,124,-115.3493271,-185.821106,-169.5722046,-142.5232697,-113.5840912,-86.79199219,-14.27317142,9.241722106933594,-49.09200668,0,0
-1,127,-112.7650909,-184.8124695,-170.3728485,-151.4160767,-106.7595367,-77.30877686,-32.24893188,24.390066146850582,-19.59551239,0,0
-1,128,-131.1610565,-168.3006592,-162.9386292,-145.708252,-92.0512619,-62.12475586,-17.679245,55.92757797241211,-0.317044228,0,0
-1,130,-132.4203796,-172.3721619,-175.258667,-158.9221191,-106.9511871,-62.63652802,-4.504096508,53.90999603271485,-14.80752468,0,0
-1,131,-130.3737946,-159.0541992,-162.5587921,-149.1012878,-97.3837204,-37.39968491,-8.763176918,25.124805450439453,-31.67784882,0,0
-1,132,-152.1696167,-201.0016022,-213.8908691,-190.2497253,-110.3968353,-15.26118469,20.007211685180664,28.057327270507812,-33.07560349,0,0
-1,133,-128.6180115,-195.0262451,-207.3087311,-177.592865,-82.65730286,23.120473861694336,60.75559997558594,163.6008301,108.11797332763672,0,0
-1,134,-49.30192947,-102.3997726,-119.9938889,-65.46094513,42.94861602783203,44.83850098,146.1819610595703,284.03826904296875,126.3354034423828,0,0
-1,135,-105.0505524,-131.083313,-138.2954254,-110.2896729,-38.97264099,22.39246178,74.07003784179688,145.99559020996094,33.50444030761719,0,0
-1,136,-94.7976532,-109.7780991,-114.9047546,-90.41244507,-37.02957916,1.1379534006118774,29.55097198486328,86.84860229492188,-5.84380579,0,0
-1,138,-67.68579102,-95.23091125,-84.37080383,-51.21168137,-8.030258179,-5.847990513,20.04644012451172,82.31678771972656,-22.07093811,0,0
0,-77,3.911798000335694,1.150501728057861,-9.879841805,-11.32926846,-5.568222523,-14.8952837,-54.54031372,-70.58323669,-56.08049011,0,0
0,-76,25.88224983215332,17.88589096069336,3.911832809448242,-5.99853611,-21.81729698,-39.83689117,-67.28662109,-65.53845978,-61.64323425,0,0
0,-75,21.388458251953125,12.787872314453123,6.897317886352539,2.2591373920440674,-13.15699387,-30.01543236,-39.13999557,-28.85223007,-23.65480614,0,0
0,-74,27.476303100585938,7.031939506530762,13.051278114318848,7.790950298309326,-4.038683414,-21.99773598,-31.75321579,-22.58762741,-11.88385582,0,0
0,-71,20.981109619140625,-12.80597973,-1.061978817,-9.554680824,-12.36885548,-36.94335556,-68.93196869,-63.91263199,-42.97314835,0,0
0,-70,16.843059539794922,-13.75200653,0.013694326,-8.658039093,-14.37549114,-43.77474594,-73.81382751,-78.84172058,-48.68212891,0,0
0,-69,19.189130783081055,-16.76836014,-0.144594118,-13.05143738,-13.13069248,-48.39439392,-82.04740906,-94.97314453,-63.03018188,0,0
0,-68,22.26945686340332,-18.34681511,-1.2978791,-11.71679115,-8.389403343,-45.53289795,-82.8738327,-99.19564056,-64.17739105,0,0
0,-67,15.58831501,-19.97789192,-3.939150095,-15.55983734,-8.563694954,-48.22255707,-79.47013855,-88.08254242,-53.91234207,0,0
0,-66,4.312376022338867,-24.45543289,-8.211073875,-18.37314987,-8.855532646,-48.68997574,-71.76605225,-68.03743744,-42.69077682,0,0
0,-65,-0.806509554,-26.22542191,-10.62891293,-24.56177902,-27.55176544,-71.51869202,-88.80414581,-74.77012634,-39.10408783,0,0
0,-64,-0.276221901,-33.69251633,-18.7143631,-33.28934097,-44.13399506,-89.72864532,-100.1015854,-78.95150757,-41.40446854,0,0
0,-63,6.560953140258789,-24.93557167,-6.965220451,-21.81051254,-35.71046066,-81.63034821,-94.43338776,-70.73204803,-32.17297745,0,0
0,-62,-6.510304451,-27.26533318,-11.23517513,-27.4675293,-43.74762726,-88.99884796,-109.146492,-90.11994934,-53.80360031,0,0
0,-61,-13.70564365,-32.03927612,-12.45756626,-24.32938576,-43.45809555,-93.78065491,-118.9530182,-101.0988312,-68.92737579,0,0
0,-60,-21.66094208,-34.76988602,-18.42749023,-25.11488914,-47.95949554,-107.1152191,-136.810257,-118.8556519,-84.45793915,0,0
0,-59,-25.96013451,-34.98586655,-18.64958,-27.03800583,-48.65930557,-109.6394272,-142.6336517,-125.864975,-85.17005157,0,0
0,-58,-31.72167015,-36.59569931,-21.92092133,-28.30976486,-45.68094635,-98.59810638,-132.1744843,-126.4918213,-94.93586731,0,0
0,-57,-40.30268097,-40.99271011,-27.02369881,-29.20016861,-39.60003662,-90.01717377,-120.9109955,-123.6737747,-98.3207016,0,0
0,-56,-40.83660889,-34.13050079,-26.2210331,-25.91782379,-31.86450386,-75.58061218,-106.7424698,-118.743248,-94.48767853,0,0
0,-54,-45.79894257,-33.83733368,-30.47182846,-19.36097336,-11.17731762,-25.85046196,-60.90025711,-111.2759705,-109.6936722,0,0
0,-53,-48.86000061,-33.48555374,-29.96043587,-18.94330978,-8.176645279,-16.7520256,-47.71712494,-105.7419205,-114.817009,0,0
0,-52,-56.78610611,-41.28147888,-32.31085205,-19.17526054,-12.37307835,-16.30901146,-41.7758255,-106.1936798,-116.0949936,0,0
0,-51,-44.36922073,-33.21003723,-26.753582,-13.71980667,-6.211227417,-9.50447464,-27.6584301,-88.59837341,-100.7349167,0,0
0,-50,-51.45510101,-40.76481628,-27.17502022,-10.54062366,-4.965337753,-7.561600685,-26.67473221,-91.31874847,-110.0043182,0,0
0,-49,-52.83473587,-38.6737709,-23.10774803,-7.905026436,-4.266979694,-6.863359928,-25.32259178,-88.24913788,-112.5048981,0,0
0,-48,-48.45994568,-32.93843079,-19.55582047,-6.098430157,-4.325193882,-8.194160461,-27.87762451,-88.49130249,-114.6270905,0,0
0,34,-22.00445366,-15.05995178,-15.63001347,-30.11488533,22.054737091064453,52.51311111450195,48.18414688110352,31.216476440429688,20.978744506835938,0,0
0,35,-34.60479355,-17.71263313,-16.61893654,-28.78080368,3.278226137161255,44.79215621948242,27.553049087524418,23.527618408203125,20.821800231933594,0,0
0,36,-26.91685104,-12.61677265,-7.942059994,-22.7947197,5.0508599281311035,32.974021911621094,18.69660186767578,23.067073822021484,25.776657104492188,0,0
0,37,-17.60880852,-10.26061535,-8.786847115,-11.29198933,19.37880516052246,41.84246826171875,23.463592529296875,28.413333892822266,30.697927474975582,0,0
0,38,-3.243448257,-1.831984162,-2.617687225,-2.346184969,27.441883087158203,31.620182037353516,37.153038024902344,34.37059402,29.65281867980957,0,0
0,39,0.8569280505180359,-0.149861947,-0.874890089,-0.082469977,26.611265182495117,27.733612060546875,30.069223403930664,31.39025307,24.36968040466309,0,0
0,40,4.415866374969482,0.6530441641807556,-0.353105903,1.1358836889266968,30.515111923217773,28.08639144897461,27.61014938354492,25.650081634521484,18.44347763061523,0,0
0,41,6.333375453948975,2.147549629211426,-0.453749835,3.3989036083221436,41.379051208496094,35.14722442626953,29.37226676940918,20.35348129272461,13.582599639892578,0,0
0,98,-47.33622742,-50.33227539,-118.6860123,-96.99842834,-59.12729645,-12.40438271,23.777454376220703,45.35144043,6.623162269592285,0,0
0,99,-51.54774094,-51.37787628,-108.0460129,-85.18047333,-32.83257294,16.470094680786133,40.72321701049805,50.18326187133789,10.989830017089844,0,0
0,100,-46.4578476,-27.32969093,-77.13567352,-27.63688469,22.33076286315918,64.11319732666016,69.82306671142578,58.25462723,4.287481307983398,0,0
0,101,-37.2008934,-13.54480362,-46.3752327,-10.33370209,35.37549591064453,72.66220092773438,94.85971832,86.54127502441406,10.18510627746582,0,0
0,102,-40.58234787,-21.14369965,-38.08453369,-28.19768143,16.997861862182617,63.937870025634766,118.15718841552734,98.50447082519533,16.00428581237793,0,0
0,103,-56.48118973,-45.66844559,-61.4294014,-51.29157257,-10.85947323,27.01397132873535,91.44361114501952,97.48667145,14.74745750427246,0,0
0,104,-67.04742432,-61.54598999,-75.25223541,-69.61698151,-39.77016449,-1.033663869,73.95309448242188,100.03024291992188,15.64271068572998,0,0
0,105,-71.45771027,-76.9617691,-92.73386383,-81.38243103,-76.96252441,-15.11766624,69.48831939697266,139.28677368164062,38.78688049316406,0,0
0,109,-77.796875,-60.94041061,-90.27778625,-89.50338745,-46.85270309,17.008859634399414,90.68975830078124,153.52740478515625,100.59938049316406,0,0
0,110,-76.7696991,-59.13616562,-87.7257843,-66.8877182,18.44188117980957,58.33562088012695,94.44232940673828,127.44292449951172,120.32280731201172,0,0
0,111,-77.77453613,-57.19530869,-83.23636627,-66.26239777,40.27811050415039,71.30645751953125,95.88233184814452,107.10930633544922,128.8171387,0,0
0,112,-80.98233032,-62.44451904,-88.12942505,-78.56697845,32.086090087890625,77.38761138916016,95.56056976,107.73761749267578,117.9633789,0,0
0,113,-85.68860626,-67.28675079,-100.5693741,-89.80794525,4.412720680236816,68.45826721191406,100.5990753173828,117.05523681640624,110.34793090820312,0,0
0,114,-68.91603851,-66.5476532,-96.95406342,-95.09050751,-12.38861179,61.07574844360352,86.13004302978516,85.11636352539062,59.10947799682617,0,0
0,115,-58.90481949,-66.98788452,-91.55531311,-95.28097534,-31.79288101,51.78800201416016,66.00875854492188,51.17501449584961,-0.224025011,0,0
0,116,-52.61571503,-72.38510895,-94.02163696,-99.52985382,-44.83858109,34.529998779296875,51.24740219116211,21.936079025268555,-38.60312653,0,0
0,117,-60.58795547,-81.00843048,-105.8190002,-108.7905197,-61.22808456,16.51886749267578,48.88690185546875,8.144402503967285,-53.91756821,0,0
0,118,-63.44766617,-94.15758514,-124.9179382,-117.9439011,-65.59578705,-1.307481527,24.96471405029297,-3.840683699,-65.89466095,0,0
0,120,-77.74132538,-94.31887054,-126.9927139,-126.1073685,-68.3742218,5.253062725067139,32.55489730834961,32.523040771484375,-48.98313141,0,0
0,121,-67.89717102,-109.1397476,-129.6839447,-119.0935745,-73.87268066,-15.87139797,21.927854537963867,18.718862533569336,-49.60662079,0,0
0,122,-61.65961075,-123.4456635,-135.2505341,-119.8365097,-88.71917725,-27.92403221,22.05408096313477,-7.821222305,-58.72706985,0,0
0,123,-83.34719849,-142.4623871,-144.6663208,-124.1290283,-105.1943283,-50.06606674,23.47423553466797,11.447898864746094,-36.72512817,0,0
0,124,-89.25367737,-153.0823822,-160.1044464,-138.1477814,-111.5793915,-53.34661102,28.897130966186523,23.738433837890625,-34.62608337,0,0
0,127,-104.604744,-180.2560577,-176.1858673,-157.4295044,-107.2908554,-65.81993103,-24.86211014,9.848862648010254,-38.02280426,0,0
0,128,-111.3267593,-177.2991333,-176.9763794,-159.6462402,-99.55736542,-50.50547409,3.816103935241699,53.77686691,-18.8612442,0,0
0,129,-126.658493,-175.8867645,-176.2418671,-155.4503937,-99.62739563,-42.8908577,16.70932388305664,46.59207534790039,-37.48087311,0,0
0,130,-133.1983643,-172.5541534,-174.2253876,-158.2320862,-103.4082413,-52.7743187,13.276774406433104,52.55072784423828,-38.08805084,0,0
0,131,-109.0336685,-151.7811584,-155.0770264,-137.9579926,-89.58058167,-39.04986191,16.212846755981445,42.23551177978515,-42.34030533,0,0
0,132,-115.3420029,-147.7005157,-150.7422333,-129.8367157,-73.61066437,-16.03565979,17.250072479248047,53.86231994628906,-24.18694687,0,0
0,133,-105.2901917,-124.4440308,-129.671051,-110.1428375,-56.35327148,-1.916147828,41.70856857299805,103.05470275878906,12.394869804382324,0,0
1,-79,-15.64832878,-14.83574772,4.780266284942627,37.29779815673828,117.28843688964844,174.91412353515625,125.50199127197266,82.07969665527344,-1.362393022,0,0
1,-78,-30.29668236,-27.12567329,-17.76698112,5.519931316375732,67.00862884521484,108.84246063232422,28.875804901123047,34.793495178222656,0.5162621736526489,0,0
1,-77,14.901429176330566,4.860648155212402,-3.379914045,-0.790532172,-3.48984766,-18.52583694,-76.33096313,-79.64566803,-73.85884857,0,0
1,-76,36.40940856933594,17.03487205505371,13.212092399597168,-3.596938848,-17.99567604,-48.75043869,-78.77250671,-77.09513092,-71.71811676,0,0
1,-75,14.37555980682373,9.958019256591797,12.276021003723145,1.1885948181152344,-14.92576885,-38.08661652,-45.89215469,-26.40920448,-21.1468811,0,0
1,-74,19.114667892456055,10.382936477661133,14.635217666625977,6.275554656982422,-9.076116562,-28.01136398,-34.54970169,-19.01304245,-6.121046543,0,0
1,-72,11.971896171569824,-10.48206902,0.8830145597457886,-7.194539547,-5.174866676,-28.01525307,-50.907341,-36.21303558,-24.07584572,0,0
1,-71,2.445803642272949,-26.73992729,-7.45946312,-18.92465401,-12.06661606,-35.20796967,-64.92288971,-50.80276489,-31.79718018,0,0
1,-70,2.0462398529052734,-21.2279644,0.061391022,-17.933918,-13.89116955,-42.36856079,-80.6268692,-72.33708954,-48.68889618,0,0
1,-69,8.426734924316406,-21.2707119,-2.833273888,-17.32423019,-10.7223959,-42.42476654,-81.3032074,-79.20146179,-50.14123535,0,0
1,-68,14.950644493103027,-26.50383759,-5.949187279,-16.15756226,-8.424537659,-47.14834976,-90.77033997,-98.4028244,-63.22690582,0,0
1,-67,1.1935898065567017,-28.89112091,-9.881311417,-15.70926952,-4.676305294,-44.67167664,-83.84352875,-93.45589447,-56.3938179,0,0
1,-66,-15.51416016,-43.24673462,-18.5785408,-26.9675827,-14.76204967,-55.1676445,-88.17256927,-90.16488647,-47.52288818,0,0
1,-65,-16.98197174,-40.61723709,-15.95704746,-28.22876167,-29.22562981,-67.86995697,-89.6679306,-83.15596008,-46.90681839,0,0
1,-64,-31.28899384,-50.13785553,-25.02556229,-33.86652756,-37.19222641,-70.14433289,-86.8977356,-70.29239655,-34.35312653,0,0
1,-63,-26.30019951,-46.25105667,-22.1302948,-31.58231163,-41.35456085,-76.58667755,-91.43704224,-75.87257385,-35.94844437,0,0
1,-62,-27.8264389,-50.53160858,-25.50823975,-34.8272934,-45.12192535,-82.36662292,-89.71874237,-69.95751953,-37.17850876,0,0
1,-61,-32.65898895,-54.13952255,-27.78923607,-38.96879196,-52.44792557,-94.23409271,-102.4023743,-79.98203278,-46.62841034,0,0
1,-60,-37.65658569,-54.94051361,-24.21878433,-29.25039482,-50.17974472,-95.23499298,-111.405838,-91.84387207,-59.02711105,0,0
1,-59,-46.40329742,-53.77098846,-27.52641106,-37.95887756,-64.47387695,-108.8916397,-120.2837143,-99.79322815,-67.99931335,0,0
1,-58,-46.37682724,-50.59111404,-27.14155579,-24.7234478,-43.97091675,-94.13417053,-108.4886856,-104.1434631,-77.85918427,0,0
1,-57,-44.40501022,-48.39152527,-32.32945251,-32.31067276,-42.81907654,-88.27955627,-103.9802628,-107.8295364,-87.11257935,0,0
1,-56,-44.9357338,-39.65850449,-29.042202,-21.84491158,-26.11653709,-66.79463959,-88.13697815,-103.9915543,-87.21437073,0,0
1,-55,-44.01421738,-34.8085289,-27.59799004,-17.67166328,-11.75179482,-35.56056213,-67.8192215,-105.6343384,-98.48761749,0,0
1,-54,-48.55432892,-35.68450546,-28.81773949,-17.07800865,-8.849815369,-21.34462929,-59.58983994,-108.4253082,-109.563652,0,0
1,-53,-52.33991623,-38.15113068,-30.32554245,-20.53116035,-12.05045128,-18.33390427,-55.79281235,-111.4255295,-116.8046036,0,0
1,-52,-51.85544968,-41.84758377,-32.14823914,-20.10451508,-13.6763525,-16.98873329,-49.33748627,-110.7583847,-116.5258179,0,0
1,-51,-49.03025436,-41.46689987,-33.29981995,-16.81120491,-7.993328571,-10.33165264,-39.13349915,-112.1233597,-123.0551682,0,0
1,-50,-41.01557541,-34.06543732,-19.96306992,-6.611054897,-3.167781353,-5.914823532,-28.64525223,-104.4946136,-121.7269363,0,0
1,34,-20.03352928,-16.76249123,-23.34085274,-33.1557312,11.342645645141602,67.43735504,32.777400970458984,22.54329490661621,25.98754119873047,0,0
1,35,-44.76921463,-26.35202026,-25.97438622,-41.32949448,-2.982750177,52.50193405151367,26.70409393310547,21.035322189331055,27.35370445251465,0,0
1,36,-32.93368912,-16.92845535,-19.68481255,-31.22897148,-4.74566555,28.312847137451172,17.608945846557617,19.20885658,21.12927246,0,0
1,37,-20.98897552,-12.08102894,-11.39919567,-15.8021183,4.526033878326416,29.398906707763672,25.699254989624023,22.53160285949707,19.726661682128903,0,0
1,38,-6.210840225,-2.672738791,-2.853908777,-3.716642618,15.223161697387695,30.85568046569824,31.928619384765625,27.83196449279785,21.97569274902344,0,0
1,39,-0.459225923,-0.615968227,-0.996100247,-0.345106423,23.53339576721191,29.39105796813965,29.173410415649418,25.06510353088379,20.140399932861328,0,0
1,40,3.8623275756835938,0.7586442232131958,-0.393794388,1.2480950355529783,33.53097152709961,35.01953125,26.928709030151367,21.590240478515625,17.142255783081055,0,0
1,41,5.970763683319092,1.9476354122161863,-0.542269886,2.805964469909668,43.40427017211914,39.09216309,25.973543167114254,16.69188881,13.487038612365724,0,0
1,97,-41.3328476,-42.35548019,-79.31057739,-49.03927612,-26.24964333,33.386085510253906,51.84137344360352,57.724403381347656,0.6726940870285034,0,0
1,98,-45.74688339,-41.94940186,-78.34085846,-30.37428665,10.331135749816896,47.10664367675781,59.733360290527344,41.65272141,-9.39330864,0,0
1,99,-43.67525101,-25.68301964,-55.038517,-1.880005956,51.98880386352539,65.45381927490234,76.11453247070312,35.03869629,-14.41273403,0,0
1,100,-35.17303085,-7.164735794,-41.29737854,25.115238189697266,85.17250824,84.59120941,90.38246918,58.90163040161133,-13.82826138,0,0
1,101,-34.59720993,-4.275768757,-27.06733131,9.573236465454102,54.55531692504883,74.44299316,97.8034668,57.06539535522461,-14.19844341,0,0
1,102,-47.82082748,-22.76382256,-37.58419037,-2.678263426,25.92264938354492,46.99039077758789,102.05581665039062,59.57136535644531,-11.67772198,0,0
1,103,-61.00413895,-40.76953125,-47.83101654,-25.38829041,5.784040927886963,37.057273864746094,107.4273452758789,69.47040557861328,-2.967612743,0,0
1,104,-57.96782684,-56.44461441,-65.56047821,-59.10614014,-29.7197094,21.964563369750977,99.00878143310548,86.17255401611328,3.107576608657837,0,0
1,105,-61.79813385,-65.84983826,-82.69346619,-73.62454224,-64.06815338,-1.745437026,87.66296387,121.50108337402344,15.141412734985352,0,0
1,109,-75.93346405,-55.57714081,-83.57456207,-74.64113617,-14.9259491,26.48703956604004,88.21794128417969,131.26535034179688,39.08949661254883,0,0
1,110,-75.82653046,-46.85094452,-76.22738647,-41.04487991,64.03233337402344,70.19242095947266,94.07539368,107.4935302734375,48.77517318725586,0,0
1,111,-80.48073578,-51.57263184,-72.19779968,-30.09280586,68.68367767333984,68.86204528808594,67.35501861572266,72.74188995361328,52.59902572631836,0,0
1,112,-80.83757019,-52.00954056,-76.44641113,-42.10479355,68.93532562,83.84104156,89.15281677246094,76.53194427490234,69.53968048095703,0,0
1,113,-89.05117035,-58.13846588,-89.65119934,-57.23277664,45.93643951416016,106.91127014160156,106.4585418701172,88.98960876464844,85.29927062988281,0,0
1,114,-84.18047333,-56.74059296,-95.14505005,-63.73963547,21.704912185668945,73.09635162353516,117.68289184570312,91.71759033203124,56.253814697265625,0,0
1,115,-61.38201904,-57.02801514,-88.81629181,-69.70365906,-8.137940407,50.43474960327149,75.00433349609375,38.05255126953125,-3.901386499,0,0
1,116,-37.13780975,-50.35036087,-87.15203857,-80.27298737,-2.620061159,27.99670028686523,46.18764877319336,6.9600934982299805,-39.60867691,0,0
1,117,-43.99285889,-66.00062561,-96.06144714,-91.32472229,-31.71954346,18.034404754638672,43.00838470458984,-16.05528831,-63.18355179,0,0
1,118,-56.31385803,-70.38933563,-109.1996231,-101.0562286,-40.70793533,10.932421684265137,42.748008728027344,-3.378673077,-61.37983322,0,0
1,119,-62.62278748,-77.61360931,-117.2014236,-113.3897858,-56.55617905,-4.11833334,18.708208084106445,13.84024143218994,-58.87165451,0,0
1,120,-73.44611359,-92.27857208,-130.9406433,-121.3547745,-65.60610199,-23.3717823,3.1448843479156494,-4.33338356,-83.61365509,0,0
1,121,-58.24197006,-91.36417389,-127.5816345,-119.0154572,-62.18942261,-9.095026016,21.245988845825195,-9.796053886,-78.58021545,0,0
1,122,-64.76612854,-95.09201813,-116.0777512,-109.2352524,-73.77284241,-18.78961182,14.245926856994627,-9.778723717,-76.64574432,0,0
1,123,-77.16124725,-109.4851074,-125.0878754,-115.2462006,-82.57672882,-19.87879562,28.687992095947266,-15.63235474,-78.86869812,0,0
1,124,-79.22251892,-123.0843658,-129.3809204,-122.9940414,-99.60401154,-17.92897797,27.680191040039062,8.447773933410645,-77.34035492,0,0
1,125,-68.29020691,-132.4512939,-144.0357361,-129.4602966,-99.93774414,-29.9606781,26.51371955871582,12.954397201538086,-68.75972748,0,0
1,127,-102.8809128,-164.1983185,-175.6123047,-162.5355225,-127.3942108,-60.68051529,6.558520317077637,3.092355251312256,-83.74980164,0,0
1,128,-77.54387665,-157.578186,-167.9820404,-154.5413971,-101.1763535,-14.43320274,36.650733947753906,48.421241760253906,-59.33663177,0,0
1,129,-87.1187973,-152.4358368,-161.7436676,-136.7084045,-75.49576569,-23.57014847,42.84962082,37.39350891113281,-63.2002449,0,0
2,-79,-6.07285881,-11.4215107,16.608680725097656,43.318756103515625,124.71146392822266,156.69374084472656,83.37818908691406,5.608118057250977,-43.60191727,0,0
2,-78,-42.4244957,-34.86271286,-13.99684525,13.302165031433104,88.47357177734375,89.81964874267578,23.65684700012207,12.281892776489258,-40.29142761,0,0
2,-77,-48.23950577,-40.73682022,-34.32416153,-35.78572464,-5.303450584,-0.206830546,-88.83948517,-41.85842514,-50.59887695,0,0
2,-76,2.0024919509887695,-1.274027586,-5.804554939,-17.88212585,-34.47239685,-57.8081131,-87.60847473,-57.35988235,-54.86354065,0,0
2,-75,2.4531540870666504,1.6105077266693115,1.1771794557571411,-15.56161499,-25.03100395,-50.91837311,-54.60119629,-25.33057594,-21.20113945,0,0
2,-74,10.869556427001951,9.081584930419922,12.511238098144531,-3.582946301,-16.99382591,-40.07862854,-39.44345093,-20.70017052,-10.07443333,0,0
2,-73,7.506357192993164,-3.103072405,-3.04163003,-17.96928596,-23.75389671,-44.1060524,-49.13143921,-24.56291199,-9.712679863,0,0
2,-72,7.1544694900512695,-7.59668541,-0.383643746,-11.37583733,-11.8877182,-40.88856125,-57.8631897,-36.73666,-21.55931091,0,0
2,-71,-4.606217384,-21.69410706,-3.625044823,-17.48345947,-13.57768917,-39.67396927,-63.25944519,-46.61462021,-27.249897,0,0
2,-70,-9.903120995,-24.53593063,-1.180841208,-15.60131168,-9.00275898,-36.42607498,-67.11172485,-56.09388351,-34.74616623,0,0
2,-69,-4.45204401,-29.98069954,-5.962701321,-18.67676544,-15.64703846,-50.48683167,-89.60276031,-85.44742584,-55.98045349,0,0
2,-68,-5.380659103,-35.54601669,-8.784823418,-14.35461617,-10.15853214,-47.47779465,-91.23674774,-91.51084137,-58.69255447,0,0
2,-67,-10.51891518,-42.30720901,-14.30696583,-12.60725307,-11.94828415,-46.34355927,-87.25748444,-87.88905334,-51.69012451,0,0
2,-64,-51.80635834,-64.23855591,-38.00944138,-35.63416672,-32.8459053,-59.25010681,-74.23389435,-58.41375351,-24.21443939,0,0
2,-63,-48.40454865,-65.83737946,-43.06703186,-37.50436401,-37.02000809,-64.7004776,-79.16241455,-63.61437988,-33.50524902,0,0
2,-62,-51.07064438,-67.3133316,-46.52605057,-41.41969299,-43.23656845,-73.70618439,-81.0537796,-61.09663773,-33.14510727,0,0
2,-61,-55.65008926,-75.46717072,-50.01569748,-33.82553864,-38.57484818,-72.20995331,-77.17645264,-59.17173386,-37.2606163,0,0
2,-60,-47.33397293,-63.16872787,-36.41878891,-34.12271881,-38.57342148,-72.69297028,-74.58773041,-55.15353775,-34.82647705,0,0
2,-59,-46.94219589,-61.11251068,-37.5351944,-36.41406631,-50.45621109,-88.90528107,-95.05432129,-83.20774078,-57.76419067,0,0
2,-58,-44.74355698,-57.55791855,-35.49909592,-24.78669167,-33.52512741,-73.70820618,-91.96739197,-93.48103333,-68.65120697,0,0
2,-57,-48.4985733,-55.44885635,-39.32664871,-28.14910126,-30.30350113,-65.74954224,-86.83072662,-94.77145386,-76.54642487,0,0
2,-56,-50.7091713,-47.58752441,-30.27833748,-19.43031502,-16.5361042,-45.37983322,-70.59590912,-86.40865326,-74.92755127,0,0
2,-55,-47.73986053,-44.83224487,-33.63451767,-19.3548584,-11.81541538,-29.71958542,-66.47029877,-100.8149643,-93.66270447,0,0
2,-54,-47.91629028,-42.61048889,-33.91968155,-19.63407516,-12.27895546,-21.30748749,-62.54346848,-106.5088577,-103.235405,0,0
2,-53,-44.01551819,-39.89852905,-32.70791626,-22.98330498,-18.50260735,-23.32945824,-65.06811523,-111.5354233,-107.940094,0,0
2,-52,-39.38158417,-41.79776001,-34.01459503,-21.6321907,-16.55251694,-18.87973213,-58.75971222,-112.33638,-108.3038864,0,0
2,-51,-23.68755722,-34.71648026,-25.90297127,-12.07036495,-6.324947834,-8.73948288,-48.44786453,-113.9514236,-112.9400864,0,0
2,-50,-28.14068604,-35.17632675,-20.93611908,-7.763332367,-5.775734425,-10.14406109,-48.56029892,-119.3757782,-122.3528061,0,0
2,35,-47.60541534,-27.35006714,-33.45741272,-46.89712524,-14.94313145,33.88252639770508,20.931806564331055,16.969573974609375,17.253267288208008,0,0
2,36,-35.45336533,-24.47163773,-24.75791931,-30.38735962,-10.6818428,23.63430404663086,17.757654190063477,15.565993309020996,14.24391269683838,0,0
2,37,-21.16039085,-11.92294979,-10.64366627,-14.38648891,-0.422788888,27.308692932128903,21.26486015319824,17.121309280395508,13.449139595031738,0,0
2,38,-9.130306244,-4.428706646,-3.976828575,-4.642827511,13.759029388427734,29.445669174194336,24.593833923339844,21.34858131408691,15.376420974731444,0,0
2,39,-1.785206676,-1.50985086,-1.572600126,-0.510509074,29.947452545166016,32.33642578,24.61193848,20.76792907714844,16.777280807495117,0,0
2,40,4.338323116,1.0886523723602295,-0.537712455,1.4521031379699707,47.49012756347656,37.41846466064453,23.88293838500977,18.25898170471191,16.862199783325195,0,0
2,41,6.120986461639404,1.9190279245376587,-1.097646356,2.896289825439453,56.25520324707031,44.52594757080078,22.01420021057129,14.753766059875488,14.359307289123535,0,0
2,96,-37.55258942,-51.61076355,-63.56898117,-45.69666672,5.362177372,38.85789871,97.15664672851562,30.66160011291504,-20.98038101,0,0
2,97,-41.02344131,-42.31797028,-57.55533218,-8.131731033,41.416316986083984,61.38507843017578,103.99171447753906,46.54133987426758,-19.74469566,0,0
2,98,-45.79209518,-29.03083992,-40.67538071,31.44203758239746,99.61940002441406,96.90032196044922,102.96620178222656,37.34095764160156,-8.866205215,0,0
2,99,-47.66100693,4.4164323806762695,-11.49558735,77.31468963623047,136.1950684,96.80796813964844,83.46205902,15.809460639953612,-40.54519272,0,0
2,100,-33.35821533,11.87803840637207,-2.733376741,58.77096939086914,88.13082885742188,79.34066772460938,80.04057312011719,35.88525391,-32.83965683,0,0
2,101,-32.82185745,1.170599102973938,-6.0097332,40.70927810668945,51.36370086669922,55.34608459472656,85.87796783447266,23.672243118286133,-33.74809647,0,0
2,102,-41.28261185,-12.72287846,-21.95674324,19.51650047302246,27.288496017456055,39.27776336669922,91.18730164,26.64580345153809,-26.76225471,0,0
2,109,-66.63179779,-50.30609512,-70.35444641,-69.14979553,-27.26192284,7.010843753814697,56.03462600708008,75.12612915039062,-8.066822052,0,0
2,110,-75.32475281,-48.86181641,-65.89783478,-50.94538879,22.14418029785156,26.137407302856445,57.6472168,57.822879791259766,-5.094129562,0,0
2,112,-81.07186127,-47.31990051,-65.19621277,-17.41100121,73.28446197509766,69.17080688476562,67.44565582,38.110897064208984,18.10004425048828,0,0
2,113,-79.94728088,-47.7884407,-68.99009705,-21.77913094,67.52718353271484,81.29505920410156,57.496299743652344,28.053308486938477,12.105120658874512,0,0
2,115,-70.38328552,-41.95465088,-79.70510864,-34.64304352,61.399436950683594,36.08846282958984,51.77674102783203,2.0487637519836426,-22.79370689,0,0
2,116,-48.31248474,-44.77680206,-80.45802307,-42.01654434,60.12263107299805,20.29380226135254,37.80109786987305,-27.37578011,-65.83348846,0,0
2,117,-34.22334671,-52.54322433,-83.67227173,-64.18122864,7.452019691467285,8.942954063415527,37.47262954711914,-28.05701828,-64.63510895,0,0
2,118,-43.98790359,-56.12000275,-89.08662415,-69.37762451,-14.89060783,14.671512603759766,41.66216278076172,-16.23135185,-70.16222382,0,0
2,125,-55.70182037,-113.9460068,-129.9510498,-111.2533493,-97.12927246,-40.59066772,12.748867988586426,-8.831725121,-94.79916382,0,0
2,128,-90.61804962,-131.9885559,-153.6341095,-138.342514,-97.05246735,-49.13830566,26.665447235107425,20.29820251464844,-88.7582016,0,0
2,129,-78.61420441,-126.2988739,-141.2806091,-119.9858017,-77.19143677,-33.85816193,35.78125,7.271246910095215,-87.86257172,0,0
3,-78,-65.77120209,-66.19831848,-31.36882401,-2.219197035,57.05583572387695,55.17652130126953,-11.53349495,-53.04893112,-65.57727814,0,0
3,-77,-77.54075623,-76.2256012,-51.497715,-23.15786171,60.148155212402344,28.547504425048828,-30.11198425,-24.66340446,-31.89521599,0,0
3,-76,-21.73925018,-19.46642494,-20.44390678,-28.38438225,-18.47704124,-35.25772095,-82.60249329,-35.07597733,-12.76320744,0,0
3,-75,-12.06621456,-7.198191643,-9.257860184,-27.42966843,-26.76851463,-68.31654358,-74.39357758,-36.0397377,-32.85137558,0,0
3,-74,7.504054546356201,9.466699600219728,13.548543930053713,-13.41868114,-27.71402168,-59.29140854,-56.52690506,-31.49841881,-24.89768791,0,0
3,-73,4.387901782989502,4.436176300048828,11.821842193603516,-17.62276077,-27.79549026,-52.61933517,-46.88587189,-23.86966133,-11.94553852,0,0
3,-72,2.204312324523926,-10.90962696,-0.125149831,-21.51937294,-28.10348129,-53.45362091,-53.65325165,-26.0436306,-13.67272568,0,0
3,-71,8.249793053,-15.02109623,6.384953498840332,-14.3891983,-23.03849602,-49.48529816,-59.86821747,-34.35235977,-22.11496353,0,0
3,-70,-0.380710453,-21.88013077,0.8685979247093201,-14.02929783,-18.99971199,-48.64728546,-66.47219849,-44.17325592,-29.02957535,0,0
3,-69,-11.68822479,-36.53866196,-1.728904128,-12.95153522,-19.14758492,-54.36851883,-81.72177124,-66.37717438,-50.54258347,0,0
3,-68,-17.59339142,-49.31155396,-5.666256428,-8.769382477,-19.34231949,-53.7365036,-90.80247498,-77.15672302,-51.42221451,0,0
3,-67,-25.16028404,-56.63604736,-19.08453941,-15.99399281,-27.69688416,-61.16207123,-100.3830872,-92.15509033,-49.65458298,0,0
3,-64,-61.40806198,-69.08678436,-49.76311111,-42.69328308,-37.60030365,-63.83888245,-75.18014526,-63.61589432,-30.55752563,0,0
3,-63,-51.34267044,-66.51930237,-52.17572403,-45.06533051,-43.15410614,-67.83118439,-81.94114685,-68.85111237,-41.86603546,0,0
3,-62,-52.60864258,-70.69739532,-54.02265167,-34.79239655,-37.8666954,-64.23535156,-73.43317413,-59.37262726,-37.03378296,0,0
3,-61,-52.93135071,-66.18016052,-46.86975098,-25.34906006,-28.69502258,-51.13792419,-50.83210754,-37.7791481,-23.24914551,0,0
3,-60,-64.21217346,-78.22041321,-57.79169846,-35.14943695,-31.72190857,-49.77580643,-47.65122986,-33.83436584,-22.92624283,0,0
3,-53,-21.49326134,-37.81587982,-35.66772461,-25.25904846,-21.37096214,-23.62033844,-67.72221375,-102.9467621,-95.63005829,0,0
3,-52,-13.12353992,-37.36104965,-32.65415955,-20.71791649,-16.33942604,-16.105793,-65.0072403,-113.4242477,-100.7212296,0,0
3,-51,8.914351463317871,-31.40423775,-22.30499649,-9.032779694,-6.734712124,-7.146836281,-57.4930191,-117.8963242,-106.6077347,0,0
3,34,-44.3596344,-26.86657143,-36.90073395,-45.61194992,-11.30549717,41.84551239013672,23.09957504272461,15.591520309448242,18.665693283081055,0,0
3,35,-46.58576584,-29.69649887,-34.64405823,-43.32113266,-16.68316078,24.73699188232422,20.931318283081055,14.715502738952637,13.653478622436523,0,0
3,36,-35.92973328,-22.72354317,-20.97589111,-26.39647293,-11.43257618,17.403181076049805,16.890657424926758,12.91557788848877,11.131901741027832,0,0
3,37,-24.03603935,-13.95797253,-11.14360332,-13.83535671,-3.991396189,18.889528274536133,13.28381633758545,13.005291938781738,11.132495880126951,0,0
3,38,-13.0320549,-7.307183266,-5.629866123,-5.649231911,9.828834533691406,23.89562606811523,17.333301544189453,16.01669692993164,12.399896621704102,0,0
3,39,-3.731605053,-3.091519833,-2.822926998,0.1742792129516601,30.664905548095703,30.16785430908203,20.329919815063477,15.89814567565918,16.208147048950195,0,0
3,40,1.806367278,-0.023243004,-1.58932662,2.755288362503052,49.97809219360352,34.50117874145508,18.67317771911621,13.06951141357422,17.06511878967285,0,0
3,41,4.215616703033447,0.6631445288658142,-1.506392241,3.4474918842315674,56.04600906,40.38959503173828,20.481048583984375,11.084809303283691,14.946118354797363,0,0
3,42,2.239467144012451,-0.202871501,-1.826265812,4.563457966,53.87248229980469,37.63294601,17.621850967407227,7.806343078613281,10.49045181274414,0,0
3,96,-37.331604,-60.51522446,-60.21696854,-2.116051912,68.46273803710938,82.83081817626953,106.0174331665039,2.854502439498902,-44.73734283,0,0
3,97,-49.02473068,-50.38988876,-50.5158577,26.830493927001953,116.99236297607422,94.04494476,95.62315368652344,-6.889067173,-29.92344475,0,0
3,98,-48.05645752,-18.86728287,-11.28754616,66.90824890136719,161.36680603027344,118.95355224609376,90.35092163085938,-12.19948578,-46.06531525,0,0
3,99,-44.20106125,-8.063864708,-8.651032448,76.44919586,128.1063995361328,101.65518951416016,87.64180755615234,11.337520599365234,-38.45550156,0,0
3,100,-24.98689651,18.764183044433594,21.340301513671875,76.70600128173828,72.84976196289062,66.34035492,68.04152679,7.907540321350098,-38.98040771,0,0
3,106,-43.20095825,-49.75306702,-61.49021149,-56.5823555,-50.84683609,18.127853393554688,74.49251556396484,58.74970245361328,-16.423769,0,0
3,109,-58.06367493,-49.96120834,-63.18244553,-64.8359375,-52.13922501,-9.135625839,31.883752822875977,31.23420524597168,-37.12860489,0,0
3,115,-61.94884109,-43.10312271,-54.29329681,-2.782655478,63.93194580078125,26.735408782958984,36.56353759765625,-31.97116852,-46.397995,0,0
3,116,-35.0560379,-30.00676346,-53.01502991,6.325266361236572,74.34949493408203,10.403013229370115,37.03105163574219,-47.6072998,-71.90355682,0,0
3,117,-22.01303673,-30.22938919,-49.1554451,-13.30778408,42.87287521362305,4.562311172485352,29.46019172668457,-44.31295776,-74.1760025,0,0
3,118,-23.71276283,-40.81962204,-67.11830139,-39.62994003,6.7042741775512695,-1.172898889,19.824491500854492,-46.18257523,-86.44052887,0,0
3,125,-44.58132172,-98.09547424,-123.9425278,-111.2163925,-92.35525513,-56.61843109,6.150953769683838,-61.82290649,-123.1421585,0,0
3,126,-42.06880951,-106.3696823,-133.7361603,-114.9737778,-100.6561127,-56.00492477,2.253603697,-53.99652481,-121.1851807,0,0
3,128,-52.70627594,-111.9734955,-142.3635712,-122.7359924,-102.6271133,-58.73304749,25.48516845703125,-31.26565933,-112.9644165,0,0
3,129,-55.18535614,-109.6458206,-136.5384064,-112.7332535,-85.68566895,-56.59875488,31.227643966674805,-22.30797195,-115.3358459,0,0
4,-77,-72.25748444,-74.54138947,-35.8094635,-10.43448639,26.259599685668945,-58.262043,-102.0685806,-72.71617889,-68.39743042,0,0
4,-76,-58.69514465,-37.57356262,-43.81101227,-48.98451614,-25.3365078,-65.3921051,-110.0560303,-58.11235428,-27.10968208,0,0
4,-75,-24.0731411,-10.57820988,-19.21563911,-33.73588943,-26.29816246,-66.63341522,-60.9282608,-24.10606384,-18.74571991,0,0
4,-74,4.320232391357422,2.0360195636749268,-1.486709476,-25.18764305,-15.26496124,-30.10309982,-34.41522598,-2.855285168,0.542970598,0,0
4,-73,8.674771308898926,5.776396275,12.132946968078612,-24.489645,-34.57006836,-59.50133514,-44.45563889,-17.47955704,-7.375028133,0,0
4,-72,8.147542953491211,-3.292032957,6.031926155090332,-24.41501427,-39.03170013,-58.890522,-43.18325806,-18.00248718,-8.636224747,0,0
4,-71,22.085683822631836,-2.513376474,6.719221591949463,-19.16187859,-33.82519913,-52.34197998,-43.88373184,-21.07194328,-11.02600384,0,0
4,-70,24.20525360107422,-15.15524292,-0.841729999,-23.06581879,-38.43719101,-54.11810684,-53.01860809,-28.91840363,-19.33968163,0,0
4,-69,-5.947143078,-44.30456543,-7.236628532,-19.62547493,-38.9716568,-59.34041214,-70.54504395,-45.05253983,-33.93135834,0,0
4,-68,-28.15775871,-65.48880768,-20.19295502,-20.84406281,-46.52061462,-65.85746002,-83.06990051,-55.73532867,-37.72718811,0,0
4,-67,-45.59970856,-84.34515381,-41.89171219,-34.5937233,-56.96517181,-82.21307373,-99.50679016,-70.86881256,-40.47103882,0,0
4,-65,-63.04814148,-84.24221802,-73.97930145,-63.93610001,-57.7480278,-85.95439148,-80.905159,-51.96370316,-21.63328743,0,0
4,-64,-37.71638489,-58.80054092,-52.48750687,-46.07316589,-45.87849045,-67.84618378,-71.9372406,-57.64570999,-30.39670563,0,0
4,-63,-37.10631561,-61.1888504,-58.76469421,-46.85932541,-36.92041779,-65.67961884,-78.22936249,-70.40992737,-49.21545029,0,0
4,-62,-39.16329956,-61.83346558,-53.54154205,-36.54406738,-27.62953186,-57.90348816,-71.81253052,-61.67227936,-44.34060287,0,0
4,-61,-57.38003922,-70.93479919,-61.12254715,-39.39141083,-33.38537979,-51.37755585,-50.77878952,-38.99555588,-27.78261566,0,0
4,-60,-50.03679276,-61.27859116,-52.2764473,-33.13959885,-27.48033142,-38.22831726,-37.1750412,-31.12046432,-24.55446053,0,0
4,-52,19.82064437866211,-25.90558624,-26.49827003,-18.75591469,-16.22184181,-11.09068012,-61.61709213,-105.49263,-89.69107819,0,0
4,-51,27.58483123779297,-31.13083649,-21.25556183,-9.429825783,-9.184514999,-6.034435749,-62.01757431,-116.9554062,-99.35240173,0,0
4,34,-51.80223846,-32.68000031,-41.7382431,-41.36133957,-7.204787731,38.65129089355469,22.824878692626953,15.854896545410156,16.707468032836914,0,0
4,35,-47.58059311,-32.05598068,-34.45142365,-37.11618042,-15.96189022,28.339597702026367,21.036048889160156,13.79244613647461,13.167190551757812,0,0
4,36,-39.20617294,-24.45022964,-22.28029442,-25.08153725,-12.07951832,24.99847984313965,17.547386169433594,13.869526863098145,13.500752449035645,0,0
4,37,-30.5273571,-18.76605797,-14.78294945,-15.31289864,-2.094130278,26.53033447265625,17.91443634033203,14.84344196,13.886795043945312,0,0
4,38,-19.07761574,-11.76011658,-9.128827095,-5.709022522,12.30247402191162,25.08403587341309,17.358558654785156,15.120183944702148,16.62970542907715,0,0
4,39,-8.403585434,-5.063877583,-4.750119686,0.7604047060012817,31.622217178344727,22.846750259399418,17.92149543762207,11.244733810424805,17.29197120666504,0,0
4,40,-2.945848942,-2.377715111,-3.283839226,3.7260799407958984,36.17759704589844,24.28005027770996,17.369144439697266,7.905760765075684,15.10150433,0,0
4,41,-1.35697031,-1.958840966,-2.200067282,4.898653984069824,44.23905944824219,31.264652252197266,18.196611404418945,7.561095714569092,14.286684036254885,0,0
4,42,-1.571761727,-2.347903252,-1.848454833,5.554260730743408,49.78428649902344,31.016504287719727,15.050376892089844,5.888067722320557,10.626327514648438,0,0
4,96,-33.99181366,-57.55303955,-55.1115799,14.489002227783203,87.10228729248047,94.63330078,107.39900970458984,-8.870401382,-49.69240189,0,0
4,97,-52.15908051,-38.37616348,-37.30691528,68.96534729003906,182.5614013671875,116.46360778808594,69.61222839355469,-30.64256859,-40.17793655,0,0
4,98,-60.47386932,-14.41489601,-5.289218426,98.67494965,137.62814331054688,85.20297241210938,61.03050613,-19.151577,-61.77529907,0,0
4,99,-37.38391876,2.7856712341308594,36.77131652832031,79.92618560791016,107.20967864990234,76.14428711,52.05380630493164,-23.99260902,-55.81728363,0,0
4,108,-47.7891655,-41.47248077,-55.94480515,-55.7947197,-63.63985062,-7.182039738,49.77305603027344,19.74528694152832,-43.44799042,0,0
4,116,-51.98936844,-37.93283844,-48.6248436,4.015943527,67.40022277832031,-5.922547817,9.049343109,-75.53726196,-93.35163116,0,0
4,117,-17.54954338,-16.53474808,-22.24175072,13.806273460388184,48.36391830444336,-14.81437016,5.494152069091797,-65.80500031,-86.24606323,0,0
4,118,-2.326105833,-22.33932304,-36.68053055,-0.774006546,22.398508071899418,-24.93278885,5.485058307647705,-55.585392,-91.4228363,0,0
4,125,-13.41197777,-82.97753143,-115.2192688,-105.1665649,-90.27006531,-55.20109558,-20.57948494,-99.8065567,-135.4697113,0,0
4,126,-16.69193649,-88.74938202,-117.8833237,-103.5567703,-86.0575943,-50.05524063,-6.175172329,-90.51572418,-138.0625,0,0
4,127,-11.47980022,-79.50543976,-112.7378769,-97.98738861,-90.99874115,-51.62069702,2.1465790271759033,-71.90222168,-134.3209229,0,0
5,-77,-97.51451874,-126.9266891,-79.17338562,-38.73739243,-45.68929672,-133.0184937,-137.8460083,-93.36281586,-63.29718018,0,0
5,-76,-108.0478516,-102.9938354,-96.02878571,-92.41737366,-54.21036148,-91.13523102,-114.3267365,-56.00114822,-15.53625393,0,0
5,-75,-57.23888779,-51.59275436,-52.53206253,-61.47408676,-47.6045723,-66.38054657,-43.21172714,-15.59367275,0.117136613,0,0
5,-74,-32.13227844,-15.23015022,-26.27131271,-47.24866867,-28.08850861,-60.47027206,-48.17243958,-17.1946106,-4.62522316,0,0
5,-73,-4.548019409,9.08759594,14.411002159118652,-7.697024822,-14.15522957,-49.17079163,-37.49803543,-0.698175251,6.337744235992432,0,0
5,-72,-7.841794968,-4.765093327,4.630547523498535,-22.57237625,-33.55945969,-46.24861908,-28.3775692,-10.20094681,-0.673664927,0,0
5,-71,-6.657634735,-8.190265656,-11.58378696,-21.09166718,-41.73339462,-48.70596695,-31.2800293,-13.14234352,-6.590009212,0,0
5,-70,-0.496539742,-20.50866508,-20.88457489,-29.2277832,-47.32494354,-48.69861603,-36.12232208,-16.61291313,-9.282655716,0,0
5,-69,-11.22533703,-56.26438141,-37.11738205,-33.78379059,-47.83090973,-50.58659363,-44.9707489,-22.15924835,-11.55974293,0,0
5,-68,-54.40863419,-98.26293945,-67.21738434,-58.92934036,-65.69527435,-63.82476425,-59.32554626,-30.83209229,-15.28746605,0,0
5,-61,-39.76218796,-72.73458862,-75.74278259,-51.89694977,-34.70254898,-44.67162704,-49.66925049,-42.9622612,-32.01157761,0,0
5,-60,-27.0388546,-61.28899765,-61.35157776,-42.14063644,-32.34388733,-39.25056076,-48.21513748,-51.88767624,-45.27745438,0,0
5,34,-48.90759277,-36.17776108,-39.76351547,-33.28341675,-8.426755905,37.13119125366211,31.270463943481445,15.968182563781738,16.037933349609375,0,0
5,35,-46.60279846,-33.26774597,-32.77578735,-29.04353333,-12.43580437,33.951622009277344,31.19675064086914,17.758127212524414,18.071765899658203,0,0
5,36,-47.64827728,-30.33099937,-27.94723511,-27.4494133,-10.25103855,34.75141525268555,27.83816719055176,17.58524513244629,18.27697754,0,0
5,95,-8.387624741,-54.78188705,-55.08586884,11.22155475616455,44.153682708740234,58.008487701416016,41.577247619628906,-52.74955368,-67.43323517,0,0
5,96,-2.885668278,-25.6766777,-26.02737427,37.93262481689453,110.11709594726562,91.08788299560548,52.262916564941406,-38.4302063,-56.67324829,0,0
5,97,-42.80967331,-21.87724686,-18.4980278,61.02175521850586,121.48697662353516,87.82942962646484,43.31586837768555,-31.77022171,-59.96357346,0,0
5,98,-20.56646156,7.954465866088867,20.05512428283691,73.48490142822266,115.29708099365234,79.94837188720703,34.13425064086914,-35.15069962,-57.03045273,0,0
5,120,-8.84076786,-24.82495117,-55.11058044,-55.2259903,-30.62222099,-46.08627701,-7.892998695,-71.91843414,-103.810936,0,0
5,127,7.455773830413818,-64.27671051,-96.98802185,-82.34608459,-77.0575943,-37.21256256,-3.073792219,-110.0531769,-151.5312347,0,0
6,-77,-112.4279861,-156.3644409,-136.4650269,-55.30981827,-127.9246902,-156.0296936,-154.190567,-102.4400787,-67.33708191,0,0
6,-76,-137.9129791,-142.6695099,-145.6386108,-129.6884308,-103.0872345,-100.9687881,-117.7430725,-54.78564453,-16.33540916,0,0
6,-75,-77.16220093,-70.79971313,-76.08039093,-95.45005798,-78.93026733,-74.07447052,-42.86607742,-11.94827557,9.644990921020508,0,0
6,-74,-60.56924438,-50.15295792,-56.25740433,-62.29903412,-41.31522369,-61.78740311,-39.01446915,-5.088095188,9.11860466,0,0
6,-73,-50.14911652,-27.01607323,-34.05252457,-64.74517822,-34.46202087,-63.87017822,-39.92929077,-7.769889355,16.763072967529297,0,0
6,-72,-23.03399086,-7.107206821,-9.40523243,-30.01632881,-29.32786751,-35.80763626,-24.90446472,-0.320869088,9.685901641845703,0,0
6,-71,-16.99516869,-15.1063633,-11.37678146,-16.99645996,-35.56001663,-37.71065903,-26.65867424,-12.70702457,-3.156342983,0,0
6,-70,-18.48414612,-39.01670456,-24.92572784,-31.74368858,-44.43846512,-35.3912735,-22.61112213,-8.86734581,-2.114711523,0,0
6,-69,-36.44551468,-58.5685997,-43.06656647,-40.80986023,-45.78886795,-36.24762726,-25.98184967,-10.87779045,2.003669500350952,0,0
6,-68,-60.17435455,-90.91165924,-72.44503784,-66.16051483,-54.39244461,-43.00236511,-28.46961021,-9.806476593,3.4377565383911133,0,0
6,-67,-82.88771057,-124.0589294,-114.2356339,-83.2322998,-65.75720978,-59.67698669,-38.64865494,-14.01372147,4.226307392120361,0,0
6,95,-6.477909565,-47.54032516,-36.60234451,10.152520179748535,28.607078552246097,31.987886428833008,2.512538433074951,-57.50740051,-57.93836212,0,0
6,96,-7.364836693,-33.71904373,-30.42827797,21.700952529907227,43.912593841552734,40.41757583618164,2.8498988151550293,-54.87217331,-56.91346359,0,0
6,100,-2.403190374,-18.70107651,2.255669355392456,37.41868209838867,38.68455505371094,36.147804260253906,12.71633243560791,-33.08595657,-32.55330276,0,0
6,101,-4.92303896,1.440468668937683,12.17262077331543,46.90387725830078,46.263275146484375,60.61640548706055,27.76722526550293,-25.83433533,-34.00674057,0,0
6,102,-31.71262932,-10.65653419,-6.452207565,42.00774383544922,27.443098068237305,39.9705925,48.45808029174805,-12.07747936,-32.19003677,0,0
6,121,6.838278293609619,-20.30828857,-41.95415115,-48.46631241,-57.05088425,-57.23655701,-25.57213974,-86.66459656,-101.5973587,0,0
6,122,3.662597417831421,-32.97982025,-51.57960129,-60.3111763,-74.55710602,-64.28672791,-33.97322845,-96.97677612,-104.1628418,0,0
6,124,-9.329367638,-46.77723312,-67.25461578,-66.13075256,-76.21328735,-64.3948288,-48.6317749,-133.6803741,-131.5990295,0,0
6,125,3.3996829986572266,-23.28223038,-60.98546982,-52.12769318,-43.54122925,-43.4335022,-43.67403412,-135.0312805,-138.2749176,0,0
6,126,6.788181781768799,-39.22598648,-72.90635681,-55.53728104,-32.76686859,-39.47006226,-21.95280075,-147.2214661,-146.469986,0,0
7,-78,-80.54683685,-132.2142334,-131.0590515,-64.59794617,-101.3989868,-136.9148407,-111.3496704,-67.74568176,-31.42583656,0,0
7,-77,-90.12012482,-188.3969574,-169.8874512,-74.01383972,-119.1918488,-99.44223022,-114.6834641,-80.19879913,-43.86354828,0,0
7,-76,-105.6674271,-166.8010254,-197.5730286,-160.1270142,-100.8041306,-89.22044373,-63.39958191,-29.28466988,13.446901321411133,0,0
7,-75,-117.8423309,-122.580574,-138.9002075,-152.4580841,-110.6014938,-65.64228821,-33.11140823,-10.2984705,11.451354026794434,0,0
7,-74,-112.8930893,-91.89893341,-117.4100723,-126.3355103,-97.0999527,-77.34153748,-38.48130417,-4.722174644,17.160659790039062,0,0
7,-73,-86.41631317,-69.25605774,-87.33709717,-136.2231293,-88.95419312,-63.34642792,-29.19523811,-1.505336881,32.758087158203125,0,0
7,-72,-31.47353172,-22.92638969,-22.98036575,-41.66386414,-36.1974678,-32.18157578,-26.85412598,-14.0091486,4.952637672424316,0,0
7,-71,-19.34786606,-3.679787636,2.354632854,-14.62843418,-20.29101563,-24.47136307,-25.13967323,-15.37977314,-5.698544979,0,0
7,-70,-38.639328,-31.57262802,-19.51973343,-19.87674522,-26.96194267,-27.36930847,-16.73178291,-7.654764175,-0.844544888,0,0
7,94,1.1517606973648071,-38.73511887,-5.182372093,27.034515380859375,24.971437454223633,27.07832908630371,2.3236312866210938,-48.07273483,-46.18558502,0,0
7,99,-2.553822517,-31.71623039,-10.5051012,6.390481948852539,4.871228218078613,6.256488323,0.6915864944458008,-29.70988464,-25.00339127,0,0
7,100,1.4277820587158203,-23.46873474,-2.638022184,14.617344856262209,18.577816009521484,19.95885658,17.596237182617188,-26.80986214,-25.03727531,0,0
7,101,-17.06432533,-17.84366989,-3.583361864,22.109424591064453,15.751724243164062,24.968847274780273,33.24072266,-24.11968803,-25.38747597,0,0
7,102,-28.75955582,-20.99725723,-6.74251318,15.653935432434082,-4.514569759,20.002525329589844,44.69141769,-22.63248825,-29.38177299,0,0
7,122,1.970159649848938,-15.11516094,-7.405386925,-27.35232162,-74.34684753,-62.36824799,-47.32019043,-109.9875107,-100.1459503,0,0
7,123,-17.65844727,-33.62853241,-27.79577065,-33.93744659,-86.79523468,-66.09946442,-56.18501282,-125.6725998,-117.3699799,0,0
7,124,-27.64163208,-31.2491188,-45.52720642,-33.06412888,-70.59375763,-61.60217285,-46.70796967,-126.4678726,-124.9154282,0,0
7,125,-5.012037754,-25.52710915,-55.43358231,-39.77629471,-19.61392975,-35.70132446,-47.0475502,-134.9420624,-132.8036652,0,0
7,126,2.4270551204681396,-18.61451149,-64.09025574,-27.5666523,-2.488507032,-36.67424011,-36.76202011,-146.6886902,-146.0605011,0,0
7,127,13.887532234191896,-33.31596375,-61.65379333,-25.08666611,-15.07035351,-31.54427147,-30.17829895,-172.2856445,-178.649826,0,0
8,-77,-66.45969391,-120.8281631,-121.9773788,-58.65108109,-62.66640854,-35.22942734,-45.07161331,-37.61676025,-10.81217289,0,0
8,-76,-65.62762451,-103.9406281,-119.5546417,-80.23777008,-37.16924667,0.050518516,-13.22923088,-12.19864559,7.181119441986084,0,0
8,-75,-97.82030487,-102.5881805,-117.0042267,-105.7930374,-67.15866089,-39.48594666,-29.28625107,-11.37154198,-0.952712476,0,0
8,-74,-108.8880005,-109.9768372,-127.2616043,-129.2458801,-91.60814667,-69.28473663,-31.8594532,-1.665969133,15.320900917053224,0,0
8,-73,-90.27805328,-79.50608826,-95.44699097,-125.960083,-87.91117859,-60.77537155,-46.77866364,0.067968912,25.38704490661621,0,0
8,-72,-47.10169983,-33.29536438,-31.11792946,-50.10638428,-39.6484642,-38.74078369,-37.51486206,-13.93975735,-0.539120018,0,0
8,77,-14.88660145,-10.72440147,-5.656393528,-6.574088573,34.57503890991211,47.57476806640625,-28.97833633,-22.66215706,-15.00893974,0,0
8,78,-24.11587715,-16.67060852,-1.695637465,0.7677165865898132,40.17713547,43.80434799194336,-35.78965378,-26.37233353,-16.57035828,0,0
8,93,-9.418756485,-35.03062057,6.0624542236328125,18.42467498779297,6.851930141448975,21.709096908569336,-6.436936378,-39.12271881,-38.6496315,0,0
8,94,3.676342725753784,-31.44966507,9.719919204711914,19.252918243408203,1.4822267293930054,23.03430557250977,-1.414859176,-36.9852829,-37.06203842,0,0
8,98,36.67618179321289,-19.94609642,7.089565753936768,14.268593788146973,-7.256882191,14.515385627746582,0.1832732260227203,-20.47310448,-19.73799324,0,0
8,99,22.632183074951172,-26.03645515,-2.961103678,3.9858338832855225,8.249949455,19.13705062866211,5.076901912689209,-20.69865417,-18.83316612,0,0
8,100,-9.709893227,-28.77665138,-8.165531158,4.535740375518799,10.870217323303224,14.345256805419922,18.228839874267575,-19.57361984,-19.56659889,0,0
8,117,-8.891522408,-25.44006538,-13.72801495,-15.75771427,-76.65039825,-70.67638397,-94.17166138,-149.942688,-103.7418137,0,0
8,122,-16.93601799,-15.50436497,-5.155154228,-8.871179581,-75.56941986,-56.58200073,-73.6988678,-148.4113007,-121.3722534,0,0
8,123,-37.2315979,-28.11502457,-32.52312469,-18.61154366,-66.07559967,-63.05768967,-71.21567535,-142.1631927,-120.2581863,0,0
8,124,-62.75619888,-53.11803818,-49.77330399,-25.54016113,-43.19619751,-61.45129776,-82.20541382,-151.3652344,-138.8981781,0,0
8,125,-55.79275894,-54.8542366,-66.69490051,-42.05395126,9.566303253173828,-43.17104721,-66.60066986,-161.187439,-156.8686371,0,0
8,126,-6.192200661,-31.1744709,-55.73212814,-4.695836544,-0.942196965,-21.4996376,-43.69985962,-172.335556,-178.5613403,0,0
8,127,0.952429473,-19.53484535,-42.81325912,2.982839822769165,-23.2800312,-30.98315048,-49.8617897,-194.831955,-192.6367645,0,0
9,-77,-68.75117493,-93.97711945,-88.31023407,-52.38313675,-38.38387299,-25.96864891,-35.13280487,-20.79377365,-1.302138925,0,0
9,-76,-66.09763336,-79.29624176,-89.6623764,-62.62113953,-33.30753326,-21.15641975,-26.76055717,-13.58613396,-1.515005589,0,0
9,-75,-73.70692444,-76.97214508,-88.32894135,-69.85061646,-47.77002335,-36.38847733,-23.94654083,-7.281170845,-1.589489341,0,0
9,-74,-87.62770081,-84.12491608,-97.46949005,-82.0447998,-61.00525665,-49.69900513,-21.47686768,-1.129285097,5.455033779144287,0,0
9,-73,-80.9048233,-64.40424347,-69.31365204,-71.60659027,-57.00350571,-45.42268372,-22.57523537,-3.096137047,5.780978679656982,0,0
9,76,5.817823886871338,9.294796944,-13.59266186,-36.6180687,-0.039665643,15.998957633972168,-27.46148682,-17.07494545,-10.19126701,0,0
9,77,-37.27100372,-14.64586639,-15.36786175,-16.62240219,26.70796775817871,13.430655479431152,-29.38283348,-18.85954094,-9.142010689,0,0
9,78,-14.90248585,-9.098155975,-4.793898106,-8.911748886,20.30022621154785,26.304086685180664,-33.96318436,-22.50773239,-12.90812206,0,0
9,79,-19.37211227,-14.68156433,-6.177046299,-6.613180161,17.560653686523438,37.64934921264648,-35.43534851,-26.71776962,-16.7388916,0,0
9,93,-16.40184402,-40.63480759,-1.412249923,6.225523948669434,-12.2885704,26.270658493041992,-2.539874077,-24.19092941,-24.66824532,0,0
9,98,46.10492706298828,-20.24534798,15.39279556274414,12.516607284545898,-18.09995079,19.94393539428711,-3.174834728,-11.74299335,-14.62205029,0,0
9,99,1.0592254400253296,-38.0547905,-17.0081749,-8.376320839,-8.310635567,19.687816619873047,0.4156008958816528,-13.01406384,-14.85196972,0,0
9,100,-25.91002083,-37.742733,-21.33168983,-11.47686195,-20.95909691,29.61290168762207,21.302091598510746,-13.10905361,-14.75238228,0,0
9,117,4.521597862243652,-15.2992382,15.835718154907228,-15.19917965,-89.45011139,-70.35358429,-116.7206726,-151.996109,-93.93017578,0,0
9,118,11.142413139343262,-17.01308441,11.123175621032717,-11.07900429,-79.10514832,-70.04945374,-107.8580933,-146.0811615,-95.90776062,0,0
9,119,14.10606288909912,-17.79083633,7.709089756011963,-18.29622841,-82.68345642,-52.56750107,-96.62513733,-151.8527985,-101.1683121,0,0
9,123,-20.32736588,-3.894467831,-0.68752861,10.354223251342772,-70.05752563,-77.18520355,-91.4852066,-153.5193787,-107.3225861,0,0
9,124,-55.7730484,-39.22729111,-35.10492325,-18.95684052,-60.92438507,-74.15776825,-106.5179749,-186.0362549,-143.7570648,0,0
9,125,-52.38425446,-54.93421555,-62.19302368,-40.35133362,-41.7285347,-59.33137894,-97.86588287,-199.0743713,-170.9188385,0,0
9,126,-29.97504425,-38.57273102,-55.35391235,-49.07579803,-33.23806,-38.19334793,-79.71031189,-212.22789,-197.1966705,0,0
10,-76,-65.33322906,-60.7204628,-67.54023743,-56.21642303,-52.95286179,-46.84943008,-30.79408646,-10.4497242,-1.717877865,0,0
10,-75,-81.66696167,-78.07198334,-86.81275177,-64.42336273,-48.12746811,-45.34624863,-28.33578682,-7.647965908,-1.325671911,0,0
10,-74,-74.77878571,-89.35588837,-93.96078491,-57.43863678,-44.38343048,-42.22933197,-19.25889015,0.8224600553512573,6.799303055,0,0
10,-73,-63.88119125,-44.5334053,-52.82646179,-57.1545639,-35.10549545,-33.61277008,-26.33708954,-7.957835674,3.029663562774658,0,0
10,76,26.425682067871097,5.376074791,-18.90118027,-38.96258926,-4.0976758,-1.426191211,-23.46530533,-10.69674397,-3.873581171,0,0
10,77,-44.82685852,-22.83991432,-28.89118004,-18.08237457,7.801043510437012,-13.20219898,-27.66610336,-14.630867,-6.621976852,0,0
10,78,-11.56628609,-12.08768368,-12.9480381,-9.04227829,13.195845603942873,3.533120632171631,-32.44695663,-18.79071236,-10.23090839,0,0
10,79,-18.30689812,-17.07821465,-16.44059944,-12.80984306,3.788217306137085,15.209818840026855,-35.04189301,-23.7702713,-12.29894257,0,0
10,80,-29.34637451,-22.95698738,-16.99108887,-13.98034859,-2.125015259,24.455625534057617,-35.70199203,-29.04726791,-15.25359917,0,0
10,98,58.79972076416016,-10.60681915,18.12705421447754,3.7910678386688232,-37.06642151,13.00273609161377,-5.471596718,-5.820423603,-9.858160973,0,0
10,99,23.00307846069336,-17.65666771,5.569627762,-3.46287775,-29.70681953,24.70870590209961,0.3154380321502685,-6.018906116,-9.317338943,0,0
10,100,-28.14070892,-39.29187393,-18.09169006,-22.34023094,-32.09225845,41.63383102416992,15.786972999572754,-7.039998055,-8.296998978,0,0
10,118,48.85369110107422,-6.292047501,13.628047943115234,-22.59441566,-82.39187622,-71.13368988,-115.7951431,-136.2461853,-84.68151093,0,0
10,119,44.81284713745117,-11.86257839,-5.689348221,-22.02285194,-81.21697998,-68.37213898,-110.7457733,-130.5713806,-80.17914581,0,0
10,120,32.96150588989258,-5.93293047,3.3832483291625977,-21.73093224,-90.27787781,-72.98651123,-112.1394119,-131.1255951,-83.29192352,0,0
10,122,12.081734657287598,40.12038803100586,45.20523452758789,27.092472076416016,-87.87236023,-81.19633484,-103.9241028,-127.2328873,-82.70731354,0,0
10,123,-22.32724762,0.7372720241546631,-0.390885144,-1.263939619,-67.1529541,-65.7168045,-99.80979156,-141.120224,-97.53968048,0,0
10,124,-23.24749565,-20.08844948,-17.78207588,-14.9960289,-52.57343674,-69.72966766,-106.6523361,-170.3396301,-122.318222,0,0
10,125,-25.69446182,-29.4400692,-31.0236187,-22.37335396,-43.05000687,-60.28237534,-110.9617386,-194.7236023,-146.3002777,0,0
10,126,-18.69091034,-33.25471497,-42.03730011,-35.1791153,-38.62115097,-54.039711,-108.5716171,-229.2302856,-180.6524353,0,0
11,-75,-70.30938721,-57.7375412,-83.97232819,-81.32559967,-80.55088043,-67.85348511,-33.25273132,-7.954145908,0.119092084,0,0
11,-74,-79.90316772,-81.50353241,-107.4805069,-117.5690918,-100.9032516,-63.97408295,-29.63473892,-3.814042568,4.815568923950195,0,0
11,-73,-60.01411438,-42.04248428,-57.01790237,-69.67444611,-42.86581039,-37.49568939,-29.20526695,-9.422590256,4.701694011688232,0,0
11,-72,-44.94543076,-32.30762863,-44.17238235,-50.56536102,-43.9131012,-40.98141479,-27.94219589,-11.09344387,-4.209328175,0,0
11,76,-10.45394516,-33.49750137,-42.83496094,-45.18266678,-14.27312565,-17.4508419,-16.45174217,-4.978004456,-2.4383564,0,0
11,77,-8.698306084,-16.03896332,-22.42674255,-17.6814003,-11.24147415,-22.05802536,-22.94708252,-10.53296185,-5.215351105,0,0
11,78,-7.613166332,-16.82921982,-20.77106667,-9.351966858,-1.684907913,-12.74741173,-27.60529518,-13.77912235,-6.640298843,0,0
11,79,-10.2221899,-19.21879196,-23.31495667,-15.16268349,-12.0422287,-4.942939281,-32.63801193,-20.46932983,-9.263057709,0,0
11,80,-27.17071724,-29.62663651,-28.74982262,-18.62709045,-13.86574268,4.238917350769043,-33.81442261,-23.98029137,-11.3651495,0,0
11,92,2.6687872409820557,-24.75643349,-5.333779812,-19.94989014,-18.33210373,32.756317138671875,-1.230085969,-10.04714584,-10.09148502,0,0
11,93,5.853748321533203,-31.53964806,-9.618387222,-19.47808266,-18.63915253,23.97017288208008,0.3034383654594421,-8.83172226,-9.554988861,0,0
11,99,66.82550048828125,21.71837615966797,21.617591857910156,-6.255271435,-23.37797737,29.911701202392575,0.4654041230678558,-2.809159994,-5.669690609,0,0
11,100,-13.89718819,-21.45200729,-18.01589394,-25.05818748,-24.63041306,40.45077133178711,4.1648969650268555,-3.764771461,-4.238621235,0,0
11,119,67.30884552001953,7.630313873291016,-6.957643986,-29.194067,-84.99582672,-85.8487854,-106.5083313,-104.1186752,-60.8703804,0,0
11,120,60.04329681396485,23.845609664916992,1.3840397596359253,-17.51556015,-90.52706146,-93.60654449,-105.9495163,-104.1161499,-61.32479858,0,0
11,122,23.084028244018555,41.15629196166992,32.35010528564453,1.1479268074035645,-75.24124146,-87.18245697,-109.6656189,-110.6253967,-67.30830383,0,0
11,123,-9.929410934,2.222346544265747,-5.006322384,-18.4037323,-46.39930344,-79.57554626,-118.9169998,-142.7036743,-96.81312561,0,0
11,124,-5.972489834,0.3982568681240082,-10.65536022,-22.07590485,-52.2644043,-78.06782532,-123.0063705,-155.1451263,-106.8376389,0,0
11,125,2.8607518672943115,-7.890581131,-20.13579559,-25.69998932,-48.17770386,-66.03302765,-119.6863785,-180.588623,-131.0149078,0,0
11,126,5.715038299560547,-15.86512375,-24.14190865,-31.41670036,-54.20093155,-58.09062576,-134.0506134,-225.5241394,-166.3773651,0,0
12,-73,-36.79568481,-21.81972885,-40.31781006,-59.75765228,-62.40606308,-59.20494461,-38.38909912,-13.02444172,-2.738226891,0,0
12,-72,-28.85673141,-19.03991127,-29.6406498,-41.91376495,-45.6252594,-47.44481659,-33.99626541,-13.76544762,-4.842669487,0,0
12,-71,-21.53050613,-16.59630585,-19.24867439,-28.99301529,-36.87485504,-41.93894577,-33.41895676,-13.66908836,-5.483642101,0,0
12,75,40.421173095703125,-24.97575378,-26.20880318,-57.82130814,-32.44202042,-17.52552223,-9.605824471,-1.895354152,-2.331597805,0,0
12,76,-26.23710823,-57.60876083,-58.48867416,-49.6426506,-31.42375565,-26.31003571,-14.16972256,-2.274694443,-2.602643013,0,0
12,77,-1.807098031,-27.06138229,-31.49048996,-17.14760399,-18.54696846,-26.56975746,-18.90139771,-7.032408237,-2.585187197,0,0
12,78,-8.79954052,-25.40529633,-31.37760353,-12.46595764,-15.16083622,-25.71377563,-23.96636963,-11.34388828,-3.877465963,0,0
12,79,-9.061367989,-22.98137856,-26.40037537,-14.82786083,-28.59687233,-21.96455574,-30.7675457,-17.99851608,-6.764105797,0,0
12,80,-24.51461792,-34.04945755,-33.16445541,-20.91070366,-35.96846771,-18.44607544,-32.98858643,-19.3343544,-8.510787964,0,0
12,93,9.233481407165527,-20.18132401,-6.966571808,-29.98737335,-22.51104355,15.716042518615724,3.541428565979004,-5.510352612,-5.247148514,0,0
12,99,115.52388763427734,69.53778839111328,45.88832473754883,0.024423555,-8.472128868,27.04999351501465,2.503626585006714,-0.84012264,-3.880176783,0,0
12,100,-1.062234282,-10.88767815,-17.90121269,-31.39676094,-13.95569229,22.168800354003903,2.0632081031799316,-0.928684175,-1.848650694,0,0
12,102,54.991851806640625,-3.60103631,-5.622909546,-28.84509277,-0.458799332,17.826147079467773,2.081913948059082,-3.927455187,-2.542917252,0,0
12,103,34.723785400390625,-8.675938606,-2.093909979,-31.00626564,5.210935115814209,18.64990234,3.451400042,-4.901413918,-3.71583128,0,0
12,120,116.33143615722656,58.390987396240234,24.21364974975586,-7.286431789,-94.59849548,-97.83848572,-96.91028595,-72.49928284,-38.52764893,0,0
12,121,99.00135803222656,46.782562255859375,32.70394515991211,-18.18717575,-99.26552582,-89.8735733,-103.0430145,-79.68218994,-41.26331329,0,0
12,122,33.358890533447266,13.79314422607422,-6.463942051,-27.72704887,-76.32408905,-104.4607773,-136.0469513,-114.6206207,-64.69576263,0,0
12,123,4.4823408126831055,6.453852177,-21.27514458,-35.52325058,-59.84285355,-94.01293945,-130.5007019,-125.7420807,-73.79976654,0,0
12,124,11.38682460784912,13.748263359069824,-15.04683781,-23.48130035,-58.02581787,-82.40894318,-118.2197876,-127.1517258,-77.94960022,0,0
12,125,10.277732849121094,3.0603091716766357,-12.15006256,-25.15428352,-54.88828278,-74.98979187,-125.8419418,-164.2404938,-114.3002548,0,0
12,126,23.684818267822266,10.888240814208984,-11.37966537,-32.92670441,-63.47256088,-74.34923553,-145.2129517,-199.7843475,-137.1333771,0,0
13,75,7.477321624755859,-62.52028275,-48.23898315,-64.75422668,-53.78106689,-23.78560066,-5.892856598,-1.064000607,-2.057022095,0,0
13,76,-18.33738136,-54.52309799,-51.87293243,-38.7637291,-45.41208267,-26.29881859,-6.892740726,-1.788844109,-1.662999749,0,0
13,77,-8.466761589,-34.8351593,-31.82488441,-15.71052361,-31.44201279,-26.13048935,-12.12190056,-3.707775116,-0.268682748,0,0
13,78,-14.85237694,-33.5996666,-32.95825958,-19.38836479,-33.47135925,-31.41033936,-20.73301888,-7.517060757,-1.196796894,0,0
13,79,-18.44444275,-29.191185,-26.78471756,-21.40088844,-42.04257202,-35.13008118,-28.17038727,-12.86838436,-3.377780437,0,0
13,80,-30.47168732,-35.26301193,-30.58173752,-27.53052711,-41.38545227,-37.1586113,-31.99139786,-13.56122208,-5.53285408,0,0
13,93,10.388375282287598,-2.752036095,1.7531471252441406,-40.01048279,-19.20860481,13.311971664428713,3.617040872573853,-3.253504992,-3.113930702,0,0
13,99,132.04458618164062,110.20681762695312,56.56346512,-9.623134613,-3.437814474,21.820064544677734,3.051694869995117,-0.22614032,-3.18129158,0,0
13,100,30.694181442260746,14.551454544067385,-0.05247895,-25.86540031,-3.829498768,16.88379669189453,1.9391855001449585,0.1956301480531692,-1.311339378,0,0
13,101,28.03664207458496,5.109506607055664,-0.613522947,-32.25352859,1.8522238731384275,11.026907920837402,0.3284671604633331,-0.426527441,-0.811267436,0,0
13,102,31.05463981628418,10.035228729248049,6.154847145080566,-31.57775879,5.000182628631592,7.026860237121582,0.2784692645072937,-1.559726596,-1.476711988,0,0
13,103,-6.505961418,-10.22434711,-8.652317047,-21.38263321,5.253296375274658,4.544748306274414,0.9052009582519532,-2.812808275,-2.615008831,0,0
13,120,149.9242401123047,77.45593262,68.65291595458984,-7.133862495,-101.5135345,-89.39555359,-82.1043396,-54.34534454,-25.35380745,0,0
13,121,91.32497406,34.98188781738281,49.488765716552734,-46.30311584,-92.64059448,-97.41677094,-107.3954926,-71.07008362,-34.95703506,0,0
13,122,42.973873138427734,12.322855949401855,1.7872748374938965,-44.62195206,-80.27474976,-106.9797058,-132.2584229,-103.445694,-50.57745361,0,0
13,123,25.373624801635746,14.835566520690918,-2.849701643,-41.9205246,-70.76531219,-96.2556076,-124.5516129,-108.1233444,-56.55331039,0,0
13,124,11.212485313415527,14.251325607299805,-7.298550129,-38.77781296,-64.91277313,-99.41625977,-130.0951996,-119.2241364,-74.65614319,0,0
13,125,13.27780818939209,18.011932373046875,-6.054773808,-30.45963669,-62.10031509,-87.18002319,-138.8016968,-151.980835,-97.96923828,0,0
14,74,69.70261383,-50.4648819,-24.49291039,-74.66960144,-51.78347778,-18.39780998,-5.94369936,-3.320553303,-1.520013452,0,0
14,75,2.395355224609375,-58.00062561,-48.25286102,-70.55108643,-58.45397186,-20.51365662,-5.905468464,-1.347137928,-1.610351682,0,0
14,76,-6.380293369,-34.27924728,-30.22992516,-35.27014923,-43.39527893,-17.95126343,-6.97824049,-0.732139409,-0.535711229,0,0
14,77,-15.61047745,-33.37717056,-27.13807487,-24.12252998,-36.23348618,-24.24391556,-11.0661726,-2.123492479,0.3228159546852112,0,0
14,78,-21.61310768,-34.29450607,-25.75616074,-19.43459129,-41.54722595,-32.95511627,-18.80013084,-4.702153206,-0.192759559,0,0
14,79,-25.20802879,-28.28956795,-22.53207207,-23.35219002,-47.0929451,-42.39242554,-26.93658257,-7.820201397,-1.418690443,0,0
14,80,-35.00664902,-30.68195534,-23.10878181,-27.46274567,-45.45895767,-46.1713829,-29.54777527,-8.564506531,-3.042208433,0,0
14,93,27.23391914367676,17.09508705,4.831051826477051,-41.32615662,-26.6366787,16.756893157958984,5.864289283752441,-2.155958891,-2.46224618,0,0
14,99,111.2208023071289,112.9905242919922,51.211421966552734,-17.20964241,1.6242259740829468,19.144309997558594,3.2473764419555664,-0.130062968,-2.878988028,0,0
14,100,65.40824127197266,55.878639221191406,20.797513961791992,-15.67983913,2.1804957389831543,13.201289176940918,1.4094244241714478,-0.226362199,-2.387787819,0,0
14,101,50.11458587646485,34.534542083740234,17.688968658447266,-15.96335125,2.0979535579681396,5.9961113929748535,0.08570718,-0.521072268,-1.984725118,0,0
14,102,19.42070770263672,14.14694118499756,11.35648250579834,-16.32249069,0.5513808131217957,0.1733111143112182,1.464569330215454,-0.920307517,-2.477356672,0,0
14,103,0.086365297,2.7507476806640625,8.372808456420898,-1.522215962,3.7280585765838623,-2.884937763,1.657706379890442,-1.731489301,-1.820766449,0,0
14,104,-2.625722647,9.871995926,15.54068088531494,8.037945747375488,-1.721747398,-8.441313744,2.059011220932007,-2.734734058,-2.355286837,0,0
14,105,-18.14526939,-7.252356529,2.871847152709961,-1.697897196,-13.67353725,-15.13346481,-0.035543337,-3.436845064,-2.590980053,0,0
14,120,150.02743530273438,87.84493255615234,76.84593200683594,-18.50422287,-105.6859589,-85.72618103,-58.86130524,-36.62285995,-14.47013855,0,0
14,121,85.25601196289062,30.92323303222656,37.12436294555664,-41.04968262,-92.22286987,-102.8256989,-88.82883453,-58.13735199,-27.86935616,0,0
14,122,33.04402542114258,22.490001678466797,14.909879684448242,-35.32169724,-77.82534027,-110.5971375,-123.4279022,-89.76837158,-45.57366562,0,0
14,123,18.673839569091797,27.95282936096191,8.565438270568848,-43.43346024,-70.27367401,-101.1463623,-126.0148468,-95.98860168,-52.93690109,0,0
14,124,8.947669982910156,26.778968811035156,4.070565700531006,-39.3596344,-73.35916901,-104.7168808,-139.8690186,-112.630043,-64.40848541,0,0
15,-93,-45.87789917,-100.962677,-126.1449738,-121.8649216,-14.78226662,16.033233642578125,3.649448871612549,5.478329658508301,2.453936815261841,0,0
15,-92,-4.429080486,-11.16254902,-77.46932983,-68.72931671,6.073819637298584,13.902562141418455,0.273829699,-1.195134521,-6.023344994,0,0
15,74,52.41007232666016,-43.83530426,-32.54855728,-87.33363342,-62.1155777,-14.37230968,-4.562119961,-2.547368288,-1.069343328,0,0
15,75,-1.344519019,-33.91685104,-34.77907562,-63.37345505,-53.87877655,-14.92188263,-3.028189898,-0.788272798,-0.991419494,0,0
15,76,-16.9358902,-30.36608505,-31.34053993,-39.2746048,-45.22016144,-15.25735569,-4.008895874,-0.037137996,-0.109116107,0,0
15,77,-25.27337837,-31.03839111,-27.80576324,-28.25765419,-41.05916214,-22.03219795,-7.049265385,-0.964917779,0.5620245933532715,0,0
15,78,-28.98057175,-29.75068283,-26.08937645,-23.31856918,-42.2817421,-26.96068954,-10.99484348,-1.883553505,1.0447782278060913,0,0
15,79,-30.97000504,-27.67656898,-23.21708488,-12.5813179,-50.46185303,-41.29466629,-17.53232765,-3.252236605,0.2737534046173095,0,0
15,80,-39.33659744,-26.16979599,-19.666502,-21.68526268,-54.80342102,-48.86084366,-22.97763062,-4.143002033,-0.99365437,0,0
15,98,202.03762817382812,213.63441467285156,129.05764770507812,3.239243984222412,-3.954469204,16.624799728393555,4.601893424987793,0.2437970787286758,-2.265249729,0,0
15,99,110.77613067626952,115.72151947021484,52.70494079589844,-11.62115955,3.726395369,15.23565388,4.060024261474609,0.005395186,-2.883330584,0,0
15,100,61.890377044677734,61.6003418,26.15337181091309,-12.71086884,0.7889026999473572,8.843329429626465,1.8270418643951416,-0.188690096,-2.531101942,0,0
15,101,49.39289474487305,54.859092712402344,33.28055191040039,-8.453203201,1.0002750158309937,3.906095266342163,1.3090695142745972,-0.053237256,-2.270664215,0,0
15,102,17.66632843017578,25.438356399536133,20.02620506286621,0.9642825126647948,3.494918108,1.0441641807556152,3.1109912395477295,-0.109605618,-1.764741659,0,0
15,103,3.360607624053955,16.173633575439453,16.048147201538086,0.601663351,1.4290434122085571,-3.424694777,3.177382469177246,-0.582155049,-1.236493707,0,0
15,104,-4.782525539,15.74813747406006,14.496684074401855,4.437870502471924,-5.359083652,-8.031651497,3.110431671142578,-1.548937321,-1.339530826,0,0
15,105,-3.895363331,28.09477996826172,19.059165954589844,-0.710798919,-10.19670296,-10.90916634,2.825613498687744,-2.004756212,-1.782556772,0,0
15,106,30.437768936157227,51.37689971923828,38.746192932128906,5.286151409,-18.20617867,-14.03736115,0.9561999440193176,-2.470685959,-2.38967371,0,0
15,120,147.6527862548828,96.10348510742188,85.45586395263672,-23.82923508,-106.3407135,-79.08344269,-42.97579956,-24.58118248,-10.29552269,0,0
15,121,87.62780762,44.22880935668945,48.82183074951172,-35.46738815,-89.18871307,-86.37453461,-63.19844437,-37.06004333,-15.83374405,0,0
15,122,21.005870819091797,41.12661361694336,12.994576454162598,-33.26567841,-78.59589386,-101.755249,-98.61473846,-67.83602905,-31.31941605,0,0
16,-99,31.830902099609375,-55.45866013,-78.46958923,-63.35020828,11.785761833190918,22.94847869873047,16.999914169311523,5.841343402862549,0.1322478353977203,0,0
16,-98,31.209209442138672,-55.24071884,-71.64051056,-75.38260651,2.495821714401245,17.346384048461914,13.043432235717772,4.588175296783447,-1.22900331,0,0
16,-97,46.38056182861328,-49.40113068,-73.1680603,-60.01166916,20.598533630371097,23.82332992553711,8.329914093017578,4.574964523,-1.232103467,0,0
16,-96,22.93632125854492,-75.0973587,-87.95716095,-60.64403534,20.77045631408691,13.285380363464355,5.772100448608398,4.012557506561279,1.832363009,0,0
16,-95,1.222571849822998,-69.5599823,-89.61972046,-73.28946686,10.909029960632324,8.983107566833496,3.634662151,4.838037967681885,3.0837385654449463,0,0
16,-94,-9.672643661,-81.77852631,-103.5351715,-95.62091064,-4.103155613,9.849742889404297,3.562335729598999,6.264253616333008,5.238306522369385,0,0
16,-93,-19.65352821,-79.27107239,-97.68362427,-86.80717468,0.2857536673545837,14.274332046508787,0.8751727938652039,0.8042711615562439,-0.498247713,0,0
16,-92,-19.63567352,-50.49189377,-75.31955719,-60.24376678,-4.666880131,9.814502716064451,-0.350036025,-10.379179,-11.33396626,0,0
16,-91,-15.58264542,-52.67661667,-60.2089119,-49.57963181,-25.05091095,-2.490255833,-11.70473003,-26.30181122,-26.06446457,0,0
16,-90,-14.91923523,-42.68216705,-55.59930801,-40.55250168,-32.58243561,-11.57337666,-19.76290512,-31.62571335,-23.67217636,0,0
16,73,70.48208618164062,-39.15122223,-39.76652527,-99.91526794,-51.3227272,-10.67159081,-5.334635735,-2.782411814,-0.777188301,0,0
16,74,9.915055275,-46.57294083,-46.2491188,-96.6129303,-59.8378067,-12.39952374,-3.458391428,-2.001976967,-0.630641997,0,0
16,75,-4.77974844,-21.35149956,-35.28781128,-61.29476547,-52.3192749,-12.82339573,-2.22890377,-0.142900079,-0.145208985,0,0
16,76,-27.08674812,-32.70355225,-38.50296402,-44.27105713,-44.19776917,-13.72315598,-2.700205088,1.1475489139556885,0.4170781970024109,0,0
16,77,-35.53738403,-36.36910629,-37.46760559,-29.45574951,-38.50883102,-16.58278084,-4.439747334,0.4846529960632324,0.8325480222702026,0,0
16,78,-40.15644073,-37.77684402,-39.54427338,-22.36636543,-41.97913742,-19.70520973,-6.077220917,0.2420279383659362,1.470233917236328,0,0
16,79,-40.07127762,-32.99957657,-34.68103027,-17.68964195,-55.25291061,-32.39757538,-9.961866379,-0.328311056,2.107381820678711,0,0
16,80,-42.78455734,-30.86983681,-26.58669662,-19.25595474,-56.89121628,-37.08456421,-13.20226383,-0.987843931,1.5247560739517212,0,0
16,81,-48.32486725,-35.99901199,-23.31334305,-29.11783791,-62.75422287,-39.96930313,-16.93365669,-1.680304408,0.7329868078231812,0,0
16,82,-48.24219894,-30.64650345,-13.38654423,-30.29837227,-70.84072876,-39.68034744,-18.73601341,-2.003123522,0.2696398496627807,0,0
16,99,86.69557953,104.55799102783205,53.19060134887695,-8.300890923,5.211821556091309,12.519384384155272,4.236640453338623,0.2142161279916763,-2.186898232,0,0
16,100,47.485225677490234,58.82131576538086,34.9512825,-8.62994194,1.1801118850708008,5.732204914093018,2.341635465621948,0.2203998118638992,-1.80229485,0,0
16,101,34.69964599609375,55.105655670166016,40.65477371,-8.783740997,1.4642081260681152,2.0544824600219727,1.928134560585022,0.3156592547893524,-1.455989838,0,0
16,102,9.656393051,23.162466049194336,28.72807884216309,-0.228060201,1.3951221704483032,0.9422040581703186,2.8065264225006104,0.5492379069328308,-1.107692599,0,0
16,103,-3.211083412,22.260562896728516,24.775522232055664,1.4775532484054563,-4.430463791,-1.610599041,3.268185615539551,0.3596319258213043,-0.391531378,0,0
16,104,-3.48563242,23.06149673461914,22.026723861694336,4.505671977996826,-9.781114578,-5.378026485,3.5729174613952637,-0.375279695,-0.04110859,0,0
16,105,6.451334476470947,35.68479919433594,29.390323638916016,1.1804858446121216,-12.80685902,-6.521002293,4.0342888832092285,-1.060330749,-0.28344062,0,0
16,106,12.650632858276367,40.50690841674805,28.488075256347656,-10.38976097,-31.9843502,-13.93445778,0.8083469271659851,-1.96665132,-1.2473557,0,0
16,120,126.3821258544922,81.03930664,67.60807037353516,-25.83843613,-112.6782532,-69.80237579,-35.42871475,-19.06173325,-5.760246277,0,0
16,121,85.86782074,53.276329040527344,55.076324462890625,-15.92546272,-99.29716492,-80.00624084,-51.48806763,-28.02604103,-8.789271355,0,0
16,122,10.899645805358888,49.64384841918945,19.808507919311523,-29.68978882,-90.43202972,-97.75862885,-85.46408844,-50.32778549,-15.80805302,0,0
17,-101,42.37440872192383,-32.05828094,-70.83625031,-44.79106522,10.796812057495115,45.28098678588867,26.09722328186035,7.734632968902588,0.8546146154403687,0,0
17,-100,51.09019470214844,-48.49213791,-76.77249146,-53.47093201,6.3367791175842285,36.672210693359375,24.570737838745117,7.035975933074951,1.181044340133667,0,0
17,-99,61.12958908081055,-47.72231293,-59.42773056,-54.51102448,2.351989507675171,30.478919982910156,20.217052459716797,9.571116447,1.8440719842910769,0,0
17,-98,70.09337615966797,-44.39199829,-38.70585251,-40.17052841,9.595859528,27.80884361,16.145946502685547,6.291934967041016,-1.090431929,0,0
17,-97,64.59642028808594,-28.90749931,-42.83724213,-19.66471863,33.326080322265625,26.59169006347656,10.902765274047852,-2.602648497,-5.423336506,0,0
17,-96,38.101131439208984,-53.06011963,-49.23556137,-34.71194077,16.217174530029297,15.94381618499756,5.144914627075195,-11.26181889,-11.34720707,0,0
17,-95,9.243440628051758,-51.78015518,-53.88323593,-46.51442337,-1.382259488,6.091953754425049,-1.129233003,-7.887455463,-8.239550591,0,0
17,-94,-4.67487669,-49.06194687,-53.29210281,-51.54338837,-11.47410011,8.884019852,-5.461048126,-21.82001305,-27.54571915,0,0
17,-93,-3.309743643,-43.21944809,-64.4536438,-57.59251404,-6.063692093,11.169562339782717,0.8732916712760925,-20.95664406,-30.48018074,0,0
17,-92,-6.035223484,-54.26499939,-72.92546844,-73.90235901,-17.17670441,1.8612343072891235,1.2739516496658323,-21.71053505,-29.41851616,0,0
17,-91,-12.57483292,-36.26342392,-47.46052551,-55.51035309,-20.93154335,0.064087965,-7.184709072,-20.73517418,-20.92495728,0,0
17,73,53.39816665649414,-37.30456161,-52.30364227,-111.6542282,-48.79018784,-9.603975296,-3.084219694,-1.700134158,-0.77480942,0,0
17,74,-4.291297436,-40.90248871,-57.87334824,-94.87379456,-53.67340469,-9.711297989,-2.331007242,-1.358156323,-0.448213845,0,0
17,75,-10.37184525,-27.16465187,-44.67856216,-53.60725784,-45.47650909,-8.935691833,-1.237732291,0.3396714329719543,0.4503062069416046,0,0
17,76,-28.42147636,-34.68356705,-48.70194244,-42.58897781,-41.09642792,-9.673456192,-1.819866419,1.796013116836548,0.9231188297271729,0,0
17,77,-37.62161636,-40.95710373,-51.57397079,-35.2149086,-39.72349548,-11.35379314,-1.945469379,1.6777169704437256,1.243947982788086,0,0
17,78,-43.69104767,-44.91562653,-52.44780731,-28.13204193,-43.59498978,-13.42986488,-1.720421314,1.6072916984558103,1.945407152175903,0,0
17,79,-40.05674744,-33.79339981,-39.87563324,-20.11662292,-49.33958054,-17.68572044,-3.746399164,1.6486986875534058,3.5422325134277344,0,0
17,80,-40.91186523,-32.58190918,-37.30946732,-16.64368439,-50.92592239,-18.8696537,-4.596393108,0.9085974097251892,3.735321521759033,0,0
17,81,-42.18193817,-32.52680588,-30.50281906,-20.50384521,-53.46939468,-22.04244423,-7.145832062,0.378297895,2.7826151847839355,0,0
17,82,-39.66283417,-28.7292614,-21.78138351,-17.43954086,-58.85150528,-23.36837387,-9.733375549,0.2485895901918411,1.8759355545043943,0,0
17,83,-35.33157349,-24.70673752,-7.77968502,-12.05253696,-63.7339859,-24.32341194,-13.59105396,0.2258952856063842,0.9804693460464478,0,0
17,98,102.0998535,111.63880920410156,83.31363677978516,11.074196815490724,9.001569747924805,12.02593231201172,4.794643878936768,0.5112593770027161,-1.832439184,0,0
17,99,49.03409957885742,55.34368133544922,43.75109100341797,-3.343157053,7.001628398895264,10.59104824066162,4.441414833068848,0.6049840450286865,-1.352151155,0,0
17,100,35.36341857910156,43.08694839477539,44.82293319702149,-1.43448019,0.5319193601608276,4.675052642822266,3.6064186096191406,0.8870322704315186,-1.046903133,0,0
17,101,26.923484802246097,33.313262939453125,45.95612335205078,4.615772247314453,0.4709701538085937,1.477903962135315,3.2863776683807373,0.9592652916908264,-0.779590845,0,0
17,102,0.039842788,16.23274040222168,33.734317779541016,5.357681751251221,-1.04266572,1.960820198059082,3.1677303314208984,0.969518542,-0.139701456,0,0
17,103,3.189169406890869,19.543739318847656,31.87599754333496,4.198827266693115,-4.805758953,-0.783118486,2.932018995285034,0.6909696459770203,0.287590355,0,0
17,104,8.483935356140137,28.498859405517575,31.457185745239254,12.00151538848877,-9.426913261,-2.945370436,3.4875593185424805,0.2636714577674866,0.2734626531600952,0,0
17,105,14.05322551727295,35.389217376708984,28.319677352905273,8.034409523010254,-14.87887573,-4.586174011,3.593313694000244,0.055667371,0.005097474,0,0
17,120,105.80677032470705,65.41928100585938,58.66297531,-31.75657082,-120.8027344,-64.46382904,-29.72403526,-17.1261692,-3.661213875,0,0
17,121,47.19626235961914,58.33818817138672,54.22345733642578,-22.60595131,-113.1980286,-68.11850739,-48.8910675,-24.31555367,-3.378313065,0,0
17,122,-2.661734581,35.81892395019531,19.99563980102539,-27.49993324,-109.470192,-114.3217163,-86.81161499,-44.41347122,-12.86175632,0,0
17,123,7.804297924041748,18.107694625854492,3.961578369140625,-41.62835312,-112.3444214,-130.69487,-96.91520691,-42.71567535,-4.08987236,0,0
18,-104,45.73646926879883,-0.180902749,-41.36012268,-10.77419853,17.225500106811523,53.91326904296875,29.76217269897461,9.551989555358888,2.4440693855285645,0,0
18,-103,50.69945145,-11.10891724,-51.94869995,-27.90709496,10.009535789489746,43.368064880371094,30.69252014160156,11.212342262268066,2.608772993087769,0,0
18,-102,45.15713119506836,-26.28346825,-58.54792023,-45.93217468,2.337160110473633,38.66482925415039,27.93256187438965,12.21078872680664,2.5197832584381104,0,0
18,-101,50.58630371,-31.72491264,-53.70568466,-42.83140564,1.834305763244629,34.832157135009766,24.402942657470703,11.87498664855957,2.358880043029785,0,0
18,-100,48.84123992919922,-54.01231766,-65.71297455,-45.41014862,7.562547684,27.611726760864254,22.97232437133789,11.151248931884766,3.4748353958129883,0,0
18,-99,54.79962921142578,-46.4635849,-50.51610184,-29.67468452,8.391026496887207,21.98979759216309,17.497112274169922,8.924335479736328,1.9830361604690552,0,0
18,-98,57.58833312988281,-30.06592178,-36.09832001,-11.61232853,16.135128021240234,23.180418014526367,13.249686241149902,0.080032952,-3.069844246,0,0
18,-97,56.44241714477539,-27.62086678,-30.13995552,-12.34216595,18.928089141845703,23.58985710144043,8.658414840698242,-12.60727692,-14.80601215,0,0
18,-96,36.69697952270508,-43.23332214,-24.54517937,-32.39149475,2.532381057739258,14.771218299865724,0.701807439,-20.30366707,-19.61780548,0,0
18,-95,6.634058952331543,-35.4577446,-34.75076675,-39.66500854,-16.38982773,1.7751134634017944,-5.84139061,-18.58600807,-14.53185272,0,0
18,-94,-18.4993,-38.31574249,-47.72380066,-56.81933594,-37.77834702,5.106654167175293,-2.197386026,-28.23608589,-25.2992382,0,0
18,-93,-23.90823936,-41.60603333,-54.08943558,-65.26381683,-32.96138,7.062645435333252,5.103747367858887,-21.35212326,-24.98995209,0,0
18,-92,-16.38297844,-36.96377945,-49.70425034,-61.92783356,-28.39204788,3.721560716629028,5.252673625946045,-11.78592014,-16.76557732,0,0
18,-91,-14.83447933,-29.64282036,-42.61620331,-60.28910828,-27.01201057,-3.622481108,-2.043745041,-10.32468891,-11.49596214,0,0
18,-90,-16.1843338,-22.68858528,-33.67517471,-58.97688293,-32.49010086,-10.13077354,-10.07485962,-17.30607033,-14.3907938,0,0
18,-89,-19.06838608,-18.12434959,-24.90693855,-45.35431671,-43.43928146,-20.45759964,-21.31226921,-32.76676941,-24.12955666,0,0
18,-88,-19.82058907,-13.64481735,-23.83979225,-30.93071938,-51.04551697,-33.15077972,-27.09672928,-38.1415329,-25.84210777,0,0
18,73,8.404740333557129,-50.01981354,-63.82322693,-107.448349,-43.40581894,-7.687376499,-1.540931106,-0.935447574,-0.69732523,0,0
18,74,-19.83122063,-32.1140213,-56.17657089,-93.52648163,-46.43089676,-8.39238739,-1.137846947,-0.916342318,-0.345905572,0,0
18,75,-18.87468147,-27.00276184,-50.8159523,-62.34478378,-40.93834305,-7.063225269,-1.029250145,0.1734729260206222,0.4745407402515411,0,0
18,76,-33.562603,-31.39436722,-58.47878647,-53.36597824,-39.57082748,-6.094099522,-1.808745742,2.6258537769317627,1.359354853630066,0,0
18,77,-38.02959824,-34.4283638,-55.79639816,-45.28723145,-40.56512833,-7.383553505,-2.540488005,2.099623918533325,1.9245203733444216,0,0
18,78,-39.3092308,-36.77025223,-48.30791473,-32.32419968,-43.93593216,-7.68161726,-0.659430206,2.7122931480407715,2.419701576,0,0
18,79,-34.52249527,-30.51908493,-38.77349854,-23.68651199,-40.89445114,-8.381866455,-1.340527415,2.5833470821380615,3.595872640609741,0,0
18,80,-34.92172241,-32.50389862,-34.5291214,-22.77812958,-42.22570801,-7.371673107,-0.349349856,1.720897555351257,4.737448215484619,0,0
18,81,-34.38565063,-26.24510193,-28.37405014,-28.90581703,-46.09064865,-9.699029922,-1.390898108,1.415618896484375,4.676126480102539,0,0
18,82,-41.91498566,-32.57735825,-22.03524017,-24.0265007,-52.68371582,-12.13811779,-4.219190121,1.400349497795105,3.7124879360198975,0,0
18,83,-29.32481956,-11.41365719,0.096029185,-15.82574272,-59.16309738,-17.98853683,-7.850505829,1.4143890142440796,2.9976940155029297,0,0
18,84,-34.05190659,-10.77050972,-6.682097435,-25.18347549,-69.66148376,-21.30790138,-10.06214142,1.8328174352645872,1.598776102,0,0
18,97,72.88111877441406,67.43241119384766,71.92770385742188,12.307719230651855,6.156650066375732,12.593361854553224,4.922171592712402,0.9453863501548768,-1.784591198,0,0
18,98,50.32868957519531,61.25984954833984,70.45251465,2.894603967666626,16.196292877197266,13.221390724182127,6.025125026702881,1.1452360153198242,-1.344003081,0,0
18,99,30.76805877685547,33.63640594482422,48.46765899658203,4.655869007110596,13.967164993286133,11.27084732055664,5.840712547302246,1.5489875078201294,-1.171506763,0,0
18,100,22.212743759155273,25.48015785217285,53.16225814819336,9.728540420532228,6.111865520477295,4.332228660583496,5.255418300628662,1.792426347732544,-1.070838213,0,0
18,101,20.812480926513672,28.867572784423828,56.38509368896485,5.231370926,5.548171520233154,2.350033760070801,5.159254550933838,2.111189126968384,-0.448314607,0,0
18,102,12.71499729156494,28.88868522644043,54.85155106,10.35638714,2.105335235595703,1.1788547039031982,4.491345405578613,2.0124125480651855,0.4257511496543884,0,0
18,103,18.273996353149418,33.27820587158203,48.83052444458008,11.831408500671388,-1.986178041,0.2520865797996521,3.4812676906585693,1.608629822731018,0.8720029,0,0
18,104,21.77194595336914,38.78295898,51.139373779296875,11.678675651550291,-7.588315964,-1.407087684,2.679386854171753,1.1687722206115725,0.42756626,0,0
18,105,12.381841659545898,28.25037002563477,45.798397064208984,-10.2545433,-19.35222244,-2.269908428,1.339172601699829,1.194729208946228,-0.674516618,0,0
18,120,79.74172973632812,30.342113494873047,33.722251892089844,-23.16814995,-128.8952332,-66.56845093,-23.77728844,-14.57614613,-1.39384985,0,0
18,121,28.519786834716797,29.150766372680664,25.107799530029297,-10.0454073,-140.8312836,-100.4181213,-54.89591217,-22.14054108,-2.243072271,0,0
18,122,22.04786491394043,29.127605438232425,11.440282821655272,-16.28417778,-137.8309937,-128.8316345,-74.94303894,-29.25647354,-2.16731739,0,0
19,-111,12.407478332519531,8.458652496,6.419569492340088,18.74530982971191,36.70991134643555,25.758800506591797,-6.639838696,-25.82123566,-12.48218441,0,0
19,-105,33.02396774291992,5.735965728759766,-27.63213158,-0.422333181,24.239301681518555,59.05961990356445,25.647144317626953,5.8634724617004395,1.396882176399231,0,0
19,-104,54.83775329589844,7.982724189758301,-30.40223503,-16.3058567,21.67369842529297,51.69114685058594,28.02956199645996,10.695690155029297,1.973107933998108,0,0
19,-103,61.91376495361328,-13.02554703,-29.39520264,-23.65147972,13.56278133392334,38.606319427490234,29.556732177734375,13.61238956451416,1.8398152589797976,0,0
19,-102,66.42810059,-22.23394585,-33.62812042,-23.37582588,10.123824119567873,31.977214813232425,26.803102493286133,15.18985652923584,1.0609809160232544,0,0
19,-101,58.70302200317383,-41.36473846,-42.2736969,-26.42581177,7.240872383117676,27.59496498,25.14540100097656,14.486578941345217,0.570572019,0,0
19,-100,55.318626403808594,-42.72090912,-40.45258713,-10.71230793,14.307026863098145,23.792953491210938,22.95618438720703,12.85862159729004,-1.546098232,0,0
19,-99,43.242916107177734,-29.86268044,-25.40643883,-8.784560204,19.173744201660156,21.736833572387695,17.73622703552246,5.865816593170166,-5.480318069,0,0
19,-98,51.39819336,-15.25865459,-24.32723618,-4.409529686,27.68983459472656,26.594274520874023,14.335338592529297,-5.813446999,-10.74780655,0,0
19,-97,48.81275939941406,-9.963624954,-19.01708603,-12.24246025,27.656286239624023,31.339828491210938,14.42025661468506,-5.916261673,-9.542096138,0,0
19,-96,11.004312515258787,-17.74869728,-18.16551781,-26.29847717,1.6738015413284302,14.91301155090332,2.7346537113189697,-8.494347572,-8.867272377,0,0
19,-95,-2.586678028,-17.15931702,-23.41616631,-47.05990982,-27.40815926,2.058522939682007,-8.711735725,-21.9453392,-13.96883774,0,0
19,-93,-18.72980881,-20.10534668,-35.83758163,-56.5545311,-41.32550812,5.5312042236328125,6.963038444519043,-15.21880627,-15.981637,0,0
19,-92,-11.83133411,-20.41137886,-34.38928986,-53.53543472,-33.50546646,1.695566177368164,9.141968727111816,-4.830831051,-10.26054382,0,0
19,-91,-12.56079006,-22.93171692,-31.54574966,-55.13303375,-28.54264641,-3.380432844,5.974480152130127,-3.005093098,-8.154490471,0,0
19,-90,-16.13403511,-20.42757988,-27.66880035,-56.69252396,-29.23885345,-7.067067623,-0.386086673,-7.67243576,-10.55412292,0,0
19,-89,-19.11721039,-21.35166931,-24.2365036,-50.48962402,-36.83575821,-12.48549461,-6.156825542,-17.0556469,-17.40814972,0,0
19,-88,-14.49194527,-15.12989712,-19.87693977,-31.27828598,-38.33354568,-17.9345932,-7.807641983,-17.19844437,-14.95874882,0,0
19,-87,-23.65903473,-15.37103176,-19.96335793,-26.15556908,-54.16572571,-38.97783279,-14.52772808,-25.19235039,-18.31399155,0,0
19,73,-22.02758789,-52.88228607,-71.6813736,-105.3784943,-36.28104401,-7.016114235,-1.470990777,-0.799030423,-0.626540363,0,0
19,74,-27.56825256,-24.53934669,-51.09574509,-93.7323761,-38.75726318,-6.869962215,-0.624281645,-0.449063152,-0.33712253,0,0
19,75,-21.67028618,-27.46537209,-48.05160141,-69.44396973,-35.30783463,-5.93209219,-0.307266712,0.6962378621101379,0.5243884325027466,0,0
19,76,-32.861763,-20.26276398,-50.6084404,-56.88932037,-35.10091782,-5.033306599,-1.22733891,2.3029227256774902,1.4705548286437988,0,0
19,77,-35.2563324,-20.39472389,-50.46517181,-48.23316574,-35.65636826,-4.881296158,-1.590216994,2.7839927673339844,2.4635233879089355,0,0
19,78,-38.09914398,-26.38414574,-45.92531204,-44.15962219,-38.7025795,-4.881048679,-2.157499552,2.5676510334014893,3.3003358840942383,0,0
19,79,-36.53111649,-27.18260002,-34.5868988,-36.42652512,-38.70458603,-5.425577164,-2.36803627,2.733917474746704,4.745446681976318,0,0
19,80,-36.05226517,-33.51097107,-34.38758087,-35.95661926,-36.24711227,-3.357546329,-1.332475424,2.361494302749634,6.40306282,0,0
19,81,-37.13684845,-29.00848007,-22.38611221,-41.8651123,-37.66639709,-4.769470215,-0.144681394,2.2856831550598145,7.103937149047852,0,0
19,82,-34.40629959,-13.39360714,6.689795494,-33.20812225,-43.22697067,-8.609290123,-1.358115435,2.2064132690429688,6.3150482177734375,0,0
19,83,-33.76800537,-4.247567654,15.58582878112793,-26.92440605,-49.19826508,-13.23346519,-4.511827469,1.9578354358673096,5.310235977172852,0,0
19,84,-36.43067551,-4.081488609,-6.185985088,-30.27439308,-55.48801422,-16.54968452,-6.191988468,1.9515646696090696,4.790805816650391,0,0
19,85,-40.68565369,3.3995397090911865,-12.99257851,-29.62314415,-67.13589478,-21.73324966,-7.932220459,1.3315982818603516,2.826638937,0,0
19,97,61.29747009277344,49.036739349365234,67.76277160644531,13.559349060058594,13.48552703857422,13.86260986328125,6.129242897033691,1.3718777894973757,-1.105575442,0,0
19,98,31.393651962280273,29.24534034729004,49.24351119995117,4.870243549346924,20.077730178833008,14.310574531555176,7.542881011962891,1.920570373535156,-0.859684825,0,0
19,99,11.250982284545898,24.98864174,44.39731216430664,7.545337200164795,18.94690514,15.020177841186523,7.649931431,2.244920015335083,-0.525150359,0,0
19,100,2.641269684,22.70842170715332,45.94719314575195,12.444704055786133,12.148758888244627,8.702677726745605,7.082958698272705,2.628295421600342,-0.406428277,0,0
19,101,4.808237552642822,27.447494506835938,49.476505279541016,9.311536789,6.534699917,4.766534328460693,6.989003658294678,3.284489631652832,0.1587636768817901,0,0
19,121,31.49672508239746,10.601974487304688,1.3675235509872437,-2.457845449,-141.2346191,-96.97442627,-36.1052475,-17.33227348,-4.105989456,0,0
19,122,17.766141891479492,8.769266128540039,-0.127015486,-5.800070286,-139.2006073,-111.3267593,-40.23501587,-10.96552277,3.374371290206909,0,0
20,-106,20.945844650268555,6.472017288208008,-2.157906055,18.812686920166016,33.76704788208008,47.20212936401367,19.768138885498047,8.75733757,3.0979793071746826,0,0
20,-105,31.754636764526367,25.10546303,5.742506027,8.056350708007812,24.315813064575195,46.53160477,23.02344322,12.054142951965332,4.123556613922119,0,0
20,-104,62.42948532104492,9.597696304321287,-13.46738243,4.353903770446777,21.531246185302734,43.45016098022461,24.268898010253903,11.004401206970217,3.561645984649658,0,0
20,-103,63.02304458618164,-22.26487923,-36.97994232,-11.83234978,17.102933883666992,32.88749694824219,23.832374572753903,11.756118774414062,1.140683889389038,0,0
20,-102,70.03682708740234,-24.7606678,-22.94499207,-6.187623978,14.403382301330566,25.100370407104492,21.750694274902344,12.857276916503906,-0.337210894,0,0
20,-101,53.29700469970703,-25.15992165,-25.29652214,-5.569568634,16.276256561279297,20.16160774230957,20.161846160888672,9.87557888,-2.622137785,0,0
20,-100,44.33515930175781,-19.87178993,-17.32924652,1.7959729433059692,20.564340591430664,18.19906997680664,17.98082924,2.0609490871429443,-8.26863575,0,0
20,-99,42.46027374267578,-8.104564667,-10.11793613,-2.780473471,26.444326400756836,19.688364028930664,13.164952278137209,-11.34840775,-19.13127327,0,0
20,-98,45.00670623779297,5.858658313751221,-5.768685818,3.444295644760132,36.14063262939453,28.008779525756836,12.916316032409668,-17.85126686,-23.49328232,0,0
20,-97,22.462982177734375,-0.974217117,-16.47486305,-24.92624474,17.748682022094727,24.09662818908691,10.639942169189451,-4.201404095,-10.40152836,0,0
20,-96,5.761552333831787,-3.73867321,-15.1010704,-34.31293869,-4.073593616,12.345766067504885,4.612379074,-2.48397398,-4.559766293,0,0
20,-91,-3.001348972,-17.42079735,-23.77383804,-46.71725845,-22.13750267,-0.996649981,14.27386761,3.141617537,-4.570328236,0,0
20,-90,-8.749382973,-20.79607773,-23.76493645,-48.38763428,-24.97890663,-4.133648872,6.469638824462891,0.4137096405029297,-6.082386971,0,0
20,-89,-4.976525307,-19.88691139,-22.15576172,-49.79290009,-30.80709648,-6.037910461,2.6487436294555664,-1.370138764,-8.760414124,0,0
20,-88,-8.311724663,-17.16230965,-20.49891663,-38.31710052,-36.39973068,-10.66480064,1.0312443971633911,-3.365339041,-8.081424713,0,0
20,-87,-13.79061031,-21.35196114,-20.35955238,-28.99346733,-42.84239578,-24.54743004,0.8996595144271851,-9.095870018,-9.817904472,0,0
20,73,-30.94112206,-51.05244064,-80.57254791,-102.997467,-28.32682228,-6.349460125,-1.305763483,-0.17559579,-0.41132012,0,0
20,74,-32.38731003,-23.66966248,-51.24357224,-93.58631134,-33.0743103,-5.458158493,-1.474933386,-0.240018219,-0.038037445,0,0
20,75,-26.60735512,-31.2507515,-50.07646942,-76.28382874,-32.60016251,-4.680134296,-0.723352492,0.7799780964851379,0.9734982252120972,0,0
20,76,-30.91050339,-26.38896751,-46.2930069,-64.28721619,-32.88970566,-4.084882736,-1.276291966,2.378664493560791,1.7966078519821167,0,0
20,77,-35.99320984,-23.95995522,-47.58784103,-60.09513855,-32.96026993,-3.071975708,-1.066368937,3.4531266689300537,2.850581407546997,0,0
20,78,-38.98474503,-22.50329971,-46.17961502,-56.35345459,-33.99132538,-2.753771067,-1.706758976,2.6617109775543213,4.064292907714844,0,0
20,79,-41.08182526,-25.2206707,-39.8214798,-49.37364197,-33.83134842,-3.918055534,-2.002550602,3.1663143634796143,5.605412006378174,0,0
20,80,-46.00393677,-28.2944622,-33.05171585,-46.41321564,-32.14772797,-3.348366499,-1.710697412,3.2364325523376465,7.525918960571289,0,0
20,81,-48.90182114,-18.30330658,-11.30589867,-48.11647415,-31.16542053,-4.760088921,-1.73224926,3.1589579582214355,8.432674407958984,0,0
20,82,-43.12592697,14.490449905395508,22.760900497436523,-34.88238144,-30.0910244,-6.981360435,-1.671342492,3.454704523086548,7.721267223358154,0,0
20,83,-38.04282761,12.50872802734375,26.330066680908203,-26.13526154,-31.16862679,-8.63785553,-1.720488548,3.0888187885284424,6.428257942199707,0,0
20,84,-39.3275795,5.857425212860107,6.728722095489502,-27.22167397,-37.88169479,-12.51920509,-3.332786798,2.7275378704071045,5.766094207763672,0,0
20,85,-42.1102562,-1.317642689,-2.425409317,-29.64184952,-45.8202095,-16.53197289,-4.603255749,1.873687982559204,6.021274566650391,0,0
20,86,-38.17713547,3.1649982929229736,0.3111726343631744,-33.29491043,-54.65731049,-13.39888477,-4.576216221,1.4706460237503052,4.409702777862549,0,0
20,87,-31.90902138,8.096931457519531,-2.187710285,-30.51586723,-54.78104782,-12.3153038,-5.10182476,1.1741371154785156,2.5321316719055176,0,0
20,98,27.409780502319336,12.41969871520996,27.73970603942871,6.243279457092285,18.106090545654297,14.785704612731934,8.100955009,1.4908119440078735,0.2982271015644073,0,0
20,99,14.019755363464355,24.68135643005371,35.44549560546875,11.39516830444336,20.509260177612305,15.994014739990234,8.959033012390137,2.5162365436553955,0.4720920622348785,0,0
20,100,-1.085056186,22.28515625,36.69005203,11.954593658447266,16.794097900390625,13.311771392822266,9.612647057,3.006704807281494,0.7818281054496765,0,0
20,101,-3.561683893,20.16373062133789,39.81785583496094,9.638929367,13.543868064880373,10.935358047485352,10.16233730316162,4.124730587005615,1.9631620645523071,0,0
20,122,36.051002502441406,15.030065536499023,-0.905129671,-25.00629616,-123.747673,-68.81446838,-6.448712826,-0.496845454,5.905994415283203,0,0
21,-105,26.41091537475586,22.45531463623047,11.233670234680176,20.476655960083008,24.998289108276367,37.516571044921875,26.065279006958008,22.563568115234375,7.768829822540283,0,0
21,-104,47.53783035,-18.84178925,-26.9912281,-2.470276117,15.781564712524414,33.97361755371094,23.606002807617188,16.073348999023438,5.477196216583252,0,0
21,-103,46.64775848388672,-23.56352806,-34.13712692,-4.80684042,14.784048080444336,27.33272171020508,18.371828079223633,10.835286140441896,0.9581449627876282,0,0
21,-102,41.81761551,-15.16614151,-28.92105293,-0.14415288,18.730737686157227,22.771976470947266,14.97959804534912,7.777502536773682,-2.032411814,0,0
21,-101,37.57840347290039,-11.87339211,-25.73019218,2.702380895614624,22.19600296020508,18.010704040527344,12.069866180419922,2.6403489112854004,-6.751727581,0,0
21,-100,41.88105010986328,-4.225618839,-20.6833725,-1.391234994,22.643569946289062,19.37052345275879,10.536382675170898,-5.154643059,-13.82384586,0,0
21,-99,38.356895446777344,5.645348072052002,-13.18585777,-9.908257484,24.02370834350586,23.878658294677734,11.865731239318848,-7.366514206,-16.17468262,0,0
21,-98,21.157764434814453,-4.043617249,-15.96156406,-23.14249611,18.956239700317383,24.051612854003903,12.236804962158203,-2.311442852,-10.18718624,0,0
21,-97,13.070117950439451,1.0056610107421875,-12.91596317,-33.53315353,3.947636127471924,14.326009750366213,12.193181991577148,-1.627036333,-7.055717945,0,0
21,-90,-3.548088789,-19.4350872,-21.46009827,-38.89880371,-19.5156517,-2.624694586,11.75421905517578,6.708690643310547,-2.953218222,0,0
21,-89,3.812227964401245,-13.84676838,-19.94506645,-37.94654083,-21.70176125,-3.234546423,9.865143776,7.013826370239258,-3.904488325,0,0
21,-88,1.9904698133468628,-13.08144093,-20.23064423,-41.23340225,-28.97076797,-4.799247742,8.856216430664062,5.649939060211182,-5.023803234,0,0
21,-87,-1.053799868,-20.59890747,-22.25501442,-33.81087494,-38.86418533,-10.25525665,10.993824005126951,3.3959343433380127,-2.959727526,0,0
21,70,-49.30710602,-66.47129822,-60.17021179,-66.2130127,-19.11603165,-4.385202885,-0.011386124,-1.210701585,-0.516664982,0,0
21,71,-44.97425461,-59.03656387,-68.10464478,-72.45114899,-19.33074379,-3.903684855,1.775559425354004,-1.099312067,-0.422232568,0,0
21,72,-37.12763596,-58.5738678,-73.96614838,-80.09360504,-20.05589104,-4.937402725,3.372666358947754,-0.743641317,-0.345209181,0,0
21,73,-39.11850357,-58.23792267,-78.65830994,-87.14515686,-19.56811905,-5.328269005,-0.364103585,-0.030448208,-0.154906258,0,0
21,74,-40.13912201,-47.34860611,-72.50367737,-84.2286377,-21.17355537,-4.323747158,-1.882986188,0.5400219559669495,0.1340575218200683,0,0
21,75,-35.33364868,-42.80706406,-66.57922363,-72.85228729,-24.95960999,-2.712743998,-2.087271214,1.2148551940917969,0.6294354200363159,0,0
21,76,-36.276577,-38.40036392,-64.27590942,-68.56077576,-27.42120361,-2.598103285,-2.323838234,1.9008551836013792,1.692446231842041,0,0
21,77,-40.40510178,-32.26115799,-57.73987198,-64.1398468,-28.79165268,-2.231989622,-2.272045612,2.902475118637085,2.138568401,0,0
21,78,-44.38988113,-26.06741524,-55.95171738,-61.5827179,-29.1465683,-2.015057325,-2.638127089,3.7067790031433105,3.9317140579223633,0,0
21,79,-46.54938889,-22.43556404,-43.52791595,-52.56455994,-28.13520432,-3.045099497,-2.16866374,3.3783326148986816,6.0107808113098145,0,0
21,80,-53.45321655,-20.14081383,-32.34481812,-46.2453537,-26.5508728,-3.309110641,-1.481423736,4.268417835235596,7.619438648223877,0,0
21,81,-54.2134552,2.2561657428741455,-10.43913841,-41.94257736,-23.72180557,-4.420846939,-1.550538063,4.178773403167725,8.706428527832031,0,0
21,82,-50.88963699,26.58382225036621,8.718067169189453,-36.5078392,-19.31976318,-5.626908302,-1.892951012,4.405207157,8.646129608154297,0,0
21,83,-44.50117874,24.49106788635254,20.93739128112793,-28.35977936,-20.17468834,-6.78989315,-1.65482688,4.774817943572998,7.263041973114014,0,0
21,84,-40.70689392,20.366458892822266,13.229856491088867,-27.74055099,-24.67774773,-9.049671173,-0.633984029,4.933362007141113,6.235570430755615,0,0
21,85,-39.82094574,9.096751213,5.041396141052246,-39.5619545,-36.82069778,-13.15310001,-1.39814198,4.221295356750488,6.494228839874268,0,0
21,86,-35.6122818,6.877662181854248,3.906231164932251,-43.3721962,-47.33511353,-13.84870434,-0.968276799,2.998359441757202,6.268750190734863,0,0
21,87,-26.7324295,9.189727783203123,5.031144142150879,-41.58680725,-55.18856049,-12.3703022,-1.63383615,2.4536380767822266,4.637816429138184,0,0
21,122,53.722557067871094,20.015424728393555,5.432997703552246,-21.45556259,-104.1951828,-45.50213242,11.540484428405762,0.8513288497924805,5.616515636444092,0,0
22,-107,8.160529136657715,15.198822975158691,14.273103713989258,50.971622467041016,63.05506516,46.39782715,13.626309394836426,5.611942768096924,4.880444049835205,0,0
22,-106,9.377441406,16.127363204956055,11.63591194152832,31.38636016845703,49.372711181640625,45.505123138427734,19.089454650878903,22.01943016052246,9.594270706176758,0,0
22,-105,22.05725860595703,6.865600586,4.274386882781982,10.713722229003906,30.146747589111328,39.978248596191406,24.620500564575195,29.95301628112793,10.914939880371094,0,0
22,-104,37.49674987792969,-13.49159908,-24.1212101,-3.787595987,20.923410415649418,33.159088134765625,23.70634651184082,22.151378631591797,6.6996259689331055,0,0
22,-103,37.62204360961914,-7.477712154,-24.82962036,0.099034406,16.925310134887695,26.180339813232425,17.18808364868164,11.612455368041992,0.9342050552368164,0,0
22,-102,33.14274215698242,-4.220197678,-16.39658546,3.642132043838501,18.901765823364254,22.40395164489746,12.122326850891112,6.229818820953369,-2.621837139,0,0
22,-101,29.58165932,0.6487959027290344,-15.12704372,1.2222329378128052,23.154571533203125,21.326528549194336,11.41250228881836,2.5155606269836426,-4.885211945,0,0
22,-100,33.875797271728516,-1.275360703,-13.19114017,-6.433868885,24.19896697998047,24.344379425048828,12.189906120300291,1.828280329704285,-7.571427822,0,0
22,-99,27.346635818481445,-6.058728218,-11.23117733,-13.08699417,17.685100555419922,25.409887313842773,15.55717658996582,7.890347003936768,-2.312053442,0,0
22,-98,19.30841064453125,-8.427668571,-15.28925991,-24.12498856,7.184829235076904,22.13666534423828,14.66176986694336,8.93063736,0.7149494290351868,0,0
22,-97,15.912515640258787,-5.441979408,-15.23275089,-38.97100067,-10.7500391,18.21619987487793,13.882231712341309,2.916419506072998,-3.055328846,0,0
22,-89,10.433069229125977,-10.68814468,-17.4516468,-29.93057632,-18.1816082,1.380131721496582,16.435096740722656,14.93358325958252,3.0054681301116943,0,0
22,-88,10.927886962890623,-12.3068037,-19.25132751,-32.3590126,-20.82323837,-2.686337948,17.513442993164062,15.921499252319336,4.6465864181518555,0,0
22,-87,4.8900346755981445,-16.67792702,-21.51363182,-34.13488388,-27.25346565,-5.219441414,22.034915924072266,16.37249755859375,6.453548431396484,0,0
22,25,1.7070913314819336,1.5810881853103638,-0.565105617,0.025412319,1.808732271194458,-0.163472444,0.034600116,-0.294205159,-0.330340564,0,0
22,26,0.681269109,0.8794493079185486,-1.23130095,-0.087999612,1.7546464204788208,-0.171901047,0.005739683,-0.287613839,-0.341337055,0,0
22,27,0.1654145568609237,0.264412373,-2.096776009,-0.554697633,1.5087224245071411,-0.130195096,0.023780948,-0.212786078,-0.270282418,0,0
22,29,0.023254942,0.1452405005693435,-3.050854445,-1.100340962,0.9501980543136596,-0.053461999,0.06563773,0.048379615,-0.138370812,0,0
22,30,-0.024038764,0.4376465380191803,-3.564209938,-1.395383358,0.9065833687782288,-0.047058187,0.000309732,0.1452632993459701,-0.066220522,0,0
22,31,-0.215692788,-0.093351319,-4.389647007,-1.378107071,1.174933671951294,-0.022999447,-0.03624101,0.093876846,0.010612022,0,0
22,32,-0.282650888,-0.615192056,-4.792814732,-1.50794518,2.140984058380127,0.1135897859930992,-0.053434145,0.1306231170892715,0.1595543324947357,0,0
22,33,-0.371570617,0.145613208,-4.81568861,-1.785739064,2.816401243209839,0.1929644048213958,-0.103913248,0.1988258212804794,0.3762154579162597,0,0
22,35,-0.51870513,0.080073193,-5.766311169,-2.436872721,4.519478797912598,-0.215039521,-0.501426756,0.1691309660673141,0.7193939685821533,0,0
22,36,-0.446598113,-0.630892038,-5.270730495,-2.43906188,5.0494771003723145,-0.788533092,-1.143543243,0.1821841448545456,0.6472448706626892,0,0
22,37,-0.388431221,-1.860275745,-5.715338707,-3.027064085,4.826900482177734,-0.770633519,-1.666756392,0.5579599738121033,0.5217205882072449,0,0
22,69,-38.19951248,-68.3360672,-56.10528183,-48.36615372,-15.20234871,-2.302534819,1.129055738449097,-1.193047285,-0.967593312,0,0
22,70,-43.56267548,-67.30036163,-61.57352066,-59.06253433,-15.06730938,-2.094624519,0.6750839948654175,-1.206147313,-0.671266377,0,0
22,71,-39.98988724,-58.87343216,-63.60092926,-64.15397644,-14.51167965,-2.236749649,0.5219261646270752,-1.185088992,-0.374733925,0,0
22,72,-37.22124481,-56.56932831,-69.32740784,-64.92198181,-14.33302784,-2.626976967,2.368699312210083,-0.990843415,-0.164232746,0,0
22,73,-38.87153244,-63.46784973,-78.79219818,-67.04272461,-15.69703007,-3.27693367,1.6097619533538818,-0.507059634,0.098199613,0,0
22,74,-41.5503006,-69.60262299,-88.67565918,-69.25714111,-16.52364159,-3.226360798,-0.71467936,0.5315981507301331,0.3809404075145721,0,0
22,75,-39.0188179,-62.94607925,-85.63394928,-63.89703369,-17.60269165,-3.172212839,-1.943104506,1.6548086404800415,0.6238919496536255,0,0
22,76,-36.96061707,-62.24904633,-82.6072464,-64.76654816,-20.04699898,-2.537654638,-2.281271219,2.546942710876465,1.253798007965088,0,0
22,77,-44.00114441,-66.32554626,-80.0499649,-66.56988525,-22.35069466,-2.183261156,-2.942994833,3.754707813262939,1.7643263339996338,0,0
22,78,-47.96030426,-60.48527527,-74.12271881,-64.21839905,-21.01859474,-1.690204263,-3.355494499,4.113805770874023,3.1851935386657715,0,0
22,79,-48.75659561,-43.20391464,-58.88014984,-55.37882996,-21.42920685,-2.362967491,-3.096332788,4.665562152862549,5.105862140655518,0,0
22,80,-51.11612701,-27.7763443,-46.29969025,-50.27894592,-19.94023895,-2.721569777,-2.172395706,4.3908610343933105,6.9063639640808105,0,0
22,81,-50.57099915,-16.17900658,-33.53133392,-44.47980118,-18.50679398,-3.261158228,-1.802290797,5.127251625061035,8.837835311889648,0,0
22,82,-47.09965515,-8.917014122,-22.64660645,-40.3475914,-16.18469238,-3.737888575,-1.512352347,5.106490612030029,9.625197410583496,0,0
22,83,-44.11274338,2.371812105178833,-11.02484131,-35.87865829,-16.64995766,-6.356861591,-1.254296064,5.324713230133057,10.058341979980469,0,0
22,84,-42.54187775,8.433823585510254,-7.170301914,-33.42238617,-20.10848045,-7.562949181,-1.091938615,5.869532108306885,9.199930191,0,0
22,85,-42.83220291,5.9880523681640625,0.097888656,-33.65925598,-26.43524551,-9.403705597,-0.103274837,6.298695087432861,9.088308334350586,0,0
22,86,-29.50146866,5.5393452644348145,9.384675979614258,-36.10618973,-37.73762894,-10.67815018,-0.375617564,5.376451015472412,7.554879665374756,0,0
22,87,-22.82436371,5.810716152191162,1.899527072906494,-35.51115036,-42.13624573,-10.14278698,-1.245627999,4.567594051361084,6.0374345779418945,0,0
22,88,-29.89884567,5.066397190093994,0.1597068011760711,-29.36985016,-48.94034576,-8.676084518,-1.006755352,4.098435878753662,5.198754787445068,0,0
22,89,-48.17298889,-0.220103532,3.247253179550171,-33.21268845,-47.29345703,-8.523821831,-1.417829156,4.511998176574707,4.301911354064941,0,0
22,93,-60.95861816,8.677480697631836,34.38568115234375,-13.52192116,-16.66226006,-4.255578518,2.5790011882781982,0.7556233406066895,-2.218983173,0,0
23,-110,4.439558029174805,9.502032279968262,15.90199089050293,59.435272216796875,61.00687026977539,32.233699798583984,3.218818426132202,-3.894564152,-4.82563591,0,0
23,-109,6.496098041534424,12.27107048034668,20.940927505493164,62.86015319824219,71.66836547851562,38.711551666259766,7.918575286865234,-4.166568279,-2.705969334,0,0
23,-107,6.196620464324951,13.760740280151367,20.607542037963867,44.97744369506836,65.25070190429688,44.242652893066406,16.264307022094727,6.952120304107666,7.491132736206055,0,0
23,-106,12.210653305053713,31.895029067993164,25.505695343017575,35.24596024,55.79851531982422,47.96751403808594,18.502582550048828,17.863542556762695,10.624321937561035,0,0
23,-105,30.36345100402832,15.552237510681152,-15.36038113,15.256719589233398,58.66009521484375,60.11456680297851,23.67467880249023,22.96984863,7.952355861663818,0,0
23,-104,32.90180206298828,-0.388768375,-22.24637222,-1.80475378,31.994800567626953,42.53886413574219,21.043804168701172,14.513336181640623,2.752138137817383,0,0
23,-103,34.33768844604492,-2.612776041,-24.87581444,0.1745980530977249,19.095909118652344,29.20368003845215,15.008787155151367,6.723016738891602,-1.8382231,0,0
23,-102,27.45318603515625,0.1798746734857559,-14.59744358,1.8197325468063352,19.310901641845703,23.202102661132812,11.713629722595217,3.804327964782715,-3.660423279,0,0
23,-101,24.084489822387695,-1.804525852,-14.60653496,1.4858119487762451,23.213823318481445,24.5899601,13.166074752807615,2.52449894,-5.571631908,0,0
23,-100,24.39476203918457,-10.97070313,-19.11647224,-4.361854553,23.323352813720703,29.651702880859375,15.024141311645508,5.517180919647217,-5.144897938,0,0
23,-99,24.775243759155273,-7.251513004,-15.43587971,-14.13771152,17.891206741333008,29.93014335632324,18.671001434326172,12.167684555053713,0.09823931,0,0
23,-98,23.125823974609375,-6.971772671,-15.43905926,-23.48857498,6.215826511383057,24.87696075439453,17.916730880737305,13.34428882598877,2.0729596614837646,0,0
23,25,1.4740805625915527,0.801491916,-0.221599996,0.266961396,1.7518595457077026,-0.307273149,-0.020175364,-0.324905813,-0.122697093,0,0
23,31,-0.125339478,-0.260376662,-3.899717331,-1.206840515,1.0821709632873535,-0.181461349,-0.096429743,0.001519538,-0.204568967,0,0
23,32,-0.241666764,-0.454909414,-4.296870708,-1.303475022,1.4719560146331787,-0.127621308,-0.122172169,0.006150026,-0.064904012,0,0
23,35,-0.276829004,-0.447927356,-4.615204811,-1.706350565,4.119398593902588,-0.729358733,-0.700673163,-0.131404489,0.508938193,0,0
23,36,-0.231406271,-1.041790962,-3.666726112,-1.914096713,3.755803346633911,-1.566542625,-1.547310948,-5.07E-06,0.430451363,0,0
23,68,-25.98339272,-48.71273422,-44.96290588,-34.68009186,-9.786087036,0.3132854998111725,0.6298379898071289,-0.94746536,-1.209737778,0,0
23,69,-27.74604034,-54.87163925,-53.71915817,-43.54389572,-11.44471645,-1.039825439,0.509968638,-0.981654644,-0.999730885,0,0
23,70,-30.36166382,-56.32357788,-56.80298996,-50.93026352,-11.00674915,-0.937526047,0.1122083961963653,-1.089436293,-0.729034364,0,0
23,71,-32.34194183,-57.74052429,-61.02107239,-55.43130112,-10.41838264,-1.109811664,-0.062806383,-1.231512904,-0.434873164,0,0
23,72,-35.06921387,-62.94151688,-68.11438751,-56.72049713,-10.9336834,-1.559234262,0.6391865015029907,-1.153483868,-0.072455905,0,0
23,73,-38.14647293,-70.68724823,-81.63776398,-57.32852173,-13.41897488,-1.967872977,1.5990474224090576,-0.927893996,0.3789136409759521,0,0
23,74,-38.51440811,-76.94631958,-94.03256226,-57.61901093,-14.92677689,-2.546523809,0.909488082,-0.442058593,1.106350064277649,0,0
23,75,-36.68442154,-77.6496048,-94.87415314,-55.06455231,-14.81111526,-2.913510561,-0.660255313,0.5401806235313416,1.5375381708145142,0,0
23,76,-36.9009285,-75.41877747,-90.78216553,-63.91998672,-15.82337666,-3.222662687,-1.654876232,1.8946524858474731,1.8676310777664185,0,0
23,77,-41.85118103,-72.30979156,-87.08823395,-65.98822021,-17.33905411,-3.742091417,-2.106125593,4.536635398864746,2.2218306064605713,0,0
23,78,-44.27886581,-70.54084778,-76.32141113,-60.12395859,-17.7937851,-3.469558716,-2.626170635,4.5878729820251465,2.7485251426696777,0,0
23,79,-44.17192459,-61.44067764,-79.59160614,-54.53047943,-16.62807274,-2.812354565,-2.780938387,4.631340503692627,2.802682399749756,0,0
23,80,-42.30075073,-43.26539993,-69.53303528,-52.94905472,-14.95258808,-3.698872089,-3.072791338,5.613615989685059,4.5992021560668945,0,0
23,81,-40.43177032,-40.86989212,-50.73047256,-46.01186371,-13.34042168,-4.153771877,-2.80116415,6.132033348083496,7.029438018798828,0,0
23,82,-41.19058228,-32.41630936,-49.94301605,-48.76262283,-12.82528687,-5.375281811,-2.25949502,6.417750835418701,8.073956489562988,0,0
23,83,-43.47702408,-26.42819595,-36.229702,-45.80310822,-13.13702965,-6.940898895,-1.195178866,6.793710231781006,8.761229515075684,0,0
23,84,-43.45132828,-9.384853363,-17.76543999,-38.03515625,-13.80597115,-7.797424793,-0.882582784,6.151020050048828,9.823308944702148,0,0
23,85,-43.865345,-2.549705029,-6.724166393,-31.91141319,-20.98996353,-9.256632805,-0.079808734,5.928761959075928,9.823536873,0,0
23,86,-33.59635162,3.041514158248902,4.759795188903809,-33.58188248,-30.61115265,-9.469384193,-0.449769557,5.367893695831299,9.266974449157717,0,0
23,87,-38.42961502,0.4563938081264496,2.0637924671173096,-35.54790497,-34.04988861,-8.484915733,-0.764974117,6.017331600189209,9.334755897521973,0,0
23,88,-44.63511658,-4.070468426,0.002850921,-29.86697578,-37.39932632,-4.859144688,-0.550366223,5.772752762,8.650341033935547,0,0
23,89,-60.51281738,-8.455945015,6.304657936096191,-26.05654335,-38.19615555,-3.395683289,-0.600753248,5.613582611083984,7.559980869293213,0,0
23,91,-71.55002594,-5.768974304,-0.12776576,-23.93242264,-22.49890518,-8.043315887,-0.09837281,4.397419452667236,3.633198738098145,0,0
23,92,-71.37757111,-8.975700378,0.5785635113716125,-20.97319984,-17.07688522,-7.433871269,0.9673080444335938,3.237668037414551,0.4891150891780853,0,0
23,93,-64.32527161,7.418760299682617,16.899850845336914,-5.298473358,-19.95473099,-8.180215836,2.150048017501831,1.858060836791992,0.1646543890237808,0,0
24,-112,2.165053367614746,5.16672945,12.768739700317385,31.166027069091797,39.566993713378906,22.86602210998535,1.8330639600753784,0.074139476,-1.894723654,0,0
24,-111,3.018054723739624,6.506841659545898,15.13389492034912,38.26078796386719,42.05403900146485,24.42170524597168,0.8188685178756714,-2.486094713,-3.542449474,0,0
24,-110,4.413816928863525,6.146632671356201,19.812583923339844,53.479251861572266,49.19512176513672,30.34054946899414,1.8044631481170657,-4.476024628,-4.815244675,0,0
24,-109,5.620683193206787,9.826607704162598,19.076475143432617,57.936981201171875,65.07822418,38.65007019042969,5.291244029998779,-2.631089449,-3.166046619,0,0
24,-108,7.194336891174316,10.660558700561523,16.496152877807617,45.27078628540039,70.52736664,39.21809768676758,12.947681427001951,3.756513118743897,3.098834991455078,0,0
24,-107,10.311966896057127,13.957159996032717,21.28322982788086,31.309545516967773,56.24353790283203,38.31859207,17.97727394104004,11.93488311767578,8.344467163085938,0,0
24,-106,24.224849700927734,32.07428741455078,12.313729286193848,33.11072540283203,49.67279052734375,39.13382339477539,14.411704063415527,17.111114501953125,7.275848388671875,0,0
24,-105,19.66119956970215,8.725700378417969,-21.61572838,7.796429634094238,35.229103088378906,38.68269729614258,15.807753562927246,9.001759529,0.5856550931930542,0,0
24,-104,26.101552963256836,-5.726624012,-23.0302124,-4.116017342,21.343793869018555,30.140501022338867,11.280888557434082,2.769130229949951,-3.232787132,0,0
24,-103,27.613025665283203,-3.675259113,-22.3423233,-4.691203117,19.342988967895508,26.966718673706055,9.589654922485352,1.780748724937439,-5.105088234,0,0
24,-102,24.044218063354492,-1.763229728,-15.59625435,-0.81881237,22.063146591186523,25.897438049316406,10.886757850646973,2.190809488296509,-6.778499603,0,0
24,-101,17.78948974609375,-8.598443031,-18.73692703,1.2574684619903564,27.000688552856445,28.722217559814453,15.00319766998291,3.4308605194091797,-7.922599792,0,0
24,-100,20.78938865661621,-20.76279831,-27.30900574,0.3336997926235199,27.968420028686523,31.344539642333984,17.44294548034668,5.720831871032715,-8.767055511,0,0
24,-99,18.794902801513672,-12.17444611,-21.62347031,-16.06934929,19.35108184814453,31.378707885742188,19.30140686035156,11.59472656,-3.887663126,0,0
24,-98,22.289886474609375,-7.536504269,-15.87757111,-23.44609451,10.876523971557615,28.71277428,19.71057891845703,16.57103729248047,0.4457100629806518,0,0
24,25,0.7950891256332397,0.6480798721313477,-0.0765981,0.4970520436763763,1.8610042333602903,-0.371620566,-0.086949557,-0.308628917,-0.093358748,0,0
24,30,0.070473984,0.1020268723368644,-2.09288764,-0.483134598,1.353205680847168,-0.199744999,-0.214543477,-0.251393616,-0.152050927,0,0
24,31,-0.035241324,0.070548289,-2.564527988,-0.781009197,1.0592305660247805,-0.200278521,-0.226162925,-0.167145893,-0.190321282,0,0
24,32,-0.185287431,-0.428595662,-3.291759968,-1.007515311,0.939402699,-0.34174192,-0.224059194,-0.098743796,-0.21043393,0,0
24,33,-0.239216089,-0.372205943,-3.725645542,-1.229617953,1.4226915836334229,-0.657957554,-0.329400331,-0.121929921,-0.110125817,0,0
24,34,-0.221568927,-0.418298155,-4.249467373,-1.375974059,2.312180757522583,-1.015274167,-0.539967179,-0.267984629,0.1628749668598175,0,0
24,35,-0.219183311,-0.588506281,-3.749135733,-1.537589312,3.396851062774658,-1.733505249,-0.933454335,-0.481121659,0.5819751024246216,0,0
24,36,-0.135903195,-0.960390925,-3.269926071,-1.960893393,3.806770086288452,-2.146033525,-1.562318921,-0.15284963,0.680150568,0,0
24,68,-18.58747673,-37.80289459,-42.22712326,-33.60318756,-6.637233257,2.779456139,0.01356753,-0.722992897,-0.786028385,0,0
24,69,-19.32223511,-42.26661301,-47.22402573,-38.80051041,-7.890972614,0.1088752225041389,0.046417192,-0.864782453,-0.361457139,0,0
24,70,-21.06863594,-44.14759827,-50.6626091,-42.09227371,-9.11866951,-1.053239584,-0.420297295,-1.005344033,-0.092603527,0,0
24,71,-25.55305672,-49.56875992,-57.38996887,-45.25266266,-8.951714516,-1.014031172,-1.233874321,-1.231976867,-0.046403732,0,0
24,72,-30.86452293,-56.90986252,-63.43384171,-48.54473114,-8.593238831,-1.142783761,-0.726166129,-1.284758449,0.2226688116788864,0,0
24,73,-35.39318466,-63.86652374,-73.50861359,-50.2472229,-10.21744442,-1.309927821,0.3598369657993316,-1.058706522,0.4700510501861572,0,0
24,74,-33.84286118,-66.25093842,-80.0943985,-48.7579155,-12.38101387,-2.230521917,1.6225781440734863,-0.738354206,0.7027553915977478,0,0
24,75,-32.43758011,-68.5587616,-85.04153442,-47.68083954,-11.13258266,-3.176900625,1.0724059343338013,0.1919725090265274,1.4470627307891846,0,0
24,76,-35.03442383,-70.88043213,-87.04660034,-54.58506775,-10.61951637,-3.91584444,0.1635886430740356,1.272498369216919,2.1008219718933105,0,0
24,77,-39.46977234,-71.63995361,-87.45194244,-59.73962784,-13.68133163,-4.59313345,-1.020761013,2.699547529220581,1.4383944272994995,0,0
24,78,-42.51875687,-71.3000412,-85.48085022,-55.90834045,-14.27314663,-4.876685143,-1.338672042,5.444556713104248,2.1257197856903076,0,0
24,79,-43.72471619,-67.50312805,-81.64083862,-50.53177261,-12.0486784,-4.754736423,-1.591897845,5.995541095733643,3.089799404144287,0,0
24,80,-42.75195694,-53.70754623,-72.82939148,-45.72034454,-11.18740273,-5.19393301,-2.57749033,6.981537342071533,4.252810001373291,0,0
24,81,-40.02587128,-44.38207626,-61.70155716,-41.64728165,-10.80825329,-5.814584732,-3.11675477,7.016581058502197,4.884127616882324,0,0
24,82,-40.63601685,-34.57773972,-54.52946091,-31.3249855,-11.25681877,-5.924870491,-2.834788561,6.854007244110107,5.097071647644043,0,0
24,83,-40.43935013,-22.90371704,-40.46434402,-35.73415375,-14.83415031,-6.758480549,-1.931018233,6.121768474578857,5.324860095977783,0,0
24,84,-38.72264862,-5.958902359,-19.15977859,-32.63288116,-17.61981773,-7.156139851,-1.486372828,6.7157087326049805,6.5208516120910645,0,0
24,85,-33.96479797,5.449895858764648,-6.118913174,-30.41767693,-22.92001915,-7.488462448,-0.521743953,7.257671833,7.092983722686768,0,0
24,86,-31.90461731,9.542446136,6.682571887969971,-34.08711624,-27.98613358,-8.015412331,-0.809371054,6.103930950164795,8.577351570129395,0,0
24,87,-40.11488724,3.875671625137329,6.237420558929443,-33.47035217,-31.24598122,-6.482600689,-1.384618163,6.253191947937012,10.473152160644531,0,0
24,88,-49.560215,-2.641632318,2.4125380516052246,-28.47591972,-32.18626785,-3.528246164,-1.282636642,5.749037742614746,11.521272659301758,0,0
24,89,-63.26900101,0.2321346253156662,8.127470970153809,-22.0519352,-39.01773071,-1.442341805,-0.762252152,4.885490417480469,10.536829948425291,0,0
24,91,-70.94499969,-5.456679344,-1.503091216,-14.16201019,-28.94521904,-5.596793175,0.098819613,4.960967063903809,6.663811683654785,0,0
24,92,-51.80816269,-2.647467136,5.686597824,-9.316731453,-20.40400887,-6.242151737,-0.255577654,4.62031889,4.808528423309326,0,0
24,93,-41.5688324,10.36021614074707,25.240558624267575,3.440847396850586,-13.7690897,-5.728696823,0.925391972,3.888665199279785,3.698569059371948,0,0
24,94,-45.04287338,8.188262939453125,16.68779182434082,9.291836738586426,-13.9037571,-5.18436718,2.4072015285491943,2.3134474754333496,1.856999754905701,0,0
25,-112,2.327521324157715,2.375164031982422,9.116714477539062,28.08377265930176,32.02790832519531,20.342330932617188,0.2200211137533188,0.5521306991577148,0.7532589435577393,0,0
25,-111,3.628350257873535,4.196531772613525,9.046458244,37.33176040649414,36.54101563,24.48376846313477,0.009578924,-3.360108376,-3.000861645,0,0
25,-109,4.281142711639404,7.042880535125732,17.892539978027344,49.114871978759766,58.62598801,36.73910140991211,4.2733073234558105,2.2018911838531494,1.1810011863708496,0,0
25,-108,8.984235763549805,5.351856231689453,13.674541473388672,31.641233444213867,57.24966049194336,40.97172927856445,10.465255737304688,8.698069572,6.464804172515869,0,0
25,-107,21.535362243652344,16.80577850341797,10.196001052856444,24.52507972717285,55.85225296020508,48.47054672241211,13.098838806152344,13.96407699584961,9.698980331420898,0,0
25,-106,21.890127182006836,19.78603172302246,-5.066240311,23.67337226867676,50.32021713256836,45.30726242,14.350518226623535,10.98853588104248,3.445122003555298,0,0
25,-105,14.33499813079834,-6.264850616,-23.49084854,6.0207953453063965,26.88912010192871,28.56653404,10.90631103515625,0.9510998725891112,-2.836087704,0,0
25,-104,23.225786209106445,-4.983934402,-20.65779495,-0.129189223,20.172422409057617,24.72733688354492,7.207811832427979,-0.276652396,-4.843263149,0,0
25,-103,20.344079971313477,-0.151100039,-14.04183578,-1.461147189,18.227893829345703,23.892139434814453,6.769868850708008,0.9592937231063844,-4.765674114,0,0
25,-102,20.231121063232425,-0.525527954,-12.06309223,-0.179281637,18.921056747436523,24.683088302612305,9.266781807,2.4257607460021973,-5.120455265,0,0
25,-101,16.36018180847168,-3.620702028,-12.60131741,4.279555797576904,23.67789649963379,26.624345779418945,13.788349151611328,3.611799478530884,-6.84542799,0,0
25,-100,14.515985488891602,-15.41240215,-20.41616058,-1.83430624,26.295162200927734,27.30427360534668,17.043498992919922,5.105805397033691,-9.475741386,0,0
25,-99,8.254670143127441,-8.390536308,-17.12727165,-15.69151115,15.62151050567627,26.583513259887695,18.55001449584961,9.566853523254396,-5.094181538,0,0
25,-98,11.021507263183594,-4.923647404,-13.93613529,-19.11625862,12.409482955932615,26.070785522460938,20.81620407104492,17.44591713,0.2323830276727676,0,0
25,-97,12.093255043029783,-6.644039154,-16.03865814,-28.66255188,10.235374450683594,33.530521392822266,27.04567527770996,24.771419525146484,4.735647201538086,0,0
25,25,0.5146767497062683,0.4886059761047363,-0.276233405,0.2346997708082199,1.7674717903137207,-0.404829592,-0.087057471,-0.406250268,-0.218722612,0,0
25,29,0.097891711,0.2756704092025757,-0.982174158,-0.133362412,1.2733471393585205,-0.331589252,-0.166192755,-0.40448904,0.1446215808391571,0,0
25,30,0.037871171,0.095287256,-1.350360036,-0.221865252,1.388332724571228,-0.292452663,-0.250569433,-0.467251778,0.1598985344171524,0,0
25,31,0.002619534,-0.096805923,-1.752809882,-0.448775291,1.1550573110580444,-0.269515246,-0.38049373,-0.440273941,-0.001657189,0,0
25,32,-0.096621506,-0.433648348,-2.369898796,-0.82207042,0.97214967,-0.516588151,-0.46820581,-0.336288512,-0.122755431,0,0
25,33,-0.225063488,-0.356182367,-3.096917152,-0.99972564,1.3400614261627195,-1.06430769,-0.580412984,-0.334556699,-0.096957117,0,0
25,34,-0.218795151,-0.499694794,-3.17473197,-1.126517057,2.192897081375122,-1.352844834,-0.798870265,-0.549805641,0.018925447,0,0
25,35,-0.128618971,-0.414715648,-2.2243433,-1.325904608,2.9829094409942627,-1.947671294,-1.177242756,-0.759635866,0.264011949,0,0
25,71,-20.42359543,-42.34776306,-48.70276642,-37.0541153,-7.9479146,-1.013887286,-1.052401185,-1.246043921,0.00365513,0,0
25,72,-25.10557365,-46.95800781,-54.14715576,-40.94936752,-8.534790039,-1.17455256,-1.378750086,-1.579137206,0.088832431,0,0
25,73,-28.54673195,-50.44717789,-59.34466171,-41.58271408,-8.223115921,-1.016964674,-0.662279785,-1.69594872,0.2552196979522705,0,0
25,74,-28.58827591,-49.70443344,-65.43434906,-40.55818939,-8.783662796,-1.147386551,0.7840484976768494,-1.545247078,0.6819180846214294,0,0
25,75,-27.75304794,-49.69564438,-69.51009369,-39.36495209,-10.59224701,-2.185505629,1.0452685356140137,-1.141802669,1.174965500831604,0,0
25,76,-28.76599884,-54.74048996,-71.03037262,-42.96452713,-10.17066097,-3.325115681,1.065588116645813,0.4793573915958404,1.3660061359405518,0,0
25,77,-34.95477676,-58.1408844,-69.84545898,-46.03310776,-10.47242737,-4.209111214,0.4715069830417633,3.2994494438171387,1.6586546897888184,0,0
25,78,-38.98565292,-58.71794891,-72.54925537,-44.37560654,-10.8382597,-5.005753994,0.050131675,3.928140878677368,1.3211255073547363,0,0
25,79,-40.34285355,-52.35485077,-68.73983002,-37.56264877,-10.45485878,-4.569070339,-0.700223446,5.236367225646973,1.799721598625183,0,0
25,80,-40.44012833,-42.29228973,-62.00198746,-38.54697037,-9.073143959,-4.841979027,-1.030234814,6.756158828735352,3.177556276321411,0,0
25,81,-40.01007462,-39.21143341,-61.45904922,-38.77687836,-10.70253944,-5.245008469,-1.915343285,8.949372291564941,4.4564714431762695,0,0
25,82,-38.52868652,-30.37686348,-54.44036102,-30.7362442,-13.31336689,-5.580356121,-2.214657545,9.127569198608398,3.887387990951538,0,0
25,83,-36.48552704,-24.9116745,-42.88697433,-34.83811188,-15.76194191,-6.224610806,-1.572784662,8.371762276,3.903625488,0,0
25,84,-38.90316391,-14.75655556,-32.71256638,-32.97089005,-20.54049492,-6.411020279,-1.152844906,6.477625846862793,4.3795342445373535,0,0
25,85,-36.77783585,-8.777100563,-23.95986557,-32.70978928,-23.315382,-6.074800014,-0.763358235,5.423893928527832,4.362717628479004,0,0
25,86,-39.01899719,-7.422254562,-17.6865921,-33.19533157,-21.84915733,-5.991695404,-1.131426334,4.955554962158203,5.492924213409424,0,0
25,87,-43.71257401,-2.522004128,-14.99753094,-32.16086197,-20.60583305,-5.461016178,-2.243362188,4.885847091674805,6.830941677093506,0,0
25,88,-54.06859589,-3.872801542,-14.32118988,-26.07387543,-22.91033363,-2.978819847,-2.732435226,4.633898735046387,7.459790229797363,0,0
25,89,-66.88039398,-2.759977579,-13.43335915,-23.35323906,-32.39015579,-2.115527391,-2.365888834,4.399658679962158,7.165238380432129,0,0
25,90,-57.75328827,6.240592002868652,-9.160420418,-16.2844429,-35.15274811,-2.360763788,-1.03012681,4.638215065002441,5.712862968444824,0,0
25,91,-54.84476852,-4.072095871,-7.907055378,-10.90450287,-31.29050446,-3.399529457,-0.376107007,4.412862777709961,3.6591665744781494,0,0
25,92,-45.7276268,-9.074243546,-0.362573802,-5.009635448,-22.2221489,-3.995428324,-0.468760908,4.858558177947998,2.0910391807556152,0,0
25,93,-33.23714447,-6.759425163,2.4623663425445557,-0.876671076,-21.18162346,-6.121686935,-1.169781208,5.2368536,0.6292212605476379,0,0
25,94,-35.50350952,9.815655708312988,22.002464294433594,13.330774307250977,-14.79363537,-5.15672493,-0.005786696,5.566600799560547,1.7820723056793213,0,0
25,95,-40.85958099,21.129880905151367,27.41897773742676,26.799501419067383,-13.40483093,-7.526649952,0.3908618986606598,3.8685379028320312,2.144529342651367,0,0
26,-113,2.090749979019165,0.6990818977355957,6.1910295486450195,26.173168182373047,30.974830627441406,16.481348037719727,1.2536362409591677,4.075534820556641,7.408385753631592,0,0
26,-112,3.049833297729492,2.7007341384887695,10.144644737243652,27.62398910522461,35.59144211,17.86558723449707,-0.597590804,1.0105243921279907,2.692949056625366,0,0
26,-111,3.5507476329803467,2.882624387741089,9.842872619628906,37.986961364746094,40.39823532104492,23.895416259765625,0.3937830626964569,0.2300565689802169,-0.851472914,0,0
26,-109,5.462364673614502,3.415926218032837,13.422354698181152,34.433101654052734,52.116153717041016,40.32137298583984,2.874472379684448,6.714429855,7.439872741699219,0,0
26,-108,13.363240242004396,1.4747657775878906,9.371461868286133,25.241762161254883,50.59462356567383,47.48412322998047,4.063770771026611,11.806648254394531,12.23296833,0,0
26,-107,20.413021087646484,7.269957542419434,3.221013307571411,19.063310623168945,45.06053161621094,48.369178771972656,5.624243736,10.131648063659668,8.824657440185547,0,0
26,-106,14.489323616027832,2.2488725185394287,-8.241865158,13.346704483032228,31.367860794067383,33.57536697387695,10.084518432617188,3.784929037094116,1.577120661735535,0,0
26,-105,21.35476875305176,-4.973836422,-13.73630714,4.824007511138916,28.69046401977539,25.511674880981445,8.689344406,-0.038606644,-3.763728142,0,0
26,-104,21.64433860778809,-0.270818293,-8.512839317,2.5308406352996826,24.769289016723633,25.99079704284668,7.817063808441162,0.9416468143463136,-5.145370007,0,0
26,-103,16.552278518676758,3.0202670097351074,-6.18954277,1.621190309524536,22.67818260192871,27.229448318481445,8.087545394897461,-0.086697713,-5.229317188,0,0
26,-102,13.244200706481934,4.470926284790039,-5.546473503,0.5457398891448975,18.396318435668945,28.17790985107422,10.013172149658203,0.9316945672035216,-4.957664967,0,0
26,-101,13.51664924621582,-3.695139885,-8.806398392,0.9610598087310792,14.680715560913086,27.762516021728516,13.543560028076172,1.8085590600967407,-6.354844093,0,0
26,-100,8.172723770141602,-7.466762543,-10.7809782,-6.355470181,18.032377243041992,28.282527923583984,16.416542053222656,4.189411640167236,-6.791671753,0,0
26,-99,6.477080345153809,-6.284205437,-12.96447563,-11.4779892,14.84954548,27.681983947753903,20.017065048217773,10.341221809387209,-1.164650917,0,0
26,-98,12.306707382202148,-5.868180752,-12.70350838,-12.65139389,16.15477943,29.688690185546875,24.00714874267578,19.274131774902344,4.025734901428223,0,0
26,-97,12.557765007019045,-4.176902771,-11.84329033,-18.83732796,20.422073364257812,37.86591339111328,30.67240333557129,29.40628433227539,8.923682213,0,0
26,28,0.2014051973819732,0.1102718934416771,-0.488505334,0.2264854162931442,1.2588958740234375,-0.362055093,-0.218102664,-0.222759768,0.1379822939634323,0,0
26,29,0.1561679542064666,0.089177646,-0.733473659,0.166873038,1.3745278120040894,-0.376768559,-0.137763947,-0.341088295,0.224605531,0,0
26,31,-0.053345133,-0.171327278,-1.396351695,-0.415587276,0.9300686120986938,-0.385586798,-0.358567208,-0.602819741,0.1705920398235321,0,0
26,32,-0.104697019,-0.212953478,-1.941827416,-0.653450191,1.078505277633667,-0.698785305,-0.526812077,-0.607875586,0.025325067,0,0
26,33,-0.208471328,-0.275176853,-2.495408773,-0.84982717,1.8522905111312864,-1.199999928,-0.623638511,-0.680557489,-0.010610979,0,0
26,34,-0.15296793,-0.577138722,-2.577682734,-1.007384658,2.333456754684448,-1.506263614,-0.88753897,-0.73529011,0.030996909,0,0
26,35,-0.036103658,-0.439692914,-1.974789262,-1.329965591,2.688991069793701,-1.963201046,-1.159431934,-0.828285694,-0.00754218,0,0
26,70,-14.49470711,-29.28705025,-32.32299042,-29.01460266,-4.790007591,0.3451079428195953,-0.459070504,0.1546925604343414,-0.501640916,0,0
26,71,-16.30312347,-33.11936188,-36.2806778,-31.32084274,-6.230565548,-0.502750754,-0.552577615,-0.407663703,-0.621216178,0,0
26,72,-18.90276337,-36.2458992,-40.80138397,-34.45576859,-7.231472015,-1.036816478,-1.045567632,-0.826373816,-0.341551065,0,0
26,73,-21.46357918,-36.94854736,-44.02727127,-37.01641846,-7.834238529,-0.962504029,-0.926770806,-1.166281104,-0.133869544,0,0
26,74,-23.2529583,-34.62411118,-48.42074203,-35.32045746,-7.688840866,-0.243055388,-0.184757397,-1.019744039,0.8395954370498657,0,0
26,75,-24.7181015,-32.93074036,-52.27383804,-32.24155426,-8.115036964,-1.314418435,0.345367432,-0.443013638,1.9629217386245728,0,0
26,76,-27.12582397,-38.15168762,-53.7921524,-33.318573,-9.15258503,-2.69281292,0.9578065276145936,0.2586860060691833,1.9127044677734375,0,0
26,77,-30.92371368,-41.67088699,-53.36579514,-33.23914719,-10.17101574,-3.76725626,0.5981661081314087,2.1500155925750732,1.510181903839111,0,0
26,78,-33.0579567,-41.27236176,-57.58742142,-35.33909607,-10.89343166,-4.415850639,0.3613656163215637,4.675286293029785,1.247231125831604,0,0
26,79,-34.73840714,-39.53299332,-56.37228775,-36.72675323,-11.13747692,-4.702076435,0.23966454,6.3829827308654785,1.7479630708694458,0,0
26,80,-38.82600784,-35.73613739,-49.54319,-39.71910477,-10.26575565,-4.481203556,-0.153860614,7.467906951904297,2.000260115,0,0
26,81,-41.61651993,-36.10820007,-47.96573257,-39.49712753,-11.31803513,-4.466963768,-0.320540249,9.635711669921877,2.654465436935425,0,0
26,82,-43.5667572,-32.46808243,-41.24890518,-37.05140686,-11.36112404,-4.88296175,-0.822185397,8.770467758178711,2.2863707542419434,0,0
26,83,-45.01248932,-31.18794823,-34.79924011,-35.50007248,-11.28825474,-5.393574715,-1.818718672,7.531929016113281,2.2217390537261963,0,0
26,84,-46.40256882,-31.06939316,-29.7302227,-30.70571899,-11.40207195,-5.555117607,-3.106144905,6.718908309936523,2.074424982070923,0,0
26,85,-45.3680954,-21.94283867,-17.92896843,-27.1281147,-14.34835339,-5.590171814,-3.140208721,6.234547138214111,1.7746480703353882,0,0
26,86,-47.39280701,-10.31954193,-12.76375675,-24.51525307,-17.44262505,-5.369957447,-2.090207338,4.558610439300537,2.336869716644287,0,0
26,87,-50.2117691,-7.557085514,-11.79898453,-22.87036705,-18.02856636,-4.421030521,-1.358639002,3.2977981567382812,2.558440923690796,0,0
26,88,-50.66764069,-6.504282951,-13.9868288,-14.25711441,-17.92003059,-2.112571955,-1.988065958,2.674952983856201,3.0097575187683105,0,0
26,89,-57.54766083,-6.893210411,-11.25085545,-5.726919651,-17.80262756,-0.839967668,-2.572702885,2.5033652782440186,4.104097843170166,0,0
26,90,-51.7951355,-17.57538033,-13.52573395,5.402393817901611,-19.37461853,-1.323162079,-3.069738865,2.353466033935547,4.355487347,0,0
26,91,-59.59205627,-16.94865799,-10.14859772,16.04277992248535,-16.48914719,-1.367631793,-3.226247787,3.6238086223602295,3.7450296878814697,0,0
26,92,-55.65387344,-12.92485809,3.464557409286499,20.525259017944336,-8.048025131,-0.952584386,-2.927858829,4.187509536743164,1.6485090255737305,0,0
26,93,-31.34162521,-7.810441017,3.204096794128418,20.51715850830078,-4.666294575,-1.917772055,-2.258660316,4.892282009124756,0.3441804647445678,0,0
26,94,-26.25312233,12.77352237701416,16.503995895385742,10.848483085632324,-10.95219326,-4.066770077,-1.332589984,6.108686923980713,1.0888371467590332,0,0
26,95,-21.56723404,4.603146076202393,17.75394630432129,8.817936897277832,-17.38846207,-5.892058372,-0.212173164,6.173122882843018,1.7471140623092651,0,0
27,-115,1.803049921989441,0.4037754535675049,1.692650318145752,11.723906517028809,13.904800415039062,11.851563453674316,3.3058865070343018,6.931689262390137,10.81793499,0,0
27,-114,1.4632618427276611,0.2632273435592651,2.4083786010742188,17.207029342651367,20.63225555419922,13.035165786743164,1.6207010746002195,5.452768325805664,11.22829532623291,0,0
27,-113,2.267239570617676,1.6681891679763794,7.361284255981445,21.38138961791992,26.53066635131836,15.005704879760742,-0.342042357,2.6662042140960693,7.959726810455322,0,0
27,-112,3.177462577819824,3.537607431411743,10.102865219116213,26.228200912475582,34.610469818115234,17.33096694946289,-0.088814743,1.4691380262374878,4.328951358795166,0,0
27,-111,4.025265216827393,2.7605581283569336,10.263007164001465,32.68140411376953,44.90909957885742,23.953977584838867,0.9947338104248048,5.613276958465576,5.450033187866211,0,0
27,-110,4.180799961090088,2.2740230560302734,12.866155624389648,32.66271209716797,51.79517746,33.98973465,2.3879194259643555,10.610443115234377,11.104080200195312,0,0
27,-109,9.021952629089355,2.418916702270508,11.09699535369873,21.095157623291016,45.672874450683594,40.64869308,-0.557241976,14.566034317016602,18.083539962768555,0,0
27,-108,19.987409591674805,8.977313995361328,22.06999969482422,19.69642639160156,44.26291275024414,47.46279525756836,-2.153097153,15.457635879516602,17.39880371,0,0
27,-107,15.792187690734863,2.9580578804016113,-0.479970127,14.160655975341797,34.753292083740234,37.47611999511719,3.1101443767547607,7.237535953521728,5.876627445220947,0,0
27,-106,14.571297645568848,-1.37677145,-8.948216438,7.032213211,23.097578048706055,25.78789710998535,6.830194473266602,1.7185351848602295,-0.599781394,0,0
27,-105,21.26818466186523,-0.732245922,-6.291410446,4.405386924743652,20.054786682128903,22.18109893798828,6.8810834884643555,1.6034553050994873,-1.713602901,0,0
27,-104,19.59163475036621,2.2865617275238037,-2.398602962,4.356595039367676,20.844783782958984,23.463115692138672,7.561946392059326,1.6962692737579346,-2.870002747,0,0
27,-103,16.409263610839844,2.037085771560669,-4.768745422,3.8617467880249023,21.603899002075195,26.93842124938965,9.127637863,2.726153851,-3.427764416,0,0
27,-102,13.676146507263184,1.6345033645629885,-6.533103466,6.5478363037109375,19.67563819885254,29.600765228271484,10.015166282653809,2.1907148361206055,-6.074262619,0,0
27,-101,10.77805519104004,-2.308883429,-8.264540672,1.6957156658172607,15.126209259033203,28.117612838745117,11.21678352355957,2.9424684047698975,-4.842280865,0,0
27,-100,7.281269073486328,-4.901993752,-8.427611351,-3.03826952,14.166423797607422,25.746496200561523,12.707844734191896,5.755594730377197,-2.288363457,0,0
27,-99,8.001279830932617,-6.951787949,-11.6814146,-5.74477005,16.082374572753906,28.388084411621097,15.541959762573242,10.951221466064451,1.8984497785568235,0,0
27,25,0.7371774911880493,0.4594925343990326,-0.113501906,0.403525174,1.2309225797653198,-0.516906977,-0.049613684,-0.480818063,-0.366828978,0,0
27,28,0.2872768640518188,0.020080473,-0.313165694,0.2497081607580185,1.2997047901153564,-0.558511734,-0.144593149,-0.397947192,0.1169752702116966,0,0
27,31,-0.045677301,-0.365455866,-1.38799274,-0.216885895,1.4565906524658203,-0.577862978,-0.287094593,-0.42281121,0.2190281301736831,0,0
27,32,-0.110016495,-0.28985846,-1.806043029,-0.572307467,1.758014440536499,-0.879785597,-0.528152585,-0.636201859,0.1557036936283111,0,0
27,33,-0.20409371,-0.615559816,-2.23176074,-0.856770694,2.0526533126831055,-1.076268673,-0.640492797,-0.826935232,0.072103508,0,0
27,34,-0.217522755,-0.824516654,-2.651581526,-1.13658917,2.590759515762329,-1.461355805,-1.254156113,-0.978129983,-0.124103867,0,0
27,69,-11.00519371,-25.36936188,-26.0752964,-20.84883499,-2.596382856,2.0377378463745117,-0.429020286,0.3404541909694671,-0.139006361,0,0
27,70,-12.10306644,-24.66538429,-27.08881187,-23.17559814,-2.964836597,1.7047628164291382,-0.43953979,0.597256601,-0.202931032,0,0
27,71,-13.70410061,-26.53131104,-29.46065521,-26.45865631,-4.028630257,0.1218512505292892,-0.499661982,0.6058328151702881,-0.521549404,0,0
27,72,-14.52919674,-28.39002037,-32.72546005,-29.09875298,-5.179849148,-0.498335212,-0.616535544,0.2459427714347839,-0.48977077,0,0
27,73,-16.13999176,-28.04421234,-34.43915939,-32.06211472,-5.99107933,-0.729906678,-0.518471241,-0.212174416,-0.185354993,0,0
27,74,-18.25242424,-26.1455574,-39.19914246,-32.11197662,-6.500777245,-0.314328432,-0.178973749,-0.286399215,0.3676235675811767,0,0
27,75,-21.78948402,-24.61143875,-42.3723526,-29.96276665,-6.411395073,-0.566339731,0.3684589862823486,0.2516427040100097,2.0329887866973877,0,0
27,76,-25.45460129,-30.09738731,-44.86049271,-29.37284851,-8.401985168,-1.717501879,0.667596698,0.7447189688682556,2.955810308456421,0,0
27,77,-27.70353317,-31.18213081,-43.3468399,-30.39684677,-8.737715721,-2.466632128,0.9734779596328736,1.8615078926086424,2.332134962081909,0,0
27,78,-29.62397385,-33.79909515,-44.08924866,-33.79679871,-10.01038456,-3.21687007,0.5482755899429321,4.7722015380859375,2.1077280044555664,0,0
27,79,-32.5352478,-31.54872704,-44.91845703,-38.1205864,-8.555362701,-3.852020264,1.170898438,6.238275527954102,2.186978340148926,0,0
27,80,-39.3561554,-26.18605042,-35.69944,-40.36933517,-6.152112961,-4.109095573,1.0678932666778564,7.043820381164551,2.977776288986206,0,0
27,81,-45.61341858,-28.77342224,-28.42640305,-35.86064911,-6.577077866,-4.359198093,0.5389882922172546,6.757513046264648,1.7439184188842771,0,0
27,82,-51.14997101,-30.48880959,-15.26168728,-30.87292099,-6.855330467,-4.060250282,-1.22629559,7.649840354919434,0.2023214697837829,0,0
27,83,-56.23821259,-20.27013397,-8.321281433,-30.84662056,-7.133176804,-4.813664913,-2.713947773,8.139760017,0.009524009,0,0
27,84,-60.83146286,-23.39805984,9.930708885192873,-30.59548187,-5.747475624,-5.148444176,-3.042891264,8.25910759,0.4844443500041961,0,0
27,85,-66.94553375,-17.00727844,21.845073699951172,-25.60975266,-7.866323471,-4.072562695,-3.105103254,7.644224166870117,0.875098467,0,0
27,86,-78.04438782,-24.42250824,10.953651428222656,-22.9400425,-16.60717201,-3.058740377,-4.079638958,7.775996208190918,0.8372840881347656,0,0
27,87,-80.54276276,-16.96003532,4.9777960777282715,-2.001929998,-22.48418045,-1.827008724,-4.56471014,7.376463890075684,0.9254302978515624,0,0
27,88,-71.64033508,-33.99946976,0.6072676777839661,39.41381836,-19.12242317,1.7458775043487549,-4.194978237,6.047933101654053,2.0537168979644775,0,0
27,89,-87.95823669,-65.02285004,-16.21251488,59.19391250610352,-13.59327984,6.508186340332031,-3.920351744,4.628105163574219,6.36400032,0,0
27,90,-83.72919464,-73.60100555,1.5423364639282229,62.40566635131836,-11.27504253,4.709129333496094,-6.775735855,3.1373746395111084,9.159790992736816,0,0
27,91,-79.36682892,-65.65828705,7.257989406585693,67.95664978027344,8.903857231140137,3.885434865951538,-4.490928173,4.034315586090088,8.822237014770508,0,0
27,92,-80.54637146,-30.14134026,6.362672805786133,56.40571212768555,17.819120407104492,6.491429328918457,-4.018069267,3.943339347839355,6.396878242492676,0,0
27,93,-60.73635101,-20.37283707,1.540105223655701,44.57769012451172,14.590394973754885,8.510946273803711,-2.839396477,3.789813041687012,4.5176615715026855,0,0
27,94,-47.51813507,1.869598388671875,18.263736724853516,34.205928802490234,6.136337757110596,3.4851152896881104,-0.684075236,4.545060634613037,4.087002754211426,0,0
27,95,-33.3150177,0.5794247388839722,6.252025127410889,13.32524871826172,-3.943103075,-2.578837395,0.025251631,5.7551960945129395,4.499325275421143,0,0
27,96,-33.57273102,-7.343174934,-4.640976429,8.348914146,-3.123279572,-5.739170074,-0.762449622,6.569697856903076,1.4758524894714355,0,0
27,97,-49.94141769,-1.719525576,-0.065047443,18.91278648376465,-7.449158669,-8.6161623,-1.657408476,12.195103645324709,1.9182227849960327,0,0
28,-115,1.237043380737305,0.4532454311847687,2.4259238243103027,13.059826850891112,8.198723793029785,10.065855026245115,3.117098093032837,9.775294303894045,15.680500984191896,0,0
28,-114,1.1524895429611206,1.3924559354782104,4.078878402709961,15.308860778808594,14.23181152,9.824106216430664,1.6639984846115112,7.528818130493164,14.972716331481934,0,0
28,-113,1.8668231964111328,3.067209005355835,6.812361717224121,18.03135108947754,28.551965713500977,13.22525119781494,0.019262748,3.728480100631714,9.806868553,0,0
28,-112,2.3212103843688965,4.100975513458252,10.245994567871094,22.16699219,38.106727600097656,19.037200927734375,0.055225279,5.294208526611328,8.108623504638672,0,0
28,-111,3.472135305404663,3.6481480598449703,13.71410083770752,24.892183303833008,42.695743560791016,24.27739906311035,1.1265230178833008,8.491670608520508,11.455974578857422,0,0
28,-110,4.949590682983398,4.8576273918151855,14.71647834777832,24.927000045776367,47.71791458129883,33.90641403198242,2.581132650375366,16.856367111206055,19.784202575683594,0,0
28,-109,12.750802040100098,5.345087051391602,21.793729782104492,21.36817741394043,44.09824752807617,40.494991302490234,-3.658327818,18.70932388305664,25.463869094848633,0,0
28,-108,18.80060577392578,13.058032989501951,21.35841178894043,16.219850540161133,36.78118133544922,37.37162780761719,-2.966666222,16.62451172,17.855056762695312,0,0
28,-107,15.855334281921388,-0.406353503,-2.567396879,12.97477912902832,28.88565444946289,27.337234497070312,2.785712957382202,5.374063014984131,4.328197002410889,0,0
28,-106,18.695083618164062,-3.140371323,-5.159938335,5.672389507293701,24.561235427856445,24.573091506958008,4.498327255249023,1.2222789525985718,-1.627014756,0,0
28,-105,21.647476196289062,0.05532825,-3.218503475,3.442223310470581,19.29027557373047,24.43761444091797,4.673882961273193,1.6125394105911257,-1.884636283,0,0
28,-104,20.973934173583984,2.287447214126587,-1.74107492,6.647397041320801,18.341337203979492,25.884994506835938,5.876713275909424,3.520421981811523,-1.43302381,0,0
28,-103,20.38724899291992,0.7673630118370056,-5.607232094,7.917279243469238,20.301374435424805,28.33576774597168,7.460725307,4.966519355773926,-2.062559366,0,0
28,-102,16.089157104492188,2.403066635131836,-6.056137562,6.587155342102051,24.061792373657227,31.73546791,8.776510238647461,5.0215535163879395,-5.203346729,0,0
28,-101,9.314169883728027,1.3376874923706057,-7.735686302,0.247793972,16.90245246887207,29.94224739074707,9.744314193725586,5.478867530822754,-3.975787163,0,0
28,-100,8.538508415222168,-3.266448975,-8.627142906,-3.604178667,15.099788665771484,30.53449821472168,11.899619102478027,8.476085662841797,-0.160494924,0,0
28,-99,10.800457000732422,-7.700026989,-10.41418648,-2.985724688,18.059900283813477,31.315309524536133,13.889936447143556,14.10461426,3.459542989730835,0,0
28,28,0.2506321966648102,0.26889661,-0.302623272,0.3414888083934784,1.2190439701080322,-0.593909025,-0.122889638,-0.572091877,-0.007506633,0,0
28,29,0.046755474,0.026744846,-0.450780183,0.1478714644908905,1.317888259887695,-0.579569042,-0.094355419,-0.477030754,0.056472693,0,0
28,31,-0.13342762,-0.213130847,-0.96798557,-0.02864599,1.2544676065444946,-0.617802799,-0.29580161,-0.41328907,0.1414388865232467,0,0
28,32,-0.143041939,-0.356073856,-1.415360808,-0.282028496,1.681949019432068,-0.911488652,-0.503116548,-0.645504653,0.1214647814631462,0,0
28,33,-0.195565477,-0.672570229,-1.820818186,-0.613267422,2.3014094829559326,-1.146397471,-0.676343858,-0.872500598,0.002071352,0,0
28,34,-0.22357294,-0.870599508,-2.500911713,-0.885905147,2.883444071,-1.044690728,-1.228764892,-0.868032694,-0.143210486,0,0
28,35,-0.197884366,-1.133425951,-3.359496593,-1.121808171,3.5737431049346924,-0.587731719,-1.901956439,-0.968049645,-0.112597428,0,0
28,70,-10.33024597,-22.82453728,-25.00135612,-18.44288826,-1.463193774,2.879962682723999,-0.099585287,0.509014904,-0.052633841,0,0
28,71,-11.2302618,-22.77152634,-25.64922905,-21.57759285,-1.997168422,1.4089350700378418,-0.500672162,0.8887465596199036,0.0930015,0,0
28,72,-11.13677406,-23.51551056,-26.86108398,-24.36258316,-3.474125385,0.2226357460021972,-0.511483252,0.5471649169921875,0.1133238896727562,0,0
28,73,-12.36699295,-22.91795731,-28.3861084,-26.42308998,-4.146640301,-0.647886872,-0.291276872,0.2238067090511322,0.1260320544242859,0,0
28,74,-15.20426464,-22.0196991,-30.26045799,-27.56685638,-4.925611973,-0.641564786,0.2203135788440704,-0.063154936,0.378286064,0,0
28,75,-18.44450951,-21.6172657,-35.01539993,-26.84973335,-4.686319351,0.038632207,0.8137920498847961,0.5365797281265259,0.9064417481422424,0,0
28,76,-21.97667122,-25.57052803,-36.35284042,-26.44799232,-5.991146564,-0.68090868,1.2173789739608765,0.6251659393310547,2.3868651390075684,0,0
28,77,-25.70695305,-26.7422657,-35.97829437,-27.80762291,-8.145644188,-1.362043381,1.916966438293457,1.8419899940490725,3.8709537982940674,0,0
28,78,-30.99428749,-28.95693016,-33.27064133,-29.45986938,-9.788770676,-1.793003321,2.0110788345336914,6.408088207244873,3.513620138168335,0,0
28,79,-38.03823853,-30.48931885,-30.84797859,-32.97218323,-8.410969734,-2.137610674,1.8110995292663576,6.388511657714844,2.621575117111206,0,0
28,80,-46.6181221,-23.07522011,-20.39205551,-30.86705589,-4.518135548,-3.568092585,0.6881794333457947,6.244520187,1.7580831050872805,0,0
28,81,-57.89124298,-11.05803776,-7.263514996,-32.15797043,-1.077473998,-4.591012955,0.6255583167076111,6.721412658691406,0.8994765281677246,0,0
28,82,-70.43674469,-7.458144188,15.302206993103027,-38.74416733,-2.228850603,-3.379125118,-0.52069819,7.881337642669678,0.014266327,0,0
28,83,-84.92176056,-3.889284611,24.86945915222168,-46.11459732,-4.452997684,-4.6475811,-2.432718992,8.938345909118652,0.6676549315452576,0,0
28,88,-67.83359528,16.046043395996094,34.389190673828125,16.248218536376953,-6.315773964,4.3638081550598145,-4.120320797,14.883099555969238,4.183248519897461,0,0
28,89,-57.84030533,-3.203657389,19.624710083007812,25.088298797607425,-7.384355545,4.499528408050537,-3.411642551,11.609833717346191,3.0379557609558105,0,0
28,92,-18.43917465,14.811382293701172,18.70631217956543,28.92905616760254,6.253767013549805,8.046122550964355,-0.354427397,8.081252098083496,5.941280364990234,0,0
28,93,-4.566648006,-2.211589575,15.49312973022461,40.691444396972656,10.924437522888184,13.419025421142578,1.8499525785446167,5.196712970733643,5.801678657531738,0,0
28,94,-34.28727722,-39.13179016,-4.955745697,28.14903259277344,27.535022735595703,14.321037292480469,6.2602643966674805,6.298738956451416,5.759518146514893,0,0
28,95,-42.83298874,-31.39349556,8.387698174,27.552412033081055,23.161041259765625,4.938538074493408,4.664783954620361,10.59679889678955,7.544053554534912,0,0
28,96,-64.81689453,-16.07523155,0.1157873049378395,17.265169143676758,5.814228534698486,-0.383494318,4.700961112976074,18.201152801513672,13.486690521240234,0,0
28,97,-56.31880188,14.902252197265623,20.811622619628903,32.82394027709961,4.446723937988281,-1.416590929,5.262684345245361,28.163742065429688,19.220428466796875,0,0
29,-118,0.1031342968344688,0.039081521,1.6309798955917358,6.124974250793457,5.760801315307617,4.929554462432861,3.026057004928589,9.685320854187012,17.34617042541504,0,0
29,-115,1.1140921115875244,0.5235390067100525,2.427170991897583,11.291230201721191,7.871331214904785,9.425564765930176,3.8059048652648926,12.60369873046875,21.367366790771484,0,0
29,-114,1.1980094909667969,0.7244216799736023,4.683530807495117,15.275006294250488,12.303987503051758,9.779730796813965,1.9797157049179075,8.620055198669434,15.550031661987305,0,0
29,-113,1.5900012254714966,2.208442211151123,8.096560478,17.75893783569336,19.39786148071289,12.573144912719728,0.2101900577545166,7.325333595275879,11.95780086517334,0,0
29,-112,2.0611822605133057,3.157921314239502,12.106386184692385,17.689472198486328,26.048065185546875,15.979235649108888,0.6920337080955505,8.512330055236816,13.341119766235352,0,0
29,-111,2.9293017387390137,4.348592281341553,14.361809730529783,18.048091888427734,32.99332046508789,22.21845817565918,1.3356099128723145,11.977824211120604,18.192869186401367,0,0
29,-110,4.940372943878174,2.341521739959717,18.90768814086914,16.87752914428711,39.24153518676758,30.028789520263672,1.0728161334991455,15.722877502441406,25.44226646,0,0
29,-109,10.79281234741211,10.61583137512207,15.35373306274414,17.282960891723633,37.50203323364258,30.93272399902344,-0.486917496,17.111454010009766,27.59038734436035,0,0
29,-108,13.047346115112305,6.695161819458008,15.55221176147461,18.577302932739254,32.68468094,29.628421783447266,-0.101112328,13.358646392822266,16.990100860595703,0,0
29,-107,14.94876194000244,-0.251715332,3.1549313068389893,15.186683654785156,28.163240432739254,24.32462501525879,2.659583806991577,5.395703315734863,2.869023323059082,0,0
29,-106,22.979639053344727,-1.933225155,-2.72896862,9.140707015991213,26.536645889282227,22.688251495361328,3.8280105590820312,2.324050188064575,-1.428015232,0,0
29,-105,23.552839279174805,0.2410486787557602,-3.040751219,7.5532917976379395,23.150409698486328,24.150924682617188,4.177051544189453,2.7041866779327393,-1.861550212,0,0
29,-104,21.593826293945312,1.6411126852035522,-2.381509781,10.032203674316406,19.0996151,25.71523666381836,4.529540538787842,5.085649490356445,-0.729064584,0,0
29,-103,19.62207603,0.8749063611030579,-3.591955662,8.452616691589355,18.31705665588379,26.719762802124023,5.762021064758301,7.056984901428223,-0.704617262,0,0
29,-102,14.179134368896484,1.8704832792282104,-6.35998106,5.758580207824707,19.74869728088379,29.237302780151367,6.570361137390137,6.927078723907471,-3.262551308,0,0
29,-101,9.552588463,1.506376863,-7.395706654,-1.855487704,16.05034828186035,30.154741287231445,8.358448982,6.934224605560303,-2.315647364,0,0
29,-100,13.827348709106444,-1.872570395,-8.009262085,-1.283036113,16.186582565307617,32.085628509521484,11.470732688903809,10.06246852874756,-0.531758606,0,0
29,25,0.6740999221801758,0.061919,-0.019769393,0.5893984436988831,1.588155746459961,-0.332366884,-0.656245351,-0.581106901,-0.237707317,0,0
29,26,0.3965110778808594,0.097053871,-0.077602476,0.3870189487934112,1.5003968477249146,-0.349940687,-0.398334831,-0.538833678,-0.165792659,0,0
29,27,0.1804577857255935,0.1541190892457962,-0.1769844,0.3002486228942871,1.2633031606674194,-0.446852535,-0.194883108,-0.514639437,-0.142275363,0,0
29,29,0.056990206,0.2266059070825576,-0.342976987,0.1729117482900619,1.551645040512085,-0.482913107,-0.080775514,-0.591458321,-0.118514493,0,0
29,30,-0.075482599,-0.012440619,-0.493733734,0.039351169,1.6779508590698242,-0.505632222,-0.190488935,-0.614501357,-0.062119283,0,0
29,31,-0.169648513,-0.178628057,-0.722280979,0.054815769,1.5188130140304563,-0.498139679,-0.250676572,-0.500082552,-0.065259606,0,0
29,32,-0.192554131,-0.299552232,-0.919180036,-0.055253834,1.860710620880127,-0.765602052,-0.403559834,-0.576955557,0.042358357,0,0
29,33,-0.16676262,-0.441605628,-1.183450699,-0.242034137,2.3009095191955566,-1.09838438,-0.513757765,-0.415016949,0.115594096,0,0
29,34,-0.173523426,-0.545398831,-1.619884372,-0.659316003,2.906019926071167,-0.808431625,-1.223946452,-0.428343713,-0.061655305,0,0
29,35,-0.179084226,-0.689289272,-2.091752291,-0.691592515,3.9656341075897217,-0.158767104,-1.723644853,-0.688195765,-0.061053809,0,0
29,72,-9.469311714,-20.81734276,-24.66417885,-20.36893272,-2.196208239,1.637281060218811,-0.736184895,0.1876040250062942,0.6802235841751099,0,0
29,73,-11.1887579,-21.3879261,-25.67968178,-22.62726021,-2.71976018,0.8772854804992676,-0.580920577,0.3215554058551788,1.0460814237594604,0,0
29,74,-14.03593254,-23.39138603,-27.47844124,-24.71210289,-2.553940773,0.8202104568481445,0.1715873777866363,0.3746455311775207,1.3257219791412354,0,0
29,75,-15.75407887,-24.83607674,-30.59769058,-24.72302246,-1.597863793,1.327569603919983,0.8699775338172913,1.297088384628296,2.215120315551758,0,0
29,76,-19.32752609,-26.2877121,-31.22624207,-21.61210823,-4.146986485,1.3498178720474243,1.7724547386169434,1.8580163717269895,2.588122606277466,0,0
29,77,-26.42769432,-27.89586258,-30.2172966,-21.83345032,-6.982744694,-0.315892547,1.9507368803024292,3.089331865310669,3.3562324047088623,0,0
29,78,-38.78435135,-33.67816544,-33.69835281,-25.9976635,-8.403861046,-1.053059101,2.871295213699341,3.9002513885498047,3.4946365356445312,0,0
29,79,-57.31846619,-34.6424408,-40.17949295,-33.89097977,-8.129875183,-1.881397963,2.8237335681915283,4.901433944702148,1.4233044385910034,0,0
29,80,-75.70006561,-19.92388344,-25.61932945,-40.71395111,-5.983543396,-3.548592329,2.380544662475586,7.923329353,1.0424188375473022,0,0
29,81,-100.3568878,5.086723327636719,-5.903834343,-58.01652145,-3.498849869,-6.709102631,1.1795529127120972,10.024794578552246,2.4050254821777344,0,0
29,93,4.383222579956055,4.728259086608887,2.2525384426116943,16.818883895874023,9.503204345703123,17.563417434692383,5.586119174957275,13.44102668762207,11.266021728515623,0,0
29,94,-10.10095215,-28.09931564,-1.590360045,33.287139892578125,15.92680835723877,19.192474365234375,9.010620117,16.861722946166992,12.168963432312012,0,0
29,95,-51.644104,-31.16201782,3.108030080795288,41.363765716552734,16.567445755004883,18.663835525512695,12.066823959350586,18.255596160888672,9.015196800231934,0,0
29,96,-48.13750839,5.003159523010254,15.74246883392334,32.33694839477539,16.332401275634766,17.121700286865234,13.093684196472168,39.23569107055664,27.22991943359375,0,0
29,97,-39.99799728,24.62209701538086,23.840492248535156,25.97344207763672,14.996807098388672,13.462260246276855,10.185614585876465,40.23348236083984,41.12835311889648,0,0
30,-116,0.927043915,0.295015275,2.1952342987060547,5.429504395,6.845973491668701,10.330841064453123,8.565938949584961,20.64787483215332,31.72178840637207,0,0
30,-115,1.1349295377731323,-0.010569874,2.1690609455108643,11.705102920532228,9.172368049621582,8.787252426147461,3.814277648925781,12.426817893981934,23.901287078857425,0,0
30,-114,0.9312812685966492,0.8324376940727234,3.888406515,14.79872226715088,11.77578067779541,8.769433975219727,2.299053430557251,9.697680473327637,16.064926147460938,0,0
30,-113,1.2325665950775146,1.7941312789916992,5.932459831237793,19.184185028076172,15.951997756958008,12.68091869354248,2.354426383972168,11.243781089782717,17.70965003967285,0,0
30,-112,1.8972736597061155,1.8335195779800415,9.596694946289062,23.424890518188477,19.418222427368164,16.265239715576172,3.598158836364746,13.412177085876465,22.30133628845215,0,0
30,-111,2.961482286453247,1.451634407043457,11.497232437133787,24.088321685791016,25.994007110595703,21.748729705810547,4.036817551,16.229848861694336,27.73937988,0,0
30,-110,4.631010055541992,2.6188724040985107,13.16106414794922,19.773717880249023,30.17211342,28.485502243041992,2.510101556777954,16.190807342529297,30.697368621826172,0,0
30,-109,5.995757102966309,4.279135227203369,11.885502815246582,14.354790687561035,29.262554168701172,28.27632522583008,1.863553047180176,15.387792587280272,23.261362075805664,0,0
30,-108,8.236003875732422,2.1716673374176025,9.192274094,16.361398696899414,25.343595504760746,21.262054443359375,1.9767587184906008,9.185194969177246,10.406655311584473,0,0
30,-107,13.29647731781006,1.748548388,4.63926363,15.145442962646484,24.484636306762695,20.630756378173828,3.5079457759857178,5.875428676605225,2.2280282974243164,0,0
30,-106,22.38977813720703,0.4861687123775482,-0.787484288,10.455471992492676,25.069021224975582,22.14090156555176,4.040784836,3.9667680263519287,-1.034181595,0,0
30,-105,25.797218322753903,0.060513761,-1.437883854,10.749544143676758,24.254255294799805,23.83500289916992,4.102502822875977,4.614175319671631,-1.808652997,0,0
30,-104,24.00159454345703,0.2497505396604538,-2.865271807,11.02730941772461,22.48407554626465,24.43664169311523,3.926154375076294,6.958054542541504,-1.611610055,0,0
30,-103,16.551475524902344,-0.549794137,-4.348088741,8.695204734802246,18.400054931640625,26.121078491210938,4.775870323181152,8.161299705505371,-2.032077789,0,0
30,-102,13.625,1.914207935333252,-4.883887291,7.043900012969971,17.147356033325195,28.51045608520508,4.502620697021484,7.864076137542725,-2.192266464,0,0
30,-101,15.456024169921877,3.298118352890014,-6.318784714,2.647684335708618,17.23354148864746,29.94616317749023,5.65761137,8.356643676757812,-1.044837117,0,0
30,25,0.4979184567928314,0.01242229,0.044306178,0.7080199122428894,2.3461556434631348,-0.425217927,-0.606396437,-0.862209439,-0.715133429,0,0
30,30,-0.053457975,-0.147860944,-0.581506848,0.1307724118232727,2.9724977016448975,-0.326238424,-0.191607729,-0.571136892,-0.501651585,0,0
30,31,-0.214692026,-0.283450067,-0.653810382,0.1207945793867111,2.5018677711486816,-0.236670271,-0.069350496,-0.5141837,-0.598679066,0,0
30,32,-0.122202836,-0.298131496,-0.655804992,0.1303100883960724,2.551351547241211,-0.120860107,-0.078945376,-0.565986991,-0.58291322,0,0
30,33,-0.114153288,-0.303156376,-0.80879575,-0.12157847,2.661285877227783,-0.333715022,-0.324026614,-0.512953818,-0.668194115,0,0
30,34,0.017075956,-0.303826421,-0.994402111,-0.170871705,3.524733066558838,-0.191023409,-0.345305055,0.1599808633327484,-0.431026995,0,0
30,35,-0.05727236,-0.401475221,-1.108003974,-0.245930955,4.615298748016357,0.6270115375518799,-0.65114975,0.2604102790355682,-0.117625847,0,0
30,73,-11.23997879,-20.44298744,-24.77447701,-19.90366936,-0.709893942,1.994290113449097,-0.516858459,-0.225971982,2.5081892013549805,0,0
30,74,-13.6748333,-22.95806503,-26.04026985,-21.86042595,-0.416506469,2.5650670528411865,-0.436998039,0.7558072805404663,3.642098665237427,0,0
30,75,-14.77425766,-24.75497246,-26.76649857,-22.23957443,-0.140999407,3.545034408569336,0.2573774755001068,3.476748466491699,3.8236067295074463,0,0
30,76,-20.92256927,-30.27233124,-29.68416977,-19.15934181,-3.690291643,2.7230656147003174,2.316605806350708,4.706157684326172,4.123852729797363,0,0
30,77,-35.97156143,-39.3746109,-40.93787003,-21.49758339,-5.824046135,2.6084887981414795,3.022646666,3.444533586502075,2.422519684,0,0
30,78,-59.23664856,-40.61379623,-59.28068924,-33.03518295,-6.449461937,1.0713577270507812,2.8537323474884033,2.6672115325927734,0.163878933,0,0
30,79,-85.98260498,-55.8680954,-81.32718658,-51.37430954,0.8658338785171509,2.095827818,6.697770118713379,4.066511154174805,2.9914095401763916,0,0
30,80,-87.85599518,-29.59584427,-58.00168228,-61.87150955,-3.464551449,-0.294156075,9.142863273620604,8.701126098632812,9.971661567687988,0,0
30,81,-78.75653076,4.295238971710205,-6.065382957,-62.35125351,2.794269085,-4.663743496,10.46632480621338,15.456587791442873,16.193561553955078,0,0
31,-117,0.5282686948776245,0.2644796371459961,2.1787829399108887,4.050381183624268,6.845806599,9.585280418395996,12.042580604553224,26.17321777,40.50259017944336,0,0
31,-116,0.961005449,0.4851937890052795,3.324528932571411,6.4662370681762695,9.187903404,10.031264305114746,9.580088615,22.11923599243164,36.795188903808594,0,0
31,-115,0.9955040812492372,0.5415530204772949,3.2562315464019775,10.185220718383787,11.307037353515623,6.698842525482178,3.2634382247924805,11.405879020690918,23.044527053833008,0,0
31,-114,0.7716799974441528,1.0278629064559937,3.3650434017181396,14.955297470092772,11.374053955078123,9.114006042480469,3.276078224182129,11.382803916931152,20.28340721130371,0,0
31,-113,0.9918166995048524,1.6907572746276855,4.275346755981445,17.473155975341797,14.450754165649414,11.917582511901855,4.240246772766113,12.697392463684082,23.902551651000977,0,0
31,-112,2.127613306045532,2.3719723224639893,8.161826133728027,20.91377639770508,17.413068771362305,15.796022415161133,6.248133659362793,17.113916397094727,31.336101531982425,0,0
31,-111,3.7453131675720215,4.354902744293213,10.767037391662598,26.64076042175293,21.61744499206543,21.05889892578125,7.488457202911377,20.826061248779297,35.856117248535156,0,0
31,-110,3.964104413986206,3.7045116424560542,12.69062042236328,27.01818466186523,24.171417236328125,21.983152389526367,4.487582683563232,17.230817794799805,28.463624954223633,0,0
31,-109,5.172745704650879,3.178353071212769,8.645872116088867,15.632598876953123,21.070335388183594,20.106800079345703,3.0480847358703613,12.81660270690918,15.973055839538574,0,0
31,-108,8.356449127197266,0.8837562799453735,5.472597122192383,9.878999710083008,20.311542510986328,19.51290512084961,2.1852712631225586,7.706579685211182,6.044035435,0,0
31,-107,13.86325454711914,1.0101441144943235,3.130066156387329,9.450006484985352,20.695720672607425,19.445846557617188,2.860161066055298,6.034748554229736,1.8591015338897705,0,0
31,-106,20.010543823242188,1.3684018850326538,0.5076605677604675,10.304099082946776,21.49866295,20.316410064697266,3.540414333343506,5.832676887512207,-0.093852013,0,0
31,-105,24.742124557495117,0.7252212166786194,-0.793063939,10.81907844543457,23.870349884033203,21.815156936645508,3.894665479660034,6.064427375793457,-1.579573631,0,0
31,25,0.1445289552211761,0.050298437,0.072376721,0.7644283771514893,4.830538749694824,0.2426180839538574,-0.262277871,-0.899716437,-1.395421386,0,0
31,26,-0.040026449,0.043251578,0.1320317238569259,0.724622905,3.942352294921875,0.2021125704050064,-0.612920761,-1.121645808,-1.316474676,0,0
31,27,-0.051416837,-0.025003975,0.096175641,0.6886553168296814,4.3138628005981445,0.4624037146568298,-0.579204559,-1.213644266,-1.256499052,0,0
31,28,-0.112855792,-0.070495777,-0.024502033,0.5740292072296143,4.566895008087158,0.407367468,-0.209792137,-1.539945602,-1.484061241,0,0
31,29,-0.098707713,-0.077509031,-0.086543903,0.4699052274227142,5.779857158660889,0.4264118075370788,-1.321877718,-3.079931259,-2.401116371,0,0
31,30,-0.130393788,-0.088667057,-0.217476055,0.4506111145019531,5.038845062255859,0.3571566939353943,0.4969781935214996,-1.612025499,-1.506000996,0,0
31,31,-0.218367055,-0.282723784,-0.406591892,0.3458170294761657,4.457232952,0.5526017546653748,0.8689337372779846,-0.924015105,-1.299885869,0,0
31,32,-0.193079621,-0.294788659,-0.376889735,0.2803321182727813,3.763306140899658,0.6623177528381348,0.3666548430919647,-0.916540146,-1.499825835,0,0
31,33,-0.013731739,-0.20310165,-0.410062432,0.1733373552560806,3.269601583480835,0.9276049733161926,0.3657824099063873,-1.490305662,-1.800062299,0,0
31,34,-0.120872527,-0.311795086,-0.611010551,0.06360516,4.0349836349487305,1.2219152450561523,0.8804264664649963,-0.557913899,-1.721778274,0,0
31,35,-0.085660748,-0.306494534,-0.680616021,0.06311658,4.932585716247559,1.1141923666000366,0.9520273804664612,0.305955023,-1.425513983,0,0
31,74,-13.84493828,-20.49275208,-24.79698372,-18.88398361,1.0241477489471436,3.407644510269165,1.5157513618469238,1.4671026468276978,3.1903553009033203,0,0
31,75,-18.61922264,-24.1436367,-23.43262863,-18.83987617,-1.648826838,3.941877841949463,2.817070960998535,3.718630790710449,3.659712791442871,0,0
31,76,-28.18102837,-36.40404892,-40.53368378,-20.84311104,-3.015673637,4.166783809661865,2.930600881576538,4.7015299797058105,4.952337741851807,0,0
31,77,-53.50450134,-59.72499466,-79.21794128,-30.74990845,-1.082134247,5.654275417327881,7.024225712,1.534458041191101,1.8600817918777464,0,0
31,78,-66.88027191,-55.44082642,-88.44030762,-38.90475082,9.897747039794922,10.041282653808594,12.978981971740724,2.0175118446350098,5.697942733764648,0,0
31,79,-54.34040451,-31.55470085,-55.20645142,-31.19625092,11.209793090820312,14.066972732543944,17.555618286132812,6.7592644691467285,11.786300659179688,0,0
31,80,-30.98311043,-30.57395554,-41.03325272,-26.65267944,0.6125887036323547,7.051509380340576,12.749272346496582,9.915560722351074,12.904314041137695,0,0
32,-117,0.211647093,0.4760861992835998,2.510526657104492,3.5886335372924805,6.851011276245117,9.973258972167969,17.11762237548828,33.009117126464844,51.50676345825195,0,0
32,-116,0.6840816140174866,0.4454017281532287,2.5772011280059814,4.693767547607422,11.238492965698242,7.564572811126709,11.498162269592283,22.229074478149418,39.10783004760742,0,0
32,-115,0.7695060968399048,1.0466135740280151,3.1596100330352783,6.821498870849609,9.844031334,5.627981185913086,3.6687793731689458,10.47286605834961,22.588865280151367,0,0
32,-114,0.9072721004486084,1.1788926124572754,2.5753977298736572,11.473962783813477,10.14580535888672,6.989278793334961,3.4930269718170166,8.782567977905273,21.08646774291992,0,0
32,-113,0.9552202820777892,2.175427198410034,3.0930368900299072,16.107454299926758,12.52153205871582,10.10832405090332,4.618120193481445,11.66697120666504,24.81269645690918,0,0
32,-112,1.8700244426727295,3.241020917892456,6.223042964935303,19.40582847595215,15.92150879,13.98698616027832,5.994181156158447,16.809293746948242,30.510154724121097,0,0
32,-108,11.969654083251951,2.9865362644195557,7.5288310050964355,9.134666442871094,19.245935440063477,18.33550453186035,2.070678472518921,8.293831825256348,7.6294403076171875,0,0
32,-107,18.85599136352539,2.0684831142425537,3.498786449432373,7.813613414764404,21.583295822143555,20.013084411621097,2.463613986968994,6.692744731903076,3.916084766387939,0,0
32,-106,21.78655242919922,0.8800880312919617,2.7125022411346436,8.656215668,22.05743980407715,21.51004409790039,3.156425952911377,6.417515754699707,1.4858644008636477,0,0
32,25,-0.235810742,0.1720089763402938,0.5641824007034302,0.8016399145126343,6.090582370758057,2.548717737197876,-0.589465559,-0.934086382,-1.841399431,0,0
32,26,-0.252552032,0.2129153162240982,0.656056821,0.6474390625953674,6.321265697479248,2.9631388187408447,-1.169445515,-1.468157649,-1.829112172,0,0
32,31,-0.041314524,0.078806341,0.064032711,0.5199468731880188,7.817103385925293,4.697757244110107,-0.245693803,-1.748468399,-3.409686804,0,0
32,32,0.002295465,0.1032975241541862,-0.011097061,0.3859500885009765,7.490590572357178,5.009481906890869,0.4397713243961334,-1.609435678,-3.526395798,0,0
32,75,-25.05334473,-27.82006454,-36.5458107,-18.82701302,-1.18256104,4.957312107086182,6.782535552978516,4.304361343383789,2.979092597961426,0,0
32,76,-38.38682175,-40.74923325,-69.07223511,-27.05506134,0.8887102603912354,7.660873889923096,12.695755958557127,3.7512340545654297,3.1398394107818604,0,0
32,77,-37.21613312,-39.35666656,-73.76830292,-26.81576729,17.964675903320312,16.659473419189453,20.498685836791992,5.855441093444824,6.964585781097412,0,0
32,78,-22.57652855,-26.25706291,-56.38531494,-18.58333778,20.85059166,20.83659553527832,21.93964195251465,8.728761672973633,10.520185470581056,0,0
32,79,-14.58961296,-21.02322578,-38.18307495,-12.36931896,9.051787376403809,15.506049156188965,13.01858139038086,6.214648246765137,9.922101020812988,0,0
33,-117,0.024059204,0.5517774224281311,2.5176992416381836,4.600693225860596,7.341741561889648,8.903650283813477,17.995481491088867,35.32167053222656,54.36817169189453,0,0
33,-116,0.6090694665908813,0.7326741218566895,2.747468948364258,6.093289852142334,9.581111907958984,5.203239917755127,9.166625022888184,20.165714263916016,36.524932861328125,0,0
33,-115,0.8306503891944885,1.0465567111968994,2.9215970039367676,7.343389987945557,8.569626808166504,4.716155052185059,5.982044696807861,11.821141242980955,26.754297256469727,0,0
33,74,-22.15102196,-29.5194397,-44.83935547,-21.06962967,4.491521835327148,12.423460006713867,10.96721076965332,1.651187539100647,1.1458450555801392,0,0
33,75,-26.94413567,-36.86124802,-51.60864258,-20.75091934,7.927702427,15.310498237609863,16.700010299682617,2.6741814613342285,-0.311201811,0,0
33,76,-28.49990845,-23.52346992,-54.28107071,-17.74660873,23.158933639526367,24.93282127380371,28.42398452758789,6.449462413787842,5.96028471,0,0
33,77,-15.05774212,-11.46368027,-36.7192955,-8.840851784,30.81027030944824,26.99928855895996,24.47983169555664,9.506338119506836,9.337163925170898,0,0
33,78,-10.49942875,-11.05201149,-25.83032608,-7.142629623,15.55312728881836,16.62582778930664,15.20274829864502,4.895486831665039,8.194074630737305,0,0
33,79,-9.568995476,-5.165026665,-17.83624458,-7.126198292,2.896610736846924,7.686115264892578,8.241031646728516,2.4315717220306396,4.8018574714660645,0,0
34,74,-25.7576046,-40.79037094,-43.26645279,-22.42178726,20.21356201171875,27.78227996826172,24.817771911621097,-0.255074859,3.5943562984466553,0,0
34,75,-21.11112976,-23.53412437,-29.79052734,-7.732334137,30.713886260986328,37.526912689208984,33.800331115722656,1.0266757011413574,1.3906288146972656,0,0
34,76,-11.25630379,-7.973805904,-20.80825424,-4.370556831,38.21085739135742,37.56829071044922,29.612483978271484,7.567261219024658,8.936061859,0,0
34,77,-13.46062088,-7.879486084,-18.70429802,-6.483577728,20.057056427001953,20.24929428100586,17.472644805908203,3.6904587745666504,7.429721832275391,0,0
34,78,-11.60650826,-5.319822311,-15.26192951,-7.759607315,8.787690162658691,9.129944801330566,9.91193676,2.3049750328063965,4.7558674812316895,0,0
34,79,-7.247674465,1.3662242889404297,-8.795800209,-5.920897007,3.0243594646453857,4.412640571594238,5.6243815422058105,1.0048288106918335,2.2185678482055664,0,0
35,74,-7.945375919,-4.84213829,-8.776352882,-1.453444004,42.91079330444336,58.41138458251953,37.12066650390625,0.024289871,6.305548191070557,0,0
35,75,-6.687739372,-5.61178875,-13.42062092,-0.095395893,41.00936126708984,52.248661041259766,35.94557571411133,2.473766803741455,5.815997601,0,0
35,76,-10.89283752,-7.428458214,-9.514066696,-3.40257597,25.69766616821289,31.253007888793945,23.065521240234375,1.7283060550689695,5.2457661628723145,0,0
35,77,-14.72604752,-7.994411469,-11.37025928,-7.916852951,15.224347114562988,18.50657081604004,12.547021865844728,2.824455976486206,4.463532925,0,0
35,78,-10.02834225,-1.744125605,-7.702925682,-7.17457056,9.196475982666016,10.065994262695312,6.964234828948975,1.9063612222671509,3.122807741165161,0,0
35,79,-3.222987413,7.961200237,-2.287189722,-3.936183453,6.785105228424072,4.829439163208008,3.813815116882324,0.6670495867729187,1.7305909395217896,0,0