country,combination,exo_spec,max_em_iter,update_P0,coeff_method,stability,coefficients,forecast_path,counterfactual,overall,reason,rho,max_norm,norm_H,max_abs_theta,max_tail_theta_jump,max_abs_gdp_cpi,max_step_gdp_cpi,max_ci_width_gdp_cpi,ci_growth_ratio,max_counterfactual_gap_gdp_cpi,max_abs_counterfactual_gdp_cpi,horizon,hist_last,fc_start,fc_end,ragged
BRA,ENSO | lag1 | KF | coeff=last | EM=20 | P0=fixed,ENSO,20,False,last,Failed,—,—,—,REJECT,no EM result / insufficient complete data,,,,,,,,,,,,,,,,
BRA,ENSO | lag1 | KF | coeff=last | EM=20 | P0=update,ENSO,20,True,last,Failed,—,—,—,REJECT,exception: LinAlgError: SVD did not converge,,,,,,,,,,,,,,,,
BRA,ENSO | lag1 | KF | coeff=last | EM=30 | P0=fixed,ENSO,30,False,last,Failed,—,—,—,REJECT,no EM result / insufficient complete data,,,,,,,,,,,,,,,,
BRA,ENSO | lag1 | KF | coeff=last | EM=30 | P0=update,ENSO,30,True,last,Failed,—,—,—,REJECT,no EM result / insufficient complete data,,,,,,,,,,,,,,,,
BRA,ENSO | lag1 | KF | coeff=last | EM=50 | P0=fixed,ENSO,50,False,last,Failed,—,—,—,REJECT,no EM result / insufficient complete data,,,,,,,,,,,,,,,,
BRA,ENSO | lag1 | KF | coeff=last | EM=50 | P0=update,ENSO,50,True,last,Failed,—,—,—,REJECT,no EM result / insufficient complete data,,,,,,,,,,,,,,,,
BRA,ENSO+HeatDry | lag1 | KF | coeff=last | EM=20 | P0=fixed,ENSO+HeatDry,20,False,last,Failed,—,—,—,REJECT,exception: LinAlgError: SVD did not converge,,,,,,,,,,,,,,,,
BRA,ENSO+HeatDry | lag1 | KF | coeff=last | EM=20 | P0=update,ENSO+HeatDry,20,True,last,Failed,—,—,—,REJECT,exception: LinAlgError: SVD did not converge,,,,,,,,,,,,,,,,
BRA,ENSO+HeatDry | lag1 | KF | coeff=last | EM=30 | P0=fixed,ENSO+HeatDry,30,False,last,Failed,—,—,—,REJECT,no EM result / insufficient complete data,,,,,,,,,,,,,,,,
BRA,ENSO+HeatDry | lag1 | KF | coeff=last | EM=30 | P0=update,ENSO+HeatDry,30,True,last,Failed,—,—,—,REJECT,no EM result / insufficient complete data,,,,,,,,,,,,,,,,
BRA,ENSO+HeatDry | lag1 | KF | coeff=last | EM=50 | P0=fixed,ENSO+HeatDry,50,False,last,Failed,—,—,—,REJECT,no EM result / insufficient complete data,,,,,,,,,,,,,,,,
BRA,ENSO+HeatDry | lag1 | KF | coeff=last | EM=50 | P0=update,ENSO+HeatDry,50,True,last,Failed,—,—,—,REJECT,no EM result / insufficient complete data,,,,,,,,,,,,,,,,
BRA,ENSO+HeatDryF | lag1 | KF | coeff=last | EM=20 | P0=fixed,ENSO+HeatDryF,20,False,last,Failed,—,—,—,REJECT,exception: LinAlgError: SVD did not converge,,,,,,,,,,,,,,,,
BRA,ENSO+HeatDryF | lag1 | KF | coeff=last | EM=20 | P0=update,ENSO+HeatDryF,20,True,last,Failed,—,—,—,REJECT,exception: LinAlgError: SVD did not converge,,,,,,,,,,,,,,,,
BRA,ENSO+HeatDryF | lag1 | KF | coeff=last | EM=30 | P0=fixed,ENSO+HeatDryF,30,False,last,Failed,—,—,—,REJECT,no EM result / insufficient complete data,,,,,,,,,,,,,,,,
BRA,ENSO+HeatDryF | lag1 | KF | coeff=last | EM=30 | P0=update,ENSO+HeatDryF,30,True,last,Failed,—,—,—,REJECT,no EM result / insufficient complete data,,,,,,,,,,,,,,,,
BRA,ENSO+HeatDryF | lag1 | KF | coeff=last | EM=50 | P0=fixed,ENSO+HeatDryF,50,False,last,Failed,—,—,—,REJECT,no EM result / insufficient complete data,,,,,,,,,,,,,,,,
BRA,ENSO+HeatDryF | lag1 | KF | coeff=last | EM=50 | P0=update,ENSO+HeatDryF,50,True,last,Failed,—,—,—,REJECT,no EM result / insufficient complete data,,,,,,,,,,,,,,,,
BRA,HeatDry | lag1 | KF | coeff=last | EM=20 | P0=fixed,HeatDry,20,False,last,Failed,—,—,—,REJECT,no EM result / insufficient complete data,,,,,,,,,,,,,,,,
BRA,HeatDry | lag1 | KF | coeff=last | EM=20 | P0=update,HeatDry,20,True,last,Failed,—,—,—,REJECT,exception: LinAlgError: SVD did not converge,,,,,,,,,,,,,,,,
BRA,HeatDry | lag1 | KF | coeff=last | EM=30 | P0=fixed,HeatDry,30,False,last,Failed,—,—,—,REJECT,no EM result / insufficient complete data,,,,,,,,,,,,,,,,
BRA,HeatDry | lag1 | KF | coeff=last | EM=30 | P0=update,HeatDry,30,True,last,Failed,—,—,—,REJECT,no EM result / insufficient complete data,,,,,,,,,,,,,,,,
BRA,HeatDry | lag1 | KF | coeff=last | EM=50 | P0=fixed,HeatDry,50,False,last,Failed,—,—,—,REJECT,no EM result / insufficient complete data,,,,,,,,,,,,,,,,
BRA,HeatDry | lag1 | KF | coeff=last | EM=50 | P0=update,HeatDry,50,True,last,Failed,—,—,—,REJECT,no EM result / insufficient complete data,,,,,,,,,,,,,,,,
BRA,HeatDryF | lag1 | KF | coeff=last | EM=20 | P0=fixed,HeatDryF,20,False,last,Failed,—,—,—,REJECT,no EM result / insufficient complete data,,,,,,,,,,,,,,,,
BRA,HeatDryF | lag1 | KF | coeff=last | EM=20 | P0=update,HeatDryF,20,True,last,Failed,—,—,—,REJECT,exception: LinAlgError: SVD did not converge,,,,,,,,,,,,,,,,
BRA,HeatDryF | lag1 | KF | coeff=last | EM=30 | P0=fixed,HeatDryF,30,False,last,Failed,—,—,—,REJECT,no EM result / insufficient complete data,,,,,,,,,,,,,,,,
BRA,HeatDryF | lag1 | KF | coeff=last | EM=30 | P0=update,HeatDryF,30,True,last,Failed,—,—,—,REJECT,no EM result / insufficient complete data,,,,,,,,,,,,,,,,
BRA,HeatDryF | lag1 | KF | coeff=last | EM=50 | P0=fixed,HeatDryF,50,False,last,Failed,—,—,—,REJECT,no EM result / insufficient complete data,,,,,,,,,,,,,,,,
BRA,HeatDryF | lag1 | KF | coeff=last | EM=50 | P0=update,HeatDryF,50,True,last,Failed,—,—,—,REJECT,no EM result / insufficient complete data,,,,,,,,,,,,,,,,
BRA,OIL_YoY+HeatDry | lag1 | KF | coeff=last | EM=20 | P0=fixed,OIL_YoY+HeatDry,20,False,last,Failed,—,—,—,REJECT,exception: LinAlgError: SVD did not converge,,,,,,,,,,,,,,,,
BRA,OIL_YoY+HeatDry | lag1 | KF | coeff=last | EM=20 | P0=update,OIL_YoY+HeatDry,20,True,last,Failed,—,—,—,REJECT,exception: LinAlgError: SVD did not converge,,,,,,,,,,,,,,,,
BRA,OIL_YoY+HeatDry | lag1 | KF | coeff=last | EM=30 | P0=fixed,OIL_YoY+HeatDry,30,False,last,Failed,—,—,—,REJECT,no EM result / insufficient complete data,,,,,,,,,,,,,,,,
BRA,OIL_YoY+HeatDry | lag1 | KF | coeff=last | EM=30 | P0=update,OIL_YoY+HeatDry,30,True,last,Failed,—,—,—,REJECT,no EM result / insufficient complete data,,,,,,,,,,,,,,,,
BRA,OIL_YoY+HeatDry | lag1 | KF | coeff=last | EM=50 | P0=fixed,OIL_YoY+HeatDry,50,False,last,Failed,—,—,—,REJECT,no EM result / insufficient complete data,,,,,,,,,,,,,,,,
BRA,OIL_YoY+HeatDry | lag1 | KF | coeff=last | EM=50 | P0=update,OIL_YoY+HeatDry,50,True,last,Failed,—,—,—,REJECT,no EM result / insufficient complete data,,,,,,,,,,,,,,,,
BRA,OIL_YoY+HeatDryF | lag1 | KF | coeff=last | EM=20 | P0=fixed,OIL_YoY+HeatDryF,20,False,last,Failed,—,—,—,REJECT,exception: LinAlgError: SVD did not converge,,,,,,,,,,,,,,,,
BRA,OIL_YoY+HeatDryF | lag1 | KF | coeff=last | EM=20 | P0=update,OIL_YoY+HeatDryF,20,True,last,Failed,—,—,—,REJECT,exception: LinAlgError: SVD did not converge,,,,,,,,,,,,,,,,
BRA,OIL_YoY+HeatDryF | lag1 | KF | coeff=last | EM=30 | P0=fixed,OIL_YoY+HeatDryF,30,False,last,Failed,—,—,—,REJECT,no EM result / insufficient complete data,,,,,,,,,,,,,,,,
BRA,OIL_YoY+HeatDryF | lag1 | KF | coeff=last | EM=30 | P0=update,OIL_YoY+HeatDryF,30,True,last,Failed,—,—,—,REJECT,no EM result / insufficient complete data,,,,,,,,,,,,,,,,
BRA,OIL_YoY+HeatDryF | lag1 | KF | coeff=last | EM=50 | P0=fixed,OIL_YoY+HeatDryF,50,False,last,Failed,—,—,—,REJECT,no EM result / insufficient complete data,,,,,,,,,,,,,,,,
BRA,OIL_YoY+HeatDryF | lag1 | KF | coeff=last | EM=50 | P0=update,OIL_YoY+HeatDryF,50,True,last,Failed,—,—,—,REJECT,no EM result / insufficient complete data,,,,,,,,,,,,,,,,
BRA,ENSO | lag1 | KF | coeff=avg4 | EM=20 | P0=fixed,ENSO,20,False,avg4,Failed,—,—,—,REJECT,no EM result / insufficient complete data,,,,,,,,,,,,,,,,
BRA,ENSO | lag1 | KF | coeff=avg4 | EM=20 | P0=update,ENSO,20,True,avg4,Failed,—,—,—,REJECT,exception: LinAlgError: SVD did not converge,,,,,,,,,,,,,,,,
BRA,ENSO | lag1 | KF | coeff=avg4 | EM=30 | P0=fixed,ENSO,30,False,avg4,Failed,—,—,—,REJECT,no EM result / insufficient complete data,,,,,,,,,,,,,,,,
BRA,ENSO | lag1 | KF | coeff=avg4 | EM=30 | P0=update,ENSO,30,True,avg4,Failed,—,—,—,REJECT,no EM result / insufficient complete data,,,,,,,,,,,,,,,,
BRA,ENSO | lag1 | KF | coeff=avg4 | EM=50 | P0=fixed,ENSO,50,False,avg4,Failed,—,—,—,REJECT,no EM result / insufficient complete data,,,,,,,,,,,,,,,,
BRA,ENSO | lag1 | KF | coeff=avg4 | EM=50 | P0=update,ENSO,50,True,avg4,Failed,—,—,—,REJECT,no EM result / insufficient complete data,,,,,,,,,,,,,,,,
BRA,ENSO+HeatDry | lag1 | KF | coeff=avg4 | EM=20 | P0=fixed,ENSO+HeatDry,20,False,avg4,Failed,—,—,—,REJECT,exception: LinAlgError: SVD did not converge,,,,,,,,,,,,,,,,
BRA,ENSO+HeatDry | lag1 | KF | coeff=avg4 | EM=20 | P0=update,ENSO+HeatDry,20,True,avg4,Failed,—,—,—,REJECT,exception: LinAlgError: SVD did not converge,,,,,,,,,,,,,,,,
BRA,ENSO+HeatDry | lag1 | KF | coeff=avg4 | EM=30 | P0=fixed,ENSO+HeatDry,30,False,avg4,Failed,—,—,—,REJECT,no EM result / insufficient complete data,,,,,,,,,,,,,,,,
BRA,ENSO+HeatDry | lag1 | KF | coeff=avg4 | EM=30 | P0=update,ENSO+HeatDry,30,True,avg4,Failed,—,—,—,REJECT,no EM result / insufficient complete data,,,,,,,,,,,,,,,,
BRA,ENSO+HeatDry | lag1 | KF | coeff=avg4 | EM=50 | P0=fixed,ENSO+HeatDry,50,False,avg4,Failed,—,—,—,REJECT,no EM result / insufficient complete data,,,,,,,,,,,,,,,,
BRA,ENSO+HeatDry | lag1 | KF | coeff=avg4 | EM=50 | P0=update,ENSO+HeatDry,50,True,avg4,Failed,—,—,—,REJECT,no EM result / insufficient complete data,,,,,,,,,,,,,,,,
BRA,ENSO+HeatDryF | lag1 | KF | coeff=avg4 | EM=20 | P0=fixed,ENSO+HeatDryF,20,False,avg4,Failed,—,—,—,REJECT,exception: LinAlgError: SVD did not converge,,,,,,,,,,,,,,,,
BRA,ENSO+HeatDryF | lag1 | KF | coeff=avg4 | EM=20 | P0=update,ENSO+HeatDryF,20,True,avg4,Failed,—,—,—,REJECT,exception: LinAlgError: SVD did not converge,,,,,,,,,,,,,,,,
BRA,ENSO+HeatDryF | lag1 | KF | coeff=avg4 | EM=30 | P0=fixed,ENSO+HeatDryF,30,False,avg4,Failed,—,—,—,REJECT,no EM result / insufficient complete data,,,,,,,,,,,,,,,,
BRA,ENSO+HeatDryF | lag1 | KF | coeff=avg4 | EM=30 | P0=update,ENSO+HeatDryF,30,True,avg4,Failed,—,—,—,REJECT,no EM result / insufficient complete data,,,,,,,,,,,,,,,,
BRA,ENSO+HeatDryF | lag1 | KF | coeff=avg4 | EM=50 | P0=fixed,ENSO+HeatDryF,50,False,avg4,Failed,—,—,—,REJECT,no EM result / insufficient complete data,,,,,,,,,,,,,,,,
BRA,ENSO+HeatDryF | lag1 | KF | coeff=avg4 | EM=50 | P0=update,ENSO+HeatDryF,50,True,avg4,Failed,—,—,—,REJECT,no EM result / insufficient complete data,,,,,,,,,,,,,,,,
BRA,HeatDry | lag1 | KF | coeff=avg4 | EM=20 | P0=fixed,HeatDry,20,False,avg4,Failed,—,—,—,REJECT,no EM result / insufficient complete data,,,,,,,,,,,,,,,,
BRA,HeatDry | lag1 | KF | coeff=avg4 | EM=20 | P0=update,HeatDry,20,True,avg4,Failed,—,—,—,REJECT,exception: LinAlgError: SVD did not converge,,,,,,,,,,,,,,,,
BRA,HeatDry | lag1 | KF | coeff=avg4 | EM=30 | P0=fixed,HeatDry,30,False,avg4,Failed,—,—,—,REJECT,no EM result / insufficient complete data,,,,,,,,,,,,,,,,
BRA,HeatDry | lag1 | KF | coeff=avg4 | EM=30 | P0=update,HeatDry,30,True,avg4,Failed,—,—,—,REJECT,no EM result / insufficient complete data,,,,,,,,,,,,,,,,
BRA,HeatDry | lag1 | KF | coeff=avg4 | EM=50 | P0=fixed,HeatDry,50,False,avg4,Failed,—,—,—,REJECT,no EM result / insufficient complete data,,,,,,,,,,,,,,,,
BRA,HeatDry | lag1 | KF | coeff=avg4 | EM=50 | P0=update,HeatDry,50,True,avg4,Failed,—,—,—,REJECT,no EM result / insufficient complete data,,,,,,,,,,,,,,,,
BRA,HeatDryF | lag1 | KF | coeff=avg4 | EM=20 | P0=fixed,HeatDryF,20,False,avg4,Failed,—,—,—,REJECT,no EM result / insufficient complete data,,,,,,,,,,,,,,,,
BRA,HeatDryF | lag1 | KF | coeff=avg4 | EM=20 | P0=update,HeatDryF,20,True,avg4,Failed,—,—,—,REJECT,exception: LinAlgError: SVD did not converge,,,,,,,,,,,,,,,,
BRA,HeatDryF | lag1 | KF | coeff=avg4 | EM=30 | P0=fixed,HeatDryF,30,False,avg4,Failed,—,—,—,REJECT,no EM result / insufficient complete data,,,,,,,,,,,,,,,,
BRA,HeatDryF | lag1 | KF | coeff=avg4 | EM=30 | P0=update,HeatDryF,30,True,avg4,Failed,—,—,—,REJECT,no EM result / insufficient complete data,,,,,,,,,,,,,,,,
BRA,HeatDryF | lag1 | KF | coeff=avg4 | EM=50 | P0=fixed,HeatDryF,50,False,avg4,Failed,—,—,—,REJECT,no EM result / insufficient complete data,,,,,,,,,,,,,,,,
BRA,HeatDryF | lag1 | KF | coeff=avg4 | EM=50 | P0=update,HeatDryF,50,True,avg4,Failed,—,—,—,REJECT,no EM result / insufficient complete data,,,,,,,,,,,,,,,,
BRA,OIL_YoY+HeatDry | lag1 | KF | coeff=avg4 | EM=20 | P0=fixed,OIL_YoY+HeatDry,20,False,avg4,Failed,—,—,—,REJECT,exception: LinAlgError: SVD did not converge,,,,,,,,,,,,,,,,
BRA,OIL_YoY+HeatDry | lag1 | KF | coeff=avg4 | EM=20 | P0=update,OIL_YoY+HeatDry,20,True,avg4,Failed,—,—,—,REJECT,exception: LinAlgError: SVD did not converge,,,,,,,,,,,,,,,,
BRA,OIL_YoY+HeatDry | lag1 | KF | coeff=avg4 | EM=30 | P0=fixed,OIL_YoY+HeatDry,30,False,avg4,Failed,—,—,—,REJECT,no EM result / insufficient complete data,,,,,,,,,,,,,,,,
BRA,OIL_YoY+HeatDry | lag1 | KF | coeff=avg4 | EM=30 | P0=update,OIL_YoY+HeatDry,30,True,avg4,Failed,—,—,—,REJECT,no EM result / insufficient complete data,,,,,,,,,,,,,,,,
BRA,OIL_YoY+HeatDry | lag1 | KF | coeff=avg4 | EM=50 | P0=fixed,OIL_YoY+HeatDry,50,False,avg4,Failed,—,—,—,REJECT,no EM result / insufficient complete data,,,,,,,,,,,,,,,,
BRA,OIL_YoY+HeatDry | lag1 | KF | coeff=avg4 | EM=50 | P0=update,OIL_YoY+HeatDry,50,True,avg4,Failed,—,—,—,REJECT,no EM result / insufficient complete data,,,,,,,,,,,,,,,,
BRA,OIL_YoY+HeatDryF | lag1 | KF | coeff=avg4 | EM=20 | P0=fixed,OIL_YoY+HeatDryF,20,False,avg4,Failed,—,—,—,REJECT,exception: LinAlgError: SVD did not converge,,,,,,,,,,,,,,,,
BRA,OIL_YoY+HeatDryF | lag1 | KF | coeff=avg4 | EM=20 | P0=update,OIL_YoY+HeatDryF,20,True,avg4,Failed,—,—,—,REJECT,exception: LinAlgError: SVD did not converge,,,,,,,,,,,,,,,,
BRA,OIL_YoY+HeatDryF | lag1 | KF | coeff=avg4 | EM=30 | P0=fixed,OIL_YoY+HeatDryF,30,False,avg4,Failed,—,—,—,REJECT,no EM result / insufficient complete data,,,,,,,,,,,,,,,,
BRA,OIL_YoY+HeatDryF | lag1 | KF | coeff=avg4 | EM=30 | P0=update,OIL_YoY+HeatDryF,30,True,avg4,Failed,—,—,—,REJECT,no EM result / insufficient complete data,,,,,,,,,,,,,,,,
BRA,OIL_YoY+HeatDryF | lag1 | KF | coeff=avg4 | EM=50 | P0=fixed,OIL_YoY+HeatDryF,50,False,avg4,Failed,—,—,—,REJECT,no EM result / insufficient complete data,,,,,,,,,,,,,,,,
BRA,OIL_YoY+HeatDryF | lag1 | KF | coeff=avg4 | EM=50 | P0=update,OIL_YoY+HeatDryF,50,True,avg4,Failed,—,—,—,REJECT,no EM result / insufficient complete data,,,,,,,,,,,,,,,,
BRA,ENSO | lag1 | KF | coeff=avg8 | EM=20 | P0=fixed,ENSO,20,False,avg8,Failed,—,—,—,REJECT,no EM result / insufficient complete data,,,,,,,,,,,,,,,,
BRA,ENSO | lag1 | KF | coeff=avg8 | EM=20 | P0=update,ENSO,20,True,avg8,Failed,—,—,—,REJECT,exception: LinAlgError: SVD did not converge,,,,,,,,,,,,,,,,
BRA,ENSO | lag1 | KF | coeff=avg8 | EM=30 | P0=fixed,ENSO,30,False,avg8,Failed,—,—,—,REJECT,no EM result / insufficient complete data,,,,,,,,,,,,,,,,
BRA,ENSO | lag1 | KF | coeff=avg8 | EM=30 | P0=update,ENSO,30,True,avg8,Failed,—,—,—,REJECT,no EM result / insufficient complete data,,,,,,,,,,,,,,,,
BRA,ENSO | lag1 | KF | coeff=avg8 | EM=50 | P0=fixed,ENSO,50,False,avg8,Failed,—,—,—,REJECT,no EM result / insufficient complete data,,,,,,,,,,,,,,,,
BRA,ENSO | lag1 | KF | coeff=avg8 | EM=50 | P0=update,ENSO,50,True,avg8,Failed,—,—,—,REJECT,no EM result / insufficient complete data,,,,,,,,,,,,,,,,
BRA,ENSO+HeatDry | lag1 | KF | coeff=avg8 | EM=20 | P0=fixed,ENSO+HeatDry,20,False,avg8,Failed,—,—,—,REJECT,exception: LinAlgError: SVD did not converge,,,,,,,,,,,,,,,,
BRA,ENSO+HeatDry | lag1 | KF | coeff=avg8 | EM=20 | P0=update,ENSO+HeatDry,20,True,avg8,Failed,—,—,—,REJECT,exception: LinAlgError: SVD did not converge,,,,,,,,,,,,,,,,
BRA,ENSO+HeatDry | lag1 | KF | coeff=avg8 | EM=30 | P0=fixed,ENSO+HeatDry,30,False,avg8,Failed,—,—,—,REJECT,no EM result / insufficient complete data,,,,,,,,,,,,,,,,
BRA,ENSO+HeatDry | lag1 | KF | coeff=avg8 | EM=30 | P0=update,ENSO+HeatDry,30,True,avg8,Failed,—,—,—,REJECT,no EM result / insufficient complete data,,,,,,,,,,,,,,,,
BRA,ENSO+HeatDry | lag1 | KF | coeff=avg8 | EM=50 | P0=fixed,ENSO+HeatDry,50,False,avg8,Failed,—,—,—,REJECT,no EM result / insufficient complete data,,,,,,,,,,,,,,,,
BRA,ENSO+HeatDry | lag1 | KF | coeff=avg8 | EM=50 | P0=update,ENSO+HeatDry,50,True,avg8,Failed,—,—,—,REJECT,no EM result / insufficient complete data,,,,,,,,,,,,,,,,
BRA,ENSO+HeatDryF | lag1 | KF | coeff=avg8 | EM=20 | P0=fixed,ENSO+HeatDryF,20,False,avg8,Failed,—,—,—,REJECT,exception: LinAlgError: SVD did not converge,,,,,,,,,,,,,,,,
BRA,ENSO+HeatDryF | lag1 | KF | coeff=avg8 | EM=20 | P0=update,ENSO+HeatDryF,20,True,avg8,Failed,—,—,—,REJECT,exception: LinAlgError: SVD did not converge,,,,,,,,,,,,,,,,
BRA,ENSO+HeatDryF | lag1 | KF | coeff=avg8 | EM=30 | P0=fixed,ENSO+HeatDryF,30,False,avg8,Failed,—,—,—,REJECT,no EM result / insufficient complete data,,,,,,,,,,,,,,,,
BRA,ENSO+HeatDryF | lag1 | KF | coeff=avg8 | EM=30 | P0=update,ENSO+HeatDryF,30,True,avg8,Failed,—,—,—,REJECT,no EM result / insufficient complete data,,,,,,,,,,,,,,,,
BRA,ENSO+HeatDryF | lag1 | KF | coeff=avg8 | EM=50 | P0=fixed,ENSO+HeatDryF,50,False,avg8,Failed,—,—,—,REJECT,no EM result / insufficient complete data,,,,,,,,,,,,,,,,
BRA,ENSO+HeatDryF | lag1 | KF | coeff=avg8 | EM=50 | P0=update,ENSO+HeatDryF,50,True,avg8,Failed,—,—,—,REJECT,no EM result / insufficient complete data,,,,,,,,,,,,,,,,
BRA,HeatDry | lag1 | KF | coeff=avg8 | EM=20 | P0=fixed,HeatDry,20,False,avg8,Failed,—,—,—,REJECT,no EM result / insufficient complete data,,,,,,,,,,,,,,,,
BRA,HeatDry | lag1 | KF | coeff=avg8 | EM=20 | P0=update,HeatDry,20,True,avg8,Failed,—,—,—,REJECT,exception: LinAlgError: SVD did not converge,,,,,,,,,,,,,,,,
BRA,HeatDry | lag1 | KF | coeff=avg8 | EM=30 | P0=fixed,HeatDry,30,False,avg8,Failed,—,—,—,REJECT,no EM result / insufficient complete data,,,,,,,,,,,,,,,,
BRA,HeatDry | lag1 | KF | coeff=avg8 | EM=30 | P0=update,HeatDry,30,True,avg8,Failed,—,—,—,REJECT,no EM result / insufficient complete data,,,,,,,,,,,,,,,,
BRA,HeatDry | lag1 | KF | coeff=avg8 | EM=50 | P0=fixed,HeatDry,50,False,avg8,Failed,—,—,—,REJECT,no EM result / insufficient complete data,,,,,,,,,,,,,,,,
BRA,HeatDry | lag1 | KF | coeff=avg8 | EM=50 | P0=update,HeatDry,50,True,avg8,Failed,—,—,—,REJECT,no EM result / insufficient complete data,,,,,,,,,,,,,,,,
BRA,HeatDryF | lag1 | KF | coeff=avg8 | EM=20 | P0=fixed,HeatDryF,20,False,avg8,Failed,—,—,—,REJECT,no EM result / insufficient complete data,,,,,,,,,,,,,,,,
BRA,HeatDryF | lag1 | KF | coeff=avg8 | EM=20 | P0=update,HeatDryF,20,True,avg8,Failed,—,—,—,REJECT,exception: LinAlgError: SVD did not converge,,,,,,,,,,,,,,,,
BRA,HeatDryF | lag1 | KF | coeff=avg8 | EM=30 | P0=fixed,HeatDryF,30,False,avg8,Failed,—,—,—,REJECT,no EM result / insufficient complete data,,,,,,,,,,,,,,,,
BRA,HeatDryF | lag1 | KF | coeff=avg8 | EM=30 | P0=update,HeatDryF,30,True,avg8,Failed,—,—,—,REJECT,no EM result / insufficient complete data,,,,,,,,,,,,,,,,
BRA,HeatDryF | lag1 | KF | coeff=avg8 | EM=50 | P0=fixed,HeatDryF,50,False,avg8,Failed,—,—,—,REJECT,no EM result / insufficient complete data,,,,,,,,,,,,,,,,
BRA,HeatDryF | lag1 | KF | coeff=avg8 | EM=50 | P0=update,HeatDryF,50,True,avg8,Failed,—,—,—,REJECT,no EM result / insufficient complete data,,,,,,,,,,,,,,,,
BRA,OIL_YoY+HeatDry | lag1 | KF | coeff=avg8 | EM=20 | P0=fixed,OIL_YoY+HeatDry,20,False,avg8,Failed,—,—,—,REJECT,exception: LinAlgError: SVD did not converge,,,,,,,,,,,,,,,,
BRA,OIL_YoY+HeatDry | lag1 | KF | coeff=avg8 | EM=20 | P0=update,OIL_YoY+HeatDry,20,True,avg8,Failed,—,—,—,REJECT,exception: LinAlgError: SVD did not converge,,,,,,,,,,,,,,,,
BRA,OIL_YoY+HeatDry | lag1 | KF | coeff=avg8 | EM=30 | P0=fixed,OIL_YoY+HeatDry,30,False,avg8,Failed,—,—,—,REJECT,no EM result / insufficient complete data,,,,,,,,,,,,,,,,
BRA,OIL_YoY+HeatDry | lag1 | KF | coeff=avg8 | EM=30 | P0=update,OIL_YoY+HeatDry,30,True,avg8,Failed,—,—,—,REJECT,no EM result / insufficient complete data,,,,,,,,,,,,,,,,
BRA,OIL_YoY+HeatDry | lag1 | KF | coeff=avg8 | EM=50 | P0=fixed,OIL_YoY+HeatDry,50,False,avg8,Failed,—,—,—,REJECT,no EM result / insufficient complete data,,,,,,,,,,,,,,,,
BRA,OIL_YoY+HeatDry | lag1 | KF | coeff=avg8 | EM=50 | P0=update,OIL_YoY+HeatDry,50,True,avg8,Failed,—,—,—,REJECT,no EM result / insufficient complete data,,,,,,,,,,,,,,,,
BRA,OIL_YoY+HeatDryF | lag1 | KF | coeff=avg8 | EM=20 | P0=fixed,OIL_YoY+HeatDryF,20,False,avg8,Failed,—,—,—,REJECT,exception: LinAlgError: SVD did not converge,,,,,,,,,,,,,,,,
BRA,OIL_YoY+HeatDryF | lag1 | KF | coeff=avg8 | EM=20 | P0=update,OIL_YoY+HeatDryF,20,True,avg8,Failed,—,—,—,REJECT,exception: LinAlgError: SVD did not converge,,,,,,,,,,,,,,,,
BRA,OIL_YoY+HeatDryF | lag1 | KF | coeff=avg8 | EM=30 | P0=fixed,OIL_YoY+HeatDryF,30,False,avg8,Failed,—,—,—,REJECT,no EM result / insufficient complete data,,,,,,,,,,,,,,,,
BRA,OIL_YoY+HeatDryF | lag1 | KF | coeff=avg8 | EM=30 | P0=update,OIL_YoY+HeatDryF,30,True,avg8,Failed,—,—,—,REJECT,no EM result / insufficient complete data,,,,,,,,,,,,,,,,
BRA,OIL_YoY+HeatDryF | lag1 | KF | coeff=avg8 | EM=50 | P0=fixed,OIL_YoY+HeatDryF,50,False,avg8,Failed,—,—,—,REJECT,no EM result / insufficient complete data,,,,,,,,,,,,,,,,
BRA,OIL_YoY+HeatDryF | lag1 | KF | coeff=avg8 | EM=50 | P0=update,OIL_YoY+HeatDryF,50,True,avg8,Failed,—,—,—,REJECT,no EM result / insufficient complete data,,,,,,,,,,,,,,,,
BRA,HeatDry | lag1 | KF | coeff=last | EM=10 | P0=fixed,HeatDry,10,False,last,Explosive,Unstable,Borderline,Acceptable,REJECT,dynamic amplification: max ||A^k||2=118.0; coefficient explosion: max |theta|=2733.6; end-sample coefficient jump=770.1,0.9888453790030679,117.97137678487174,117.97137678487174,2733.6310428154256,770.0938363476339,3.985860312176307,1.0791695757504725,98.22879227828571,32.58321542993497,1.5941430561629257,3.9776209660758974,6.0,2026Q2,2026Q3,2027Q4,True
BRA,HeatDry | lag1 | KF | coeff=last | EM=10 | P0=update,HeatDry,10,True,last,Explosive,Unstable,Explosive,Acceptable,REJECT,dynamic instability: rho=3.47; dynamic amplification: max ||A^k||2=278972.1; coefficient explosion: max |theta|=3049.9,3.471606788223086,278972.0515764598,278972.0515764598,3049.8783772151914,680.0232043711892,3.9893548039522044,1.0469166127804785,43527.696245997395,12486.342731044317,1.5418546702540035,3.981007270750449,6.0,2026Q2,2026Q3,2027Q4,True
BRA,OIL_YoY+HeatDryF | lag1 | KF | coeff=last | EM=10 | P0=fixed,OIL_YoY+HeatDryF,10,False,last,Explosive,Unstable,Explosive,Acceptable,REJECT,dynamic instability: rho=9.27; dynamic amplification: max ||A^k||2=4655772.6; coefficient explosion: max |theta|=2714.1,9.272633894682626,4655772.581433994,4655772.581433994,2714.082338729232,500.94018157934056,4.421337223635888,0.7013738076855671,24127406.73853395,7804652.454958126,1.5459531306048218,4.424956516204362,6.0,2026Q2,2026Q3,2027Q4,True
BRA,OIL_YoY+HeatDryF | lag1 | KF | coeff=last | EM=10 | P0=update,OIL_YoY+HeatDryF,10,True,last,Explosive,Unstable,Explosive,Acceptable,REJECT,dynamic instability: rho=18.66; dynamic amplification: max ||A^k||2=62689848.1; coefficient explosion: max |theta|=3253.2,18.663699193926732,62689848.07908979,62689848.07908979,3253.2092905323448,206.72414550136546,4.430389268615028,0.6215611721223326,40193467.74816407,13418386.07920979,1.263018999301428,4.434265261135691,6.0,2026Q2,2026Q3,2027Q4,True
BRA,ENSO+HeatDry | lag1 | KF | coeff=last | EM=10 | P0=fixed,ENSO+HeatDry,10,False,last,Explosive,Unstable,Explosive,Acceptable,REJECT,dynamic instability: rho=60.68; dynamic amplification: max ||A^k||2=106188181.6; coefficient explosion: max |theta|=1706.5,60.676821719043055,106188181.58539234,106188181.58539234,1706.501318600281,1423.4882388230571,3.710508960878138,0.6950819280648566,981961.8512978731,250782.9954603924,1.429785733451067,3.9475166594211513,4.0,2026Q2,2026Q3,2027Q2,True
BRA,HeatDry | lag1 | KF | coeff=avg4 | EM=10 | P0=fixed,HeatDry,10,False,avg4,Explosive,Unstable,Explosive,Acceptable,REJECT,dynamic instability: rho=13.00; dynamic amplification: max ||A^k||2=193177184.5; coefficient explosion: max |theta|=2733.6,12.998560121053641,193177184.4641918,193177184.4641918,2733.6310428154256,770.0938363476339,12.545749262218026,8.49117431120178,313733.3867762771,94107.6620978872,3.195542371234234,9.350206890983792,6.0,2026Q2,2026Q3,2027Q4,True
BRA,ENSO+HeatDry | lag1 | KF | coeff=last | EM=10 | P0=update,ENSO+HeatDry,10,True,last,Explosive,Unstable,Explosive,Acceptable,REJECT,dynamic instability: rho=103.45; dynamic amplification: max ||A^k||2=200817585.6; coefficient explosion: max |theta|=624.7,103.45367794716755,200817585.64662874,200817585.64662874,624.6664989321146,135.34340920291646,3.9856752788375776,0.5300311412149092,761916.4996267424,247859.91395728505,1.1038297430032025,3.978260692482643,4.0,2026Q2,2026Q3,2027Q2,True
BRA,OIL_YoY+HeatDry | lag1 | KF | coeff=last | EM=10 | P0=fixed,OIL_YoY+HeatDry,10,False,last,Explosive,Unstable,Explosive,Acceptable,REJECT,dynamic instability: rho=23.47; dynamic amplification: max ||A^k||2=335559743.0; coefficient explosion: max |theta|=1010.1,23.468410487606498,335559742.9571059,335559742.9571059,1010.0842465997748,115.91419335678847,4.383760649957431,0.7411879564016277,24813627.006316394,8620241.256408168,1.1788098304604642,4.389951147099898,6.0,2026Q2,2026Q3,2027Q4,True
BRA,ENSO+HeatDryF | lag1 | KF | coeff=last | EM=10 | P0=fixed,ENSO+HeatDryF,10,False,last,Explosive,Unstable,Explosive,Acceptable,REJECT,dynamic instability: rho=124.54; dynamic amplification: max ||A^k||2=557188315.5; coefficient explosion: max |theta|=2238.2,124.53976688231052,557188315.5399846,557188315.5399846,2238.1849619808954,789.1051769842456,4.093696807072455,0.48577689054599027,663301.2064132309,289610.53008507064,0.7889379728849553,4.082935647478289,4.0,2026Q2,2026Q3,2027Q2,True
BRA,HeatDry | lag1 | KF | coeff=avg8 | EM=10 | P0=fixed,HeatDry,10,False,avg8,Explosive,Unstable,Explosive,Acceptable,REJECT,dynamic instability: rho=18.49; dynamic amplification: max ||A^k||2=1756315937.2; coefficient explosion: max |theta|=2733.6,18.4852806147631,1756315937.2495577,1756315937.2495577,2733.6310428154256,770.0938363476339,8.35874709240106,4.9706194797818615,1899962.868715644,552914.3038215027,4.887188743671609,5.209129992159448,6.0,2026Q2,2026Q3,2027Q4,True
BRA,ENSO+HeatDry | lag1 | KF | coeff=avg4 | EM=10 | P0=fixed,ENSO+HeatDry,10,False,avg4,Explosive,Unstable,Explosive,Extreme,REJECT,dynamic instability: rho=165.20; dynamic amplification: max ||A^k||2=3127837499.9; coefficient explosion: max |theta|=1706.5,165.20219659683164,3127837499.9349155,3127837499.9349155,1706.501318600281,1423.4882388230571,169.53379966247567,169.460184192422,4192872.5364324898,1071046.700975598,105.98817159474574,167.24112224744647,4.0,2026Q2,2026Q3,2027Q2,True
BRA,ENSO+HeatDry | lag1 | KF | coeff=avg8 | EM=10 | P0=fixed,ENSO+HeatDry,10,False,avg8,Explosive,Unstable,Explosive,Acceptable,REJECT,dynamic instability: rho=233.16; dynamic amplification: max ||A^k||2=6521951581.4; coefficient explosion: max |theta|=1706.5,233.16283028071277,6521951581.384509,6521951581.384509,1706.501318600281,1423.4882388230571,41.59576528704099,42.37533921297218,2739490.793480226,780627.2812278805,20.086846583803595,41.50682189786349,4.0,2026Q2,2026Q3,2027Q2,True
BRA,ENSO+HeatDry | lag1 | KF | coeff=avg8 | EM=10 | P0=update,ENSO+HeatDry,10,True,avg8,Explosive,Unstable,Explosive,Acceptable,REJECT,dynamic instability: rho=330.17; dynamic amplification: max ||A^k||2=20809261367.4; coefficient explosion: max |theta|=624.7,330.16955720551306,20809261367.372784,20809261367.372784,624.6664989321146,135.34340920291646,13.637045423067978,17.887895024157487,5335629.712023587,1985910.5686893314,7.925094872686863,21.56214029575484,4.0,2026Q2,2026Q3,2027Q2,True
BRA,OIL_YoY+HeatDry | lag1 | KF | coeff=last | EM=10 | P0=update,OIL_YoY+HeatDry,10,True,last,Explosive,Unstable,Explosive,Acceptable,REJECT,dynamic instability: rho=47.99; dynamic amplification: max ||A^k||2=27313369734.6; coefficient explosion: max |theta|=10047.2,47.99200981089995,27313369734.60296,27313369734.60296,10047.247343395631,1517.0260290735187,4.429837802805782,0.7257010185651818,10148979770.477583,3315076677.204595,1.0736112865556542,4.4368676397724,6.0,2026Q2,2026Q3,2027Q4,True
BRA,ENSO+HeatDry | lag1 | KF | coeff=avg4 | EM=10 | P0=update,ENSO+HeatDry,10,True,avg4,Explosive,Unstable,Explosive,Acceptable,REJECT,dynamic instability: rho=477.85; dynamic amplification: max ||A^k||2=77340198697.8; coefficient explosion: max |theta|=624.7,477.8450686136695,77340198697.75143,77340198697.75143,624.6664989321146,135.34340920291646,42.09904245815247,47.111675279505874,13219400.101581175,4828814.845568763,14.334663993487744,56.43370645164021,4.0,2026Q2,2026Q3,2027Q2,True
BRA,HeatDryF | lag1 | KF | coeff=last | EM=10 | P0=fixed,HeatDryF,10,False,last,Explosive,Unstable,Explosive,Acceptable,REJECT,dynamic instability: rho=64.44; dynamic amplification: max ||A^k||2=106547583269.9; coefficient explosion: max |theta|=3361.4,64.43727823574784,106547583269.86491,106547583269.86491,3361.3865012000815,640.8637430524482,4.007758538800633,0.6111908576147291,57729459.91380812,15367408.581682138,1.1498189020329137,3.9959415329779904,6.0,2026Q2,2026Q3,2027Q4,True
BRA,ENSO+HeatDryF | lag1 | KF | coeff=last | EM=10 | P0=update,ENSO+HeatDryF,10,True,last,Explosive,Unstable,Explosive,Acceptable,REJECT,dynamic instability: rho=568.13; dynamic amplification: max ||A^k||2=246044439674.7; coefficient explosion: max |theta|=2937.9,568.1328348559365,246044439674.6693,246044439674.6693,2937.8703194926206,308.8930233930121,4.957930003868575,5.003295075194719,35550842.51399162,11631465.059259249,2.7122941848507764,4.947638043005341,4.0,2026Q2,2026Q3,2027Q2,True
BRA,ENSO | lag1 | KF | coeff=last | EM=10 | P0=fixed,ENSO,10,False,last,Explosive,Unstable,Explosive,Acceptable,REJECT,dynamic instability: rho=1025.55; dynamic amplification: max ||A^k||2=2215002826936.6; coefficient explosion: max |theta|=16617.6,1025.5515085995262,2215002826936.618,2215002826936.618,16617.610923770273,815.5923333920837,4.65512631194649,4.312451043724334,19101013.92345626,7452155.764163731,1.5495885608903475,3.9316058981643787,4.0,2026Q2,2026Q3,2027Q2,True
BRA,ENSO | lag1 | KF | coeff=last | EM=10 | P0=update,ENSO,10,True,last,Explosive,Unstable,Explosive,Extreme,REJECT,dynamic instability: rho=1834.40; dynamic amplification: max ||A^k||2=22483108716000.9; coefficient explosion: max |theta|=14056541800919835557997739404380169398636869844992.0,1834.3958664275979,22483108716000.887,22483108716000.887,1.4056541800919836e+49,8.512545778138726e+48,79.51235584976561,74.51145609543163,98981063.48203254,34997459.2027002,32.30161322286838,111.813969072634,4.0,2026Q2,2026Q3,2027Q2,True
BRA,ENSO+HeatDryF | lag1 | KF | coeff=avg4 | EM=10 | P0=fixed,ENSO+HeatDryF,10,False,avg4,Explosive,Unstable,Explosive,Extreme,REJECT,dynamic instability: rho=2094.73; dynamic amplification: max ||A^k||2=28643019709677.7; coefficient explosion: max |theta|=2238.2,2094.731989271635,28643019709677.703,28643019709677.703,2238.1849619808954,789.1051769842456,4362.363900432589,4366.13681999051,699416537.9752712,306317008.03562766,34754.28971417783,39116.65361461042,4.0,2026Q2,2026Q3,2027Q2,True
BRA,ENSO+HeatDryF | lag1 | KF | coeff=avg8 | EM=10 | P0=fixed,ENSO+HeatDryF,10,False,avg8,Explosive,Unstable,Explosive,Extreme,REJECT,dynamic instability: rho=2446.15; dynamic amplification: max ||A^k||2=45655824655742.6; coefficient explosion: max |theta|=2238.2,2446.1502311088,45655824655742.61,45655824655742.61,2238.1849619808954,789.1051769842456,27004.762551749685,26998.76148567634,825555562.1791116,333704917.267874,50692.22237300396,77696.98492475365,4.0,2026Q2,2026Q3,2027Q2,True
BRA,ENSO+HeatDryF | lag1 | KF | coeff=avg4 | EM=10 | P0=update,ENSO+HeatDryF,10,True,avg4,Explosive,Unstable,Explosive,Extreme,REJECT,dynamic instability: rho=3358.84; dynamic amplification: max ||A^k||2=187165823220527.6; coefficient explosion: max |theta|=2937.9,3358.842439701963,187165823220527.62,187165823220527.62,2937.8703194926206,308.8930233930121,506038.0158711156,506184.1912637674,3534386879.6023855,899555777.9230942,375456.4574543339,499049.4159784585,4.0,2026Q2,2026Q3,2027Q2,True
BRA,ENSO+HeatDryF | lag1 | KF | coeff=avg8 | EM=10 | P0=update,ENSO+HeatDryF,10,True,avg8,Explosive,Unstable,Explosive,Extreme,REJECT,dynamic instability: rho=3436.53; dynamic amplification: max ||A^k||2=206955104587989.0; coefficient explosion: max |theta|=2937.9,3436.5324643252484,206955104587988.97,206955104587988.97,2937.8703194926206,308.8930233930121,248743.19531560794,248811.35782732686,3829236246.5899334,986210399.6605679,324135.76897010475,244171.4023168499,4.0,2026Q2,2026Q3,2027Q2,True
BRA,OIL_YoY+HeatDryF | lag1 | KF | coeff=avg4 | EM=10 | P0=fixed,OIL_YoY+HeatDryF,10,False,avg4,Explosive,Unstable,Explosive,Extreme,REJECT,dynamic instability: rho=232.83; dynamic amplification: max ||A^k||2=1101102257529206.1; coefficient explosion: max |theta|=2714.1,232.82534629755403,1101102257529206.1,1101102257529206.1,2714.082338729232,500.94018157934056,2895914.7645075414,2883473.6717046886,335052335853.9701,110079960817.98555,196055.76642335113,2699858.9980841903,6.0,2026Q2,2026Q3,2027Q4,True
BRA,HeatDryF | lag1 | KF | coeff=last | EM=10 | P0=update,HeatDryF,10,True,last,Explosive,Unstable,Explosive,Extreme,REJECT,dynamic instability: rho=321.39; dynamic amplification: max ||A^k||2=1644716186365365.5; coefficient explosion: max |theta|=7792.1,321.38538680387734,1644716186365365.5,1644716186365365.5,7792.115551545556,1020.1353091497785,3080.4006961259443,3087.584240255879,1045228995399.0836,264135957938.3719,375.98257320887524,2704.418122917069,6.0,2026Q2,2026Q3,2027Q4,True
BRA,OIL_YoY+HeatDryF | lag1 | KF | coeff=avg8 | EM=10 | P0=fixed,OIL_YoY+HeatDryF,10,False,avg8,Explosive,Unstable,Explosive,Extreme,REJECT,dynamic instability: rho=356.83; dynamic amplification: max ||A^k||2=10316341819182314.0; coefficient explosion: max |theta|=2714.1,356.82782533049175,1.0316341819182314e+16,1.0316341819182314e+16,2714.082338729232,500.94018157934056,28190290.96962518,28111285.74541891,1889578446102.4263,617859315164.1833,1249793.9120739028,26940497.057551276,6.0,2026Q2,2026Q3,2027Q4,True
BRA,HeatDry | lag1 | KF | coeff=avg4 | EM=10 | P0=update,HeatDry,10,True,avg4,Explosive,Unstable,Explosive,Extreme,REJECT,dynamic instability: rho=307.29; dynamic amplification: max ||A^k||2=15011060909183192.0; coefficient explosion: max |theta|=3049.9,307.29258789527836,1.5011060909183192e+16,1.5011060909183192e+16,3049.8783772151914,680.0232043711892,36171864.5924321,36289578.866370685,1059230922162.9916,365557483114.1779,2963734.310925979,33208130.281506117,6.0,2026Q2,2026Q3,2027Q4,True
BRA,HeatDry | lag1 | KF | coeff=avg8 | EM=10 | P0=update,HeatDry,10,True,avg8,Explosive,Unstable,Explosive,Extreme,REJECT,dynamic instability: rho=304.94; dynamic amplification: max ||A^k||2=15564755555484088.0; coefficient explosion: max |theta|=3049.9,304.9397558345355,1.5564755555484088e+16,1.5564755555484088e+16,3049.8783772151914,680.0232043711892,40188081.987973616,40319874.70724686,1095333410679.7764,373701825423.2407,2086413.3595137373,38101668.62845988,6.0,2026Q2,2026Q3,2027Q4,True
BRA,ENSO | lag1 | KF | coeff=avg4 | EM=10 | P0=fixed,ENSO,10,False,avg4,Explosive,Unstable,Explosive,Extreme,REJECT,dynamic instability: rho=12069.47; dynamic amplification: max ||A^k||2=40975500436217264.0; coefficient explosion: max |theta|=16617.6,12069.47220359026,4.097550043621726e+16,4.097550043621726e+16,16617.610923770273,815.5923333920837,3429534.2360344296,3429813.651581661,19679035125.846294,6708455614.819411,461274.1005309755,3890808.336565405,4.0,2026Q2,2026Q3,2027Q2,True
BRA,ENSO | lag1 | KF | coeff=avg8 | EM=10 | P0=fixed,ENSO,10,False,avg8,Explosive,Unstable,Explosive,Extreme,REJECT,dynamic instability: rho=12261.79; dynamic amplification: max ||A^k||2=43526772315566064.0; coefficient explosion: max |theta|=16617.6,12261.793643714089,4.352677231556606e+16,4.352677231556606e+16,16617.610923770273,815.5923333920837,5110525.45377171,5110937.914039305,20412074802.999092,6928272009.375039,4274573.689397838,9385099.143169548,4.0,2026Q2,2026Q3,2027Q2,True
BRA,OIL_YoY+HeatDryF | lag1 | KF | coeff=avg4 | EM=10 | P0=update,OIL_YoY+HeatDryF,10,True,avg4,Explosive,Unstable,Explosive,Extreme,REJECT,dynamic instability: rho=530.16; dynamic amplification: max ||A^k||2=186501295996503744.0; coefficient explosion: max |theta|=3253.2,530.1571155649544,1.8650129599650374e+17,1.8650129599650374e+17,3253.2092905323448,206.72414550136546,3502750.6948617073,3509355.3268068647,23944994239072.945,8404304930851.866,121358.76814839384,3624109.463010101,6.0,2026Q2,2026Q3,2027Q4,True
BRA,OIL_YoY+HeatDryF | lag1 | KF | coeff=avg8 | EM=10 | P0=update,OIL_YoY+HeatDryF,10,True,avg8,Explosive,Unstable,Explosive,Extreme,REJECT,dynamic instability: rho=591.13; dynamic amplification: max ||A^k||2=294870650128116864.0; coefficient explosion: max |theta|=3253.2,591.125136288246,2.9487065012811686e+17,2.9487065012811686e+17,3253.2092905323448,206.72414550136546,4446994.468447418,4454519.372334545,33665220151533.895,11856263693050.982,851156.1865371428,5298150.654984561,6.0,2026Q2,2026Q3,2027Q4,True
BRA,OIL_YoY+HeatDry | lag1 | KF | coeff=avg8 | EM=10 | P0=fixed,OIL_YoY+HeatDry,10,False,avg8,Explosive,Unstable,Explosive,Extreme,REJECT,dynamic instability: rho=804.22; dynamic amplification: max ||A^k||2=483456371591735552.0; coefficient explosion: max |theta|=1010.1,804.2166006861266,4.8345637159173555e+17,4.8345637159173555e+17,1010.0842465997748,115.91419335678847,502422.5925134446,503049.77652697865,33211428101027.01,11617301657494.81,313843.9881569552,816266.5806703998,6.0,2026Q2,2026Q3,2027Q4,True
BRA,OIL_YoY+HeatDry | lag1 | KF | coeff=avg4 | EM=10 | P0=fixed,OIL_YoY+HeatDry,10,False,avg4,Explosive,Unstable,Explosive,Extreme,REJECT,dynamic instability: rho=917.06; dynamic amplification: max ||A^k||2=1089067683180023424.0; coefficient explosion: max |theta|=1010.1,917.0636667773274,1.0890676831800234e+18,1.0890676831800234e+18,1010.0842465997748,115.91419335678847,3515689.3125966727,3519520.2418844276,66063019767308.984,23085925547054.7,92999.00758500118,3422690.3050116715,6.0,2026Q2,2026Q3,2027Q4,True
BRA,HeatDryF | lag1 | KF | coeff=avg8 | EM=10 | P0=fixed,HeatDryF,10,False,avg8,Explosive,Unstable,Explosive,Extreme,REJECT,dynamic instability: rho=2031.88; dynamic amplification: max ||A^k||2=105508810521867321344.0; coefficient explosion: max |theta|=3361.4,2031.8776039494744,1.0550881052186732e+20,1.0550881052186732e+20,3361.3865012000815,640.8637430524482,5456877005.79419,5459562635.146065,1131467623120167.5,304139090096670.4,720212676.2771263,4736664329.517064,6.0,2026Q2,2026Q3,2027Q4,True
BRA,HeatDryF | lag1 | KF | coeff=avg4 | EM=10 | P0=fixed,HeatDryF,10,False,avg4,Explosive,Unstable,Explosive,Extreme,REJECT,dynamic instability: rho=2102.63; dynamic amplification: max ||A^k||2=129565125918820024320.0; coefficient explosion: max |theta|=3361.4,2102.627906540684,1.2956512591882002e+20,1.2956512591882002e+20,3361.3865012000815,640.8637430524482,1963576667.9242237,1964510532.398314,1342905621802448.0,360954446122455.25,1087266138.9421105,876310528.9821132,6.0,2026Q2,2026Q3,2027Q4,True
BRA,OIL_YoY+HeatDry | lag1 | KF | coeff=avg8 | EM=10 | P0=update,OIL_YoY+HeatDry,10,True,avg8,Explosive,Unstable,Explosive,Extreme,REJECT,dynamic instability: rho=4144.87; dynamic amplification: max ||A^k||2=13443900816772804116480.0; coefficient explosion: max |theta|=10047.2,4144.874196541586,1.3443900816772804e+22,1.3443900816772804e+22,10047.247343395631,1517.0260290735187,42656678113203.086,42646386684297.2,1.9197879977910074e+17,6.031616298332983e+16,618282803631.0391,42038395309572.05,6.0,2026Q2,2026Q3,2027Q4,True
BRA,OIL_YoY+HeatDry | lag1 | KF | coeff=avg4 | EM=10 | P0=update,OIL_YoY+HeatDry,10,True,avg4,Explosive,Unstable,Explosive,Extreme,REJECT,dynamic instability: rho=5217.02; dynamic amplification: max ||A^k||2=53867268150812246802432.0; coefficient explosion: max |theta|=10047.2,5217.023803920613,5.386726815081225e+22,5.386726815081225e+22,10047.247343395631,1517.0260290735187,99051744720617.72,99032758465532.14,6.094419595003227e+17,1.923947759919846e+17,3563984546452.1406,95487760174165.58,6.0,2026Q2,2026Q3,2027Q4,True
BRA,HeatDryF | lag1 | KF | coeff=avg4 | EM=10 | P0=update,HeatDryF,10,True,avg4,Explosive,Unstable,Explosive,Extreme,REJECT,dynamic instability: rho=7341.08; dynamic amplification: max ||A^k||2=211126377108675030417408.0; coefficient explosion: max |theta|=7792.1,7341.077654173969,2.1112637710867503e+23,2.1112637710867503e+23,7792.115551545556,1020.1353091497785,9045956225567.47,9044723987382.65,4.0955929277656275e+17,1.1919938987769098e+17,562522827440.8594,8483433398126.611,6.0,2026Q2,2026Q3,2027Q4,True
BRA,HeatDryF | lag1 | KF | coeff=avg8 | EM=10 | P0=update,HeatDryF,10,True,avg8,Explosive,Unstable,Explosive,Extreme,REJECT,dynamic instability: rho=7439.89; dynamic amplification: max ||A^k||2=229776310825891263414272.0; coefficient explosion: max |theta|=7792.1,7439.89280707773,2.2977631082589126e+23,2.2977631082589126e+23,7792.115551545556,1020.1353091497785,18526119937939.88,18523629832182.31,4.668985323680584e+17,1.3320974013966789e+17,795039747017.2109,17731080190922.668,6.0,2026Q2,2026Q3,2027Q4,True
BRA,ENSO | lag1 | KF | coeff=avg4 | EM=10 | P0=update,ENSO,10,True,avg4,Explosive,Unstable,Explosive,Extreme,REJECT,dynamic instability: rho=5294552684191821452248609016977955308584002650112.00; dynamic amplification: max ||A^k||2=1216993987317436962709566262294849483380793300213931483471215467217163944796208376521804271387948135405455073968927636371486934369741640594322013093071752265457706330524413501916607908220485238784.0; coefficient explosion: max |theta|=14056541800919835557997739404380169398636869844992.0,5.2945526841918215e+48,1.216993987317437e+195,1.216993987317437e+195,1.4056541800919836e+49,8.512545778138726e+48,1.5861956900732515e+191,1.5861956900732515e+191,inf,,7.037369619875547e+188,1.579158320453376e+191,4.0,2026Q2,2026Q3,2027Q2,True
BRA,ENSO | lag1 | KF | coeff=avg8 | EM=10 | P0=update,ENSO,10,True,avg8,Explosive,Unstable,Explosive,Extreme,REJECT,dynamic instability: rho=2695261170881075667664686731304778801216839745536.00; dynamic amplification: max ||A^k||2=81728723443057195890197496626257048123096900043860497674544282408509139552353634617483936144594020634630487067190931501140139862342999467791373131122166448077372055821349002327416558798506033152.0; coefficient explosion: max |theta|=14056541800919835557997739404380169398636869844992.0,2.6952611708810757e+48,8.17287234430572e+193,8.17287234430572e+193,1.4056541800919836e+49,8.512545778138726e+48,1.0654840613947135e+190,1.0654840613947135e+190,inf,,4.726059309122e+187,1.0607580020855915e+190,4.0,2026Q2,2026Q3,2027Q2,True
BRA,ENSO+HeatDry | lag1 | KF | coeff=last | EM=20 | P0=update,ENSO+HeatDry,20,True,last,Explosive,Unstable,Explosive,Extreme,REJECT,dynamic instability: rho=90910200376584144315874023625701909694223363871101432539119616.00; dynamic amplification: max ||A^k||2=1488849264018937134026780241189054324790387737984117005786157041859754531549171973297877447746071627562678418449099309289887818341996444801296943507601747590031812020887273744172565775173026959738142960144380282098212107949918179687794747135114608640.0; coefficient explosion: max |theta|=394406902538555778768256649656780856017507723312508648705015052667672097333979838428472342785032192.0,9.091020037658414e+61,1.4888492640189371e+249,1.4888492640189371e+249,3.944069025385558e+98,2.6788607781774318e+98,1.2594870830191665e+301,1.2594870830191665e+301,inf,,0.0,1.2594870830191665e+301,4.0,2026Q2,2026Q3,2027Q2,True
CHL,OIL_YoY+HeatDry | lag1 | KF | coeff=last | EM=10 | P0=fixed,OIL_YoY+HeatDry,10,False,last,Good,Borderline,Good,Acceptable,BORDERLINE,large coefficients: max |theta|=21.4; end-sample coefficient jump=6.6,0.8075385613355366,0.9408313083665485,0.2866535279928937,21.433106840590412,6.62575048503135,6.081894147107116,1.8638889518553423,1.308333448636302,2.7460442462282852,0.4521847061576256,6.083496572275026,6.0,2026Q2,2026Q3,2027Q4,True
CHL,HeatDryF | lag1 | KF | coeff=last | EM=10 | P0=fixed,HeatDryF,10,False,last,Good,Borderline,Good,Acceptable,BORDERLINE,large coefficients: max |theta|=21.5,0.8454440142625884,0.9848315039398302,0.4547882978181244,21.47140388701123,2.996129663703746,5.4930761796402265,0.8619463891062438,0.5526686822365576,3.27931818730116,0.7519109282056009,5.498249976054595,6.0,2026Q2,2026Q3,2027Q4,True
CHL,ENSO+HeatDry | lag1 | KF | coeff=last | EM=10 | P0=fixed,ENSO+HeatDry,10,False,last,Good,Borderline,Good,Acceptable,BORDERLINE,large coefficients: max |theta|=22.8; end-sample coefficient jump=7.9; CI expands quickly: ratio=5.5,0.7725579948837649,1.120991852137176,0.6782696820909776,22.84263510838655,7.869168326349939,3.408853393959182,1.4458998864685966,2.3312422987847006,5.457828244536823,5.099124600575131,4.756401658769644,4.0,2026Q2,2026Q3,2027Q2,True
CHL,ENSO | lag1 | KF | coeff=avg4 | EM=10 | P0=fixed,ENSO,10,False,avg4,Good,Good,Good,Acceptable,BORDERLINE,CI expands quickly: ratio=4.3,0.8258284309610068,1.4801899026222103,1.3772580713117846,0.9721422345302242,0.25590163202546645,2.1002215319666635,1.1066776305561072,5.129803560869009,4.334740121687313,2.7467933321253457,3.5270568054984444,4.0,2026Q2,2026Q3,2027Q2,True
CHL,ENSO | lag1 | KF | coeff=avg4 | EM=10 | P0=update,ENSO,10,True,avg4,Good,Good,Good,Acceptable,BORDERLINE,CI expands quickly: ratio=4.4,0.8247717115825278,1.4862136577851486,1.3862058908464339,0.9741797616457567,0.2563316842271709,2.101460682135662,1.108713736913728,5.127651366881183,4.375456218749969,2.771156263282217,3.500311662216776,4.0,2026Q2,2026Q3,2027Q2,True
CHL,ENSO | lag1 | KF | coeff=avg8 | EM=10 | P0=fixed,ENSO,10,False,avg8,Good,Good,Good,Acceptable,BORDERLINE,CI expands quickly: ratio=4.3,0.8317368722785473,1.3953056376550343,1.2550758651034102,0.9721422345302242,0.25590163202546645,2.1126217786280064,1.099355464124948,5.098517190369732,4.298851840639492,4.032830828607448,4.216323142412259,4.0,2026Q2,2026Q3,2027Q2,True
CHL,ENSO | lag1 | KF | coeff=avg8 | EM=10 | P0=update,ENSO,10,True,avg8,Good,Good,Good,Acceptable,BORDERLINE,CI expands quickly: ratio=4.3,0.831051570161287,1.4006384612033795,1.262754498129979,0.9741797616457567,0.2563316842271709,2.1137776447969614,1.1010504503018126,5.094563552563477,4.3384537525852105,4.055669261505084,4.197163161711724,4.0,2026Q2,2026Q3,2027Q2,True
CHL,ENSO | lag1 | KF | coeff=last | EM=10 | P0=fixed,ENSO,10,False,last,Borderline,Good,Good,Acceptable,BORDERLINE,near-unit dynamics: rho=1.02; CI expands quickly: ratio=6.2,1.0233686035920107,2.69430836429419,2.69430836429419,0.9721422345302242,0.25590163202546645,2.051956542836314,1.3977704220703822,7.7618755639836765,6.20573406299806,0.4382080824520136,2.3937026249099858,4.0,2026Q2,2026Q3,2027Q2,True
CHL,ENSO | lag1 | KF | coeff=last | EM=10 | P0=update,ENSO,10,True,last,Borderline,Good,Good,Acceptable,BORDERLINE,near-unit dynamics: rho=1.03; CI expands quickly: ratio=6.3,1.0322967228912274,2.7154494847796466,2.7154494847796466,0.9741797616457567,0.2563316842271709,2.051486765524208,1.4018713314743834,7.7797116151427606,6.277544831779448,0.43893046486723497,2.393115570092842,4.0,2026Q2,2026Q3,2027Q2,True
CHL,ENSO+HeatDry | lag1 | KF | coeff=last | EM=10 | P0=update,ENSO+HeatDry,10,True,last,Borderline,Borderline,Good,Acceptable,BORDERLINE,transient amplification: max ||A^k||2=3.9; large coefficients: max |theta|=22.0; end-sample coefficient jump=5.1,0.7844320607161468,3.9138366133320734,3.0815943641708903,22.026513662555907,5.087988081907339,3.4151379246107845,1.60528069887514,2.453031215344134,6.319692430808914,5.393571108645489,4.755544760581016,4.0,2026Q2,2026Q3,2027Q2,True
CHL,HeatDry | lag1 | KF | coeff=last | EM=10 | P0=fixed,HeatDry,10,False,last,Good,Unstable,Good,Acceptable,REJECT,coefficient explosion: max |theta|=93.1; end-sample coefficient jump=31.9,0.7603242406457384,1.1227983674898379,0.44263196267583194,93.11563580940165,31.927351311180722,5.251824457313784,0.8609725868243232,0.8948065615374459,2.7900233384280946,0.40224440737594946,5.11304041748658,6.0,2026Q2,2026Q3,2027Q4,True
CHL,OIL_YoY+HeatDryF | lag1 | KF | coeff=last | EM=10 | P0=fixed,OIL_YoY+HeatDryF,10,False,last,Good,Unstable,Good,Acceptable,REJECT,coefficient explosion: max |theta|=27.8; end-sample coefficient jump=11.1,0.7988932517853415,1.0618168701702593,0.35783961394610586,27.810281292606675,11.07777387887742,5.8400654968292836,1.4554537660724547,1.4765384768839098,3.7599787687563637,0.6234883845936494,6.411616353665928,6.0,2026Q2,2026Q3,2027Q4,True
CHL,ENSO+HeatDryF | lag1 | KF | coeff=last | EM=10 | P0=fixed,ENSO+HeatDryF,10,False,last,Borderline,Unstable,Good,Acceptable,REJECT,coefficient explosion: max |theta|=170.7; end-sample coefficient jump=17.8,0.8150416971826976,4.896770914383813,2.246486857154595,170.68337815553377,17.777598811256127,4.095733800852313,1.0872674454477935,1.0966275836523773,5.286293840084358,3.268414775399361,5.158709546058858,4.0,2026Q2,2026Q3,2027Q2,True
CHL,OIL_YoY+HeatDry | lag1 | KF | coeff=last | EM=10 | P0=update,OIL_YoY+HeatDry,10,True,last,Borderline,Unstable,Good,Acceptable,REJECT,coefficient explosion: max |theta|=27.7; end-sample coefficient jump=24.8; rapid CI expansion: ratio=15.4,0.811780167641154,5.462434002698266,3.3095245010863463,27.67168072139399,24.761099222848596,6.048566872807617,1.8359482783974004,10.492657512554613,15.435808667923332,0.47885267081961036,6.0505341009677505,6.0,2026Q2,2026Q3,2027Q4,True
CHL,HeatDry | lag1 | KF | coeff=last | EM=10 | P0=update,HeatDry,10,True,last,Borderline,Unstable,Good,Acceptable,REJECT,coefficient explosion: max |theta|=236.0; end-sample coefficient jump=81.8,0.8072538120429682,7.061094268404005,2.4685538602125416,235.98762565049014,81.7822762747816,5.245809676015938,0.8586858813750489,1.0195990141417766,3.09416378364953,0.4137230621907193,5.09469316987843,6.0,2026Q2,2026Q3,2027Q4,True
CHL,OIL_YoY+HeatDryF | lag1 | KF | coeff=last | EM=10 | P0=update,OIL_YoY+HeatDryF,10,True,last,Explosive,Unstable,Good,Acceptable,REJECT,dynamic amplification: max ||A^k||2=10.2; coefficient explosion: max |theta|=222.1; end-sample coefficient jump=39.5,0.7994008429449322,10.17277314156958,0.9148999972786463,222.1207792341024,39.45160234882769,5.811987171827171,1.424344693797591,3.183023231224035,6.866601150968112,0.5904075177467725,6.402394689573944,6.0,2026Q2,2026Q3,2027Q4,True
CHL,ENSO | lag1 | KF | coeff=last | EM=30 | P0=fixed,ENSO,30,False,last,Failed,—,—,—,REJECT,no EM result / insufficient complete data,,,,,,,,,,,,,,,,
CHL,ENSO | lag1 | KF | coeff=last | EM=30 | P0=update,ENSO,30,True,last,Failed,—,—,—,REJECT,exception: LinAlgError: SVD did not converge,,,,,,,,,,,,,,,,
CHL,ENSO | lag1 | KF | coeff=last | EM=50 | P0=fixed,ENSO,50,False,last,Failed,—,—,—,REJECT,no EM result / insufficient complete data,,,,,,,,,,,,,,,,
CHL,ENSO | lag1 | KF | coeff=last | EM=50 | P0=update,ENSO,50,True,last,Failed,—,—,—,REJECT,no EM result / insufficient complete data,,,,,,,,,,,,,,,,
CHL,ENSO+HeatDry | lag1 | KF | coeff=last | EM=20 | P0=update,ENSO+HeatDry,20,True,last,Failed,—,—,—,REJECT,no EM result / insufficient complete data,,,,,,,,,,,,,,,,
CHL,ENSO+HeatDry | lag1 | KF | coeff=last | EM=30 | P0=fixed,ENSO+HeatDry,30,False,last,Failed,—,—,—,REJECT,no EM result / insufficient complete data,,,,,,,,,,,,,,,,
CHL,ENSO+HeatDry | lag1 | KF | coeff=last | EM=30 | P0=update,ENSO+HeatDry,30,True,last,Failed,—,—,—,REJECT,no EM result / insufficient complete data,,,,,,,,,,,,,,,,
CHL,ENSO+HeatDry | lag1 | KF | coeff=last | EM=50 | P0=fixed,ENSO+HeatDry,50,False,last,Failed,—,—,—,REJECT,no EM result / insufficient complete data,,,,,,,,,,,,,,,,
CHL,ENSO+HeatDry | lag1 | KF | coeff=last | EM=50 | P0=update,ENSO+HeatDry,50,True,last,Failed,—,—,—,REJECT,no EM result / insufficient complete data,,,,,,,,,,,,,,,,
CHL,ENSO+HeatDryF | lag1 | KF | coeff=last | EM=20 | P0=fixed,ENSO+HeatDryF,20,False,last,Failed,—,—,—,REJECT,exception: LinAlgError: SVD did not converge,,,,,,,,,,,,,,,,
CHL,ENSO+HeatDryF | lag1 | KF | coeff=last | EM=20 | P0=update,ENSO+HeatDryF,20,True,last,Failed,—,—,—,REJECT,no EM result / insufficient complete data,,,,,,,,,,,,,,,,
CHL,ENSO+HeatDryF | lag1 | KF | coeff=last | EM=30 | P0=fixed,ENSO+HeatDryF,30,False,last,Failed,—,—,—,REJECT,no EM result / insufficient complete data,,,,,,,,,,,,,,,,
CHL,ENSO+HeatDryF | lag1 | KF | coeff=last | EM=30 | P0=update,ENSO+HeatDryF,30,True,last,Failed,—,—,—,REJECT,no EM result / insufficient complete data,,,,,,,,,,,,,,,,
CHL,ENSO+HeatDryF | lag1 | KF | coeff=last | EM=50 | P0=fixed,ENSO+HeatDryF,50,False,last,Failed,—,—,—,REJECT,no EM result / insufficient complete data,,,,,,,,,,,,,,,,
CHL,ENSO+HeatDryF | lag1 | KF | coeff=last | EM=50 | P0=update,ENSO+HeatDryF,50,True,last,Failed,—,—,—,REJECT,no EM result / insufficient complete data,,,,,,,,,,,,,,,,
CHL,HeatDry | lag1 | KF | coeff=last | EM=20 | P0=fixed,HeatDry,20,False,last,Failed,—,—,—,REJECT,exception: LinAlgError: SVD did not converge,,,,,,,,,,,,,,,,
CHL,HeatDry | lag1 | KF | coeff=last | EM=20 | P0=update,HeatDry,20,True,last,Failed,—,—,—,REJECT,no EM result / insufficient complete data,,,,,,,,,,,,,,,,
CHL,HeatDry | lag1 | KF | coeff=last | EM=30 | P0=fixed,HeatDry,30,False,last,Failed,—,—,—,REJECT,no EM result / insufficient complete data,,,,,,,,,,,,,,,,
CHL,HeatDry | lag1 | KF | coeff=last | EM=30 | P0=update,HeatDry,30,True,last,Failed,—,—,—,REJECT,no EM result / insufficient complete data,,,,,,,,,,,,,,,,
CHL,HeatDry | lag1 | KF | coeff=last | EM=50 | P0=fixed,HeatDry,50,False,last,Failed,—,—,—,REJECT,no EM result / insufficient complete data,,,,,,,,,,,,,,,,
CHL,HeatDry | lag1 | KF | coeff=last | EM=50 | P0=update,HeatDry,50,True,last,Failed,—,—,—,REJECT,no EM result / insufficient complete data,,,,,,,,,,,,,,,,
CHL,HeatDryF | lag1 | KF | coeff=last | EM=20 | P0=fixed,HeatDryF,20,False,last,Failed,—,—,—,REJECT,exception: LinAlgError: SVD did not converge,,,,,,,,,,,,,,,,
CHL,HeatDryF | lag1 | KF | coeff=last | EM=20 | P0=update,HeatDryF,20,True,last,Failed,—,—,—,REJECT,exception: LinAlgError: SVD did not converge,,,,,,,,,,,,,,,,
CHL,HeatDryF | lag1 | KF | coeff=last | EM=30 | P0=fixed,HeatDryF,30,False,last,Failed,—,—,—,REJECT,no EM result / insufficient complete data,,,,,,,,,,,,,,,,
CHL,HeatDryF | lag1 | KF | coeff=last | EM=30 | P0=update,HeatDryF,30,True,last,Failed,—,—,—,REJECT,no EM result / insufficient complete data,,,,,,,,,,,,,,,,
CHL,HeatDryF | lag1 | KF | coeff=last | EM=50 | P0=fixed,HeatDryF,50,False,last,Failed,—,—,—,REJECT,no EM result / insufficient complete data,,,,,,,,,,,,,,,,
CHL,HeatDryF | lag1 | KF | coeff=last | EM=50 | P0=update,HeatDryF,50,True,last,Failed,—,—,—,REJECT,no EM result / insufficient complete data,,,,,,,,,,,,,,,,
CHL,OIL_YoY+HeatDry | lag1 | KF | coeff=last | EM=20 | P0=fixed,OIL_YoY+HeatDry,20,False,last,Failed,—,—,—,REJECT,exception: LinAlgError: SVD did not converge,,,,,,,,,,,,,,,,
CHL,OIL_YoY+HeatDry | lag1 | KF | coeff=last | EM=20 | P0=update,OIL_YoY+HeatDry,20,True,last,Failed,—,—,—,REJECT,no EM result / insufficient complete data,,,,,,,,,,,,,,,,
CHL,OIL_YoY+HeatDry | lag1 | KF | coeff=last | EM=30 | P0=fixed,OIL_YoY+HeatDry,30,False,last,Failed,—,—,—,REJECT,no EM result / insufficient complete data,,,,,,,,,,,,,,,,
CHL,OIL_YoY+HeatDry | lag1 | KF | coeff=last | EM=30 | P0=update,OIL_YoY+HeatDry,30,True,last,Failed,—,—,—,REJECT,no EM result / insufficient complete data,,,,,,,,,,,,,,,,
CHL,OIL_YoY+HeatDry | lag1 | KF | coeff=last | EM=50 | P0=fixed,OIL_YoY+HeatDry,50,False,last,Failed,—,—,—,REJECT,no EM result / insufficient complete data,,,,,,,,,,,,,,,,
CHL,OIL_YoY+HeatDry | lag1 | KF | coeff=last | EM=50 | P0=update,OIL_YoY+HeatDry,50,True,last,Failed,—,—,—,REJECT,no EM result / insufficient complete data,,,,,,,,,,,,,,,,
CHL,OIL_YoY+HeatDryF | lag1 | KF | coeff=last | EM=20 | P0=fixed,OIL_YoY+HeatDryF,20,False,last,Failed,—,—,—,REJECT,no EM result / insufficient complete data,,,,,,,,,,,,,,,,
CHL,OIL_YoY+HeatDryF | lag1 | KF | coeff=last | EM=20 | P0=update,OIL_YoY+HeatDryF,20,True,last,Failed,—,—,—,REJECT,exception: LinAlgError: SVD did not converge,,,,,,,,,,,,,,,,
CHL,OIL_YoY+HeatDryF | lag1 | KF | coeff=last | EM=30 | P0=fixed,OIL_YoY+HeatDryF,30,False,last,Failed,—,—,—,REJECT,no EM result / insufficient complete data,,,,,,,,,,,,,,,,
CHL,OIL_YoY+HeatDryF | lag1 | KF | coeff=last | EM=30 | P0=update,OIL_YoY+HeatDryF,30,True,last,Failed,—,—,—,REJECT,no EM result / insufficient complete data,,,,,,,,,,,,,,,,
CHL,OIL_YoY+HeatDryF | lag1 | KF | coeff=last | EM=50 | P0=fixed,OIL_YoY+HeatDryF,50,False,last,Failed,—,—,—,REJECT,no EM result / insufficient complete data,,,,,,,,,,,,,,,,
CHL,OIL_YoY+HeatDryF | lag1 | KF | coeff=last | EM=50 | P0=update,OIL_YoY+HeatDryF,50,True,last,Failed,—,—,—,REJECT,no EM result / insufficient complete data,,,,,,,,,,,,,,,,
CHL,ENSO | lag1 | KF | coeff=avg4 | EM=30 | P0=fixed,ENSO,30,False,avg4,Failed,—,—,—,REJECT,no EM result / insufficient complete data,,,,,,,,,,,,,,,,
CHL,ENSO | lag1 | KF | coeff=avg4 | EM=30 | P0=update,ENSO,30,True,avg4,Failed,—,—,—,REJECT,exception: LinAlgError: SVD did not converge,,,,,,,,,,,,,,,,
CHL,ENSO | lag1 | KF | coeff=avg4 | EM=50 | P0=fixed,ENSO,50,False,avg4,Failed,—,—,—,REJECT,no EM result / insufficient complete data,,,,,,,,,,,,,,,,
CHL,ENSO | lag1 | KF | coeff=avg4 | EM=50 | P0=update,ENSO,50,True,avg4,Failed,—,—,—,REJECT,no EM result / insufficient complete data,,,,,,,,,,,,,,,,
CHL,ENSO+HeatDry | lag1 | KF | coeff=avg4 | EM=20 | P0=update,ENSO+HeatDry,20,True,avg4,Failed,—,—,—,REJECT,no EM result / insufficient complete data,,,,,,,,,,,,,,,,
CHL,ENSO+HeatDry | lag1 | KF | coeff=avg4 | EM=30 | P0=fixed,ENSO+HeatDry,30,False,avg4,Failed,—,—,—,REJECT,no EM result / insufficient complete data,,,,,,,,,,,,,,,,
CHL,ENSO+HeatDry | lag1 | KF | coeff=avg4 | EM=30 | P0=update,ENSO+HeatDry,30,True,avg4,Failed,—,—,—,REJECT,no EM result / insufficient complete data,,,,,,,,,,,,,,,,
CHL,ENSO+HeatDry | lag1 | KF | coeff=avg4 | EM=50 | P0=fixed,ENSO+HeatDry,50,False,avg4,Failed,—,—,—,REJECT,no EM result / insufficient complete data,,,,,,,,,,,,,,,,
CHL,ENSO+HeatDry | lag1 | KF | coeff=avg4 | EM=50 | P0=update,ENSO+HeatDry,50,True,avg4,Failed,—,—,—,REJECT,no EM result / insufficient complete data,,,,,,,,,,,,,,,,
CHL,ENSO+HeatDryF | lag1 | KF | coeff=avg4 | EM=20 | P0=fixed,ENSO+HeatDryF,20,False,avg4,Failed,—,—,—,REJECT,exception: LinAlgError: SVD did not converge,,,,,,,,,,,,,,,,
CHL,ENSO+HeatDryF | lag1 | KF | coeff=avg4 | EM=20 | P0=update,ENSO+HeatDryF,20,True,avg4,Failed,—,—,—,REJECT,no EM result / insufficient complete data,,,,,,,,,,,,,,,,
CHL,ENSO+HeatDryF | lag1 | KF | coeff=avg4 | EM=30 | P0=fixed,ENSO+HeatDryF,30,False,avg4,Failed,—,—,—,REJECT,no EM result / insufficient complete data,,,,,,,,,,,,,,,,
CHL,ENSO+HeatDryF | lag1 | KF | coeff=avg4 | EM=30 | P0=update,ENSO+HeatDryF,30,True,avg4,Failed,—,—,—,REJECT,no EM result / insufficient complete data,,,,,,,,,,,,,,,,
CHL,ENSO+HeatDryF | lag1 | KF | coeff=avg4 | EM=50 | P0=fixed,ENSO+HeatDryF,50,False,avg4,Failed,—,—,—,REJECT,no EM result / insufficient complete data,,,,,,,,,,,,,,,,
CHL,ENSO+HeatDryF | lag1 | KF | coeff=avg4 | EM=50 | P0=update,ENSO+HeatDryF,50,True,avg4,Failed,—,—,—,REJECT,no EM result / insufficient complete data,,,,,,,,,,,,,,,,
CHL,HeatDry | lag1 | KF | coeff=avg4 | EM=20 | P0=fixed,HeatDry,20,False,avg4,Failed,—,—,—,REJECT,exception: LinAlgError: SVD did not converge,,,,,,,,,,,,,,,,
CHL,HeatDry | lag1 | KF | coeff=avg4 | EM=20 | P0=update,HeatDry,20,True,avg4,Failed,—,—,—,REJECT,no EM result / insufficient complete data,,,,,,,,,,,,,,,,
CHL,HeatDry | lag1 | KF | coeff=avg4 | EM=30 | P0=fixed,HeatDry,30,False,avg4,Failed,—,—,—,REJECT,no EM result / insufficient complete data,,,,,,,,,,,,,,,,
CHL,HeatDry | lag1 | KF | coeff=avg4 | EM=30 | P0=update,HeatDry,30,True,avg4,Failed,—,—,—,REJECT,no EM result / insufficient complete data,,,,,,,,,,,,,,,,
CHL,HeatDry | lag1 | KF | coeff=avg4 | EM=50 | P0=fixed,HeatDry,50,False,avg4,Failed,—,—,—,REJECT,no EM result / insufficient complete data,,,,,,,,,,,,,,,,
CHL,HeatDry | lag1 | KF | coeff=avg4 | EM=50 | P0=update,HeatDry,50,True,avg4,Failed,—,—,—,REJECT,no EM result / insufficient complete data,,,,,,,,,,,,,,,,
CHL,HeatDryF | lag1 | KF | coeff=avg4 | EM=20 | P0=fixed,HeatDryF,20,False,avg4,Failed,—,—,—,REJECT,exception: LinAlgError: SVD did not converge,,,,,,,,,,,,,,,,
CHL,HeatDryF | lag1 | KF | coeff=avg4 | EM=20 | P0=update,HeatDryF,20,True,avg4,Failed,—,—,—,REJECT,exception: LinAlgError: SVD did not converge,,,,,,,,,,,,,,,,
CHL,HeatDryF | lag1 | KF | coeff=avg4 | EM=30 | P0=fixed,HeatDryF,30,False,avg4,Failed,—,—,—,REJECT,no EM result / insufficient complete data,,,,,,,,,,,,,,,,
CHL,HeatDryF | lag1 | KF | coeff=avg4 | EM=30 | P0=update,HeatDryF,30,True,avg4,Failed,—,—,—,REJECT,no EM result / insufficient complete data,,,,,,,,,,,,,,,,
CHL,HeatDryF | lag1 | KF | coeff=avg4 | EM=50 | P0=fixed,HeatDryF,50,False,avg4,Failed,—,—,—,REJECT,no EM result / insufficient complete data,,,,,,,,,,,,,,,,
CHL,HeatDryF | lag1 | KF | coeff=avg4 | EM=50 | P0=update,HeatDryF,50,True,avg4,Failed,—,—,—,REJECT,no EM result / insufficient complete data,,,,,,,,,,,,,,,,
CHL,OIL_YoY+HeatDry | lag1 | KF | coeff=avg4 | EM=20 | P0=fixed,OIL_YoY+HeatDry,20,False,avg4,Failed,—,—,—,REJECT,exception: LinAlgError: SVD did not converge,,,,,,,,,,,,,,,,
CHL,OIL_YoY+HeatDry | lag1 | KF | coeff=avg4 | EM=20 | P0=update,OIL_YoY+HeatDry,20,True,avg4,Failed,—,—,—,REJECT,no EM result / insufficient complete data,,,,,,,,,,,,,,,,
CHL,OIL_YoY+HeatDry | lag1 | KF | coeff=avg4 | EM=30 | P0=fixed,OIL_YoY+HeatDry,30,False,avg4,Failed,—,—,—,REJECT,no EM result / insufficient complete data,,,,,,,,,,,,,,,,
CHL,OIL_YoY+HeatDry | lag1 | KF | coeff=avg4 | EM=30 | P0=update,OIL_YoY+HeatDry,30,True,avg4,Failed,—,—,—,REJECT,no EM result / insufficient complete data,,,,,,,,,,,,,,,,
CHL,OIL_YoY+HeatDry | lag1 | KF | coeff=avg4 | EM=50 | P0=fixed,OIL_YoY+HeatDry,50,False,avg4,Failed,—,—,—,REJECT,no EM result / insufficient complete data,,,,,,,,,,,,,,,,
CHL,OIL_YoY+HeatDry | lag1 | KF | coeff=avg4 | EM=50 | P0=update,OIL_YoY+HeatDry,50,True,avg4,Failed,—,—,—,REJECT,no EM result / insufficient complete data,,,,,,,,,,,,,,,,
CHL,OIL_YoY+HeatDryF | lag1 | KF | coeff=avg4 | EM=20 | P0=fixed,OIL_YoY+HeatDryF,20,False,avg4,Failed,—,—,—,REJECT,no EM result / insufficient complete data,,,,,,,,,,,,,,,,
CHL,OIL_YoY+HeatDryF | lag1 | KF | coeff=avg4 | EM=20 | P0=update,OIL_YoY+HeatDryF,20,True,avg4,Failed,—,—,—,REJECT,exception: LinAlgError: SVD did not converge,,,,,,,,,,,,,,,,
CHL,OIL_YoY+HeatDryF | lag1 | KF | coeff=avg4 | EM=30 | P0=fixed,OIL_YoY+HeatDryF,30,False,avg4,Failed,—,—,—,REJECT,no EM result / insufficient complete data,,,,,,,,,,,,,,,,
CHL,OIL_YoY+HeatDryF | lag1 | KF | coeff=avg4 | EM=30 | P0=update,OIL_YoY+HeatDryF,30,True,avg4,Failed,—,—,—,REJECT,no EM result / insufficient complete data,,,,,,,,,,,,,,,,
CHL,OIL_YoY+HeatDryF | lag1 | KF | coeff=avg4 | EM=50 | P0=fixed,OIL_YoY+HeatDryF,50,False,avg4,Failed,—,—,—,REJECT,no EM result / insufficient complete data,,,,,,,,,,,,,,,,
CHL,OIL_YoY+HeatDryF | lag1 | KF | coeff=avg4 | EM=50 | P0=update,OIL_YoY+HeatDryF,50,True,avg4,Failed,—,—,—,REJECT,no EM result / insufficient complete data,,,,,,,,,,,,,,,,
CHL,ENSO | lag1 | KF | coeff=avg8 | EM=30 | P0=fixed,ENSO,30,False,avg8,Failed,—,—,—,REJECT,no EM result / insufficient complete data,,,,,,,,,,,,,,,,
CHL,ENSO | lag1 | KF | coeff=avg8 | EM=30 | P0=update,ENSO,30,True,avg8,Failed,—,—,—,REJECT,exception: LinAlgError: SVD did not converge,,,,,,,,,,,,,,,,
CHL,ENSO | lag1 | KF | coeff=avg8 | EM=50 | P0=fixed,ENSO,50,False,avg8,Failed,—,—,—,REJECT,no EM result / insufficient complete data,,,,,,,,,,,,,,,,
CHL,ENSO | lag1 | KF | coeff=avg8 | EM=50 | P0=update,ENSO,50,True,avg8,Failed,—,—,—,REJECT,no EM result / insufficient complete data,,,,,,,,,,,,,,,,
CHL,ENSO+HeatDry | lag1 | KF | coeff=avg8 | EM=20 | P0=update,ENSO+HeatDry,20,True,avg8,Failed,—,—,—,REJECT,no EM result / insufficient complete data,,,,,,,,,,,,,,,,
CHL,ENSO+HeatDry | lag1 | KF | coeff=avg8 | EM=30 | P0=fixed,ENSO+HeatDry,30,False,avg8,Failed,—,—,—,REJECT,no EM result / insufficient complete data,,,,,,,,,,,,,,,,
CHL,ENSO+HeatDry | lag1 | KF | coeff=avg8 | EM=30 | P0=update,ENSO+HeatDry,30,True,avg8,Failed,—,—,—,REJECT,no EM result / insufficient complete data,,,,,,,,,,,,,,,,
CHL,ENSO+HeatDry | lag1 | KF | coeff=avg8 | EM=50 | P0=fixed,ENSO+HeatDry,50,False,avg8,Failed,—,—,—,REJECT,no EM result / insufficient complete data,,,,,,,,,,,,,,,,
CHL,ENSO+HeatDry | lag1 | KF | coeff=avg8 | EM=50 | P0=update,ENSO+HeatDry,50,True,avg8,Failed,—,—,—,REJECT,no EM result / insufficient complete data,,,,,,,,,,,,,,,,
CHL,ENSO+HeatDryF | lag1 | KF | coeff=avg8 | EM=20 | P0=fixed,ENSO+HeatDryF,20,False,avg8,Failed,—,—,—,REJECT,exception: LinAlgError: SVD did not converge,,,,,,,,,,,,,,,,
CHL,ENSO+HeatDryF | lag1 | KF | coeff=avg8 | EM=20 | P0=update,ENSO+HeatDryF,20,True,avg8,Failed,—,—,—,REJECT,no EM result / insufficient complete data,,,,,,,,,,,,,,,,
CHL,ENSO+HeatDryF | lag1 | KF | coeff=avg8 | EM=30 | P0=fixed,ENSO+HeatDryF,30,False,avg8,Failed,—,—,—,REJECT,no EM result / insufficient complete data,,,,,,,,,,,,,,,,
CHL,ENSO+HeatDryF | lag1 | KF | coeff=avg8 | EM=30 | P0=update,ENSO+HeatDryF,30,True,avg8,Failed,—,—,—,REJECT,no EM result / insufficient complete data,,,,,,,,,,,,,,,,
CHL,ENSO+HeatDryF | lag1 | KF | coeff=avg8 | EM=50 | P0=fixed,ENSO+HeatDryF,50,False,avg8,Failed,—,—,—,REJECT,no EM result / insufficient complete data,,,,,,,,,,,,,,,,
CHL,ENSO+HeatDryF | lag1 | KF | coeff=avg8 | EM=50 | P0=update,ENSO+HeatDryF,50,True,avg8,Failed,—,—,—,REJECT,no EM result / insufficient complete data,,,,,,,,,,,,,,,,
CHL,HeatDry | lag1 | KF | coeff=avg8 | EM=20 | P0=fixed,HeatDry,20,False,avg8,Failed,—,—,—,REJECT,exception: LinAlgError: SVD did not converge,,,,,,,,,,,,,,,,
CHL,HeatDry | lag1 | KF | coeff=avg8 | EM=20 | P0=update,HeatDry,20,True,avg8,Failed,—,—,—,REJECT,no EM result / insufficient complete data,,,,,,,,,,,,,,,,
CHL,HeatDry | lag1 | KF | coeff=avg8 | EM=30 | P0=fixed,HeatDry,30,False,avg8,Failed,—,—,—,REJECT,no EM result / insufficient complete data,,,,,,,,,,,,,,,,
CHL,HeatDry | lag1 | KF | coeff=avg8 | EM=30 | P0=update,HeatDry,30,True,avg8,Failed,—,—,—,REJECT,no EM result / insufficient complete data,,,,,,,,,,,,,,,,
CHL,HeatDry | lag1 | KF | coeff=avg8 | EM=50 | P0=fixed,HeatDry,50,False,avg8,Failed,—,—,—,REJECT,no EM result / insufficient complete data,,,,,,,,,,,,,,,,
CHL,HeatDry | lag1 | KF | coeff=avg8 | EM=50 | P0=update,HeatDry,50,True,avg8,Failed,—,—,—,REJECT,no EM result / insufficient complete data,,,,,,,,,,,,,,,,
CHL,HeatDryF | lag1 | KF | coeff=avg8 | EM=20 | P0=fixed,HeatDryF,20,False,avg8,Failed,—,—,—,REJECT,exception: LinAlgError: SVD did not converge,,,,,,,,,,,,,,,,
CHL,HeatDryF | lag1 | KF | coeff=avg8 | EM=20 | P0=update,HeatDryF,20,True,avg8,Failed,—,—,—,REJECT,exception: LinAlgError: SVD did not converge,,,,,,,,,,,,,,,,
CHL,HeatDryF | lag1 | KF | coeff=avg8 | EM=30 | P0=fixed,HeatDryF,30,False,avg8,Failed,—,—,—,REJECT,no EM result / insufficient complete data,,,,,,,,,,,,,,,,
CHL,HeatDryF | lag1 | KF | coeff=avg8 | EM=30 | P0=update,HeatDryF,30,True,avg8,Failed,—,—,—,REJECT,no EM result / insufficient complete data,,,,,,,,,,,,,,,,
CHL,HeatDryF | lag1 | KF | coeff=avg8 | EM=50 | P0=fixed,HeatDryF,50,False,avg8,Failed,—,—,—,REJECT,no EM result / insufficient complete data,,,,,,,,,,,,,,,,
CHL,HeatDryF | lag1 | KF | coeff=avg8 | EM=50 | P0=update,HeatDryF,50,True,avg8,Failed,—,—,—,REJECT,no EM result / insufficient complete data,,,,,,,,,,,,,,,,
CHL,OIL_YoY+HeatDry | lag1 | KF | coeff=avg8 | EM=20 | P0=fixed,OIL_YoY+HeatDry,20,False,avg8,Failed,—,—,—,REJECT,exception: LinAlgError: SVD did not converge,,,,,,,,,,,,,,,,
CHL,OIL_YoY+HeatDry | lag1 | KF | coeff=avg8 | EM=20 | P0=update,OIL_YoY+HeatDry,20,True,avg8,Failed,—,—,—,REJECT,no EM result / insufficient complete data,,,,,,,,,,,,,,,,
CHL,OIL_YoY+HeatDry | lag1 | KF | coeff=avg8 | EM=30 | P0=fixed,OIL_YoY+HeatDry,30,False,avg8,Failed,—,—,—,REJECT,no EM result / insufficient complete data,,,,,,,,,,,,,,,,
CHL,OIL_YoY+HeatDry | lag1 | KF | coeff=avg8 | EM=30 | P0=update,OIL_YoY+HeatDry,30,True,avg8,Failed,—,—,—,REJECT,no EM result / insufficient complete data,,,,,,,,,,,,,,,,
CHL,OIL_YoY+HeatDry | lag1 | KF | coeff=avg8 | EM=50 | P0=fixed,OIL_YoY+HeatDry,50,False,avg8,Failed,—,—,—,REJECT,no EM result / insufficient complete data,,,,,,,,,,,,,,,,
CHL,OIL_YoY+HeatDry | lag1 | KF | coeff=avg8 | EM=50 | P0=update,OIL_YoY+HeatDry,50,True,avg8,Failed,—,—,—,REJECT,no EM result / insufficient complete data,,,,,,,,,,,,,,,,
CHL,OIL_YoY+HeatDryF | lag1 | KF | coeff=avg8 | EM=20 | P0=fixed,OIL_YoY+HeatDryF,20,False,avg8,Failed,—,—,—,REJECT,no EM result / insufficient complete data,,,,,,,,,,,,,,,,
CHL,OIL_YoY+HeatDryF | lag1 | KF | coeff=avg8 | EM=20 | P0=update,OIL_YoY+HeatDryF,20,True,avg8,Failed,—,—,—,REJECT,exception: LinAlgError: SVD did not converge,,,,,,,,,,,,,,,,
CHL,OIL_YoY+HeatDryF | lag1 | KF | coeff=avg8 | EM=30 | P0=fixed,OIL_YoY+HeatDryF,30,False,avg8,Failed,—,—,—,REJECT,no EM result / insufficient complete data,,,,,,,,,,,,,,,,
CHL,OIL_YoY+HeatDryF | lag1 | KF | coeff=avg8 | EM=30 | P0=update,OIL_YoY+HeatDryF,30,True,avg8,Failed,—,—,—,REJECT,no EM result / insufficient complete data,,,,,,,,,,,,,,,,
CHL,OIL_YoY+HeatDryF | lag1 | KF | coeff=avg8 | EM=50 | P0=fixed,OIL_YoY+HeatDryF,50,False,avg8,Failed,—,—,—,REJECT,no EM result / insufficient complete data,,,,,,,,,,,,,,,,
CHL,OIL_YoY+HeatDryF | lag1 | KF | coeff=avg8 | EM=50 | P0=update,OIL_YoY+HeatDryF,50,True,avg8,Failed,—,—,—,REJECT,no EM result / insufficient complete data,,,,,,,,,,,,,,,,
CHL,ENSO+HeatDryF | lag1 | KF | coeff=last | EM=10 | P0=update,ENSO+HeatDryF,10,True,last,Explosive,Unstable,Good,Acceptable,REJECT,dynamic instability: rho=2.50; dynamic amplification: max ||A^k||2=136.8; coefficient explosion: max |theta|=164.4,2.4963865931704254,136.8230996241725,136.8230996241725,164.44832784377928,46.738249080568124,2.7874026847191518,1.2736048630892438,3.167749812064235,8.60539848170531,4.921731096902258,5.038722550725234,4.0,2026Q2,2026Q3,2027Q2,True
CHL,OIL_YoY+HeatDryF | lag1 | KF | coeff=avg8 | EM=10 | P0=fixed,OIL_YoY+HeatDryF,10,False,avg8,Explosive,Unstable,Good,Acceptable,REJECT,dynamic instability: rho=1.30; dynamic amplification: max ||A^k||2=166.8; coefficient explosion: max |theta|=27.8,1.3027298401612872,166.8463769319763,166.8463769319763,27.810281292606675,11.07777387887742,5.886699280607507,1.4546317578885541,30.15090665244474,58.33709375562919,0.5310167971343249,6.402675602473345,6.0,2026Q2,2026Q3,2027Q4,True
CHL,HeatDryF | lag1 | KF | coeff=last | EM=10 | P0=update,HeatDryF,10,True,last,Explosive,Unstable,Good,Acceptable,REJECT,dynamic instability: rho=2.09; dynamic amplification: max ||A^k||2=176.0; coefficient explosion: max |theta|=42.8,2.087031230910859,175.97487500637283,175.97487500637283,42.76790754970229,8.36782042074013,5.642860129165308,0.9051184189282031,31.911656036356035,104.69451876757016,0.6792993724569758,5.47359977961065,6.0,2026Q2,2026Q3,2027Q4,True
CHL,ENSO+HeatDryF | lag1 | KF | coeff=avg8 | EM=10 | P0=update,ENSO+HeatDryF,10,True,avg8,Explosive,Unstable,Borderline,Acceptable,REJECT,dynamic amplification: max ||A^k||2=189.9; coefficient explosion: max |theta|=164.4; end-sample coefficient jump=46.7,0.8288868271320932,189.91523077924273,60.71952451395507,164.44832784377928,46.738249080568124,4.676251554011007,3.8611578782749088,67.24807428942738,160.04574201037403,8.234143020958049,5.353420260639346,4.0,2026Q2,2026Q3,2027Q2,True
CHL,OIL_YoY+HeatDryF | lag1 | KF | coeff=avg4 | EM=10 | P0=fixed,OIL_YoY+HeatDryF,10,False,avg4,Explosive,Unstable,Good,Acceptable,REJECT,dynamic instability: rho=1.33; dynamic amplification: max ||A^k||2=202.5; coefficient explosion: max |theta|=27.8,1.334428989281252,202.5465625520612,202.5465625520612,27.810281292606675,11.07777387887742,5.771290107213028,1.3109074205071276,35.36887080415975,68.6736775562193,0.5611094364635365,6.294441407302498,6.0,2026Q2,2026Q3,2027Q4,True
CHL,ENSO+HeatDryF | lag1 | KF | coeff=avg4 | EM=10 | P0=update,ENSO+HeatDryF,10,True,avg4,Explosive,Unstable,Good,Acceptable,REJECT,dynamic instability: rho=1.54; dynamic amplification: max ||A^k||2=560.8; coefficient explosion: max |theta|=164.4,1.5421241107634602,560.7510459778401,560.7510459778401,164.44832784377928,46.738249080568124,5.150694182317947,3.9572062422424295,46.374141015282646,112.80428229062416,7.983742998853051,5.354053581353172,4.0,2026Q2,2026Q3,2027Q2,True
CHL,ENSO+HeatDry | lag1 | KF | coeff=avg4 | EM=10 | P0=update,ENSO+HeatDry,10,True,avg4,Explosive,Borderline,Good,Acceptable,REJECT,dynamic instability: rho=2.90; dynamic amplification: max ||A^k||2=920.5; rapid CI expansion: ratio=75.8,2.902237143586723,920.4800660361799,920.4800660361799,22.026513662555907,5.087988081907339,3.5583889697547555,2.9531590358017605,40.890433911824445,75.82522025777523,7.562813708055964,4.592545429560944,4.0,2026Q2,2026Q3,2027Q2,True
CHL,ENSO+HeatDry | lag1 | KF | coeff=avg8 | EM=10 | P0=update,ENSO+HeatDry,10,True,avg8,Explosive,Borderline,Good,Acceptable,REJECT,dynamic instability: rho=3.14; dynamic amplification: max ||A^k||2=1018.5; rapid CI expansion: ratio=77.6,3.14180546285701,1018.5423690785972,1018.5423690785972,22.026513662555907,5.087988081907339,3.6599970216622237,3.1477702389923756,40.96587265103679,77.55524220229017,7.891713794070316,4.864615313133523,4.0,2026Q2,2026Q3,2027Q2,True
CHL,OIL_YoY+HeatDry | lag1 | KF | coeff=avg4 | EM=10 | P0=update,OIL_YoY+HeatDry,10,True,avg4,Explosive,Unstable,Explosive,Acceptable,REJECT,dynamic instability: rho=2.84; dynamic amplification: max ||A^k||2=2875.4; coefficient explosion: max |theta|=27.7,2.8352347299664684,2875.380814682363,2875.380814682363,27.67168072139399,24.761099222848596,6.0521394791835785,1.8282899712135157,207.01475216679157,344.9934310233216,0.4453429869271357,6.054110925774706,6.0,2026Q2,2026Q3,2027Q4,True
CHL,ENSO+HeatDry | lag1 | KF | coeff=avg8 | EM=10 | P0=fixed,ENSO+HeatDry,10,False,avg8,Explosive,Borderline,Borderline,Acceptable,REJECT,dynamic instability: rho=4.83; dynamic amplification: max ||A^k||2=3418.4; rapid CI expansion: ratio=149.5,4.8324305305892645,3418.445797934184,3418.445797934184,22.84263510838655,7.869168326349939,3.42615833695822,1.8969575158467227,74.19346644400332,149.5161768415975,6.159115426615241,4.900550712235755,4.0,2026Q2,2026Q3,2027Q2,True
CHL,ENSO+HeatDry | lag1 | KF | coeff=avg4 | EM=10 | P0=fixed,ENSO+HeatDry,10,False,avg4,Explosive,Borderline,Borderline,Acceptable,REJECT,dynamic instability: rho=4.95; dynamic amplification: max ||A^k||2=3954.6; rapid CI expansion: ratio=165.9,4.950641320471752,3954.5551030453917,3954.5551030453917,22.84263510838655,7.869168326349939,3.3563379985574677,1.730180671528216,83.48469050906135,165.86676664927504,5.7952577733202375,4.746261650659067,4.0,2026Q2,2026Q3,2027Q2,True
CHL,OIL_YoY+HeatDry | lag1 | KF | coeff=avg8 | EM=10 | P0=update,OIL_YoY+HeatDry,10,True,avg8,Explosive,Unstable,Explosive,Acceptable,REJECT,dynamic instability: rho=3.82; dynamic amplification: max ||A^k||2=14494.3; coefficient explosion: max |theta|=27.7,3.8239145892753132,14494.253230420447,14494.253230420447,27.67168072139399,24.761099222848596,6.161338724397444,1.9273356129999306,491.04338101645476,914.3952468094609,0.4932592342825526,6.163522823511282,6.0,2026Q2,2026Q3,2027Q4,True
CHL,ENSO+HeatDryF | lag1 | KF | coeff=avg8 | EM=10 | P0=fixed,ENSO+HeatDryF,10,False,avg8,Explosive,Unstable,Explosive,Acceptable,REJECT,dynamic instability: rho=10.15; dynamic amplification: max ||A^k||2=212217.3; coefficient explosion: max |theta|=170.7,10.146225599680287,212217.34315837204,212217.34315837204,170.68337815553377,17.777598811256127,4.135374997339457,1.3119488322607045,1327.3499450825038,4584.622513151895,3.9115043102008205,4.9011337414600815,4.0,2026Q2,2026Q3,2027Q2,True
CHL,OIL_YoY+HeatDryF | lag1 | KF | coeff=avg8 | EM=10 | P0=update,OIL_YoY+HeatDryF,10,True,avg8,Explosive,Unstable,Explosive,Acceptable,REJECT,dynamic instability: rho=4.22; dynamic amplification: max ||A^k||2=307746.4; coefficient explosion: max |theta|=222.1,4.222403614699117,307746.3644520782,307746.3644520782,222.1207792341024,39.45160234882769,5.393269306498432,1.5522123450831922,6595.087798345038,12020.702669180962,1.697513406008175,6.349755691731077,6.0,2026Q2,2026Q3,2027Q4,True
CHL,ENSO+HeatDryF | lag1 | KF | coeff=avg4 | EM=10 | P0=fixed,ENSO+HeatDryF,10,False,avg4,Explosive,Unstable,Explosive,Acceptable,REJECT,dynamic instability: rho=12.31; dynamic amplification: max ||A^k||2=409263.2; coefficient explosion: max |theta|=170.7,12.305774587478336,409263.24765479815,409263.24765479815,170.68337815553377,17.777598811256127,4.052072662186029,1.2512274285359877,2140.9464061890767,7407.714622569093,3.869610031489494,4.814919511036827,4.0,2026Q2,2026Q3,2027Q2,True
CHL,HeatDry | lag1 | KF | coeff=avg8 | EM=10 | P0=fixed,HeatDry,10,False,avg8,Explosive,Unstable,Explosive,Acceptable,REJECT,dynamic instability: rho=6.00; dynamic amplification: max ||A^k||2=649824.2; coefficient explosion: max |theta|=93.1,6.00436573887349,649824.240792133,649824.240792133,93.11563580940165,31.927351311180722,5.31574372819341,0.9064557124989086,6254.0635751210575,11444.080099093399,0.32545153601830457,5.454650193278797,6.0,2026Q2,2026Q3,2027Q4,True
CHL,HeatDry | lag1 | KF | coeff=avg4 | EM=10 | P0=fixed,HeatDry,10,False,avg4,Explosive,Unstable,Explosive,Acceptable,REJECT,dynamic instability: rho=6.62; dynamic amplification: max ||A^k||2=1162789.1; coefficient explosion: max |theta|=93.1,6.62027857381633,1162789.077364153,1162789.077364153,93.11563580940165,31.927351311180722,5.229946057000367,0.8739024362603978,10142.753580779066,18514.690830683772,0.3364183574718904,5.3108583432271015,6.0,2026Q2,2026Q3,2027Q4,True
CHL,OIL_YoY+HeatDryF | lag1 | KF | coeff=avg4 | EM=10 | P0=update,OIL_YoY+HeatDryF,10,True,avg4,Explosive,Unstable,Explosive,Acceptable,REJECT,dynamic instability: rho=5.78; dynamic amplification: max ||A^k||2=1713619.3; coefficient explosion: max |theta|=222.1,5.7811947322632395,1713619.3281327467,1713619.3281327467,222.1207792341024,39.45160234882769,5.1986381672517075,1.4612354570118562,23582.92919621624,43067.65012422926,1.6328488059008186,6.216137227459765,6.0,2026Q2,2026Q3,2027Q4,True
CHL,HeatDryF | lag1 | KF | coeff=avg8 | EM=10 | P0=update,HeatDryF,10,True,avg8,Explosive,Unstable,Explosive,Acceptable,REJECT,dynamic instability: rho=8.71; dynamic amplification: max ||A^k||2=2581224.9; coefficient explosion: max |theta|=42.8,8.705641882290623,2581224.894878664,2581224.894878664,42.76790754970229,8.36782042074013,5.378265326076829,0.9853152701466481,10058.069373557559,32543.310767065715,0.9200750981914023,5.391785895877824,6.0,2026Q2,2026Q3,2027Q4,True
CHL,HeatDryF | lag1 | KF | coeff=avg8 | EM=10 | P0=fixed,HeatDryF,10,False,avg8,Explosive,Borderline,Explosive,Acceptable,REJECT,dynamic instability: rho=11.81; dynamic amplification: max ||A^k||2=6561819.5; confidence interval explosion: max width=12993.9,11.810381551215,6561819.509543415,6561819.509543415,21.47140388701123,2.996129663703746,5.733819484902825,0.900458141900641,12993.866974790013,45153.652630149,0.6189008548153883,5.68091400695317,6.0,2026Q2,2026Q3,2027Q4,True
CHL,HeatDryF | lag1 | KF | coeff=avg4 | EM=10 | P0=fixed,HeatDryF,10,False,avg4,Explosive,Borderline,Explosive,Acceptable,REJECT,dynamic instability: rho=12.93; dynamic amplification: max ||A^k||2=11266883.7; confidence interval explosion: max width=20476.1,12.929081293642826,11266883.714866696,11266883.714866696,21.47140388701123,2.996129663703746,5.654549846809431,0.8898715548847331,20476.0727422743,71140.35870205278,0.6500772233583936,5.608509318997951,6.0,2026Q2,2026Q3,2027Q4,True
CHL,HeatDryF | lag1 | KF | coeff=avg4 | EM=10 | P0=update,HeatDryF,10,True,avg4,Explosive,Unstable,Explosive,Acceptable,REJECT,dynamic instability: rho=11.47; dynamic amplification: max ||A^k||2=11977442.9; coefficient explosion: max |theta|=42.8,11.474174226579432,11977442.877877174,11977442.877877174,42.76790754970229,8.36782042074013,5.391449091295524,1.0409693070417445,31802.609791990195,102604.84064393395,0.9752375823954953,5.31578046230413,6.0,2026Q2,2026Q3,2027Q4,True
CHL,OIL_YoY+HeatDry | lag1 | KF | coeff=avg8 | EM=10 | P0=fixed,OIL_YoY+HeatDry,10,False,avg8,Explosive,Borderline,Explosive,Acceptable,REJECT,dynamic instability: rho=19.39; dynamic amplification: max ||A^k||2=91796569.9; confidence interval explosion: max width=262868.0,19.389538427562794,91796569.91565149,91796569.91565149,21.433106840590412,6.62575048503135,6.18838850138938,1.8375587098474013,262867.99863441376,462762.93280706723,0.4515862103835555,6.189896552271257,6.0,2026Q2,2026Q3,2027Q4,True
CHL,OIL_YoY+HeatDry | lag1 | KF | coeff=avg4 | EM=10 | P0=fixed,OIL_YoY+HeatDry,10,False,avg4,Explosive,Borderline,Explosive,Acceptable,REJECT,dynamic instability: rho=20.81; dynamic amplification: max ||A^k||2=142739825.1; confidence interval explosion: max width=388252.0,20.810044700460633,142739825.0766047,142739825.0766047,21.433106840590412,6.62575048503135,6.045597810200352,1.6930601172517301,388251.95239051676,680344.8260552296,0.4410238044931709,6.047097530151648,6.0,2026Q2,2026Q3,2027Q4,True
CHL,HeatDry | lag1 | KF | coeff=avg8 | EM=10 | P0=update,HeatDry,10,True,avg8,Explosive,Unstable,Explosive,Acceptable,REJECT,dynamic instability: rho=19.82; dynamic amplification: max ||A^k||2=687151916.3; coefficient explosion: max |theta|=236.0,19.82342782545029,687151916.2773336,687151916.2773336,235.98762565049014,81.7822762747816,5.175208160923941,0.8705132496615522,1780273.6156478582,3382327.3237326397,0.327611960581943,5.3763433827994636,6.0,2026Q2,2026Q3,2027Q4,True
CHL,HeatDry | lag1 | KF | coeff=avg4 | EM=10 | P0=update,HeatDry,10,True,avg4,Explosive,Unstable,Explosive,Acceptable,REJECT,dynamic instability: rho=22.04; dynamic amplification: max ||A^k||2=1288601992.3; coefficient explosion: max |theta|=236.0,22.039280914866854,1288601992.3013246,1288601992.3013246,235.98762565049014,81.7822762747816,5.111054601759136,0.874197213551875,3002729.282031307,5708766.552204556,0.3347204496768228,5.217747823891032,6.0,2026Q2,2026Q3,2027Q4,True
CHL,ENSO | lag1 | KF | coeff=avg4 | EM=20 | P0=fixed,ENSO,20,False,avg4,Explosive,Unstable,Explosive,Extreme,REJECT,dynamic instability: rho=49742942941801778095391593199255447838654464.00; dynamic amplification: max ||A^k||2=12402478925574811469038506226947878440868455884610415778804480239935150742011454624258149535725354844525564521641019566861247534816955212579388487433384621524621128251878670336.0; coefficient explosion: max |theta|=457444239735867691023147227510873059644932096.0,4.974294294180178e+43,1.2402478925574811e+175,1.2402478925574811e+175,4.574442397358677e+44,4.695129549272683e+43,4.792222378202378e+216,4.792222378202378e+216,inf,,0.0,4.792222378202378e+216,4.0,2026Q2,2026Q3,2027Q2,True
CHL,ENSO | lag1 | KF | coeff=avg4 | EM=20 | P0=update,ENSO,20,True,avg4,Explosive,Unstable,Explosive,Extreme,REJECT,dynamic instability: rho=138559651656721084092927467663467118581514240.00; dynamic amplification: max ||A^k||2=1181384723002433617499310733187158996107806535889473650350100306694224939977168327445148233223803921589912530834475513811992251496107688711924497641791205740627345491114126737408.0; coefficient explosion: max |theta|=268372981700883626043755986357007034404044800.0,1.3855965165672108e+44,1.1813847230024336e+177,1.1813847230024336e+177,2.6837298170088363e+44,1.9028741097071303e+43,4.756225772916742e+214,4.756225772916742e+214,inf,,0.0,4.756225772916742e+214,4.0,2026Q2,2026Q3,2027Q2,True
CHL,ENSO | lag1 | KF | coeff=avg8 | EM=20 | P0=fixed,ENSO,20,False,avg8,Explosive,Unstable,Explosive,Extreme,REJECT,dynamic instability: rho=63467681305275471908986102645715473063215104.00; dynamic amplification: max ||A^k||2=31071934238852070292186331571359687265554977872336421549658179758176864182001994511649889220626984200666831417435744073062396333013400482642235472537887485622314820213854437376.0; coefficient explosion: max |theta|=457444239735867691023147227510873059644932096.0,6.346768130527547e+43,3.107193423885207e+175,3.107193423885207e+175,4.574442397358677e+44,4.695129549272683e+43,2.234264957539685e+217,2.234264957539685e+217,inf,,0.0,2.234264957539685e+217,4.0,2026Q2,2026Q3,2027Q2,True
CHL,ENSO | lag1 | KF | coeff=avg8 | EM=20 | P0=update,ENSO,20,True,avg8,Explosive,Unstable,Explosive,Extreme,REJECT,dynamic instability: rho=148882866483249177190069734881995521225916416.00; dynamic amplification: max ||A^k||2=1568917599757308344298746291964291218833074680128461585515662204396007299022012275451901261859749262826691416272501061924345901689228247253661311643964946733372423882172266446848.0; coefficient explosion: max |theta|=268372981700883626043755986357007034404044800.0,1.4888286648324918e+44,1.5689175997573083e+177,1.5689175997573083e+177,2.6837298170088363e+44,1.9028741097071303e+43,2.0536104495022426e+214,2.0536104495022426e+214,inf,,0.0,2.0536104495022426e+214,4.0,2026Q2,2026Q3,2027Q2,True
CHL,ENSO | lag1 | KF | coeff=last | EM=20 | P0=fixed,ENSO,20,False,last,Explosive,Unstable,Explosive,Extreme,REJECT,dynamic instability: rho=2010944400329571469257378855517979201186562048.00; dynamic amplification: max ||A^k||2=27976485728455155441284458623913395750363567683034982000719393209160501047838523458917639103864956215305321975342925684464978297239772888145594476545923996138367932126417012012351488.0; coefficient explosion: max |theta|=1765139300694409017962846869350920837287378944.0,2.0109444003295715e+45,2.7976485728455155e+181,2.7976485728455155e+181,1.765139300694409e+45,4.695129549272683e+43,7.398697244555266e+221,7.398697244555266e+221,inf,,0.0,7.398697244555266e+221,4.0,2026Q2,2026Q3,2027Q2,True
CHL,ENSO | lag1 | KF | coeff=last | EM=20 | P0=update,ENSO,20,True,last,Explosive,Unstable,Explosive,Extreme,REJECT,dynamic instability: rho=89350399474085763443902880335476708046012416.00; dynamic amplification: max ||A^k||2=276379232316983518714674771489055590283626408621382113601561483245199567342447543832200367264780933241809748807929692867637797732491750018769473941475091620653755720132636704768.0; coefficient explosion: max |theta|=268372981700883626043755986357007034404044800.0,8.935039947408576e+43,2.763792323169835e+176,2.763792323169835e+176,2.6837298170088363e+44,1.9028741097071303e+43,1.3942182608832436e+215,1.3942182608832436e+215,inf,,0.0,1.3942182608832436e+215,4.0,2026Q2,2026Q3,2027Q2,True
CHL,ENSO+HeatDry | lag1 | KF | coeff=avg4 | EM=20 | P0=fixed,ENSO+HeatDry,20,False,avg4,Explosive,Unstable,Explosive,Extreme,REJECT,dynamic instability: rho=538517527353404035556743374484856979623190916977864795938925844627456.00; dynamic amplification: max ||A^k||2=126286809992094401869540665611369341813826485945224826990544743084572480615397711274629349717801280140657594337195942838617046288154268393980792263364585985679936480559166000130771698293777373634880778280104967633425082365166667546484677072913664631822446971100092354973925376.0; coefficient explosion: max |theta|=423379087500139579239481168238995533164834069578182222054048950910976.0,5.38517527353404e+68,1.262868099920944e+275,1.262868099920944e+275,4.233790875001396e+68,3.712426777329368e+66,8.972622642657467e+265,8.972622642657467e+265,inf,,0.0,8.972622642657467e+265,4.0,2026Q2,2026Q3,2027Q2,True
CHL,ENSO+HeatDry | lag1 | KF | coeff=avg8 | EM=20 | P0=fixed,ENSO+HeatDry,20,False,avg8,Explosive,Unstable,Explosive,Extreme,REJECT,dynamic instability: rho=536180943869874493902485791759169888004903825404428798255705115066368.00; dynamic amplification: max ||A^k||2=123741558006964208740027389843951647402955337610429882834480761591753634620479612459307661352725065882295415431989506881793907393787557827409779159307768632731007723414176265892403103551234644327714622338247348843651781181003241976766457224712056110333475291158796762989199360.0; coefficient explosion: max |theta|=423379087500139579239481168238995533164834069578182222054048950910976.0,5.361809438698745e+68,1.2374155800696421e+275,1.2374155800696421e+275,4.233790875001396e+68,3.712426777329368e+66,9.261890478474151e+265,9.261890478474151e+265,inf,,0.0,9.261890478474151e+265,4.0,2026Q2,2026Q3,2027Q2,True
CHL,ENSO+HeatDry | lag1 | KF | coeff=last | EM=20 | P0=fixed,ENSO+HeatDry,20,False,last,Explosive,Unstable,Good,Extreme,REJECT,dynamic instability: rho=2900038254558234880050002590656134965063184446305005515336987514503168.00; dynamic amplification: max ||A^k||2=192067541302953861165636482512969256398600554922928451571775020813147011767322355375638100561292952277301587604506732574715186942476674979443862414242765771463239008178050657866651116338590106211136584225036933914971204404338217113908829811775998140719023108612618942144348946432.0; coefficient explosion: max |theta|=4041977588216020670434868446084263610946313482536039364533812031651840.0,2.900038254558235e+69,1.9206754130295386e+278,1.9206754130295386e+278,4.041977588216021e+69,3.712426777329368e+66,inf,inf,inf,,0.0,inf,4.0,2026Q2,2026Q3,2027Q2,True
COL,ENSO+HeatDry | lag1 | KF | coeff=last | EM=10 | P0=update,ENSO+HeatDry,10,True,last,Good,Good,Good,Acceptable,BORDERLINE,CI expands quickly: ratio=5.9,0.7950748781933591,0.9741793065192837,0.8345572039574236,0.9059796824311968,0.08022460967474293,4.720543345080069,1.3612411340098358,2.529905902071811,5.947310649393418,3.016643939160669,5.314819484608821,4.0,2026Q2,2026Q3,2027Q2,True
COL,ENSO+HeatDry | lag1 | KF | coeff=last | EM=10 | P0=fixed,ENSO+HeatDry,10,False,last,Good,Good,Good,Acceptable,BORDERLINE,CI expands quickly: ratio=6.0,0.7985615719303593,0.9733012215758577,0.8328772942438414,0.9060468860674797,0.05460790211844291,4.723058403215208,1.3587495773908786,2.535885753845764,5.950292643449347,3.034306003441902,5.316220959925692,4.0,2026Q2,2026Q3,2027Q2,True
COL,ENSO | lag1 | KF | coeff=last | EM=10 | P0=update,ENSO,10,True,last,Good,Good,Good,Acceptable,BORDERLINE,CI expands quickly: ratio=4.4,0.8530569872129784,0.9574060610293822,0.7883479701443983,1.6814649931082815,0.48056085722842656,4.853109524955045,1.1319783172115443,1.0521878116100993,4.3705929935935455,2.251780871051038,5.235758458907981,4.0,2026Q2,2026Q3,2027Q2,True
COL,ENSO | lag1 | KF | coeff=last | EM=10 | P0=fixed,ENSO,10,False,last,Good,Good,Good,Acceptable,BORDERLINE,CI expands quickly: ratio=4.4,0.8537505834920212,0.9577138591213966,0.7888558411888275,1.0995777242766642,0.2752581932964543,4.8557664122035575,1.128509409720424,1.0558853739198535,4.37850126039182,2.235004948767706,5.235060255217424,4.0,2026Q2,2026Q3,2027Q2,True
COL,ENSO+HeatDry | lag1 | KF | coeff=avg4 | EM=10 | P0=fixed,ENSO+HeatDry,10,False,avg4,Good,Good,Good,Acceptable,BORDERLINE,CI expands quickly: ratio=5.9,0.8002585284554887,0.9432869472951472,0.7683866546925359,0.9060468860674797,0.05460790211844291,4.764463253957098,1.3122107346914977,2.526855887959179,5.948009278500541,3.2415728332042812,5.3302763320306505,4.0,2026Q2,2026Q3,2027Q2,True
COL,ENSO+HeatDry | lag1 | KF | coeff=avg8 | EM=10 | P0=fixed,ENSO+HeatDry,10,False,avg8,Good,Good,Good,Acceptable,BORDERLINE,CI expands quickly: ratio=5.9,0.7869591816088874,0.954590878975227,0.7987941527871026,0.9060468860674797,0.05460790211844291,4.730813584340882,1.3545880189364006,2.5381849361078004,5.940783512890449,3.4659091280116856,5.284304134353505,4.0,2026Q2,2026Q3,2027Q2,True
COL,ENSO+HeatDry | lag1 | KF | coeff=avg4 | EM=10 | P0=update,ENSO+HeatDry,10,True,avg4,Good,Good,Good,Acceptable,BORDERLINE,CI expands quickly: ratio=6.2,0.7999455154894063,1.0706185167383764,0.9279851765055449,0.9059796824311968,0.08022460967474293,4.7620161196143345,1.3150789067380533,2.6337533638571338,6.151424481317607,3.2222020077267826,5.3290453354492335,4.0,2026Q2,2026Q3,2027Q2,True
COL,ENSO+HeatDry | lag1 | KF | coeff=avg8 | EM=10 | P0=update,ENSO+HeatDry,10,True,avg8,Good,Good,Good,Acceptable,BORDERLINE,CI expands quickly: ratio=6.1,0.7872644948575414,1.0316080507009195,0.8966272750413675,0.9059796824311968,0.08022460967474293,4.728733453304158,1.356700749158433,2.5838463029256293,6.087604414624273,3.4428325369336163,5.2829876159630675,4.0,2026Q2,2026Q3,2027Q2,True
COL,ENSO | lag1 | KF | coeff=avg8 | EM=10 | P0=fixed,ENSO,10,False,avg8,Good,Good,Good,Acceptable,BORDERLINE,CI expands quickly: ratio=4.7,0.8591680689066187,1.5699169712899403,1.1841836169851236,1.0995777242766642,0.2752581932964543,4.810082149530053,1.18933714520827,1.1618742795419552,4.665887019448836,2.3995021828439147,5.203802588963507,4.0,2026Q2,2026Q3,2027Q2,True
COL,ENSO | lag1 | KF | coeff=avg4 | EM=10 | P0=fixed,ENSO,10,False,avg4,Good,Good,Good,Acceptable,BORDERLINE,CI expands quickly: ratio=4.7,0.8513973242084878,1.7372427375368367,1.301545695661952,1.0995777242766642,0.2752581932964543,4.854263573086786,1.1316645162970493,1.1774899919579218,4.695866804867768,2.3455557259784685,5.218870047015896,4.0,2026Q2,2026Q3,2027Q2,True
COL,ENSO | lag1 | KF | coeff=avg4 | EM=10 | P0=update,ENSO,10,True,avg4,Good,Good,Good,Acceptable,BORDERLINE,CI expands quickly: ratio=4.4,0.8425784091800269,2.06322909015754,1.8183098658900145,1.6814649931082815,0.48056085722842656,4.860106198882098,1.1150006725157757,1.054213519289743,4.396977541684086,2.2991372894156505,5.224929514489422,4.0,2026Q2,2026Q3,2027Q2,True
COL,ENSO | lag1 | KF | coeff=avg8 | EM=10 | P0=update,ENSO,10,True,avg8,Good,Good,Good,Acceptable,BORDERLINE,CI expands quickly: ratio=4.5,0.8496225173309987,2.425171757332453,2.1860648392905713,1.6814649931082815,0.48056085722842656,4.8174583927479055,1.1690616122394433,1.0768051963875584,4.469675158967673,2.3495681133401565,5.210128174106842,4.0,2026Q2,2026Q3,2027Q2,True
COL,HeatDry | lag1 | KF | coeff=last | EM=10 | P0=update,HeatDry,10,True,last,Good,Good,Good,Acceptable,REJECT,rapid CI expansion: ratio=8.9,0.8580318315649762,0.9557180777965225,0.6339071096220662,0.9211278786234512,0.02957084395303991,5.2778896889991564,0.4956218169064943,1.8937367244212737,8.867449240313489,0.4527613726759223,5.3711184626796475,6.0,2026Q2,2026Q3,2027Q4,True
COL,HeatDry | lag1 | KF | coeff=last | EM=10 | P0=fixed,HeatDry,10,False,last,Good,Good,Good,Acceptable,REJECT,rapid CI expansion: ratio=9.0,0.8584391770995102,0.9560534866003122,0.6355045237899943,0.9211274666739933,0.03012938580231339,5.278156624241809,0.4943789362898645,1.911460596787352,8.977397269326607,0.45956363618123497,5.371033932606341,6.0,2026Q2,2026Q3,2027Q4,True
COL,OIL_YoY+HeatDryF | lag1 | KF | coeff=last | EM=10 | P0=fixed,OIL_YoY+HeatDryF,10,False,last,Good,Good,Good,Acceptable,REJECT,rapid CI expansion: ratio=17.5,0.8155426214892038,0.9052558493218295,0.5106422941368635,2.9214319326511706,0.34387345324408747,5.740435329984038,1.3729240492650274,7.375387709975732,17.46865753727583,0.2960042695687761,5.77221359436559,6.0,2026Q2,2026Q3,2027Q4,True
COL,HeatDry | lag1 | KF | coeff=avg4 | EM=10 | P0=update,HeatDry,10,True,avg4,Good,Good,Good,Acceptable,REJECT,rapid CI expansion: ratio=8.9,0.852468476613396,0.9551007071473443,0.6279410319768752,0.9211278786234512,0.02957084395303991,5.282190180489606,0.48241772349785794,1.9097521099430175,8.948811914226223,0.4212056844401042,5.360630714919414,6.0,2026Q2,2026Q3,2027Q4,True
COL,HeatDry | lag1 | KF | coeff=avg4 | EM=10 | P0=fixed,HeatDry,10,False,avg4,Good,Good,Good,Acceptable,REJECT,rapid CI expansion: ratio=9.1,0.8530396408915514,0.9552169451887286,0.6284815838677812,0.9211274666739933,0.03012938580231339,5.282285989533175,0.48100524073703976,1.9295087513306406,9.066683445620408,0.43504813724100044,5.360032309512173,6.0,2026Q2,2026Q3,2027Q4,True
COL,HeatDryF | lag1 | KF | coeff=last | EM=10 | P0=update,HeatDryF,10,True,last,Good,Good,Good,Acceptable,REJECT,rapid CI expansion: ratio=18.7,0.8401421338752022,0.9420624267356421,0.588478854117976,0.907755155051278,0.046261620896808006,5.364210013670253,0.456912884372044,5.946127581975691,18.7437761650541,0.14286784214435944,5.386353384571881,6.0,2026Q2,2026Q3,2027Q4,True
COL,OIL_YoY+HeatDryF | lag1 | KF | coeff=last | EM=10 | P0=update,OIL_YoY+HeatDryF,10,True,last,Good,Good,Good,Acceptable,REJECT,rapid CI expansion: ratio=17.5,0.8178922490053457,0.918690972316971,0.525641499517225,6.771706210243017,0.3210463319956487,5.740049521985733,1.385912641900895,7.331486746365933,17.519106926840916,0.3324070791160183,5.77204578386385,6.0,2026Q2,2026Q3,2027Q4,True
COL,HeatDryF | lag1 | KF | coeff=last | EM=10 | P0=fixed,HeatDryF,10,False,last,Good,Good,Good,Acceptable,REJECT,rapid CI expansion: ratio=18.9,0.8404154806181923,0.9421754642532716,0.5889042230460371,0.9077468496183826,0.04673884427503241,5.362727671000245,0.45820359025452806,6.022369810390835,18.86155290064429,0.1397911389773956,5.384658092473481,6.0,2026Q2,2026Q3,2027Q4,True
COL,OIL_YoY+HeatDry | lag1 | KF | coeff=last | EM=10 | P0=fixed,OIL_YoY+HeatDry,10,False,last,Good,Good,Good,Acceptable,REJECT,rapid CI expansion: ratio=8.6,0.8401975980050475,0.9131010511282902,0.5419113988576649,0.9175722343655598,0.12699380354814582,5.680076454219345,1.9213569471572267,4.976620634678526,8.594987163992643,0.6844156767725336,6.052135460861657,6.0,2026Q2,2026Q3,2027Q4,True
COL,OIL_YoY+HeatDry | lag1 | KF | coeff=last | EM=10 | P0=update,OIL_YoY+HeatDry,10,True,last,Good,Good,Good,Acceptable,REJECT,rapid CI expansion: ratio=8.7,0.8404167032766682,0.9140049011106984,0.5439253542766646,0.9180967947810125,0.12609423090252814,5.686202550720526,1.9226252001603124,4.969814542905659,8.693596899822744,0.6799180188417733,6.060503149015865,6.0,2026Q2,2026Q3,2027Q4,True
COL,HeatDryF | lag1 | KF | coeff=avg4 | EM=10 | P0=update,HeatDryF,10,True,avg4,Good,Good,Good,Acceptable,REJECT,rapid CI expansion: ratio=18.8,0.8377490794589935,0.9419380383730502,0.5865200402316937,0.907755155051278,0.046261620896808006,5.34993964508831,0.45888161518519777,5.982068630587028,18.828951584445782,0.12681116809551352,5.3717430817578915,6.0,2026Q2,2026Q3,2027Q4,True
COL,HeatDryF | lag1 | KF | coeff=avg4 | EM=10 | P0=fixed,HeatDryF,10,False,avg4,Good,Good,Good,Acceptable,REJECT,rapid CI expansion: ratio=18.9,0.8376246209068007,0.9419749636583687,0.5863698342772765,0.9077468496183826,0.04673884427503241,5.34808378553483,0.4600050160430147,6.056219229948271,18.94025481641236,0.1250229459103389,5.369635534774363,6.0,2026Q2,2026Q3,2027Q4,True
COL,HeatDry | lag1 | KF | coeff=avg8 | EM=10 | P0=update,HeatDry,10,True,avg8,Good,Good,Good,Acceptable,REJECT,rapid CI expansion: ratio=9.3,0.8556939265859715,0.9453584888597577,0.6195820435107632,0.9211278786234512,0.02957084395303991,5.3907222394361165,0.5835549964569475,2.0203654298471507,9.327446454700821,1.0682338385899737,5.3347086466367735,6.0,2026Q2,2026Q3,2027Q4,True
COL,HeatDry | lag1 | KF | coeff=avg8 | EM=10 | P0=fixed,HeatDry,10,False,avg8,Good,Good,Good,Acceptable,REJECT,rapid CI expansion: ratio=9.5,0.8564408156175284,0.9452836999457832,0.6201744852869893,0.9211274666739933,0.03012938580231339,5.459291471857065,0.5819246775822018,2.0587136024813386,9.51132726918346,1.1439556953394856,5.333838441034973,6.0,2026Q2,2026Q3,2027Q4,True
COL,OIL_YoY+HeatDry | lag1 | KF | coeff=avg4 | EM=10 | P0=fixed,OIL_YoY+HeatDry,10,False,avg4,Good,Good,Good,Acceptable,REJECT,rapid CI expansion: ratio=8.9,0.8404998721416419,0.9380419875267586,0.5837704989343944,0.9175722343655598,0.12699380354814582,6.273621494459154,2.080016708626899,5.09158411399514,8.886255226581184,0.8046601411690633,6.304582196054417,6.0,2026Q2,2026Q3,2027Q4,True
COL,OIL_YoY+HeatDry | lag1 | KF | coeff=avg8 | EM=10 | P0=fixed,OIL_YoY+HeatDry,10,False,avg8,Good,Good,Good,Acceptable,REJECT,rapid CI expansion: ratio=8.9,0.8422900009065798,0.9407317379862886,0.5901660628182618,0.9175722343655598,0.12699380354814582,6.27441976639995,2.0745130685922013,5.0932647964790725,8.883659271093807,0.23210567956550543,6.401984384083793,6.0,2026Q2,2026Q3,2027Q4,True
COL,HeatDryF | lag1 | KF | coeff=avg8 | EM=10 | P0=update,HeatDryF,10,True,avg8,Good,Good,Good,Acceptable,REJECT,rapid CI expansion: ratio=19.3,0.8422212514986454,0.9341743372334654,0.5881295878893235,0.907755155051278,0.046261620896808006,5.357304345983967,0.6486404159607386,6.193542845001446,19.259873257017567,1.1415384720613373,5.347019169375438,6.0,2026Q2,2026Q3,2027Q4,True
COL,HeatDryF | lag1 | KF | coeff=avg8 | EM=10 | P0=fixed,HeatDryF,10,False,avg8,Good,Good,Good,Acceptable,REJECT,rapid CI expansion: ratio=19.4,0.8419651527045111,0.9341621616732473,0.5879096802217836,0.9077468496183826,0.04673884427503241,5.339812803364392,0.6458831411563057,6.2932059646299034,19.426033543761353,1.1404157786400528,5.345601405857406,6.0,2026Q2,2026Q3,2027Q4,True
COL,OIL_YoY+HeatDry | lag1 | KF | coeff=avg4 | EM=10 | P0=update,OIL_YoY+HeatDry,10,True,avg4,Good,Good,Good,Acceptable,REJECT,rapid CI expansion: ratio=9.0,0.8410003824458798,1.0372779200995594,0.5861044972843492,0.9180967947810125,0.12609423090252814,6.282666444179662,2.083081491485575,5.088218617008691,8.98824853403308,0.8123649378401829,6.311569066120155,6.0,2026Q2,2026Q3,2027Q4,True
COL,OIL_YoY+HeatDry | lag1 | KF | coeff=avg8 | EM=10 | P0=update,OIL_YoY+HeatDry,10,True,avg8,Good,Good,Good,Acceptable,REJECT,rapid CI expansion: ratio=9.0,0.8427778978385856,1.038423913810699,0.5922734270160389,0.9180967947810125,0.12609423090252814,6.283444796247797,2.0757535195686723,5.094221078259131,8.989398051780187,0.24795163008000376,6.409231249717152,6.0,2026Q2,2026Q3,2027Q4,True
COL,ENSO+HeatDryF | lag1 | KF | coeff=avg4 | EM=10 | P0=fixed,ENSO+HeatDryF,10,False,avg4,Good,Good,Good,Acceptable,REJECT,rapid CI expansion: ratio=10.0,0.8334499373543405,1.2765134339539679,1.1407938951398717,0.8425632031026393,0.20691475209665766,4.740906660798983,2.163082847669959,9.142424441747494,9.951329764503447,4.743819819407466,5.57998534310001,4.0,2026Q2,2026Q3,2027Q2,True
COL,ENSO+HeatDryF | lag1 | KF | coeff=avg8 | EM=10 | P0=fixed,ENSO+HeatDryF,10,False,avg8,Good,Good,Good,Acceptable,REJECT,rapid CI expansion: ratio=9.8,0.8245926952509688,1.2510569126067677,1.1234470213946361,0.8425632031026393,0.20691475209665766,4.682925508039832,1.7014011162065712,9.05121655996182,9.832531887991653,5.0428842570249985,5.531854753052297,4.0,2026Q2,2026Q3,2027Q2,True
COL,ENSO+HeatDryF | lag1 | KF | coeff=last | EM=10 | P0=update,ENSO+HeatDryF,10,True,last,Good,Good,Good,Acceptable,REJECT,rapid CI expansion: ratio=9.6,0.8551113206218167,1.3878333722573555,1.2375742059219308,0.8425758848726764,0.20581878809268178,4.717327367970524,1.8667005201033655,8.602882065210792,9.626936739718987,4.380965937925155,5.560490834828844,4.0,2026Q2,2026Q3,2027Q2,True
COL,ENSO+HeatDryF | lag1 | KF | coeff=last | EM=10 | P0=fixed,ENSO+HeatDryF,10,False,last,Good,Good,Good,Acceptable,REJECT,rapid CI expansion: ratio=9.6,0.8552421136278107,1.3895497137868054,1.238982901785391,0.8425632031026393,0.20691475209665766,4.716772248443075,1.885741364559827,8.617486412741492,9.588738781313236,4.402745586563944,5.560832773245373,4.0,2026Q2,2026Q3,2027Q2,True
COL,ENSO+HeatDryF | lag1 | KF | coeff=avg8 | EM=10 | P0=update,ENSO+HeatDryF,10,True,avg8,Good,Good,Good,Acceptable,REJECT,rapid CI expansion: ratio=10.2,0.8234676266632077,1.6452149032967034,1.6420354091989797,0.8425758848726764,0.20581878809268178,4.684379987352068,1.6916154714407625,9.43248521597385,10.17702421338768,5.018200408435577,5.530210546320423,4.0,2026Q2,2026Q3,2027Q2,True
COL,ENSO+HeatDryF | lag1 | KF | coeff=avg4 | EM=10 | P0=update,ENSO+HeatDryF,10,True,avg4,Good,Good,Good,Acceptable,REJECT,rapid CI expansion: ratio=10.4,0.8327547356184173,1.9374543917041809,1.9374543917041809,0.8425758848726764,0.20581878809268178,4.741264026958696,2.15005598679236,9.688868971683636,10.434096634633113,4.722286721881558,5.577851431660999,4.0,2026Q2,2026Q3,2027Q2,True
COL,ENSO | lag1 | KF | coeff=last | EM=20 | P0=fixed,ENSO,20,False,last,Failed,—,—,—,REJECT,exception: LinAlgError: SVD did not converge,,,,,,,,,,,,,,,,
COL,ENSO | lag1 | KF | coeff=last | EM=30 | P0=fixed,ENSO,30,False,last,Failed,—,—,—,REJECT,no EM result / insufficient complete data,,,,,,,,,,,,,,,,
COL,ENSO | lag1 | KF | coeff=last | EM=30 | P0=update,ENSO,30,True,last,Failed,—,—,—,REJECT,no EM result / insufficient complete data,,,,,,,,,,,,,,,,
COL,ENSO | lag1 | KF | coeff=last | EM=50 | P0=fixed,ENSO,50,False,last,Failed,—,—,—,REJECT,no EM result / insufficient complete data,,,,,,,,,,,,,,,,
COL,ENSO | lag1 | KF | coeff=last | EM=50 | P0=update,ENSO,50,True,last,Failed,—,—,—,REJECT,no EM result / insufficient complete data,,,,,,,,,,,,,,,,
COL,ENSO+HeatDry | lag1 | KF | coeff=last | EM=30 | P0=fixed,ENSO+HeatDry,30,False,last,Failed,—,—,—,REJECT,no EM result / insufficient complete data,,,,,,,,,,,,,,,,
COL,ENSO+HeatDry | lag1 | KF | coeff=last | EM=30 | P0=update,ENSO+HeatDry,30,True,last,Failed,—,—,—,REJECT,no EM result / insufficient complete data,,,,,,,,,,,,,,,,
COL,ENSO+HeatDry | lag1 | KF | coeff=last | EM=50 | P0=fixed,ENSO+HeatDry,50,False,last,Failed,—,—,—,REJECT,no EM result / insufficient complete data,,,,,,,,,,,,,,,,
COL,ENSO+HeatDry | lag1 | KF | coeff=last | EM=50 | P0=update,ENSO+HeatDry,50,True,last,Failed,—,—,—,REJECT,no EM result / insufficient complete data,,,,,,,,,,,,,,,,
COL,ENSO+HeatDryF | lag1 | KF | coeff=last | EM=20 | P0=fixed,ENSO+HeatDryF,20,False,last,Failed,—,—,—,REJECT,no EM result / insufficient complete data,,,,,,,,,,,,,,,,
COL,ENSO+HeatDryF | lag1 | KF | coeff=last | EM=20 | P0=update,ENSO+HeatDryF,20,True,last,Failed,—,—,—,REJECT,no EM result / insufficient complete data,,,,,,,,,,,,,,,,
COL,ENSO+HeatDryF | lag1 | KF | coeff=last | EM=30 | P0=fixed,ENSO+HeatDryF,30,False,last,Failed,—,—,—,REJECT,no EM result / insufficient complete data,,,,,,,,,,,,,,,,
COL,ENSO+HeatDryF | lag1 | KF | coeff=last | EM=30 | P0=update,ENSO+HeatDryF,30,True,last,Failed,—,—,—,REJECT,no EM result / insufficient complete data,,,,,,,,,,,,,,,,
COL,ENSO+HeatDryF | lag1 | KF | coeff=last | EM=50 | P0=fixed,ENSO+HeatDryF,50,False,last,Failed,—,—,—,REJECT,no EM result / insufficient complete data,,,,,,,,,,,,,,,,
COL,ENSO+HeatDryF | lag1 | KF | coeff=last | EM=50 | P0=update,ENSO+HeatDryF,50,True,last,Failed,—,—,—,REJECT,no EM result / insufficient complete data,,,,,,,,,,,,,,,,
COL,HeatDry | lag1 | KF | coeff=last | EM=20 | P0=fixed,HeatDry,20,False,last,Failed,—,—,—,REJECT,no EM result / insufficient complete data,,,,,,,,,,,,,,,,
COL,HeatDry | lag1 | KF | coeff=last | EM=20 | P0=update,HeatDry,20,True,last,Failed,—,—,—,REJECT,no EM result / insufficient complete data,,,,,,,,,,,,,,,,
COL,HeatDry | lag1 | KF | coeff=last | EM=30 | P0=fixed,HeatDry,30,False,last,Failed,—,—,—,REJECT,no EM result / insufficient complete data,,,,,,,,,,,,,,,,
COL,HeatDry | lag1 | KF | coeff=last | EM=30 | P0=update,HeatDry,30,True,last,Failed,—,—,—,REJECT,no EM result / insufficient complete data,,,,,,,,,,,,,,,,
COL,HeatDry | lag1 | KF | coeff=last | EM=50 | P0=fixed,HeatDry,50,False,last,Failed,—,—,—,REJECT,no EM result / insufficient complete data,,,,,,,,,,,,,,,,
COL,HeatDry | lag1 | KF | coeff=last | EM=50 | P0=update,HeatDry,50,True,last,Failed,—,—,—,REJECT,no EM result / insufficient complete data,,,,,,,,,,,,,,,,
COL,HeatDryF | lag1 | KF | coeff=last | EM=20 | P0=fixed,HeatDryF,20,False,last,Failed,—,—,—,REJECT,exception: LinAlgError: SVD did not converge,,,,,,,,,,,,,,,,
COL,HeatDryF | lag1 | KF | coeff=last | EM=20 | P0=update,HeatDryF,20,True,last,Failed,—,—,—,REJECT,exception: LinAlgError: SVD did not converge,,,,,,,,,,,,,,,,
COL,HeatDryF | lag1 | KF | coeff=last | EM=30 | P0=fixed,HeatDryF,30,False,last,Failed,—,—,—,REJECT,no EM result / insufficient complete data,,,,,,,,,,,,,,,,
COL,HeatDryF | lag1 | KF | coeff=last | EM=30 | P0=update,HeatDryF,30,True,last,Failed,—,—,—,REJECT,no EM result / insufficient complete data,,,,,,,,,,,,,,,,
COL,HeatDryF | lag1 | KF | coeff=last | EM=50 | P0=fixed,HeatDryF,50,False,last,Failed,—,—,—,REJECT,no EM result / insufficient complete data,,,,,,,,,,,,,,,,
COL,HeatDryF | lag1 | KF | coeff=last | EM=50 | P0=update,HeatDryF,50,True,last,Failed,—,—,—,REJECT,no EM result / insufficient complete data,,,,,,,,,,,,,,,,
COL,OIL_YoY+HeatDry | lag1 | KF | coeff=last | EM=20 | P0=fixed,OIL_YoY+HeatDry,20,False,last,Failed,—,—,—,REJECT,no EM result / insufficient complete data,,,,,,,,,,,,,,,,
COL,OIL_YoY+HeatDry | lag1 | KF | coeff=last | EM=20 | P0=update,OIL_YoY+HeatDry,20,True,last,Failed,—,—,—,REJECT,no EM result / insufficient complete data,,,,,,,,,,,,,,,,
COL,OIL_YoY+HeatDry | lag1 | KF | coeff=last | EM=30 | P0=fixed,OIL_YoY+HeatDry,30,False,last,Failed,—,—,—,REJECT,no EM result / insufficient complete data,,,,,,,,,,,,,,,,
COL,OIL_YoY+HeatDry | lag1 | KF | coeff=last | EM=30 | P0=update,OIL_YoY+HeatDry,30,True,last,Failed,—,—,—,REJECT,no EM result / insufficient complete data,,,,,,,,,,,,,,,,
COL,OIL_YoY+HeatDry | lag1 | KF | coeff=last | EM=50 | P0=fixed,OIL_YoY+HeatDry,50,False,last,Failed,—,—,—,REJECT,no EM result / insufficient complete data,,,,,,,,,,,,,,,,
COL,OIL_YoY+HeatDry | lag1 | KF | coeff=last | EM=50 | P0=update,OIL_YoY+HeatDry,50,True,last,Failed,—,—,—,REJECT,no EM result / insufficient complete data,,,,,,,,,,,,,,,,
COL,OIL_YoY+HeatDryF | lag1 | KF | coeff=last | EM=20 | P0=fixed,OIL_YoY+HeatDryF,20,False,last,Failed,—,—,—,REJECT,no EM result / insufficient complete data,,,,,,,,,,,,,,,,
COL,OIL_YoY+HeatDryF | lag1 | KF | coeff=last | EM=20 | P0=update,OIL_YoY+HeatDryF,20,True,last,Failed,—,—,—,REJECT,exception: LinAlgError: SVD did not converge,,,,,,,,,,,,,,,,
COL,OIL_YoY+HeatDryF | lag1 | KF | coeff=last | EM=30 | P0=fixed,OIL_YoY+HeatDryF,30,False,last,Failed,—,—,—,REJECT,no EM result / insufficient complete data,,,,,,,,,,,,,,,,
COL,OIL_YoY+HeatDryF | lag1 | KF | coeff=last | EM=30 | P0=update,OIL_YoY+HeatDryF,30,True,last,Failed,—,—,—,REJECT,no EM result / insufficient complete data,,,,,,,,,,,,,,,,
COL,OIL_YoY+HeatDryF | lag1 | KF | coeff=last | EM=50 | P0=fixed,OIL_YoY+HeatDryF,50,False,last,Failed,—,—,—,REJECT,no EM result / insufficient complete data,,,,,,,,,,,,,,,,
COL,OIL_YoY+HeatDryF | lag1 | KF | coeff=last | EM=50 | P0=update,OIL_YoY+HeatDryF,50,True,last,Failed,—,—,—,REJECT,no EM result / insufficient complete data,,,,,,,,,,,,,,,,
COL,ENSO | lag1 | KF | coeff=avg4 | EM=20 | P0=fixed,ENSO,20,False,avg4,Failed,—,—,—,REJECT,exception: LinAlgError: SVD did not converge,,,,,,,,,,,,,,,,
COL,ENSO | lag1 | KF | coeff=avg4 | EM=30 | P0=fixed,ENSO,30,False,avg4,Failed,—,—,—,REJECT,no EM result / insufficient complete data,,,,,,,,,,,,,,,,
COL,ENSO | lag1 | KF | coeff=avg4 | EM=30 | P0=update,ENSO,30,True,avg4,Failed,—,—,—,REJECT,no EM result / insufficient complete data,,,,,,,,,,,,,,,,
COL,ENSO | lag1 | KF | coeff=avg4 | EM=50 | P0=fixed,ENSO,50,False,avg4,Failed,—,—,—,REJECT,no EM result / insufficient complete data,,,,,,,,,,,,,,,,
COL,ENSO | lag1 | KF | coeff=avg4 | EM=50 | P0=update,ENSO,50,True,avg4,Failed,—,—,—,REJECT,no EM result / insufficient complete data,,,,,,,,,,,,,,,,
COL,ENSO+HeatDry | lag1 | KF | coeff=avg4 | EM=30 | P0=fixed,ENSO+HeatDry,30,False,avg4,Failed,—,—,—,REJECT,no EM result / insufficient complete data,,,,,,,,,,,,,,,,
COL,ENSO+HeatDry | lag1 | KF | coeff=avg4 | EM=30 | P0=update,ENSO+HeatDry,30,True,avg4,Failed,—,—,—,REJECT,no EM result / insufficient complete data,,,,,,,,,,,,,,,,
COL,ENSO+HeatDry | lag1 | KF | coeff=avg4 | EM=50 | P0=fixed,ENSO+HeatDry,50,False,avg4,Failed,—,—,—,REJECT,no EM result / insufficient complete data,,,,,,,,,,,,,,,,
COL,ENSO+HeatDry | lag1 | KF | coeff=avg4 | EM=50 | P0=update,ENSO+HeatDry,50,True,avg4,Failed,—,—,—,REJECT,no EM result / insufficient complete data,,,,,,,,,,,,,,,,
COL,ENSO+HeatDryF | lag1 | KF | coeff=avg4 | EM=20 | P0=fixed,ENSO+HeatDryF,20,False,avg4,Failed,—,—,—,REJECT,no EM result / insufficient complete data,,,,,,,,,,,,,,,,
COL,ENSO+HeatDryF | lag1 | KF | coeff=avg4 | EM=20 | P0=update,ENSO+HeatDryF,20,True,avg4,Failed,—,—,—,REJECT,no EM result / insufficient complete data,,,,,,,,,,,,,,,,
COL,ENSO+HeatDryF | lag1 | KF | coeff=avg4 | EM=30 | P0=fixed,ENSO+HeatDryF,30,False,avg4,Failed,—,—,—,REJECT,no EM result / insufficient complete data,,,,,,,,,,,,,,,,
COL,ENSO+HeatDryF | lag1 | KF | coeff=avg4 | EM=30 | P0=update,ENSO+HeatDryF,30,True,avg4,Failed,—,—,—,REJECT,no EM result / insufficient complete data,,,,,,,,,,,,,,,,
COL,ENSO+HeatDryF | lag1 | KF | coeff=avg4 | EM=50 | P0=fixed,ENSO+HeatDryF,50,False,avg4,Failed,—,—,—,REJECT,no EM result / insufficient complete data,,,,,,,,,,,,,,,,
COL,ENSO+HeatDryF | lag1 | KF | coeff=avg4 | EM=50 | P0=update,ENSO+HeatDryF,50,True,avg4,Failed,—,—,—,REJECT,no EM result / insufficient complete data,,,,,,,,,,,,,,,,
COL,HeatDry | lag1 | KF | coeff=avg4 | EM=20 | P0=fixed,HeatDry,20,False,avg4,Failed,—,—,—,REJECT,no EM result / insufficient complete data,,,,,,,,,,,,,,,,
COL,HeatDry | lag1 | KF | coeff=avg4 | EM=20 | P0=update,HeatDry,20,True,avg4,Failed,—,—,—,REJECT,no EM result / insufficient complete data,,,,,,,,,,,,,,,,
COL,HeatDry | lag1 | KF | coeff=avg4 | EM=30 | P0=fixed,HeatDry,30,False,avg4,Failed,—,—,—,REJECT,no EM result / insufficient complete data,,,,,,,,,,,,,,,,
COL,HeatDry | lag1 | KF | coeff=avg4 | EM=30 | P0=update,HeatDry,30,True,avg4,Failed,—,—,—,REJECT,no EM result / insufficient complete data,,,,,,,,,,,,,,,,
COL,HeatDry | lag1 | KF | coeff=avg4 | EM=50 | P0=fixed,HeatDry,50,False,avg4,Failed,—,—,—,REJECT,no EM result / insufficient complete data,,,,,,,,,,,,,,,,
COL,HeatDry | lag1 | KF | coeff=avg4 | EM=50 | P0=update,HeatDry,50,True,avg4,Failed,—,—,—,REJECT,no EM result / insufficient complete data,,,,,,,,,,,,,,,,
COL,HeatDryF | lag1 | KF | coeff=avg4 | EM=20 | P0=fixed,HeatDryF,20,False,avg4,Failed,—,—,—,REJECT,exception: LinAlgError: SVD did not converge,,,,,,,,,,,,,,,,
COL,HeatDryF | lag1 | KF | coeff=avg4 | EM=20 | P0=update,HeatDryF,20,True,avg4,Failed,—,—,—,REJECT,exception: LinAlgError: SVD did not converge,,,,,,,,,,,,,,,,
COL,HeatDryF | lag1 | KF | coeff=avg4 | EM=30 | P0=fixed,HeatDryF,30,False,avg4,Failed,—,—,—,REJECT,no EM result / insufficient complete data,,,,,,,,,,,,,,,,
COL,HeatDryF | lag1 | KF | coeff=avg4 | EM=30 | P0=update,HeatDryF,30,True,avg4,Failed,—,—,—,REJECT,no EM result / insufficient complete data,,,,,,,,,,,,,,,,
COL,HeatDryF | lag1 | KF | coeff=avg4 | EM=50 | P0=fixed,HeatDryF,50,False,avg4,Failed,—,—,—,REJECT,no EM result / insufficient complete data,,,,,,,,,,,,,,,,
COL,HeatDryF | lag1 | KF | coeff=avg4 | EM=50 | P0=update,HeatDryF,50,True,avg4,Failed,—,—,—,REJECT,no EM result / insufficient complete data,,,,,,,,,,,,,,,,
COL,OIL_YoY+HeatDry | lag1 | KF | coeff=avg4 | EM=20 | P0=fixed,OIL_YoY+HeatDry,20,False,avg4,Failed,—,—,—,REJECT,no EM result / insufficient complete data,,,,,,,,,,,,,,,,
COL,OIL_YoY+HeatDry | lag1 | KF | coeff=avg4 | EM=20 | P0=update,OIL_YoY+HeatDry,20,True,avg4,Failed,—,—,—,REJECT,no EM result / insufficient complete data,,,,,,,,,,,,,,,,
COL,OIL_YoY+HeatDry | lag1 | KF | coeff=avg4 | EM=30 | P0=fixed,OIL_YoY+HeatDry,30,False,avg4,Failed,—,—,—,REJECT,no EM result / insufficient complete data,,,,,,,,,,,,,,,,
COL,OIL_YoY+HeatDry | lag1 | KF | coeff=avg4 | EM=30 | P0=update,OIL_YoY+HeatDry,30,True,avg4,Failed,—,—,—,REJECT,no EM result / insufficient complete data,,,,,,,,,,,,,,,,
COL,OIL_YoY+HeatDry | lag1 | KF | coeff=avg4 | EM=50 | P0=fixed,OIL_YoY+HeatDry,50,False,avg4,Failed,—,—,—,REJECT,no EM result / insufficient complete data,,,,,,,,,,,,,,,,
COL,OIL_YoY+HeatDry | lag1 | KF | coeff=avg4 | EM=50 | P0=update,OIL_YoY+HeatDry,50,True,avg4,Failed,—,—,—,REJECT,no EM result / insufficient complete data,,,,,,,,,,,,,,,,
COL,OIL_YoY+HeatDryF | lag1 | KF | coeff=avg4 | EM=20 | P0=fixed,OIL_YoY+HeatDryF,20,False,avg4,Failed,—,—,—,REJECT,no EM result / insufficient complete data,,,,,,,,,,,,,,,,
COL,OIL_YoY+HeatDryF | lag1 | KF | coeff=avg4 | EM=20 | P0=update,OIL_YoY+HeatDryF,20,True,avg4,Failed,—,—,—,REJECT,exception: LinAlgError: SVD did not converge,,,,,,,,,,,,,,,,
COL,OIL_YoY+HeatDryF | lag1 | KF | coeff=avg4 | EM=30 | P0=fixed,OIL_YoY+HeatDryF,30,False,avg4,Failed,—,—,—,REJECT,no EM result / insufficient complete data,,,,,,,,,,,,,,,,
COL,OIL_YoY+HeatDryF | lag1 | KF | coeff=avg4 | EM=30 | P0=update,OIL_YoY+HeatDryF,30,True,avg4,Failed,—,—,—,REJECT,no EM result / insufficient complete data,,,,,,,,,,,,,,,,
COL,OIL_YoY+HeatDryF | lag1 | KF | coeff=avg4 | EM=50 | P0=fixed,OIL_YoY+HeatDryF,50,False,avg4,Failed,—,—,—,REJECT,no EM result / insufficient complete data,,,,,,,,,,,,,,,,
COL,OIL_YoY+HeatDryF | lag1 | KF | coeff=avg4 | EM=50 | P0=update,OIL_YoY+HeatDryF,50,True,avg4,Failed,—,—,—,REJECT,no EM result / insufficient complete data,,,,,,,,,,,,,,,,
COL,ENSO | lag1 | KF | coeff=avg8 | EM=20 | P0=fixed,ENSO,20,False,avg8,Failed,—,—,—,REJECT,exception: LinAlgError: SVD did not converge,,,,,,,,,,,,,,,,
COL,ENSO | lag1 | KF | coeff=avg8 | EM=30 | P0=fixed,ENSO,30,False,avg8,Failed,—,—,—,REJECT,no EM result / insufficient complete data,,,,,,,,,,,,,,,,
COL,ENSO | lag1 | KF | coeff=avg8 | EM=30 | P0=update,ENSO,30,True,avg8,Failed,—,—,—,REJECT,no EM result / insufficient complete data,,,,,,,,,,,,,,,,
COL,ENSO | lag1 | KF | coeff=avg8 | EM=50 | P0=fixed,ENSO,50,False,avg8,Failed,—,—,—,REJECT,no EM result / insufficient complete data,,,,,,,,,,,,,,,,
COL,ENSO | lag1 | KF | coeff=avg8 | EM=50 | P0=update,ENSO,50,True,avg8,Failed,—,—,—,REJECT,no EM result / insufficient complete data,,,,,,,,,,,,,,,,
COL,ENSO+HeatDry | lag1 | KF | coeff=avg8 | EM=30 | P0=fixed,ENSO+HeatDry,30,False,avg8,Failed,—,—,—,REJECT,no EM result / insufficient complete data,,,,,,,,,,,,,,,,
COL,ENSO+HeatDry | lag1 | KF | coeff=avg8 | EM=30 | P0=update,ENSO+HeatDry,30,True,avg8,Failed,—,—,—,REJECT,no EM result / insufficient complete data,,,,,,,,,,,,,,,,
COL,ENSO+HeatDry | lag1 | KF | coeff=avg8 | EM=50 | P0=fixed,ENSO+HeatDry,50,False,avg8,Failed,—,—,—,REJECT,no EM result / insufficient complete data,,,,,,,,,,,,,,,,
COL,ENSO+HeatDry | lag1 | KF | coeff=avg8 | EM=50 | P0=update,ENSO+HeatDry,50,True,avg8,Failed,—,—,—,REJECT,no EM result / insufficient complete data,,,,,,,,,,,,,,,,
COL,ENSO+HeatDryF | lag1 | KF | coeff=avg8 | EM=20 | P0=fixed,ENSO+HeatDryF,20,False,avg8,Failed,—,—,—,REJECT,no EM result / insufficient complete data,,,,,,,,,,,,,,,,
COL,ENSO+HeatDryF | lag1 | KF | coeff=avg8 | EM=20 | P0=update,ENSO+HeatDryF,20,True,avg8,Failed,—,—,—,REJECT,no EM result / insufficient complete data,,,,,,,,,,,,,,,,
COL,ENSO+HeatDryF | lag1 | KF | coeff=avg8 | EM=30 | P0=fixed,ENSO+HeatDryF,30,False,avg8,Failed,—,—,—,REJECT,no EM result / insufficient complete data,,,,,,,,,,,,,,,,
COL,ENSO+HeatDryF | lag1 | KF | coeff=avg8 | EM=30 | P0=update,ENSO+HeatDryF,30,True,avg8,Failed,—,—,—,REJECT,no EM result / insufficient complete data,,,,,,,,,,,,,,,,
COL,ENSO+HeatDryF | lag1 | KF | coeff=avg8 | EM=50 | P0=fixed,ENSO+HeatDryF,50,False,avg8,Failed,—,—,—,REJECT,no EM result / insufficient complete data,,,,,,,,,,,,,,,,
COL,ENSO+HeatDryF | lag1 | KF | coeff=avg8 | EM=50 | P0=update,ENSO+HeatDryF,50,True,avg8,Failed,—,—,—,REJECT,no EM result / insufficient complete data,,,,,,,,,,,,,,,,
COL,HeatDry | lag1 | KF | coeff=avg8 | EM=20 | P0=fixed,HeatDry,20,False,avg8,Failed,—,—,—,REJECT,no EM result / insufficient complete data,,,,,,,,,,,,,,,,
COL,HeatDry | lag1 | KF | coeff=avg8 | EM=20 | P0=update,HeatDry,20,True,avg8,Failed,—,—,—,REJECT,no EM result / insufficient complete data,,,,,,,,,,,,,,,,
COL,HeatDry | lag1 | KF | coeff=avg8 | EM=30 | P0=fixed,HeatDry,30,False,avg8,Failed,—,—,—,REJECT,no EM result / insufficient complete data,,,,,,,,,,,,,,,,
COL,HeatDry | lag1 | KF | coeff=avg8 | EM=30 | P0=update,HeatDry,30,True,avg8,Failed,—,—,—,REJECT,no EM result / insufficient complete data,,,,,,,,,,,,,,,,
COL,HeatDry | lag1 | KF | coeff=avg8 | EM=50 | P0=fixed,HeatDry,50,False,avg8,Failed,—,—,—,REJECT,no EM result / insufficient complete data,,,,,,,,,,,,,,,,
COL,HeatDry | lag1 | KF | coeff=avg8 | EM=50 | P0=update,HeatDry,50,True,avg8,Failed,—,—,—,REJECT,no EM result / insufficient complete data,,,,,,,,,,,,,,,,
COL,HeatDryF | lag1 | KF | coeff=avg8 | EM=20 | P0=fixed,HeatDryF,20,False,avg8,Failed,—,—,—,REJECT,exception: LinAlgError: SVD did not converge,,,,,,,,,,,,,,,,
COL,HeatDryF | lag1 | KF | coeff=avg8 | EM=20 | P0=update,HeatDryF,20,True,avg8,Failed,—,—,—,REJECT,exception: LinAlgError: SVD did not converge,,,,,,,,,,,,,,,,
COL,HeatDryF | lag1 | KF | coeff=avg8 | EM=30 | P0=fixed,HeatDryF,30,False,avg8,Failed,—,—,—,REJECT,no EM result / insufficient complete data,,,,,,,,,,,,,,,,
COL,HeatDryF | lag1 | KF | coeff=avg8 | EM=30 | P0=update,HeatDryF,30,True,avg8,Failed,—,—,—,REJECT,no EM result / insufficient complete data,,,,,,,,,,,,,,,,
COL,HeatDryF | lag1 | KF | coeff=avg8 | EM=50 | P0=fixed,HeatDryF,50,False,avg8,Failed,—,—,—,REJECT,no EM result / insufficient complete data,,,,,,,,,,,,,,,,
COL,HeatDryF | lag1 | KF | coeff=avg8 | EM=50 | P0=update,HeatDryF,50,True,avg8,Failed,—,—,—,REJECT,no EM result / insufficient complete data,,,,,,,,,,,,,,,,
COL,OIL_YoY+HeatDry | lag1 | KF | coeff=avg8 | EM=20 | P0=fixed,OIL_YoY+HeatDry,20,False,avg8,Failed,—,—,—,REJECT,no EM result / insufficient complete data,,,,,,,,,,,,,,,,
COL,OIL_YoY+HeatDry | lag1 | KF | coeff=avg8 | EM=20 | P0=update,OIL_YoY+HeatDry,20,True,avg8,Failed,—,—,—,REJECT,no EM result / insufficient complete data,,,,,,,,,,,,,,,,
COL,OIL_YoY+HeatDry | lag1 | KF | coeff=avg8 | EM=30 | P0=fixed,OIL_YoY+HeatDry,30,False,avg8,Failed,—,—,—,REJECT,no EM result / insufficient complete data,,,,,,,,,,,,,,,,
COL,OIL_YoY+HeatDry | lag1 | KF | coeff=avg8 | EM=30 | P0=update,OIL_YoY+HeatDry,30,True,avg8,Failed,—,—,—,REJECT,no EM result / insufficient complete data,,,,,,,,,,,,,,,,
COL,OIL_YoY+HeatDry | lag1 | KF | coeff=avg8 | EM=50 | P0=fixed,OIL_YoY+HeatDry,50,False,avg8,Failed,—,—,—,REJECT,no EM result / insufficient complete data,,,,,,,,,,,,,,,,
COL,OIL_YoY+HeatDry | lag1 | KF | coeff=avg8 | EM=50 | P0=update,OIL_YoY+HeatDry,50,True,avg8,Failed,—,—,—,REJECT,no EM result / insufficient complete data,,,,,,,,,,,,,,,,
COL,OIL_YoY+HeatDryF | lag1 | KF | coeff=avg8 | EM=20 | P0=fixed,OIL_YoY+HeatDryF,20,False,avg8,Failed,—,—,—,REJECT,no EM result / insufficient complete data,,,,,,,,,,,,,,,,
COL,OIL_YoY+HeatDryF | lag1 | KF | coeff=avg8 | EM=20 | P0=update,OIL_YoY+HeatDryF,20,True,avg8,Failed,—,—,—,REJECT,exception: LinAlgError: SVD did not converge,,,,,,,,,,,,,,,,
COL,OIL_YoY+HeatDryF | lag1 | KF | coeff=avg8 | EM=30 | P0=fixed,OIL_YoY+HeatDryF,30,False,avg8,Failed,—,—,—,REJECT,no EM result / insufficient complete data,,,,,,,,,,,,,,,,
COL,OIL_YoY+HeatDryF | lag1 | KF | coeff=avg8 | EM=30 | P0=update,OIL_YoY+HeatDryF,30,True,avg8,Failed,—,—,—,REJECT,no EM result / insufficient complete data,,,,,,,,,,,,,,,,
COL,OIL_YoY+HeatDryF | lag1 | KF | coeff=avg8 | EM=50 | P0=fixed,OIL_YoY+HeatDryF,50,False,avg8,Failed,—,—,—,REJECT,no EM result / insufficient complete data,,,,,,,,,,,,,,,,
COL,OIL_YoY+HeatDryF | lag1 | KF | coeff=avg8 | EM=50 | P0=update,OIL_YoY+HeatDryF,50,True,avg8,Failed,—,—,—,REJECT,no EM result / insufficient complete data,,,,,,,,,,,,,,,,
COL,OIL_YoY+HeatDryF | lag1 | KF | coeff=avg4 | EM=10 | P0=fixed,OIL_YoY+HeatDryF,10,False,avg4,Explosive,Good,Borderline,Acceptable,REJECT,dynamic instability: rho=2.34; dynamic amplification: max ||A^k||2=489.0; rapid CI expansion: ratio=177.1,2.3394562234960863,488.98874446828535,488.98874446828535,2.9214319326511706,0.34387345324408747,5.815628028666732,1.363472890447063,80.97717075476679,177.05654215683583,0.34127816604196237,5.816473170250882,6.0,2026Q2,2026Q3,2027Q4,True
COL,OIL_YoY+HeatDryF | lag1 | KF | coeff=avg8 | EM=10 | P0=fixed,OIL_YoY+HeatDryF,10,False,avg8,Explosive,Good,Borderline,Acceptable,REJECT,dynamic instability: rho=2.37; dynamic amplification: max ||A^k||2=529.9; rapid CI expansion: ratio=186.5,2.372213352659444,529.9102582340927,529.9102582340927,2.9214319326511706,0.34387345324408747,5.766048261124751,1.3288163600166043,85.38776597785794,186.45762629849946,0.769484335902987,5.822549611034634,6.0,2026Q2,2026Q3,2027Q4,True
COL,OIL_YoY+HeatDryF | lag1 | KF | coeff=avg4 | EM=10 | P0=update,OIL_YoY+HeatDryF,10,True,avg4,Explosive,Good,Explosive,Acceptable,REJECT,dynamic instability: rho=2.97; dynamic amplification: max ||A^k||2=2998.0; confidence interval explosion: max width=341.0,2.970389020260715,2997.957486083072,2997.957486083072,6.771706210243017,0.3210463319956487,5.813430450888269,1.3913111777613927,340.9599419545151,548.3943802055365,0.3417725645702978,5.815024377804323,6.0,2026Q2,2026Q3,2027Q4,True
COL,OIL_YoY+HeatDryF | lag1 | KF | coeff=avg8 | EM=10 | P0=update,OIL_YoY+HeatDryF,10,True,avg8,Explosive,Good,Explosive,Acceptable,REJECT,dynamic instability: rho=3.04; dynamic amplification: max ||A^k||2=3462.5; confidence interval explosion: max width=375.7,3.0446916937356323,3462.529578365018,3462.529578365018,6.771706210243017,0.3210463319956487,5.764614113269501,1.3610338760093676,375.71964720182893,601.5044864325788,0.8845197784003702,5.820486458848802,6.0,2026Q2,2026Q3,2027Q4,True
COL,ENSO | lag1 | KF | coeff=avg4 | EM=20 | P0=update,ENSO,20,True,avg4,Explosive,Unstable,Good,Extreme,REJECT,dynamic instability: rho=7951454177339376757521636584205344685414390216275020218368.00; dynamic amplification: max ||A^k||2=5382240991787810006931734359381162904172180316108423424086406401370958728243870659319185239627886091211556518296526802317837613671374095434998652946506323777117355300261530617771521859457247588992102086008981125221892352762607304704.0; coefficient explosion: max |theta|=8164347065694366233881356435694784742548609190523373092864.0,7.951454177339377e+57,5.38224099178781e+231,5.38224099178781e+231,8.164347065694366e+57,2.5178579249644692e+56,inf,inf,inf,,0.0,inf,4.0,2026Q2,2026Q3,2027Q2,True
COL,ENSO | lag1 | KF | coeff=avg8 | EM=20 | P0=update,ENSO,20,True,avg8,Explosive,Unstable,Good,Extreme,REJECT,dynamic instability: rho=8177022463670010755002274880659178990969702153851993325568.00; dynamic amplification: max ||A^k||2=6033512758517476229495851669844771202046555291652955258959711391206627959437639779880085352159877001166277406985910843803627291440942453177411280076294698002881791087994442161712649295038737047075883231033917479761959784171802984448.0; coefficient explosion: max |theta|=8164347065694366233881356435694784742548609190523373092864.0,8.177022463670011e+57,6.033512758517476e+231,6.033512758517476e+231,8.164347065694366e+57,2.5178579249644692e+56,inf,inf,inf,,0.0,inf,4.0,2026Q2,2026Q3,2027Q2,True
COL,ENSO | lag1 | KF | coeff=last | EM=20 | P0=update,ENSO,20,True,last,Explosive,Unstable,Good,Extreme,REJECT,dynamic instability: rho=801169684883040070041533630479302548232277275367232765952.00; dynamic amplification: max ||A^k||2=803168376903771463904435447113553453224803757658383809291630235140302080029104803784174880662517026639915744518602591446844989317475198778977446191260613146370611963463075704884725030386054380931125737108115926891232439058825216.0; coefficient explosion: max |theta|=8164347065694366233881356435694784742548609190523373092864.0,8.0116968488304e+56,8.031683769037715e+227,8.031683769037715e+227,8.164347065694366e+57,2.5178579249644692e+56,inf,inf,inf,,0.0,inf,4.0,2026Q2,2026Q3,2027Q2,True
COL,ENSO+HeatDry | lag1 | KF | coeff=avg4 | EM=20 | P0=fixed,ENSO+HeatDry,20,False,avg4,Explosive,Unstable,Good,Extreme,REJECT,dynamic instability: rho=1788677363990165724198736197695994183698647842989625393735100530688.00; dynamic amplification: max ||A^k||2=14799144211370642194862366582451340611144795516647939695205060014135954543174029324922725986928699041862131198906284870937864179443929879328497828285338720738577482300997376391103713732678339160965524072108811076754920782291296837305430651864367820027539806310367232.0; coefficient explosion: max |theta|=6074065931710764606258852618824133006669908512104644442550880436224.0,1.7886773639901657e+66,1.4799144211370642e+265,1.4799144211370642e+265,6.0740659317107646e+66,2.0923770234955773e+66,inf,inf,inf,,0.0,inf,4.0,2026Q2,2026Q3,2027Q2,True
COL,ENSO+HeatDry | lag1 | KF | coeff=avg4 | EM=20 | P0=update,ENSO+HeatDry,20,True,avg4,Explosive,Unstable,Explosive,Extreme,REJECT,dynamic instability: rho=53109666290061543325813384199073169408.00; dynamic amplification: max ||A^k||2=22802475093252900625110118738264715321081050865992328023701388506717246716857074059211111271787368333380125870511076405624280776066627967000676172562432.0; coefficient explosion: max |theta|=77534612014938297170004131354643529728.0,5.310966629006154e+37,2.28024750932529e+151,2.28024750932529e+151,7.75346120149383e+37,1.0597830967176525e+37,1.490171892879117e+222,1.490171892879117e+222,inf,,0.0,1.490171892879117e+222,4.0,2026Q2,2026Q3,2027Q2,True
COL,ENSO+HeatDry | lag1 | KF | coeff=avg8 | EM=20 | P0=fixed,ENSO+HeatDry,20,False,avg8,Explosive,Unstable,Good,Extreme,REJECT,dynamic instability: rho=3530833321687801894276154391796968474221770333633318065931154358272.00; dynamic amplification: max ||A^k||2=263437417672306878196969051021663860896923979853943598808791273348997039655942620334867069498457487923453513924082396832781771849292428834927265188131153001713661068017087530455390882418739986411226983566129611303557024833589132265724006798476356328032644087465115648.0; coefficient explosion: max |theta|=6074065931710764606258852618824133006669908512104644442550880436224.0,3.530833321687802e+66,2.634374176723069e+266,2.634374176723069e+266,6.0740659317107646e+66,2.0923770234955773e+66,inf,inf,inf,,0.0,inf,4.0,2026Q2,2026Q3,2027Q2,True
COL,ENSO+HeatDry | lag1 | KF | coeff=avg8 | EM=20 | P0=update,ENSO+HeatDry,20,True,avg8,Explosive,Unstable,Explosive,Extreme,REJECT,dynamic instability: rho=38133094809789141602476688992255344640.00; dynamic amplification: max ||A^k||2=6529948322803432820156933573312776161902722766877186081544268245490978014033448181666357005850749448445392747581006641537148035749123786239620191092736.0; coefficient explosion: max |theta|=77534612014938297170004131354643529728.0,3.813309480978914e+37,6.529948322803433e+150,6.529948322803433e+150,7.75346120149383e+37,1.0597830967176525e+37,4.114226317448855e+221,4.114226317448855e+221,inf,,0.0,4.114226317448855e+221,4.0,2026Q2,2026Q3,2027Q2,True
COL,ENSO+HeatDry | lag1 | KF | coeff=last | EM=20 | P0=fixed,ENSO+HeatDry,20,False,last,Explosive,Unstable,Good,Extreme,REJECT,dynamic instability: rho=20101248784937224189869312909627603098596579777788249361842480087040.00; dynamic amplification: max ||A^k||2=329177725750817021451142304205898611320653114043545098790479900762218116801697936103770012827840192534217156261659434767370226369654927638802797327516263785813734002693014654471293362174150855037708668246559733189164329791551171900233165148040638110264523092155378434048.0; coefficient explosion: max |theta|=21579032229397399960628500503451351075155996127450455194088901705728.0,2.0101248784937224e+67,3.29177725750817e+269,3.29177725750817e+269,2.15790322293974e+67,2.0923770234955773e+66,inf,inf,inf,,0.0,inf,4.0,2026Q2,2026Q3,2027Q2,True
COL,ENSO+HeatDry | lag1 | KF | coeff=last | EM=20 | P0=update,ENSO+HeatDry,20,True,last,Explosive,Unstable,Explosive,Extreme,REJECT,dynamic instability: rho=67815004075107578394799406416385802240.00; dynamic amplification: max ||A^k||2=54655693357961573423426607818945166773868986355948807473606696507553180096219698463835609773313601619084657855691680344580488420384447079432436821524480.0; coefficient explosion: max |theta|=77534612014938297170004131354643529728.0,6.781500407510758e+37,5.465569335796157e+151,5.465569335796157e+151,7.75346120149383e+37,1.0597830967176525e+37,3.8627272114192466e+222,3.8627272114192466e+222,inf,,0.0,3.8627272114192466e+222,4.0,2026Q2,2026Q3,2027Q2,True
COL,HeatDryF | lag1 | KF | coeff=last | EM=20 | P0=fixed,HeatDryF,20,False,last,Explosive,Unstable,Explosive,Extreme,REJECT,dynamic instability: rho=19660699800798271717244928.00; dynamic amplification: max ||A^k||2=227490125686345806716402469890212610379615571342854570872911887982052484064446017787114000438446892453846045776463246390856687258330665356619932172812288.0; coefficient explosion: max |theta|=414784874288226974615750538301541578767904151691604262912.0,1.966069980079827e+25,2.274901256863458e+152,2.274901256863458e+152,4.14784874288227e+56,3.2662408179449194e+56,1.7714389988363975e+197,1.7714389988363975e+197,inf,,0.0,1.7714389988363975e+197,6.0,2026Q2,2026Q3,2027Q4,True
COL,HeatDryF | lag1 | KF | coeff=last | EM=20 | P0=update,HeatDryF,20,True,last,Explosive,Unstable,Good,Extreme,REJECT,dynamic instability: rho=135856543627053533944815825090714157835127113717383168.00; dynamic amplification: max ||A^k||2=73381856779501947788338625907910748718522830634862576549332770231583560738014949775746404042878157169547743629045287109878868197733030417016495460998129622575211345434889772924296073816673155176355632691675562720065753147866247138199404727592260575696787416893358080.0; coefficient explosion: max |theta|=129058999214369743380797004377671070046341420382420992.0,1.3585654362705353e+53,7.338185677950195e+265,,1.2905899921436974e+53,3.9113786581744744e+52,inf,inf,inf,,0.0,inf,6.0,2026Q2,2026Q3,2027Q4,True
EGY,ENSO+HeatDry | lag1 | KF | coeff=last | EM=10 | P0=fixed,ENSO+HeatDry,10,False,last,Good,Good,Good,Acceptable,KEEP,stable/coherent by coarse thresholds,0.6259276604259751,1.2219770673920376,0.3307071080606779,1.0622850607831136,0.3006312483975297,14.263653740639185,0.6777138921154613,7.477577162844796,3.6367851477587463,1.3516481331380366,14.27505032581935,5.0,2026Q1,2026Q2,2027Q2,True
EGY,ENSO+HeatDry | lag1 | KF | coeff=last | EM=20 | P0=fixed,ENSO+HeatDry,20,False,last,Good,Good,Good,Acceptable,KEEP,stable/coherent by coarse thresholds,0.6259276604259751,1.2219770673920376,0.3307071080606779,1.0622850607831136,0.3006312483975297,14.263653740639185,0.6777138921154613,7.477577162844796,3.6367851477587463,1.3516481331380366,14.27505032581935,5.0,2026Q1,2026Q2,2027Q2,True
EGY,ENSO+HeatDry | lag1 | KF | coeff=last | EM=30 | P0=fixed,ENSO+HeatDry,30,False,last,Good,Good,Good,Acceptable,KEEP,stable/coherent by coarse thresholds,0.6259276604259751,1.2219770673920376,0.3307071080606779,1.0622850607831136,0.3006312483975297,14.263653740639185,0.6777138921154613,7.477577162844796,3.6367851477587463,1.3516481331380366,14.27505032581935,5.0,2026Q1,2026Q2,2027Q2,True
EGY,ENSO+HeatDry | lag1 | KF | coeff=last | EM=50 | P0=fixed,ENSO+HeatDry,50,False,last,Good,Good,Good,Acceptable,KEEP,stable/coherent by coarse thresholds,0.6259276604259751,1.2219770673920376,0.3307071080606779,1.0622850607831136,0.3006312483975297,14.263653740639185,0.6777138921154613,7.477577162844796,3.6367851477587463,1.3516481331380366,14.27505032581935,5.0,2026Q1,2026Q2,2027Q2,True
EGY,ENSO+HeatDryF | lag1 | KF | coeff=last | EM=10 | P0=fixed,ENSO+HeatDryF,10,False,last,Good,Good,Good,Acceptable,KEEP,stable/coherent by coarse thresholds,0.6625631950806946,1.246990243376836,0.33011748626450443,1.351264359235206,0.3682093952014368,14.476042317976509,0.5238733664457218,9.983090344887781,3.798428124953289,1.1542115806695712,14.72811004779992,5.0,2026Q1,2026Q2,2027Q2,True
EGY,ENSO+HeatDry | lag1 | KF | coeff=last | EM=10 | P0=update,ENSO+HeatDry,10,True,last,Good,Good,Good,Acceptable,BORDERLINE,CI expands quickly: ratio=4.2,0.6246646631886902,1.2334118368377278,0.2914967133956233,1.4794416779072486,0.37052678336206313,13.93807752564866,0.5196229332573932,8.648189714472945,4.248363074650169,0.9205899789198817,13.698692417128022,5.0,2026Q1,2026Q2,2027Q2,True
EGY,ENSO | lag1 | KF | coeff=avg4 | EM=10 | P0=fixed,ENSO,10,False,avg4,Good,Good,Good,Acceptable,BORDERLINE,CI expands quickly: ratio=7.3,0.7565652541913652,1.2588385525690144,0.7261170530225866,1.0667493832727943,0.20535723136250214,12.63852722765449,0.569628991001883,4.606727341324097,7.347403129256012,0.8632333904405716,12.4068750519612,5.0,2026Q1,2026Q2,2027Q2,True
EGY,ENSO+HeatDryF | lag1 | KF | coeff=last | EM=10 | P0=update,ENSO+HeatDryF,10,True,last,Good,Good,Good,Acceptable,BORDERLINE,CI expands quickly: ratio=4.6,0.6749025689518715,1.2205245422893967,0.3299237902002639,1.3316665317560272,0.47388105773100087,14.023993126069952,0.367655278403765,11.867789513506327,4.570641620490577,0.7721517569814225,14.227551875250509,5.0,2026Q1,2026Q2,2027Q2,True
EGY,ENSO | lag1 | KF | coeff=last | EM=10 | P0=fixed,ENSO,10,False,last,Good,Good,Good,Acceptable,BORDERLINE,CI expands quickly: ratio=5.8,0.7291557446163056,1.3312769258510548,0.6167556129949372,1.0667493832727943,0.20535723136250214,13.500976479075565,0.3585256614685992,3.574195865846246,5.776055076997092,1.5664647210397256,12.516907992576463,5.0,2026Q1,2026Q2,2027Q2,True
EGY,ENSO | lag1 | KF | coeff=last | EM=10 | P0=update,ENSO,10,True,last,Good,Good,Good,Acceptable,BORDERLINE,CI expands quickly: ratio=5.6,0.7388282898556223,1.299147977182972,0.6099577594417261,1.3327722287547725,0.21436044439030472,13.643267690938192,0.41085984200145376,3.4817060336001298,5.638992899196891,1.6873791588639104,12.536629971950312,5.0,2026Q1,2026Q2,2027Q2,True
EGY,HeatDry | lag1 | KF | coeff=last | EM=10 | P0=update,HeatDry,10,True,last,Good,Good,Good,Acceptable,BORDERLINE,CI expands quickly: ratio=5.4,0.7187092826580748,1.2423177346509704,0.24208694095647634,1.303831127587015,0.4004115578161065,13.070908363479651,0.41582364307841146,12.08804615762036,5.418683361665286,1.1201489697432194,13.672143631032071,7.0,2026Q1,2026Q2,2027Q4,True
EGY,HeatDry | lag1 | KF | coeff=last | EM=10 | P0=fixed,HeatDry,10,False,last,Good,Good,Good,Acceptable,BORDERLINE,CI expands quickly: ratio=5.4,0.7154993675393135,1.2511673984434215,0.22793288934563063,1.2870560758764393,0.4016191690553801,13.08470664360246,0.40248311568976547,12.169989865722748,5.395677328580308,1.139782527728066,13.695987364698873,7.0,2026Q1,2026Q2,2027Q4,True
EGY,ENSO+HeatDryF | lag1 | KF | coeff=avg4 | EM=10 | P0=fixed,ENSO+HeatDryF,10,False,avg4,Good,Good,Good,Acceptable,BORDERLINE,CI expands quickly: ratio=5.6,0.7263162511642989,1.1025624125673286,0.4037142989053604,1.351264359235206,0.3682093952014368,12.32207084444428,0.4387087250997084,15.077214822072856,5.625717338081693,1.1403286535964963,13.059280662513892,5.0,2026Q1,2026Q2,2027Q2,True
EGY,HeatDryF | lag1 | KF | coeff=last | EM=10 | P0=fixed,HeatDryF,10,False,last,Good,Good,Good,Acceptable,BORDERLINE,CI expands quickly: ratio=5.7,0.7203049849598734,1.3327823594152863,0.2231824063875973,1.3717481875370934,0.26028502895361805,13.211055323896767,0.17256679358678628,13.26652831125105,5.706235356023041,0.58065899844995,13.620704117840305,7.0,2026Q1,2026Q2,2027Q4,True
EGY,HeatDry | lag1 | KF | coeff=avg4 | EM=10 | P0=fixed,HeatDry,10,False,avg4,Good,Good,Good,Acceptable,BORDERLINE,CI expands quickly: ratio=5.6,0.7117036349235925,1.2312142957385253,0.23933349769627013,1.2870560758764393,0.4016191690553801,12.683852097349433,0.7587517795090033,12.625787173067344,5.570776129302224,1.9982989005966854,13.716013697003943,7.0,2026Q1,2026Q2,2027Q4,True
EGY,HeatDryF | lag1 | KF | coeff=last | EM=10 | P0=update,HeatDryF,10,True,last,Good,Good,Good,Acceptable,BORDERLINE,CI expands quickly: ratio=5.8,0.7296371030486515,1.3439784481298591,0.26172605850133446,1.5143633176674685,0.2946181221582713,13.210521758119068,0.1721600296151644,13.207485574028937,5.764272373827332,0.5117838359827029,13.582269892054784,7.0,2026Q1,2026Q2,2027Q4,True
EGY,HeatDryF | lag1 | KF | coeff=avg4 | EM=10 | P0=fixed,HeatDryF,10,False,avg4,Good,Good,Good,Acceptable,BORDERLINE,CI expands quickly: ratio=6.0,0.7182651248366336,1.273264291794314,0.2415564259395729,1.3717481875370934,0.26028502895361805,13.086559862567315,0.5781199817594818,14.138412774712526,5.956700700912076,0.8903714356072641,13.550082940835077,7.0,2026Q1,2026Q2,2027Q4,True
EGY,OIL_YoY+HeatDry | lag1 | KF | coeff=last | EM=10 | P0=update,OIL_YoY+HeatDry,10,True,last,Good,Good,Good,Acceptable,BORDERLINE,CI expands quickly: ratio=6.1,0.6932288901483805,1.4949347013592904,0.16887057103218608,1.114787995403793,0.30490487787284004,14.324567071431199,1.167155427510517,11.005911398637744,6.113154143695626,0.8116185610950275,14.295628529790385,7.0,2026Q1,2026Q2,2027Q4,True
EGY,OIL_YoY+HeatDry | lag1 | KF | coeff=last | EM=20 | P0=update,OIL_YoY+HeatDry,20,True,last,Good,Good,Good,Acceptable,BORDERLINE,CI expands quickly: ratio=6.1,0.6932288901483805,1.4949347013592904,0.16887057103218608,1.114787995403793,0.30490487787284004,14.324567071431199,1.167155427510517,11.005911398637744,6.113154143695626,0.8116185610950275,14.295628529790385,7.0,2026Q1,2026Q2,2027Q4,True
EGY,OIL_YoY+HeatDry | lag1 | KF | coeff=last | EM=30 | P0=update,OIL_YoY+HeatDry,30,True,last,Good,Good,Good,Acceptable,BORDERLINE,CI expands quickly: ratio=6.1,0.6932288901483805,1.4949347013592904,0.16887057103218608,1.114787995403793,0.30490487787284004,14.324567071431199,1.167155427510517,11.005911398637744,6.113154143695626,0.8116185610950275,14.295628529790385,7.0,2026Q1,2026Q2,2027Q4,True
EGY,OIL_YoY+HeatDry | lag1 | KF | coeff=last | EM=50 | P0=update,OIL_YoY+HeatDry,50,True,last,Good,Good,Good,Acceptable,BORDERLINE,CI expands quickly: ratio=6.1,0.6932288901483805,1.4949347013592904,0.16887057103218608,1.114787995403793,0.30490487787284004,14.324567071431199,1.167155427510517,11.005911398637744,6.113154143695626,0.8116185610950275,14.295628529790385,7.0,2026Q1,2026Q2,2027Q4,True
EGY,OIL_YoY+HeatDry | lag1 | KF | coeff=last | EM=10 | P0=fixed,OIL_YoY+HeatDry,10,False,last,Good,Good,Good,Acceptable,BORDERLINE,CI expands quickly: ratio=6.2,0.7045420422562608,1.4395352910599872,0.17358875483005046,1.1829182964958163,0.26238095324911925,14.24995026176333,1.1262121772777096,11.257191298963818,6.2310035206948475,1.057588168806534,14.215136648163076,7.0,2026Q1,2026Q2,2027Q4,True
EGY,OIL_YoY+HeatDry | lag1 | KF | coeff=avg4 | EM=10 | P0=fixed,OIL_YoY+HeatDry,10,False,avg4,Good,Good,Good,Acceptable,BORDERLINE,CI expands quickly: ratio=6.0,0.6434789569029389,1.5941262158081695,0.14382233396676491,1.1829182964958163,0.26238095324911925,14.27509125302729,1.2578155172488223,10.997419347364215,6.0056078247127545,0.9353879917210275,14.25471662999575,7.0,2026Q1,2026Q2,2027Q4,True
EGY,ENSO | lag1 | KF | coeff=avg8 | EM=10 | P0=fixed,ENSO,10,False,avg8,Good,Good,Good,Acceptable,BORDERLINE,CI expands quickly: ratio=7.5,0.8395030148424669,1.2593889034233154,0.9759339526802238,1.0667493832727943,0.20535723136250214,11.771723400102443,1.2174202627535902,4.799965027686371,7.539112480593868,1.8019322130604358,11.561709100984432,5.0,2026Q1,2026Q2,2027Q2,True
EGY,OIL_YoY+HeatDryF | lag1 | KF | coeff=avg4 | EM=10 | P0=fixed,OIL_YoY+HeatDryF,10,False,avg4,Good,Good,Good,Acceptable,BORDERLINE,CI expands quickly: ratio=6.1,0.7013884969681007,1.3490697452769935,0.18798495989910577,1.2356927233993968,0.31334286346979967,14.350979968656196,1.5039747367779324,12.263081883933022,6.1342962440081665,1.4340676216740338,14.428753655505254,7.0,2026Q1,2026Q2,2027Q4,True
EGY,OIL_YoY+HeatDryF | lag1 | KF | coeff=last | EM=10 | P0=fixed,OIL_YoY+HeatDryF,10,False,last,Good,Good,Good,Acceptable,BORDERLINE,CI expands quickly: ratio=5.9,0.7414266262084799,1.3935427229168957,0.23440246458984612,1.2356927233993968,0.31334286346979967,14.682676395883318,1.5806953577692955,11.667718409440994,5.930475733501067,1.1154037875557883,14.773010081560123,7.0,2026Q1,2026Q2,2027Q4,True
EGY,OIL_YoY+HeatDryF | lag1 | KF | coeff=last | EM=10 | P0=update,OIL_YoY+HeatDryF,10,True,last,Good,Good,Good,Acceptable,BORDERLINE,CI expands quickly: ratio=5.9,0.7604297876668933,1.3445548025940555,0.25513219936430115,1.042479918961803,0.2934764800327167,14.683651305928722,1.5856683138568695,11.504647060819908,5.858548900462194,1.1114634773897514,14.771613062447724,7.0,2026Q1,2026Q2,2027Q4,True
EGY,ENSO | lag1 | KF | coeff=avg4 | EM=10 | P0=update,ENSO,10,True,avg4,Good,Good,Good,Acceptable,BORDERLINE,CI expands quickly: ratio=6.3,0.9203232214882759,1.4145674091001037,1.4145674091001037,1.3327722287547725,0.21436044439030472,13.802266618312315,0.5660095527804607,3.9077938367855047,6.343309971047962,2.9705608529326337,12.269009785717275,5.0,2026Q1,2026Q2,2027Q2,True
EGY,ENSO+HeatDryF | lag1 | KF | coeff=avg8 | EM=10 | P0=fixed,ENSO+HeatDryF,10,False,avg8,Good,Good,Good,Acceptable,BORDERLINE,CI expands quickly: ratio=7.3,0.7977454088058715,1.2156029286522416,0.7562970726996039,1.351264359235206,0.3682093952014368,10.662201951792893,2.0182232228859807,19.702134273890145,7.253040010191306,5.293882486804744,10.701472543132521,5.0,2026Q1,2026Q2,2027Q2,True
EGY,HeatDry | lag1 | KF | coeff=avg8 | EM=10 | P0=fixed,HeatDry,10,False,avg8,Good,Good,Good,Acceptable,BORDERLINE,CI expands quickly: ratio=6.7,0.8087619690695533,1.2737443176077972,0.4260052142695719,1.2870560758764393,0.4016191690553801,10.785774330632053,1.9544518780201958,15.217967702212558,6.7133143092978145,7.3127363968862635,13.491705035738985,7.0,2026Q1,2026Q2,2027Q4,True
EGY,HeatDryF | lag1 | KF | coeff=avg8 | EM=10 | P0=fixed,HeatDryF,10,False,avg8,Good,Good,Good,Acceptable,BORDERLINE,CI expands quickly: ratio=7.5,0.8126830809350467,1.3227010810084143,0.42297127290373693,1.3717481875370934,0.26028502895361805,10.598266750998176,1.6547303454438573,17.927777823336854,7.4884513007525255,6.605531429617683,13.427938100289504,7.0,2026Q1,2026Q2,2027Q4,True
EGY,HeatDry | lag1 | KF | coeff=avg4 | EM=10 | P0=update,HeatDry,10,True,avg4,Good,Good,Good,Acceptable,BORDERLINE,CI expands quickly: ratio=6.7,0.9761717945377482,1.6056440199303874,1.5575135279571988,1.303831127587015,0.4004115578161065,12.009755881070177,0.606032288725979,14.273816005073545,6.695455589050578,1.3429129084901366,11.58498429242655,7.0,2026Q1,2026Q2,2027Q4,True
EGY,ENSO | lag1 | KF | coeff=avg8 | EM=10 | P0=update,ENSO,10,True,avg8,Good,Good,Good,Acceptable,BORDERLINE,CI expands quickly: ratio=5.1,0.8423583753360726,1.7479415176395512,1.7252782661137873,1.3327722287547725,0.21436044439030472,14.94796557880047,1.055868324340258,3.1033584183667475,5.085969349761213,6.575657275604616,11.289007899397635,5.0,2026Q1,2026Q2,2027Q2,True
EGY,OIL_YoY+HeatDryF | lag1 | KF | coeff=avg4 | EM=10 | P0=update,OIL_YoY+HeatDryF,10,True,avg4,Good,Good,Good,Acceptable,REJECT,rapid CI expansion: ratio=8.2,0.8194202560842107,1.2188929901671248,0.40777923706897146,1.042479918961803,0.2934764800327167,14.111086692043386,1.3482065671318058,15.114524850368216,8.204840990722316,0.9572026050725739,14.114279873483838,7.0,2026Q1,2026Q2,2027Q4,True
EGY,OIL_YoY+HeatDry | lag1 | KF | coeff=avg4 | EM=10 | P0=update,OIL_YoY+HeatDry,10,True,avg4,Good,Good,Good,Acceptable,REJECT,rapid CI expansion: ratio=9.5,0.6521516322816457,1.5071122057676893,0.24012400513125134,1.114787995403793,0.30490487787284004,15.390132465602221,2.7536759946716565,17.19332748104117,9.522101621461918,2.1057215167273196,15.303545706082428,7.0,2026Q1,2026Q2,2027Q4,True
EGY,OIL_YoY+HeatDry | lag1 | KF | coeff=avg4 | EM=20 | P0=update,OIL_YoY+HeatDry,20,True,avg4,Good,Good,Good,Acceptable,REJECT,rapid CI expansion: ratio=9.5,0.6521516322816457,1.5071122057676893,0.24012400513125134,1.114787995403793,0.30490487787284004,15.390132465602221,2.7536759946716565,17.19332748104117,9.522101621461918,2.1057215167273196,15.303545706082428,7.0,2026Q1,2026Q2,2027Q4,True
EGY,OIL_YoY+HeatDry | lag1 | KF | coeff=avg4 | EM=30 | P0=update,OIL_YoY+HeatDry,30,True,avg4,Good,Good,Good,Acceptable,REJECT,rapid CI expansion: ratio=9.5,0.6521516322816457,1.5071122057676893,0.24012400513125134,1.114787995403793,0.30490487787284004,15.390132465602221,2.7536759946716565,17.19332748104117,9.522101621461918,2.1057215167273196,15.303545706082428,7.0,2026Q1,2026Q2,2027Q4,True
EGY,OIL_YoY+HeatDry | lag1 | KF | coeff=avg4 | EM=50 | P0=update,OIL_YoY+HeatDry,50,True,avg4,Good,Good,Good,Acceptable,REJECT,rapid CI expansion: ratio=9.5,0.6521516322816457,1.5071122057676893,0.24012400513125134,1.114787995403793,0.30490487787284004,15.390132465602221,2.7536759946716565,17.19332748104117,9.522101621461918,2.1057215167273196,15.303545706082428,7.0,2026Q1,2026Q2,2027Q4,True
EGY,ENSO+HeatDry | lag1 | KF | coeff=avg4 | EM=10 | P0=fixed,ENSO+HeatDry,10,False,avg4,Good,Good,Good,Acceptable,REJECT,rapid CI expansion: ratio=11.0,0.6913198447947819,1.1065272733233622,0.3045139890436158,1.0622850607831136,0.3006312483975297,12.229295913341081,1.4268293649700006,23.661942164082276,10.959443130575602,5.640110294677145,13.815385548661654,5.0,2026Q1,2026Q2,2027Q2,True
EGY,ENSO+HeatDry | lag1 | KF | coeff=avg4 | EM=20 | P0=fixed,ENSO+HeatDry,20,False,avg4,Good,Good,Good,Acceptable,REJECT,rapid CI expansion: ratio=11.0,0.6913198447947819,1.1065272733233622,0.3045139890436158,1.0622850607831136,0.3006312483975297,12.229295913341081,1.4268293649700006,23.661942164082276,10.959443130575602,5.640110294677145,13.815385548661654,5.0,2026Q1,2026Q2,2027Q2,True
EGY,ENSO+HeatDry | lag1 | KF | coeff=avg4 | EM=30 | P0=fixed,ENSO+HeatDry,30,False,avg4,Good,Good,Good,Acceptable,REJECT,rapid CI expansion: ratio=11.0,0.6913198447947819,1.1065272733233622,0.3045139890436158,1.0622850607831136,0.3006312483975297,12.229295913341081,1.4268293649700006,23.661942164082276,10.959443130575602,5.640110294677145,13.815385548661654,5.0,2026Q1,2026Q2,2027Q2,True
EGY,ENSO+HeatDry | lag1 | KF | coeff=avg4 | EM=50 | P0=fixed,ENSO+HeatDry,50,False,avg4,Good,Good,Good,Acceptable,REJECT,rapid CI expansion: ratio=11.0,0.6913198447947819,1.1065272733233622,0.3045139890436158,1.0622850607831136,0.3006312483975297,12.229295913341081,1.4268293649700006,23.661942164082276,10.959443130575602,5.640110294677145,13.815385548661654,5.0,2026Q1,2026Q2,2027Q2,True
EGY,HeatDry | lag1 | KF | coeff=avg8 | EM=10 | P0=update,HeatDry,10,True,avg8,Good,Good,Good,Acceptable,REJECT,rapid CI expansion: ratio=8.1,0.7706735817933374,1.4850256299211373,0.7788819920144017,1.303831127587015,0.4004115578161065,10.331081200269727,2.190826095312147,17.355306973091057,8.078085758282207,8.347817757210029,11.905646389703001,7.0,2026Q1,2026Q2,2027Q4,True
EGY,OIL_YoY+HeatDryF | lag1 | KF | coeff=avg8 | EM=10 | P0=fixed,OIL_YoY+HeatDryF,10,False,avg8,Good,Good,Good,Acceptable,REJECT,rapid CI expansion: ratio=8.1,0.8236811541166182,1.397626530938595,0.5267332859682807,1.2356927233993968,0.31334286346979967,12.79532612339434,2.2739387595943192,16.299527420026763,8.100175161230974,6.643593581736823,12.952623165681173,7.0,2026Q1,2026Q2,2027Q4,True
EGY,OIL_YoY+HeatDry | lag1 | KF | coeff=avg8 | EM=10 | P0=fixed,OIL_YoY+HeatDry,10,False,avg8,Good,Good,Good,Acceptable,REJECT,rapid CI expansion: ratio=8.1,0.8215494431068394,1.4967233433041407,0.42387934772188035,1.1829182964958163,0.26238095324911925,13.22384860836545,2.1700646938087953,14.944927977046945,8.083369324648954,6.18918393300032,13.109105987532105,7.0,2026Q1,2026Q2,2027Q4,True
EGY,HeatDryF | lag1 | KF | coeff=avg8 | EM=10 | P0=update,HeatDryF,10,True,avg8,Good,Good,Good,Acceptable,REJECT,rapid CI expansion: ratio=11.9,0.848806247388732,1.765992186018909,1.3123903734211158,1.5143633176674685,0.2946181221582713,9.824731615308924,1.9543335391747778,27.71886227136455,11.85626579574491,1.6238723216811746,9.689387256905334,7.0,2026Q1,2026Q2,2027Q4,True
EGY,OIL_YoY+HeatDryF | lag1 | KF | coeff=avg8 | EM=10 | P0=update,OIL_YoY+HeatDryF,10,True,avg8,Good,Good,Good,Acceptable,REJECT,rapid CI expansion: ratio=12.5,0.8689424390930097,1.1482831377849962,0.8404604386722967,1.042479918961803,0.2934764800327167,12.104998182067176,1.7611923049366442,23.797447615822087,12.45281502737773,8.197667703405292,12.17283313935067,7.0,2026Q1,2026Q2,2027Q4,True
EGY,HeatDryF | lag1 | KF | coeff=avg4 | EM=10 | P0=update,HeatDryF,10,True,avg4,Borderline,Good,Good,Acceptable,REJECT,rapid CI expansion: ratio=9.8,0.9951639972403248,1.592079728565716,1.592079728565716,1.5143633176674685,0.2946181221582713,13.526031484560532,1.3920022746605358,22.535609378077993,9.75996892293924,3.8565333966867357,11.286683729793074,7.0,2026Q1,2026Q2,2027Q4,True
EGY,ENSO+HeatDryF | lag1 | KF | coeff=avg4 | EM=10 | P0=update,ENSO+HeatDryF,10,True,avg4,Good,Good,Good,Acceptable,REJECT,rapid CI expansion: ratio=17.3,0.772623793489331,0.9804909371061074,0.4049659970412867,1.3316665317560272,0.47388105773100087,11.988685972892627,3.1843817750003254,45.62600834375281,17.26062593874112,9.567079097357649,12.652482503497474,5.0,2026Q1,2026Q2,2027Q2,True
EGY,OIL_YoY+HeatDry | lag1 | KF | coeff=avg8 | EM=10 | P0=update,OIL_YoY+HeatDry,10,True,avg8,Good,Good,Good,Acceptable,REJECT,rapid CI expansion: ratio=13.2,0.8802994779143618,1.3105015797382746,0.5685732010602789,1.114787995403793,0.30490487787284004,14.355166570659838,4.532239391345673,23.91628885197928,13.21990347218132,11.759020354237029,14.672075604647006,7.0,2026Q1,2026Q2,2027Q4,True
EGY,OIL_YoY+HeatDry | lag1 | KF | coeff=avg8 | EM=20 | P0=update,OIL_YoY+HeatDry,20,True,avg8,Good,Good,Good,Acceptable,REJECT,rapid CI expansion: ratio=13.2,0.8802994779143618,1.3105015797382746,0.5685732010602789,1.114787995403793,0.30490487787284004,14.355166570659838,4.532239391345673,23.91628885197928,13.21990347218132,11.759020354237029,14.672075604647006,7.0,2026Q1,2026Q2,2027Q4,True
EGY,OIL_YoY+HeatDry | lag1 | KF | coeff=avg8 | EM=30 | P0=update,OIL_YoY+HeatDry,30,True,avg8,Good,Good,Good,Acceptable,REJECT,rapid CI expansion: ratio=13.2,0.8802994779143618,1.3105015797382746,0.5685732010602789,1.114787995403793,0.30490487787284004,14.355166570659838,4.532239391345673,23.91628885197928,13.21990347218132,11.759020354237029,14.672075604647006,7.0,2026Q1,2026Q2,2027Q4,True
EGY,OIL_YoY+HeatDry | lag1 | KF | coeff=avg8 | EM=50 | P0=update,OIL_YoY+HeatDry,50,True,avg8,Good,Good,Good,Acceptable,REJECT,rapid CI expansion: ratio=13.2,0.8802994779143618,1.3105015797382746,0.5685732010602789,1.114787995403793,0.30490487787284004,14.355166570659838,4.532239391345673,23.91628885197928,13.21990347218132,11.759020354237029,14.672075604647006,7.0,2026Q1,2026Q2,2027Q4,True
EGY,ENSO+HeatDry | lag1 | KF | coeff=avg8 | EM=10 | P0=fixed,ENSO+HeatDry,10,False,avg8,Good,Good,Good,Acceptable,REJECT,rapid CI expansion: ratio=14.6,0.9108545569284262,1.13826455235132,0.8455497118527054,1.0622850607831136,0.3006312483975297,11.105229500312916,4.575101835287461,32.01514363982853,14.601975292427106,14.478152680098027,11.570580850467387,5.0,2026Q1,2026Q2,2027Q2,True
EGY,ENSO+HeatDry | lag1 | KF | coeff=avg8 | EM=20 | P0=fixed,ENSO+HeatDry,20,False,avg8,Good,Good,Good,Acceptable,REJECT,rapid CI expansion: ratio=14.6,0.9108545569284262,1.13826455235132,0.8455497118527054,1.0622850607831136,0.3006312483975297,11.105229500312916,4.575101835287461,32.01514363982853,14.601975292427106,14.478152680098027,11.570580850467387,5.0,2026Q1,2026Q2,2027Q2,True
EGY,ENSO+HeatDry | lag1 | KF | coeff=avg8 | EM=30 | P0=fixed,ENSO+HeatDry,30,False,avg8,Good,Good,Good,Acceptable,REJECT,rapid CI expansion: ratio=14.6,0.9108545569284262,1.13826455235132,0.8455497118527054,1.0622850607831136,0.3006312483975297,11.105229500312916,4.575101835287461,32.01514363982853,14.601975292427106,14.478152680098027,11.570580850467387,5.0,2026Q1,2026Q2,2027Q2,True
EGY,ENSO+HeatDry | lag1 | KF | coeff=avg8 | EM=50 | P0=fixed,ENSO+HeatDry,50,False,avg8,Good,Good,Good,Acceptable,REJECT,rapid CI expansion: ratio=14.6,0.9108545569284262,1.13826455235132,0.8455497118527054,1.0622850607831136,0.3006312483975297,11.105229500312916,4.575101835287461,32.01514363982853,14.601975292427106,14.478152680098027,11.570580850467387,5.0,2026Q1,2026Q2,2027Q2,True
EGY,ENSO+HeatDry | lag1 | KF | coeff=avg4 | EM=10 | P0=update,ENSO+HeatDry,10,True,avg4,Good,Good,Good,Acceptable,REJECT,rapid CI expansion: ratio=23.4,0.7569478560632912,1.4311463080213809,0.476658311137676,1.4794416779072486,0.37052678336206313,11.731198099858737,4.180273574177563,48.97774315871729,23.38586695735112,12.678060588537363,14.940253337943025,5.0,2026Q1,2026Q2,2027Q2,True
EGY,ENSO+HeatDryF | lag1 | KF | coeff=avg8 | EM=10 | P0=update,ENSO+HeatDryF,10,True,avg8,Good,Good,Borderline,Borderline,REJECT,rapid CI expansion: ratio=25.4,0.842209409209406,1.212017167289256,1.1854252548780104,1.3316665317560272,0.47388105773100087,20.443062069678984,9.125393263215242,69.56544373039873,25.35755343567002,28.33773685031938,17.202741942856683,5.0,2026Q1,2026Q2,2027Q2,True
EGY,ENSO+HeatDry | lag1 | KF | coeff=avg8 | EM=10 | P0=update,ENSO+HeatDry,10,True,avg8,Borderline,Good,Borderline,Borderline,REJECT,rapid CI expansion: ratio=33.0,1.0244483996864029,1.5118455717880674,1.4483926958725573,1.4794416779072486,0.37052678336206313,21.807899701449042,9.92103971703347,70.98609240223115,32.9734339993459,32.50715327317806,21.99125512801987,5.0,2026Q1,2026Q2,2027Q2,True
EGY,ENSO+HeatDryF | lag1 | KF | coeff=last | EM=50 | P0=fixed,ENSO+HeatDryF,50,False,last,Failed,—,—,—,REJECT,exception: LinAlgError: SVD did not converge,,,,,,,,,,,,,,,,
EGY,ENSO+HeatDryF | lag1 | KF | coeff=last | EM=50 | P0=update,ENSO+HeatDryF,50,True,last,Failed,—,—,—,REJECT,exception: LinAlgError: SVD did not converge,,,,,,,,,,,,,,,,
EGY,HeatDryF | lag1 | KF | coeff=last | EM=20 | P0=update,HeatDryF,20,True,last,Failed,—,—,—,REJECT,exception: LinAlgError: SVD did not converge,,,,,,,,,,,,,,,,
EGY,HeatDryF | lag1 | KF | coeff=last | EM=30 | P0=update,HeatDryF,30,True,last,Failed,—,—,—,REJECT,exception: LinAlgError: SVD did not converge,,,,,,,,,,,,,,,,
EGY,HeatDryF | lag1 | KF | coeff=last | EM=50 | P0=fixed,HeatDryF,50,False,last,Failed,—,—,—,REJECT,exception: LinAlgError: SVD did not converge,,,,,,,,,,,,,,,,
EGY,HeatDryF | lag1 | KF | coeff=last | EM=50 | P0=update,HeatDryF,50,True,last,Failed,—,—,—,REJECT,exception: LinAlgError: SVD did not converge,,,,,,,,,,,,,,,,
EGY,OIL_YoY+HeatDryF | lag1 | KF | coeff=last | EM=50 | P0=fixed,OIL_YoY+HeatDryF,50,False,last,Failed,—,—,—,REJECT,exception: LinAlgError: SVD did not converge,,,,,,,,,,,,,,,,
EGY,OIL_YoY+HeatDryF | lag1 | KF | coeff=last | EM=50 | P0=update,OIL_YoY+HeatDryF,50,True,last,Failed,—,—,—,REJECT,no EM result / insufficient complete data,,,,,,,,,,,,,,,,
EGY,ENSO+HeatDryF | lag1 | KF | coeff=avg4 | EM=50 | P0=fixed,ENSO+HeatDryF,50,False,avg4,Failed,—,—,—,REJECT,exception: LinAlgError: SVD did not converge,,,,,,,,,,,,,,,,
EGY,ENSO+HeatDryF | lag1 | KF | coeff=avg4 | EM=50 | P0=update,ENSO+HeatDryF,50,True,avg4,Failed,—,—,—,REJECT,exception: LinAlgError: SVD did not converge,,,,,,,,,,,,,,,,
EGY,HeatDryF | lag1 | KF | coeff=avg4 | EM=20 | P0=update,HeatDryF,20,True,avg4,Failed,—,—,—,REJECT,exception: LinAlgError: SVD did not converge,,,,,,,,,,,,,,,,
EGY,HeatDryF | lag1 | KF | coeff=avg4 | EM=30 | P0=update,HeatDryF,30,True,avg4,Failed,—,—,—,REJECT,exception: LinAlgError: SVD did not converge,,,,,,,,,,,,,,,,
EGY,HeatDryF | lag1 | KF | coeff=avg4 | EM=50 | P0=fixed,HeatDryF,50,False,avg4,Failed,—,—,—,REJECT,exception: LinAlgError: SVD did not converge,,,,,,,,,,,,,,,,
EGY,HeatDryF | lag1 | KF | coeff=avg4 | EM=50 | P0=update,HeatDryF,50,True,avg4,Failed,—,—,—,REJECT,exception: LinAlgError: SVD did not converge,,,,,,,,,,,,,,,,
EGY,OIL_YoY+HeatDryF | lag1 | KF | coeff=avg4 | EM=50 | P0=fixed,OIL_YoY+HeatDryF,50,False,avg4,Failed,—,—,—,REJECT,exception: LinAlgError: SVD did not converge,,,,,,,,,,,,,,,,
EGY,OIL_YoY+HeatDryF | lag1 | KF | coeff=avg4 | EM=50 | P0=update,OIL_YoY+HeatDryF,50,True,avg4,Failed,—,—,—,REJECT,no EM result / insufficient complete data,,,,,,,,,,,,,,,,
EGY,ENSO+HeatDryF | lag1 | KF | coeff=avg8 | EM=50 | P0=fixed,ENSO+HeatDryF,50,False,avg8,Failed,—,—,—,REJECT,exception: LinAlgError: SVD did not converge,,,,,,,,,,,,,,,,
EGY,ENSO+HeatDryF | lag1 | KF | coeff=avg8 | EM=50 | P0=update,ENSO+HeatDryF,50,True,avg8,Failed,—,—,—,REJECT,exception: LinAlgError: SVD did not converge,,,,,,,,,,,,,,,,
EGY,HeatDryF | lag1 | KF | coeff=avg8 | EM=20 | P0=update,HeatDryF,20,True,avg8,Failed,—,—,—,REJECT,exception: LinAlgError: SVD did not converge,,,,,,,,,,,,,,,,
EGY,HeatDryF | lag1 | KF | coeff=avg8 | EM=30 | P0=update,HeatDryF,30,True,avg8,Failed,—,—,—,REJECT,exception: LinAlgError: SVD did not converge,,,,,,,,,,,,,,,,
EGY,HeatDryF | lag1 | KF | coeff=avg8 | EM=50 | P0=fixed,HeatDryF,50,False,avg8,Failed,—,—,—,REJECT,exception: LinAlgError: SVD did not converge,,,,,,,,,,,,,,,,
EGY,HeatDryF | lag1 | KF | coeff=avg8 | EM=50 | P0=update,HeatDryF,50,True,avg8,Failed,—,—,—,REJECT,exception: LinAlgError: SVD did not converge,,,,,,,,,,,,,,,,
EGY,OIL_YoY+HeatDryF | lag1 | KF | coeff=avg8 | EM=50 | P0=fixed,OIL_YoY+HeatDryF,50,False,avg8,Failed,—,—,—,REJECT,exception: LinAlgError: SVD did not converge,,,,,,,,,,,,,,,,
EGY,OIL_YoY+HeatDryF | lag1 | KF | coeff=avg8 | EM=50 | P0=update,OIL_YoY+HeatDryF,50,True,avg8,Failed,—,—,—,REJECT,no EM result / insufficient complete data,,,,,,,,,,,,,,,,
EGY,ENSO | lag1 | KF | coeff=avg8 | EM=20 | P0=fixed,ENSO,20,False,avg8,Explosive,Good,Explosive,Extreme,REJECT,dynamic instability: rho=1.13; confidence interval explosion: max width=4456.8; rapid CI expansion: ratio=364.7,1.1280103354644164,2.791043074248411,2.791043074248411,3.068545629903228,1.5176201152030675,41.88780859384755,14.222006434515801,4456.8476075043,364.7288156811875,48.84240255907286,11.875063481774088,5.0,2026Q1,2026Q2,2027Q2,True
EGY,ENSO | lag1 | KF | coeff=last | EM=20 | P0=update,ENSO,20,True,last,Explosive,Good,Explosive,Acceptable,REJECT,dynamic instability: rho=1.36; dynamic amplification: max ||A^k||2=8.1; confidence interval explosion: max width=4776.2,1.3588254484207078,8.100802434143986,8.100802434143986,5.437704800854348,1.8946340613336705,10.666574850784093,2.1751253454307165,4776.202282310031,628.4769288997743,2.3350230354496038,11.74069897542259,5.0,2026Q1,2026Q2,2027Q2,True
EGY,ENSO | lag1 | KF | coeff=avg4 | EM=20 | P0=fixed,ENSO,20,False,avg4,Explosive,Good,Explosive,Borderline,REJECT,dynamic instability: rho=1.22; confidence interval explosion: max width=5005.3; rapid CI expansion: ratio=419.3,1.2164500802691354,3.2154829582012283,3.2154829582012283,3.068545629903228,1.5176201152030675,31.67033537450872,13.832052135074044,5005.344947410184,419.299854248499,36.91753729173312,12.317264461418574,5.0,2026Q1,2026Q2,2027Q2,True
EGY,ENSO | lag1 | KF | coeff=last | EM=20 | P0=fixed,ENSO,20,False,last,Good,Good,Explosive,Borderline,REJECT,confidence interval explosion: max width=5657.8; rapid CI expansion: ratio=461.0,0.850230845823933,2.273285401572455,2.2578790287550627,3.068545629903228,1.5176201152030675,21.763359693220533,10.499725065535833,5657.820898384815,461.03786134063944,27.681507031674442,10.591276355792601,5.0,2026Q1,2026Q2,2027Q2,True
EGY,ENSO | lag1 | KF | coeff=avg8 | EM=20 | P0=update,ENSO,20,True,avg8,Explosive,Good,Explosive,Acceptable,REJECT,dynamic instability: rho=1.62; dynamic amplification: max ||A^k||2=25.2; confidence interval explosion: max width=5107.3,1.6249998355707314,25.187171046048217,25.187171046048217,5.437704800854348,1.8946340613336705,25.28721313211478,14.494107039837655,5107.340308812054,677.68601572796,9.263484041867496,26.910806282746858,5.0,2026Q1,2026Q2,2027Q2,True
EGY,ENSO | lag1 | KF | coeff=avg4 | EM=20 | P0=update,ENSO,20,True,avg4,Explosive,Good,Explosive,Acceptable,REJECT,dynamic instability: rho=1.60; dynamic amplification: max ||A^k||2=26.3; confidence interval explosion: max width=5129.8,1.6030976015795229,26.3026408168608,26.3026408168608,5.437704800854348,1.8946340613336705,27.368225997710866,15.812574009222764,5129.771553781189,698.4950890805715,3.9028118681586577,25.38586259972408,5.0,2026Q1,2026Q2,2027Q2,True
EGY,HeatDry | lag1 | KF | coeff=avg4 | EM=20 | P0=fixed,HeatDry,20,False,avg4,Borderline,Good,Explosive,Acceptable,REJECT,confidence interval explosion: max width=14889.8; rapid CI expansion: ratio=2966.6,0.9984802900817009,1.4972989857519194,1.2487061544510338,2.4285444732842474,0.4739837842067463,26.338958669929525,5.970777617984332,14889.828316192517,2966.630292906606,18.033135088249004,11.084818129700107,7.0,2026Q1,2026Q2,2027Q4,True
EGY,HeatDry | lag1 | KF | coeff=avg8 | EM=20 | P0=fixed,HeatDry,20,False,avg8,Borderline,Good,Explosive,Acceptable,REJECT,confidence interval explosion: max width=15499.3; rapid CI expansion: ratio=3301.7,1.0739412187913913,1.9394029403168256,1.9394029403168256,2.4285444732842474,0.4739837842067463,19.877544488314605,3.739596862545927,15499.341771772652,3301.6835995362635,12.771559971724429,11.060256620150009,7.0,2026Q1,2026Q2,2027Q4,True
EGY,HeatDry | lag1 | KF | coeff=last | EM=20 | P0=fixed,HeatDry,20,False,last,Borderline,Good,Explosive,Acceptable,REJECT,confidence interval explosion: max width=19115.2; rapid CI expansion: ratio=4055.5,1.0436945542337983,3.4920042930626805,3.4920042930626805,2.4285444732842474,0.4739837842067463,18.931274486581614,5.466991385416604,19115.23828146505,4055.5166011296897,15.38097110571888,11.140871614606848,7.0,2026Q1,2026Q2,2027Q4,True
EGY,HeatDryF | lag1 | KF | coeff=avg4 | EM=20 | P0=fixed,HeatDryF,20,False,avg4,Good,Good,Explosive,Acceptable,REJECT,confidence interval explosion: max width=118242.2; rapid CI expansion: ratio=20526.6,0.8074959596107112,2.4983157791996904,0.5112602419025652,2.8871365009019776,0.9155953669862589,21.007491484734143,2.7860592160606465,118242.18800485032,20526.62359480134,8.519646342641412,13.883504735846415,7.0,2026Q1,2026Q2,2027Q4,True
EGY,HeatDryF | lag1 | KF | coeff=last | EM=20 | P0=fixed,HeatDryF,20,False,last,Borderline,Good,Explosive,Acceptable,REJECT,confidence interval explosion: max width=124969.6; rapid CI expansion: ratio=20733.5,0.7989981801135595,3.002089016682313,1.6265071444299617,2.8871365009019776,0.9155953669862589,28.048401087109387,5.085882462265037,124969.6194152197,20733.53172652012,13.439643477419832,15.891011606327105,7.0,2026Q1,2026Q2,2027Q4,True
EGY,HeatDryF | lag1 | KF | coeff=avg8 | EM=20 | P0=fixed,HeatDryF,20,False,avg8,Borderline,Good,Explosive,Acceptable,REJECT,confidence interval explosion: max width=126300.6; rapid CI expansion: ratio=22296.5,0.9989559749713871,2.9920111780432874,1.2685590992290736,2.8871365009019776,0.9155953669862589,10.188990223344435,3.17366957987317,126300.58648684058,22296.51964737565,6.58389269077157,11.977052735795958,7.0,2026Q1,2026Q2,2027Q4,True
EGY,ENSO+HeatDryF | lag1 | KF | coeff=avg8 | EM=20 | P0=fixed,ENSO+HeatDryF,20,False,avg8,Explosive,Good,Explosive,Extreme,REJECT,dynamic instability: rho=1.83; dynamic amplification: max ||A^k||2=57.8; unrealistic GDP/CPI level: max abs=102.2,1.8300701728682798,57.84698099349027,57.84698099349027,4.581382902271708,2.1397943195356324,102.18062833217854,92.60118346915257,137334.75491852418,8684.15495890063,84.2033138007218,104.70156292620311,5.0,2026Q1,2026Q2,2027Q2,True
EGY,ENSO+HeatDry | lag1 | KF | coeff=avg8 | EM=20 | P0=update,ENSO+HeatDry,20,True,avg8,Borderline,Good,Explosive,Acceptable,REJECT,confidence interval explosion: max width=146038.3; rapid CI expansion: ratio=7603.0,0.9938538984167542,2.277697633942084,1.3136987907890338,1.8290600870513194,0.7718015635926196,8.813293780883347,2.706765683311791,146038.31509938362,7602.952334190614,10.119411674506459,12.196899461591434,5.0,2026Q1,2026Q2,2027Q2,True
EGY,ENSO+HeatDry | lag1 | KF | coeff=avg4 | EM=20 | P0=update,ENSO+HeatDry,20,True,avg4,Good,Good,Explosive,Acceptable,REJECT,confidence interval explosion: max width=146615.9; rapid CI expansion: ratio=7607.5,0.6364335746100852,2.772236809778171,0.4434282499389243,1.8290600870513194,0.7718015635926196,32.12055520712619,8.647419893537698,146615.85678548197,7607.501596979274,11.938031588477532,24.237990431328925,5.0,2026Q1,2026Q2,2027Q2,True
EGY,ENSO+HeatDry | lag1 | KF | coeff=last | EM=20 | P0=update,ENSO+HeatDry,20,True,last,Borderline,Good,Explosive,Acceptable,REJECT,confidence interval explosion: max width=147077.8; rapid CI expansion: ratio=7720.9,0.9277201454120345,3.37529012550527,3.349143493192985,1.8290600870513194,0.7718015635926196,32.68693056238787,10.434575221904069,147077.80598095435,7720.89422791269,20.245106683124185,29.981525151777863,5.0,2026Q1,2026Q2,2027Q2,True
EGY,ENSO+HeatDryF | lag1 | KF | coeff=last | EM=20 | P0=fixed,ENSO+HeatDryF,20,False,last,Explosive,Good,Explosive,Extreme,REJECT,dynamic instability: rho=1.71; dynamic amplification: max ||A^k||2=17.9; unrealistic GDP/CPI level: max abs=109.9,1.708582226628705,17.868102415452068,17.868102415452068,4.581382902271708,2.1397943195356324,109.87299424699442,47.59588330165774,150666.73955061624,8668.099006665108,85.21405204481819,105.14332332741603,5.0,2026Q1,2026Q2,2027Q2,True
EGY,ENSO+HeatDryF | lag1 | KF | coeff=avg4 | EM=20 | P0=fixed,ENSO+HeatDryF,20,False,avg4,Explosive,Good,Explosive,Extreme,REJECT,dynamic instability: rho=2.47; dynamic amplification: max ||A^k||2=194.1; unrealistic GDP/CPI level: max abs=230.4,2.474850036103576,194.11918135681643,194.11918135681643,4.581382902271708,2.1397943195356324,230.42670135174876,216.53944374378023,147892.85251629102,9256.191844072791,240.22068767002688,226.33343006205834,5.0,2026Q1,2026Q2,2027Q2,True
EGY,HeatDry | lag1 | KF | coeff=avg8 | EM=20 | P0=update,HeatDry,20,True,avg8,Explosive,Good,Explosive,Borderline,REJECT,dynamic instability: rho=1.32; confidence interval explosion: max width=2446112.0; rapid CI expansion: ratio=227771.6,1.3163808550235792,7.17914719516133,7.17914719516133,2.7500680567740234,1.0635819145668877,24.68287641201298,6.3538559028048205,2446111.9660081733,227771.6373707997,34.334920347325195,10.687301147665774,7.0,2026Q1,2026Q2,2027Q4,True
EGY,HeatDry | lag1 | KF | coeff=avg4 | EM=20 | P0=update,HeatDry,20,True,avg4,Explosive,Good,Explosive,Borderline,REJECT,dynamic instability: rho=1.14; confidence interval explosion: max width=2775294.9; rapid CI expansion: ratio=227163.2,1.1438777252415362,3.5061540466524344,3.0313004751885138,2.7500680567740234,1.0635819145668877,47.17344490344841,11.741634716659402,2775294.9282738306,227163.23541157282,42.23393416064153,12.667581499053686,7.0,2026Q1,2026Q2,2027Q4,True
EGY,HeatDry | lag1 | KF | coeff=last | EM=20 | P0=update,HeatDry,20,True,last,Explosive,Good,Explosive,Acceptable,REJECT,dynamic instability: rho=1.42; dynamic amplification: max ||A^k||2=13.4; confidence interval explosion: max width=3583370.7,1.4237119719590907,13.402584638286168,13.402584638286168,2.7500680567740234,1.0635819145668877,26.729705010425896,15.90014462594597,3583370.656265218,337248.3013093274,19.904791977641544,17.42705328281343,7.0,2026Q1,2026Q2,2027Q4,True
EGY,OIL_YoY+HeatDryF | lag1 | KF | coeff=avg4 | EM=20 | P0=fixed,OIL_YoY+HeatDryF,20,False,avg4,Explosive,Good,Explosive,Extreme,REJECT,dynamic instability: rho=1.75; dynamic amplification: max ||A^k||2=124.5; unrealistic GDP/CPI level: max abs=127.3,1.7487051792940913,124.45182172514289,124.45182172514289,5.170916848993904,2.1711600667932767,127.32327386372437,61.912524307617616,147137200.54213387,5716113.025765059,97.92454959291203,29.398724270812345,7.0,2026Q1,2026Q2,2027Q4,True
EGY,OIL_YoY+HeatDryF | lag1 | KF | coeff=avg8 | EM=20 | P0=fixed,OIL_YoY+HeatDryF,20,False,avg8,Explosive,Good,Explosive,Extreme,REJECT,dynamic instability: rho=1.67; dynamic amplification: max ||A^k||2=100.9; unrealistic GDP/CPI level: max abs=115.8,1.6731963196030508,100.9446975423899,100.9446975423899,5.170916848993904,2.1711600667932767,115.79020077656233,44.62891061080711,159248984.36456975,6126061.372850479,134.57033173994154,20.03968863898823,7.0,2026Q1,2026Q2,2027Q4,True
EGY,OIL_YoY+HeatDryF | lag1 | KF | coeff=last | EM=20 | P0=fixed,OIL_YoY+HeatDryF,20,False,last,Explosive,Good,Explosive,Extreme,REJECT,dynamic instability: rho=2.81; dynamic amplification: max ||A^k||2=2121.3; unrealistic GDP/CPI level: max abs=1122.8,2.8126648477781617,2121.3329075622178,2121.3329075622178,5.170916848993904,2.1711600667932767,1122.7811856751653,710.1268124194478,174153962.53365785,6780187.323601206,26.95800788602719,1095.823177789138,7.0,2026Q1,2026Q2,2027Q4,True
EGY,OIL_YoY+HeatDry | lag1 | KF | coeff=avg4 | EM=20 | P0=fixed,OIL_YoY+HeatDry,20,False,avg4,Explosive,Good,Explosive,Extreme,REJECT,dynamic instability: rho=2.46; dynamic amplification: max ||A^k||2=1091.7; unrealistic GDP/CPI level: max abs=1440.2,2.4626586383060194,1091.724474110309,1091.724474110309,4.872264340930149,1.7233187779258035,1440.207516485965,1072.0389872455987,338572895.8313415,9694400.981311992,96.15746019323797,1536.364976679203,7.0,2026Q1,2026Q2,2027Q4,True
EGY,OIL_YoY+HeatDry | lag1 | KF | coeff=avg8 | EM=20 | P0=fixed,OIL_YoY+HeatDry,20,False,avg8,Explosive,Good,Explosive,Extreme,REJECT,dynamic instability: rho=1.90; dynamic amplification: max ||A^k||2=189.8; unrealistic GDP/CPI level: max abs=258.3,1.8980598947089455,189.79762371810952,189.79762371810952,4.872264340930149,1.7233187779258035,258.2867294769979,181.39272466688638,339966884.1572293,9699183.573423233,16.76158569237674,275.04831516937463,7.0,2026Q1,2026Q2,2027Q4,True
EGY,OIL_YoY+HeatDry | lag1 | KF | coeff=last | EM=20 | P0=fixed,OIL_YoY+HeatDry,20,False,last,Explosive,Good,Explosive,Extreme,REJECT,dynamic instability: rho=2.29; dynamic amplification: max ||A^k||2=564.5; unrealistic GDP/CPI level: max abs=573.5,2.2940003567456184,564.4882007602699,564.4882007602699,4.872264340930149,1.7233187779258035,573.5477738097851,820.9718587567086,571648208.0957032,16424033.187257254,13.356534672187422,560.1912391375977,7.0,2026Q1,2026Q2,2027Q4,True
EGY,OIL_YoY+HeatDryF | lag1 | KF | coeff=last | EM=20 | P0=update,OIL_YoY+HeatDryF,20,True,last,Explosive,Good,Explosive,Extreme,REJECT,dynamic instability: rho=1.58; dynamic amplification: max ||A^k||2=29.3; confidence interval explosion: max width=709200659.5,1.5816770599635193,29.266207111192095,29.266207111192095,7.192421719310912,1.293970493859336,54.98816938691802,15.958581836105424,709200659.4961549,24773054.591226377,66.42207099106847,12.612783538684688,7.0,2026Q1,2026Q2,2027Q4,True
EGY,OIL_YoY+HeatDryF | lag1 | KF | coeff=avg8 | EM=20 | P0=update,OIL_YoY+HeatDryF,20,True,avg8,Borderline,Good,Explosive,Acceptable,REJECT,confidence interval explosion: max width=815630510.6; rapid CI expansion: ratio=28570721.4,0.8598767730953525,5.3440944482981285,5.3440944482981285,7.192421719310912,1.293970493859336,26.516941501801732,4.671198353727181,815630510.5853674,28570721.368256845,6.405420860889396,25.373575368140806,7.0,2026Q1,2026Q2,2027Q4,True
EGY,OIL_YoY+HeatDryF | lag1 | KF | coeff=avg4 | EM=20 | P0=update,OIL_YoY+HeatDryF,20,True,avg4,Explosive,Good,Explosive,Acceptable,REJECT,dynamic instability: rho=1.31; dynamic amplification: max ||A^k||2=8.0; confidence interval explosion: max width=836187256.5,1.3057279076407888,8.043707643269524,8.043707643269524,7.192421719310912,1.293970493859336,32.17148634943135,33.76260369733511,836187256.5343926,28980931.075050887,8.453227292683803,28.34704261851318,7.0,2026Q1,2026Q2,2027Q4,True
EGY,ENSO | lag1 | KF | coeff=avg8 | EM=30 | P0=fixed,ENSO,30,False,avg8,Explosive,Borderline,Explosive,Extreme,REJECT,dynamic instability: rho=2.99; dynamic amplification: max ||A^k||2=325.3; unrealistic GDP/CPI level: max abs=190.5,2.994183572063859,325.26449305353714,325.26449305353714,5.48414514371111,5.722010255788982,190.53373108606237,249.54677848530156,5652995774868.7705,8397689475.394474,43.06400632599275,147.46972476006962,5.0,2026Q1,2026Q2,2027Q2,True
EGY,ENSO | lag1 | KF | coeff=avg4 | EM=30 | P0=fixed,ENSO,30,False,avg4,Explosive,Borderline,Explosive,Extreme,REJECT,dynamic instability: rho=3.84; dynamic amplification: max ||A^k||2=890.3; unrealistic GDP/CPI level: max abs=512.3,3.835358886550297,890.323066906603,890.323066906603,5.48414514371111,5.722010255788982,512.3324094883951,641.8265944011773,5653219397572.128,8398090960.825738,107.00092083959453,405.3314886488006,5.0,2026Q1,2026Q2,2027Q2,True
EGY,ENSO | lag1 | KF | coeff=last | EM=30 | P0=fixed,ENSO,30,False,last,Explosive,Borderline,Explosive,Acceptable,REJECT,dynamic instability: rho=1.90; dynamic amplification: max ||A^k||2=51.7; persistent forecast jump/drift: max step=63.3,1.8965935984062123,51.66381864809821,51.66381864809821,5.48414514371111,5.722010255788982,55.486596644243505,63.3381755967733,5654275907874.786,8399567570.124206,5.887296455225176,56.308720077260304,5.0,2026Q1,2026Q2,2027Q2,True
EGY,HeatDry | lag1 | KF | coeff=avg8 | EM=30 | P0=fixed,HeatDry,30,False,avg8,Good,Good,Explosive,Acceptable,REJECT,confidence interval explosion: max width=572306325430560.2; rapid CI expansion: ratio=4145124554378.2,0.8725713257668014,2.1344021774065243,1.6298723783030322,1.8779931418100646,1.0681546479062234,14.823686071939436,2.1807793822056567,572306325430560.2,4145124554378.176,2.246803719400157,14.816784760096748,7.0,2026Q1,2026Q2,2027Q4,True
EGY,HeatDry | lag1 | KF | coeff=last | EM=30 | P0=fixed,HeatDry,30,False,last,Explosive,Good,Explosive,Acceptable,REJECT,dynamic instability: rho=1.09; confidence interval explosion: max width=572352107295290.0; rapid CI expansion: ratio=4145445336263.9,1.0893944634323545,3.8678501984961415,3.8678501984961415,1.8779931418100646,1.0681546479062234,31.184619082965433,5.139309963368987,572352107295290.0,4145445336263.858,12.760776466175372,18.648065631124894,7.0,2026Q1,2026Q2,2027Q4,True
EGY,HeatDry | lag1 | KF | coeff=avg4 | EM=30 | P0=fixed,HeatDry,30,False,avg4,Explosive,Good,Explosive,Acceptable,REJECT,dynamic instability: rho=1.24; confidence interval explosion: max width=572425505359731.0; rapid CI expansion: ratio=4146259196631.7,1.2368406166605512,5.923496184402366,5.923496184402366,1.8779931418100646,1.0681546479062234,32.90678197476255,6.8668988687087165,572425505359731.0,4146259196631.6543,21.658749918426388,14.327081100716004,7.0,2026Q1,2026Q2,2027Q4,True
EGY,HeatDry | lag1 | KF | coeff=avg4 | EM=30 | P0=update,HeatDry,30,True,avg4,Explosive,Borderline,Explosive,Extreme,REJECT,dynamic instability: rho=5.04; dynamic amplification: max ||A^k||2=120230.7; unrealistic GDP/CPI level: max abs=46621.8,5.035473273611373,120230.679714404,120230.679714404,11.037115101309247,6.0606391691811075,46621.77964616128,56873.41514663126,7109425430829690.0,36485252834116.53,965.9206166581862,45655.859029503095,7.0,2026Q1,2026Q2,2027Q4,True
EGY,HeatDry | lag1 | KF | coeff=avg8 | EM=30 | P0=update,HeatDry,30,True,avg8,Explosive,Borderline,Explosive,Extreme,REJECT,dynamic instability: rho=6.90; dynamic amplification: max ||A^k||2=1086995.8; unrealistic GDP/CPI level: max abs=231895.6,6.90270011701985,1086995.7527395836,1086995.7527395836,11.037115101309247,6.0606391691811075,231895.6409268985,265694.31158403086,7183715762914046.0,36846797802007.13,41173.32519521672,273068.9661221152,7.0,2026Q1,2026Q2,2027Q4,True
EGY,HeatDry | lag1 | KF | coeff=last | EM=30 | P0=update,HeatDry,30,True,last,Explosive,Borderline,Explosive,Extreme,REJECT,dynamic instability: rho=4.85; dynamic amplification: max ||A^k||2=97184.1; unrealistic GDP/CPI level: max abs=51253.1,4.8493602163890355,97184.1109763741,97184.1109763741,11.037115101309247,6.0606391691811075,51253.136740617076,61816.796275429886,7228748555377626.0,37179549573974.2,7336.157814099708,43916.97892651737,7.0,2026Q1,2026Q2,2027Q4,True
EGY,HeatDry | lag1 | KF | coeff=avg8 | EM=50 | P0=fixed,HeatDry,50,False,avg8,Explosive,Good,Explosive,Extreme,REJECT,dynamic instability: rho=2.10; dynamic amplification: max ||A^k||2=353.8; persistent forecast jump/drift: max step=37.8,2.0977663632091357,353.7616401470809,353.7616401470809,10.048775221177612,3.357908257445675,60.58949312292951,37.78784337561054,1.4392887551468664e+36,6.36276465137184e+30,34.57719168038081,95.16668480331032,7.0,2026Q1,2026Q2,2027Q4,True
EGY,HeatDry | lag1 | KF | coeff=avg4 | EM=50 | P0=fixed,HeatDry,50,False,avg4,Explosive,Good,Explosive,Extreme,REJECT,dynamic instability: rho=3.81; dynamic amplification: max ||A^k||2=20164.8; unrealistic GDP/CPI level: max abs=6072.0,3.8101876169471387,20164.779896414628,20164.779896414628,10.048775221177612,3.357908257445675,6071.9580137421135,7694.205100864761,1.4392887681574692e+36,6.362764725086941e+30,1269.9427742684857,4802.015239473628,7.0,2026Q1,2026Q2,2027Q4,True
EGY,HeatDry | lag1 | KF | coeff=last | EM=50 | P0=fixed,HeatDry,50,False,last,Explosive,Good,Explosive,Extreme,REJECT,dynamic instability: rho=6.68; dynamic amplification: max ||A^k||2=821411.1; unrealistic GDP/CPI level: max abs=681567.4,6.679929649525876,821411.0927006176,821411.0927006176,10.048775221177612,3.357908257445675,681567.4103552079,783595.1317784385,1.4392888418819187e+36,6.362765101392519e+30,66417.37939610833,615150.0309590995,7.0,2026Q1,2026Q2,2027Q4,True
EGY,HeatDry | lag1 | KF | coeff=last | EM=50 | P0=update,HeatDry,50,True,last,Explosive,Unstable,Explosive,Extreme,REJECT,dynamic instability: rho=18.47; dynamic amplification: max ||A^k||2=1153839290.9; coefficient explosion: max |theta|=61.9,18.470872019282666,1153839290.8626204,1153839290.8626204,61.943878886623175,34.081059332765705,2259816403.6684995,2371235105.912614,5.264209789035842e+38,3.8561129424576194e+32,44609621.5665555,2215206782.101944,7.0,2026Q1,2026Q2,2027Q4,True
EGY,HeatDry | lag1 | KF | coeff=avg8 | EM=50 | P0=update,HeatDry,50,True,avg8,Explosive,Unstable,Explosive,Extreme,REJECT,dynamic instability: rho=15.90; dynamic amplification: max ||A^k||2=724520006.0; coefficient explosion: max |theta|=61.9,15.899205946946458,724520006.0233638,724520006.0233638,61.943878886623175,34.081059332765705,434329859.7614007,461677593.10621494,5.2642101326430945e+38,3.856113156915923e+32,46668658.89449555,480998518.65589625,7.0,2026Q1,2026Q2,2027Q4,True
EGY,HeatDry | lag1 | KF | coeff=avg4 | EM=50 | P0=update,HeatDry,50,True,avg4,Explosive,Unstable,Explosive,Extreme,REJECT,dynamic instability: rho=25.22; dynamic amplification: max ||A^k||2=9680966592.9; coefficient explosion: max |theta|=61.9,25.21617125994397,9680966592.900917,9680966592.900917,61.943878886623175,34.081059332765705,45617437679.30025,47428164971.31487,5.264211362608777e+38,3.85611402856112e+32,30954170.810943604,45648391850.11119,7.0,2026Q1,2026Q2,2027Q4,True
EGY,ENSO | lag1 | KF | coeff=avg8 | EM=30 | P0=update,ENSO,30,True,avg8,Explosive,Unstable,Explosive,Extreme,REJECT,dynamic instability: rho=785570016306.56; dynamic amplification: max ||A^k||2=769394376230303976360943667350130892959902232628721411424256.0; coefficient explosion: max |theta|=6898701053617.1,785570016306.564,7.69394376230304e+59,7.69394376230304e+59,6898701053617.1455,1194838164976.807,3.757340999557515e+72,3.7573409995556326e+72,3.400606713516155e+81,5.52761678936125e+54,2.550072580000839e+59,3.75734099955726e+72,5.0,2026Q1,2026Q2,2027Q2,True
EGY,ENSO | lag1 | KF | coeff=avg4 | EM=30 | P0=update,ENSO,30,True,avg4,Explosive,Unstable,Explosive,Extreme,REJECT,dynamic instability: rho=1833979689512.16; dynamic amplification: max ||A^k||2=44180588108138943038923183410101465484982205193731586299789312.0; coefficient explosion: max |theta|=6898701053617.1,1833979689512.1616,4.4180588108138943e+61,4.4180588108138943e+61,6898701053617.1455,1194838164976.807,4.614315978769389e+74,4.614315978766893e+74,3.484633426787707e+81,5.6669069229657705e+54,1.616981407035609e+61,4.614315978769227e+74,5.0,2026Q1,2026Q2,2027Q2,True
EGY,ENSO | lag1 | KF | coeff=last | EM=30 | P0=update,ENSO,30,True,last,Explosive,Unstable,Explosive,Extreme,REJECT,dynamic instability: rho=12393652588582.89; dynamic amplification: max ||A^k||2=499130051807704813778923776940377017052085175763432389523563085824.0; coefficient explosion: max |theta|=9535502608450.2,12393652588582.889,4.991300518077048e+65,4.991300518077048e+65,9535502608450.248,1194838164976.807,4.161874920456715e+78,4.16187492045638e+78,6.159171608084176e+81,1.0075270788431819e+55,1.069577962258784e+65,4.161874920456822e+78,5.0,2026Q1,2026Q2,2027Q2,True
EGY,ENSO | lag1 | KF | coeff=avg4 | EM=50 | P0=update,ENSO,50,True,avg4,Explosive,Unstable,Explosive,Extreme,REJECT,dynamic instability: rho=2522401366.35; dynamic amplification: max ||A^k||2=272064625656324801512415636779208074442200580096.0; coefficient explosion: max |theta|=8594290124.8,2522401366.3527527,2.720646256563248e+47,2.720646256563248e+47,8594290124.84405,4729108909.94014,2.373107096820254e+55,2.373107095872728e+55,2.4395294490647554e+92,1.2019866825423578e+66,2.465694959718428e+47,2.3731071214772037e+55,5.0,2026Q1,2026Q2,2027Q2,True
EGY,ENSO | lag1 | KF | coeff=avg8 | EM=50 | P0=update,ENSO,50,True,avg8,Explosive,Unstable,Explosive,Extreme,REJECT,dynamic instability: rho=1929869515.63; dynamic amplification: max ||A^k||2=144051724375339893822135123776087632908721848320.0; coefficient explosion: max |theta|=8594290124.8,1929869515.6309578,1.440517243753399e+47,1.440517243753399e+47,8594290124.84405,4729108909.94014,2.4139188189764947e+56,2.413918820247257e+56,2.4395294490647956e+92,1.2019866825423681e+66,3.420125911441151e+47,2.4139188223966206e+56,5.0,2026Q1,2026Q2,2027Q2,True
EGY,ENSO | lag1 | KF | coeff=last | EM=50 | P0=update,ENSO,50,True,last,Explosive,Unstable,Explosive,Extreme,REJECT,dynamic instability: rho=2604430606.94; dynamic amplification: max ||A^k||2=1711480290030884604648629866447383319254669459456.0; coefficient explosion: max |theta|=13512968996.4,2604430606.938795,1.7114802900308846e+48,1.7114802900308846e+48,13512968996.350647,4729108909.94014,5.1254018190332366e+57,5.125401818615314e+57,2.4395294490654064e+92,1.2019866825425765e+66,1.8112546777537705e+48,5.125401817221982e+57,5.0,2026Q1,2026Q2,2027Q2,True
EGY,OIL_YoY+HeatDry | lag1 | KF | coeff=last | EM=30 | P0=fixed,OIL_YoY+HeatDry,30,False,last,Explosive,Unstable,Explosive,Extreme,REJECT,dynamic instability: rho=5165869401215.96; dynamic amplification: max ||A^k||2=127455359563041183772823641461215540521262170785568439121558349298733454176587543910285312.0; coefficient explosion: max |theta|=23773738691945.5,5165869401215.959,1.2745535956304118e+89,1.2745535956304118e+89,23773738691945.496,16074977172525.055,3.912999457685608e+100,3.9129994576863655e+100,4.273871562896604e+86,8.9398304190575e+75,3.450179952592895e+87,3.912999457685263e+100,7.0,2026Q1,2026Q2,2027Q4,True
EGY,OIL_YoY+HeatDry | lag1 | KF | coeff=avg8 | EM=30 | P0=fixed,OIL_YoY+HeatDry,30,False,avg8,Explosive,Unstable,Explosive,Extreme,REJECT,dynamic instability: rho=4914223546664.70; dynamic amplification: max ||A^k||2=633438360698514656567629249401369971057790288464606435156183017274857094034758331896168448.0; coefficient explosion: max |theta|=23773738691945.5,4914223546664.703,6.334383606985147e+89,6.334383606985147e+89,23773738691945.496,16074977172525.055,2.8930294243928804e+101,2.893029424392242e+101,3.54342805941973e+87,3.038267099206012e+76,1.380071981037158e+89,2.8930294243915e+101,7.0,2026Q1,2026Q2,2027Q4,True
EGY,OIL_YoY+HeatDry | lag1 | KF | coeff=avg4 | EM=30 | P0=fixed,OIL_YoY+HeatDry,30,False,avg4,Explosive,Unstable,Explosive,Extreme,REJECT,dynamic instability: rho=5290184783024.55; dynamic amplification: max ||A^k||2=920679272942396799294924893409097900207656706678319844748453803081475846545053141849604096.0; coefficient explosion: max |theta|=23773738691945.5,5290184783024.555,9.206792729423968e+89,9.206792729423968e+89,23773738691945.496,16074977172525.055,3.8685059144391617e+101,3.868505914438441e+101,2.0669997013281757e+87,2.4291166546523943e+77,1.462751969090285e+89,3.868505914437699e+101,7.0,2026Q1,2026Q2,2027Q4,True
EGY,OIL_YoY+HeatDryF | lag1 | KF | coeff=last | EM=30 | P0=fixed,OIL_YoY+HeatDryF,30,False,last,Explosive,Unstable,Explosive,Extreme,REJECT,dynamic instability: rho=1482237225804.42; dynamic amplification: max ||A^k||2=27345420289088066483298150652455140966069353583008670951991521477858131683485394403328.0; coefficient explosion: max |theta|=9292922691788.3,1482237225804.4238,2.7345420289088066e+85,2.7345420289088066e+85,9292922691788.29,4836507677227.074,6.403231596696064e+97,6.40323159669535e+97,6.841721143055239e+115,8.926659038430142e+88,6.946369286020026e+84,6.4032315966964896e+97,7.0,2026Q1,2026Q2,2027Q4,True
EGY,OIL_YoY+HeatDryF | lag1 | KF | coeff=avg8 | EM=30 | P0=fixed,OIL_YoY+HeatDryF,30,False,avg8,Explosive,Unstable,Explosive,Extreme,REJECT,dynamic instability: rho=5825930837382.36; dynamic amplification: max ||A^k||2=275720120900539085786760555117899955148890928529492840140458462514287137050604955628470272.0; coefficient explosion: max |theta|=9292922691788.3,5825930837382.356,2.757201209005391e+89,2.757201209005391e+89,9292922691788.29,4836507677227.074,2.0297482675707747e+101,2.0297482675704263e+101,6.855873933779704e+115,8.945912974934849e+88,3.91642048672707e+88,2.0297482675711663e+101,7.0,2026Q1,2026Q2,2027Q4,True
EGY,OIL_YoY+HeatDryF | lag1 | KF | coeff=avg4 | EM=30 | P0=fixed,OIL_YoY+HeatDryF,30,False,avg4,Explosive,Unstable,Explosive,Extreme,REJECT,dynamic instability: rho=7874688194416.59; dynamic amplification: max ||A^k||2=2271808273892978644639545595718180977522334710542660615857683138505252910626843817169387520.0; coefficient explosion: max |theta|=9292922691788.3,7874688194416.589,2.2718082738929786e+90,2.2718082738929786e+90,9292922691788.29,4836507677227.074,1.057929138690532e+102,1.0579291386903976e+102,6.864079055808975e+115,8.954592622322316e+88,1.9283708491789477e+89,1.0579291386907248e+102,7.0,2026Q1,2026Q2,2027Q4,True
EGY,ENSO+HeatDryF | lag1 | KF | coeff=last | EM=30 | P0=fixed,ENSO+HeatDryF,30,False,last,Explosive,Unstable,Explosive,Extreme,REJECT,dynamic instability: rho=13797321065174102016.00; dynamic amplification: max ||A^k||2=2346419433098445742834596769266796463207754237789332507230526002158991305525312207236879433596928.0; coefficient explosion: max |theta|=605316851791521414969109325365676560091185152.0,1.3797321065174102e+19,2.3464194330984457e+96,2.3464194330984457e+96,6.053168517915214e+44,2.250713211184633e+44,2.664078960387359e+115,2.664078960387359e+115,6.391390026621711e+126,1.0442957019321206e+86,0.0,2.664078960387359e+115,5.0,2026Q1,2026Q2,2027Q2,True
EGY,OIL_YoY+HeatDryF | lag1 | KF | coeff=last | EM=30 | P0=update,OIL_YoY+HeatDryF,30,True,last,Explosive,Unstable,Explosive,Extreme,REJECT,dynamic instability: rho=344951560041238.50; dynamic amplification: max ||A^k||2=652308408380871738768333145711815399186409647566137311738124123742351856224294163467488606728090550272.0; coefficient explosion: max |theta|=373770021050560.9,344951560041238.5,6.523084083808717e+101,6.523084083808717e+101,373770021050560.94,50032119986782.375,1.3576819398558565e+116,1.3576819398558604e+116,4.927379765631721e+131,3.9240556623952e+100,5.249401739479229e+100,1.357681939855857e+116,7.0,2026Q1,2026Q2,2027Q4,True
EGY,OIL_YoY+HeatDryF | lag1 | KF | coeff=avg8 | EM=30 | P0=update,OIL_YoY+HeatDryF,30,True,avg8,Explosive,Unstable,Explosive,Extreme,REJECT,dynamic instability: rho=339250356615597.31; dynamic amplification: max ||A^k||2=643416968061664402007694462432655103679929104324677825758615440499088710975820100655536914200784797696.0; coefficient explosion: max |theta|=373770021050560.9,339250356615597.3,6.434169680616644e+101,6.434169680616644e+101,373770021050560.94,50032119986782.375,3.469595183668967e+116,3.4695951836689776e+116,4.928832702857386e+131,3.9242881236214746e+100,2.7996809277222553e+101,3.46959518366897e+116,7.0,2026Q1,2026Q2,2027Q4,True
EGY,OIL_YoY+HeatDryF | lag1 | KF | coeff=avg4 | EM=30 | P0=update,OIL_YoY+HeatDryF,30,True,avg4,Explosive,Unstable,Explosive,Extreme,REJECT,dynamic instability: rho=417480845408584.12; dynamic amplification: max ||A^k||2=2499773381287164507478736631529155178343702720469400369303823814499985779164005911388418228314018152448.0; coefficient explosion: max |theta|=373770021050560.9,417480845408584.1,2.4997733812871645e+102,2.4997733812871645e+102,373770021050560.94,50032119986782.375,1.0300528006828153e+117,1.0300528006828178e+117,4.931500787231024e+131,3.926553808956701e+100,1.3998404638611276e+101,1.0300528006828154e+117,7.0,2026Q1,2026Q2,2027Q4,True
EGY,ENSO | lag1 | KF | coeff=avg4 | EM=50 | P0=fixed,ENSO,50,False,avg4,Explosive,Unstable,Explosive,Extreme,REJECT,dynamic instability: rho=38924628201389290496594261573632.00; dynamic amplification: max ||A^k||2=238253678283800634802691399725962569598824452624986032701827297996282128624579411776958911118255441460804149375664160738518087526281869977023210122314185179136.0; coefficient explosion: max |theta|=225986895553840697681733864128512.0,3.892462820138929e+31,2.3825367828380063e+158,2.3825367828380063e+158,2.259868955538407e+32,9.131085372685382e+31,2.333120384691221e+190,2.333120384691221e+190,inf,,0.0,2.333120384691221e+190,5.0,2026Q1,2026Q2,2027Q2,True
EGY,ENSO | lag1 | KF | coeff=avg8 | EM=50 | P0=fixed,ENSO,50,False,avg8,Explosive,Unstable,Explosive,Extreme,REJECT,dynamic instability: rho=56132458121234924664518925615104.00; dynamic amplification: max ||A^k||2=2316641944155380573603413942929971428567556646166597022170990828537472612186228099100042737355549033402040163738932589911310212766568544597268122638771990560768.0; coefficient explosion: max |theta|=225986895553840697681733864128512.0,5.6132458121234925e+31,2.3166419441553806e+159,2.3166419441553806e+159,2.259868955538407e+32,9.131085372685382e+31,3.3090556305493875e+190,3.3090556305493875e+190,inf,,0.0,3.3090556305493875e+190,5.0,2026Q1,2026Q2,2027Q2,True
EGY,ENSO | lag1 | KF | coeff=last | EM=50 | P0=fixed,ENSO,50,False,last,Explosive,Unstable,Explosive,Extreme,REJECT,dynamic instability: rho=28774841805341220743531972263936.00; dynamic amplification: max ||A^k||2=224198494125799189653437055670108901533750299498954082775118711223788467955104456107198771942532521432881405697591638026220339162012965206479029170917009784832.0; coefficient explosion: max |theta|=225986895553840697681733864128512.0,2.877484180534122e+31,2.241984941257992e+158,2.241984941257992e+158,2.259868955538407e+32,9.131085372685382e+31,1.8536058744002127e+190,1.8536058744002127e+190,inf,,0.0,1.8536058744002127e+190,5.0,2026Q1,2026Q2,2027Q2,True
EGY,ENSO+HeatDry | lag1 | KF | coeff=avg4 | EM=30 | P0=update,ENSO+HeatDry,30,True,avg4,Explosive,Unstable,Explosive,Extreme,REJECT,dynamic instability: rho=7008939120372789926690816.00; dynamic amplification: max ||A^k||2=19796593650275701874629107554246177489718785755694737289605278534762244162248232033416181603709287865515953257074961080647680.0; coefficient explosion: max |theta|=8128248915731870172315648.0,7.00893912037279e+24,1.9796593650275702e+124,1.9796593650275702e+124,8.12824891573187e+24,2.6533523178003593e+24,7.683678146476509e+148,7.683678146476509e+148,inf,,0.0,7.683678146476509e+148,5.0,2026Q1,2026Q2,2027Q2,True
EGY,ENSO+HeatDry | lag1 | KF | coeff=avg4 | EM=50 | P0=update,ENSO+HeatDry,50,True,avg4,Explosive,Unstable,Explosive,Extreme,REJECT,dynamic instability: rho=326805601179914139698128207963493957507882156032.00; dynamic amplification: max ||A^k||2=4698687948330002561870878550009782048556969783232249532615321705625949419562775519588683101718954569931327622416266249528083310483340914584150027422011634623376530702094324843410963336566930690788228964378513614984506310746969114578780160.0; coefficient explosion: max |theta|=363020438890891130419710771108089501522776293376.0,3.2680560117991414e+47,4.6986879483300026e+237,4.6986879483300026e+237,3.6302043889089113e+47,1.4355683507517952e+47,2.468120866124616e+285,2.468120866124616e+285,inf,,0.0,2.468120866124616e+285,5.0,2026Q1,2026Q2,2027Q2,True
EGY,ENSO+HeatDry | lag1 | KF | coeff=avg8 | EM=30 | P0=update,ENSO+HeatDry,30,True,avg8,Explosive,Unstable,Explosive,Extreme,REJECT,dynamic instability: rho=7112566377985536946077696.00; dynamic amplification: max ||A^k||2=22504121975559308047620179380914248206116153782453677758728325118893780774507540995850730207546181523639268541037973541486592.0; coefficient explosion: max |theta|=8128248915731870172315648.0,7.112566377985537e+24,2.250412197555931e+124,2.250412197555931e+124,8.12824891573187e+24,2.6533523178003593e+24,8.451678473212507e+148,8.451678473212507e+148,inf,,0.0,8.451678473212507e+148,5.0,2026Q1,2026Q2,2027Q2,True
EGY,ENSO+HeatDry | lag1 | KF | coeff=avg8 | EM=50 | P0=update,ENSO+HeatDry,50,True,avg8,Explosive,Unstable,Explosive,Extreme,REJECT,dynamic instability: rho=380424292116907900736649341048810431328752238592.00; dynamic amplification: max ||A^k||2=10041828327492132086019477372176931814950407145467173014480720698740566990120687184129145331706991997158771220955534145268988549480184422592727311935040757052776506690147016127172555517748409509324752101306381811044334410048063422370676736.0; coefficient explosion: max |theta|=363020438890891130419710771108089501522776293376.0,3.804242921169079e+47,1.0041828327492132e+238,1.0041828327492132e+238,3.6302043889089113e+47,1.4355683507517952e+47,4.911384188360248e+285,4.911384188360248e+285,inf,,0.0,4.911384188360248e+285,5.0,2026Q1,2026Q2,2027Q2,True
EGY,ENSO+HeatDry | lag1 | KF | coeff=last | EM=30 | P0=update,ENSO+HeatDry,30,True,last,Explosive,Unstable,Explosive,Extreme,REJECT,dynamic instability: rho=14279132757488679283326976.00; dynamic amplification: max ||A^k||2=1018166428394338883811627960457410089207452298133338909901207363017629910707915495335914524543840390271784455244289256502329344.0; coefficient explosion: max |theta|=15536147011055174207668224.0,1.427913275748868e+25,1.0181664283943389e+126,1.0181664283943389e+126,1.5536147011055174e+25,2.6533523178003593e+24,1.6898331377261916e+150,1.6898331377261916e+150,inf,,0.0,1.6898331377261916e+150,5.0,2026Q1,2026Q2,2027Q2,True
EGY,ENSO+HeatDry | lag1 | KF | coeff=last | EM=50 | P0=update,ENSO+HeatDry,50,True,last,Explosive,Unstable,Explosive,Extreme,REJECT,dynamic instability: rho=750471952200934737579886723877646488843877089280.00; dynamic amplification: max ||A^k||2=299223787260113561212237438754456377662783376910153977174217979438933572957281955159028358801163019110263155271908128701600955620420146150293514529048628441101881803223053294508756484066954957229687211646624607062654049048201594296281858048.0; coefficient explosion: max |theta|=1123389292718758940444668464673499988344002576384.0,7.504719522009347e+47,2.9922378726011356e+239,2.9922378726011356e+239,1.123389292718759e+48,1.4355683507517952e+47,1.7281529621014282e+287,1.7281529621014282e+287,inf,,0.0,1.7281529621014282e+287,5.0,2026Q1,2026Q2,2027Q2,True
EGY,ENSO+HeatDryF | lag1 | KF | coeff=avg4 | EM=20 | P0=update,ENSO+HeatDryF,20,True,avg4,Explosive,Unstable,Explosive,Extreme,REJECT,dynamic instability: rho=1219593826571713793750670095709270511190016.00; dynamic amplification: max ||A^k||2=3879569179050250244171724164176017154556661425122319725736012290247250766802464209650516987593594403255534377120036211571890653537015721588905716417256783824239224801666360310764312169362633575088052493468303360.0; coefficient explosion: max |theta|=1528463306382650529948515298102597260410880.0,1.2195938265717138e+42,3.87956917905025e+210,3.87956917905025e+210,1.5284633063826505e+42,8.774217086705536e+41,5.60782576161895e+252,5.60782576161895e+252,inf,,0.0,5.60782576161895e+252,5.0,2026Q1,2026Q2,2027Q2,True
EGY,ENSO+HeatDryF | lag1 | KF | coeff=avg4 | EM=30 | P0=fixed,ENSO+HeatDryF,30,False,avg4,Explosive,Unstable,Explosive,Extreme,REJECT,dynamic instability: rho=203825590800143357577275431357606235018887168.00; dynamic amplification: max ||A^k||2=778637462535482563144671230602440928715481989101034764852104685503521369557905356099650413351936512117848972222519972137998463027959338362583512074725358561623379591736049343673305321711910309388299735070598170266371620864.0; coefficient explosion: max |theta|=605316851791521414969109325365676560091185152.0,2.0382559080014336e+44,7.786374625354826e+221,7.786374625354826e+221,6.053168517915214e+44,2.250713211184633e+44,5.416790969266124e+240,5.416790969266124e+240,inf,,0.0,5.416790969266124e+240,5.0,2026Q1,2026Q2,2027Q2,True
EGY,ENSO+HeatDryF | lag1 | KF | coeff=avg4 | EM=30 | P0=update,ENSO+HeatDryF,30,True,avg4,Explosive,Unstable,Explosive,Extreme,REJECT,dynamic instability: rho=7652517028928846921012722213740991217664.00; dynamic amplification: max ||A^k||2=68950631725033961445561390580882674242858952255879152913841876041938996101410610144563883435000311593645747062910984655803298256531991342700069736417292449936679015189818736882487908241014312811888640.0; coefficient explosion: max |theta|=13418667250032883569134227602732641943552.0,7.652517028928847e+39,6.895063172503396e+199,6.895063172503396e+199,1.3418667250032884e+40,3.701192601402348e+39,2.413997454050964e+239,2.413997454050964e+239,inf,,0.0,2.413997454050964e+239,5.0,2026Q1,2026Q2,2027Q2,True
EGY,ENSO+HeatDryF | lag1 | KF | coeff=avg8 | EM=20 | P0=update,ENSO+HeatDryF,20,True,avg8,Explosive,Unstable,Explosive,Extreme,REJECT,dynamic instability: rho=690608017318271785043872145196040847360000.00; dynamic amplification: max ||A^k||2=354126414714424152070571357242378479741537005897921394876351021699549573454625528125727784817430870335236414632486138199496299338349551777695506483331145004026488479821045399384777964299257553850131352519704576.0; coefficient explosion: max |theta|=1528463306382650529948515298102597260410880.0,6.906080173182718e+41,3.5412641471442415e+209,3.5412641471442415e+209,1.5284633063826505e+42,8.774217086705536e+41,1.9423106066928844e+251,1.9423106066928844e+251,inf,,0.0,1.9423106066928844e+251,5.0,2026Q1,2026Q2,2027Q2,True
EGY,ENSO+HeatDryF | lag1 | KF | coeff=avg8 | EM=30 | P0=fixed,ENSO+HeatDryF,30,False,avg8,Explosive,Unstable,Explosive,Extreme,REJECT,dynamic instability: rho=145596163545762502368817136048561377207386112.00; dynamic amplification: max ||A^k||2=144817319834469457344166438397453815539988388232578981847497722998178025204536447030733953691965925615272866248662219879003111176444966615362662972784733454695661461688311647458424214012175102712731057211612834808790515712.0; coefficient explosion: max |theta|=605316851791521414969109325365676560091185152.0,1.455961635457625e+44,1.4481731983446946e+221,1.4481731983446946e+221,6.053168517915214e+44,2.250713211184633e+44,1.007261088798009e+240,1.007261088798009e+240,inf,,0.0,1.007261088798009e+240,5.0,2026Q1,2026Q2,2027Q2,True
EGY,ENSO+HeatDryF | lag1 | KF | coeff=avg8 | EM=30 | P0=update,ENSO+HeatDryF,30,True,avg8,Explosive,Unstable,Explosive,Extreme,REJECT,dynamic instability: rho=4759861392407664314848089734717431087104.00; dynamic amplification: max ||A^k||2=26844550941587602698244963791118223882349658550958373285975141780422714571463526111581118919369564596561470741237488307091022176854626071889854354195008849635143145322009307295376173740536173409861632.0; coefficient explosion: max |theta|=13418667250032883569134227602732641943552.0,4.7598613924076643e+39,2.6844550941587603e+199,2.6844550941587603e+199,1.3418667250032884e+40,3.701192601402348e+39,7.391982862124695e+238,7.391982862124695e+238,inf,,0.0,7.391982862124695e+238,5.0,2026Q1,2026Q2,2027Q2,True
EGY,ENSO+HeatDryF | lag1 | KF | coeff=last | EM=20 | P0=update,ENSO+HeatDryF,20,True,last,Explosive,Unstable,Explosive,Extreme,REJECT,dynamic instability: rho=1006105201315038650640802998237214011293696.00; dynamic amplification: max ||A^k||2=1864861796613244417815365481935887719119651597825511885366603694907440708696757711627561995240715524605431823186124452977664146729539575386189719657083873784965926306298804507604469615498324172898353613180502016.0; coefficient explosion: max |theta|=1528463306382650529948515298102597260410880.0,1.0061052013150387e+42,1.8648617966132444e+210,1.8648617966132444e+210,1.5284633063826505e+42,8.774217086705536e+41,2.5708810622784044e+252,2.5708810622784044e+252,inf,,0.0,2.5708810622784044e+252,5.0,2026Q1,2026Q2,2027Q2,True
EGY,ENSO+HeatDryF | lag1 | KF | coeff=last | EM=30 | P0=update,ENSO+HeatDryF,30,True,last,Explosive,Unstable,Explosive,Extreme,REJECT,dynamic instability: rho=13241504703601976398799077843431357153280.00; dynamic amplification: max ||A^k||2=455866161241756896158362238092923721435598549572117294585081168992962832304394722048580801540407932020213083970289834864097118057511418803815816873882621007332329215090603138858296061926435218769575936.0; coefficient explosion: max |theta|=13418667250032883569134227602732641943552.0,1.3241504703601976e+40,4.558661612417569e+200,4.558661612417569e+200,1.3418667250032884e+40,3.701192601402348e+39,3.8780841808072215e+239,3.8780841808072215e+239,inf,,0.0,3.8780841808072215e+239,5.0,2026Q1,2026Q2,2027Q2,True
EGY,HeatDryF | lag1 | KF | coeff=avg4 | EM=30 | P0=fixed,HeatDryF,30,False,avg4,Explosive,Unstable,Explosive,Extreme,REJECT,dynamic instability: rho=1376891918959496448.00; dynamic amplification: max ||A^k||2=16516059883641388703626374425606613046997953145204358631049890063457620676063372125483589012992471064039831431773709643267702784.0; coefficient explosion: max |theta|=1944216150058486528.0,1.3768919189594964e+18,1.6516059883641389e+127,1.6516059883641389e+127,1.9442161500584865e+18,7.637458741742497e+17,2.1267776572181558e+144,2.1267776572181558e+144,inf,,0.0,2.1267776572181558e+144,7.0,2026Q1,2026Q2,2027Q4,True
EGY,HeatDryF | lag1 | KF | coeff=avg8 | EM=30 | P0=fixed,HeatDryF,30,False,avg8,Explosive,Unstable,Explosive,Extreme,REJECT,dynamic instability: rho=1082041738291640192.00; dynamic amplification: max ||A^k||2=3437390103001060469384053106049071533892253026980502762988246782927737838915719583151553576919097829872205061520851774488969216.0; coefficient explosion: max |theta|=1944216150058486528.0,1.0820417382916402e+18,3.4373901030010605e+126,3.4373901030010605e+126,1.9442161500584865e+18,7.637458741742497e+17,3.2508336883491474e+143,3.2508336883491474e+143,inf,,0.0,3.2508336883491474e+143,7.0,2026Q1,2026Q2,2027Q4,True
EGY,HeatDryF | lag1 | KF | coeff=last | EM=30 | P0=fixed,HeatDryF,30,False,last,Explosive,Unstable,Explosive,Extreme,REJECT,dynamic instability: rho=6879184587003959296.00; dynamic amplification: max ||A^k||2=1261357427792631130989285342508496663579059777149626176285275146969533987149102817167364298144175567249913244358900820686538859872256.0; coefficient explosion: max |theta|=5428065085362544640.0,6.879184587003959e+18,1.2613574277926311e+132,1.2613574277926311e+132,5.428065085362545e+18,7.637458741742497e+17,1.050564589250983e+149,1.050564589250983e+149,inf,,0.0,1.050564589250983e+149,7.0,2026Q1,2026Q2,2027Q4,True
EGY,OIL_YoY+HeatDry | lag1 | KF | coeff=avg4 | EM=50 | P0=fixed,OIL_YoY+HeatDry,50,False,avg4,Explosive,Unstable,Explosive,Extreme,REJECT,dynamic instability: rho=67751401696394834437004105504260096.00; dynamic amplification: max ||A^k||2=11895431094401532823890168921956448535044909738080304855248212847274972177035532579961346386428537104982792983634436129921281923117820141130502740697188573708708576474690978689192557043843559993425052509637993997805122218655066616408119959355392.0; coefficient explosion: max |theta|=76774811671463639636959945421750272.0,6.775140169639483e+34,1.1895431094401533e+244,1.1895431094401533e+244,7.677481167146364e+34,2.203765840909017e+34,1.4640335269023666e+279,1.4640335269023666e+279,inf,,0.0,1.4640335269023666e+279,7.0,2026Q1,2026Q2,2027Q4,True
EGY,OIL_YoY+HeatDry | lag1 | KF | coeff=avg8 | EM=50 | P0=fixed,OIL_YoY+HeatDry,50,False,avg8,Explosive,Unstable,Explosive,Extreme,REJECT,dynamic instability: rho=62050900965932276740433004491440128.00; dynamic amplification: max ||A^k||2=6536527063588563095910664366597107444555909174360306471865290678678146293246346369559153287998158071834882466826756264360466550886685091021505354604408173686121312412744618517561111677949788902663918565716135528592778151224237614881554944753664.0; coefficient explosion: max |theta|=76774811671463639636959945421750272.0,6.205090096593228e+34,6.536527063588563e+243,6.536527063588563e+243,7.677481167146364e+34,2.203765840909017e+34,7.675835489066633e+278,7.675835489066633e+278,inf,,0.0,7.675835489066633e+278,7.0,2026Q1,2026Q2,2027Q4,True
EGY,OIL_YoY+HeatDry | lag1 | KF | coeff=last | EM=50 | P0=fixed,OIL_YoY+HeatDry,50,False,last,Explosive,Unstable,Explosive,Extreme,REJECT,dynamic instability: rho=121589851450455633278786932528119808.00; dynamic amplification: max ||A^k||2=600587707123392510570487978895028071121421034651578705493593374090825574813346892531795747455290294722039441237237667918413851381466804711682351856751026727501685947063371656396400126641899200895001016759049087921993770373586631519494252401786880.0; coefficient explosion: max |theta|=145359996223573270342192768470745088.0,1.2158985145045563e+35,6.005877071233925e+245,6.005877071233925e+245,1.4535999622357327e+35,2.203765840909017e+34,2.047414893342544e+280,2.047414893342544e+280,inf,,0.0,2.047414893342544e+280,7.0,2026Q1,2026Q2,2027Q4,True
IDN,HeatDry | lag1 | KF | coeff=last | EM=10 | P0=fixed,HeatDry,10,False,last,Good,Borderline,Good,Acceptable,BORDERLINE,large coefficients: max |theta|=15.1; CI expands quickly: ratio=4.8,0.8831582151605628,0.8850300552207705,0.47853129578242254,15.06413264037337,1.257998013892852,5.150280663193095,0.5568334885900033,0.6021755173202692,4.775956006323392,0.5274146438387817,4.999495153948437,6.0,2026Q2,2026Q3,2027Q4,True
IDN,HeatDryF | lag1 | KF | coeff=last | EM=10 | P0=fixed,HeatDryF,10,False,last,Good,Borderline,Good,Acceptable,BORDERLINE,large coefficients: max |theta|=18.9; CI expands quickly: ratio=5.8,0.8846772606236237,0.8875295542835305,0.4869990355569425,18.852747251962697,1.2981320406733161,5.408642389335778,0.45385859287922603,0.8594481600529029,5.793126594128444,0.5339055446079959,4.954762895998552,6.0,2026Q2,2026Q3,2027Q4,True
IDN,OIL_YoY+HeatDry | lag1 | KF | coeff=last | EM=10 | P0=fixed,OIL_YoY+HeatDry,10,False,last,Good,Borderline,Good,Acceptable,BORDERLINE,large coefficients: max |theta|=22.1; CI expands quickly: ratio=7.5,0.8593683508788479,0.8756538433378327,0.43179118503387054,22.060961565727013,1.5395112377672433,5.575540259398177,0.6126925552416882,3.343398237225775,7.51574892448924,0.8439809567582426,5.55623599838422,6.0,2026Q2,2026Q3,2027Q4,True
IDN,OIL_YoY+HeatDryF | lag1 | KF | coeff=last | EM=10 | P0=fixed,OIL_YoY+HeatDryF,10,False,last,Good,Borderline,Good,Acceptable,BORDERLINE,large coefficients: max |theta|=17.5; CI expands quickly: ratio=6.9,0.8776594787117088,0.901242260531546,0.48659251415306853,17.54276274962784,1.0222791987798159,5.774599890600918,0.7754317584057029,3.9634853253939553,6.870135647824901,0.763895020269123,5.54110008823399,6.0,2026Q2,2026Q3,2027Q4,True
IDN,ENSO | lag1 | KF | coeff=last | EM=10 | P0=fixed,ENSO,10,False,last,Good,Borderline,Good,Acceptable,BORDERLINE,large coefficients: max |theta|=13.8; CI expands quickly: ratio=4.6,0.9107578168598839,0.9646014863711844,0.7465532535786011,13.840109920445663,0.7497768218541356,4.324364480930802,0.6954713677036732,2.239503340657325,4.56995923184532,2.114397708450773,4.8453147189341355,4.0,2026Q2,2026Q3,2027Q2,True
IDN,ENSO+HeatDryF | lag1 | KF | coeff=last | EM=10 | P0=fixed,ENSO+HeatDryF,10,False,last,Good,Borderline,Good,Acceptable,BORDERLINE,large coefficients: max |theta|=18.8; end-sample coefficient jump=5.0,0.8855711187748705,0.9670671215687684,0.6590558666062758,18.772542651112094,5.037397621077048,3.383399148958603,0.8995513343104942,13.617910337549795,3.539103338769225,2.507000420563699,5.171257945967338,4.0,2026Q2,2026Q3,2027Q2,True
IDN,ENSO+HeatDryF | lag1 | KF | coeff=last | EM=10 | P0=update,ENSO+HeatDryF,10,True,last,Good,Borderline,Good,Acceptable,BORDERLINE,large coefficients: max |theta|=14.8; end-sample coefficient jump=7.3,0.8634820019885577,1.576782106135546,0.6801721348635305,14.766690302945566,7.264084447169685,2.9775500988914816,0.9270604193663816,15.37192407294583,3.648739188281963,2.4852639816287003,4.990415918072879,4.0,2026Q2,2026Q3,2027Q2,True
IDN,HeatDry | lag1 | KF | coeff=last | EM=10 | P0=update,HeatDry,10,True,last,Good,Unstable,Good,Acceptable,REJECT,coefficient explosion: max |theta|=5092656880075145216000.0; end-sample coefficient jump=2664483599680192118784.0,0.9234519863492465,1.125708590793489,0.7261913769925532,5.092656880075145e+21,2.664483599680192e+21,4.903080909613067,0.3921163482861716,0.7811159801534657,5.913341522506497,0.36624038538681614,4.910826408326272,6.0,2026Q2,2026Q3,2027Q4,True
IDN,OIL_YoY+HeatDryF | lag1 | KF | coeff=last | EM=10 | P0=update,OIL_YoY+HeatDryF,10,True,last,Good,Unstable,Good,Acceptable,REJECT,coefficient explosion: max |theta|=35343588252718506737663539471057944576.0; end-sample coefficient jump=39344590993659982354627108491424169984.0,0.8913126192316366,1.0856278754183541,0.8164009355549163,3.5343588252718507e+37,3.934459099365998e+37,5.792505078672095,0.8228191527907036,4.533155377498581,7.638155543324115,0.8024654759142305,5.561654560470917,6.0,2026Q2,2026Q3,2027Q4,True
IDN,ENSO+HeatDry | lag1 | KF | coeff=last | EM=10 | P0=fixed,ENSO+HeatDry,10,False,last,Good,Unstable,Good,Acceptable,REJECT,coefficient explosion: max |theta|=35.1,0.9385487680666763,0.9945705477506462,0.7947329746117399,35.133489143203114,2.4292915652622327,3.728670788238108,1.0686371666790149,8.574147343831946,4.281818760588095,2.4771960817199643,4.805053185531351,4.0,2026Q2,2026Q3,2027Q2,True
IDN,HeatDryF | lag1 | KF | coeff=last | EM=10 | P0=update,HeatDryF,10,True,last,Good,Unstable,Good,Acceptable,REJECT,coefficient explosion: max |theta|=1010081721139666110336062652254386396371693338624.0; end-sample coefficient jump=899639472099483251805511641918559688521313943552.0,0.8861078900919119,2.126683010276638,0.5032529423823088,1.0100817211396661e+48,8.996394720994833e+47,5.495070147257776,0.43454726239406183,0.874753510324477,5.547798837423609,0.5395773264419264,5.042188429508512,6.0,2026Q2,2026Q3,2027Q4,True
IDN,ENSO | lag1 | KF | coeff=last | EM=10 | P0=update,ENSO,10,True,last,Borderline,Unstable,Good,Acceptable,REJECT,coefficient explosion: max |theta|=72.0,0.9118295815699062,3.404562897620256,2.1269387778224007,72.03741999800786,4.77192996357725,4.380894129281298,0.6654054788432369,2.2951605966631288,5.960924237016906,2.152525314767008,4.889432725772678,4.0,2026Q2,2026Q3,2027Q2,True
IDN,OIL_YoY+HeatDry | lag1 | KF | coeff=last | EM=10 | P0=update,OIL_YoY+HeatDry,10,True,last,Borderline,Unstable,Good,Acceptable,REJECT,coefficient explosion: max |theta|=56119771458091241234528543005472752402432.0; end-sample coefficient jump=44980089766422597850937137555771192508416.0; rapid CI expansion: ratio=8.5,0.936579013914203,4.231616505307884,4.231616505307884,5.611977145809124e+40,4.49800897664226e+40,5.546611211865615,0.667694886070084,4.109601892931277,8.535525032810607,0.7885321710678772,5.553433455623396,6.0,2026Q2,2026Q3,2027Q4,True
IDN,ENSO+HeatDry | lag1 | KF | coeff=last | EM=10 | P0=update,ENSO+HeatDry,10,True,last,Explosive,Unstable,Good,Acceptable,REJECT,dynamic instability: rho=1.46; dynamic amplification: max ||A^k||2=22.2; coefficient explosion: max |theta|=644.9,1.4564388207327372,22.154115842113914,22.154115842113914,644.9002413147541,45.68576724515992,3.7304935035641833,1.0688338527480337,9.965667018455118,4.703759421820993,2.4719475657192063,4.811720146815313,4.0,2026Q2,2026Q3,2027Q2,True
IDN,OIL_YoY+HeatDryF | lag1 | KF | coeff=avg4 | EM=10 | P0=fixed,OIL_YoY+HeatDryF,10,False,avg4,Explosive,Borderline,Good,Acceptable,REJECT,dynamic amplification: max ||A^k||2=26.0; rapid CI expansion: ratio=18.2,0.9015350641860673,25.99088911944643,3.2356721979703216,17.54276274962784,1.0222791987798159,5.511974375241229,0.5782521207212019,9.678455102601665,18.244443862169405,0.491711517916706,5.364215788743778,6.0,2026Q2,2026Q3,2027Q4,True
IDN,ENSO | lag1 | KF | coeff=last | EM=20 | P0=fixed,ENSO,20,False,last,Failed,—,—,—,REJECT,no EM result / insufficient complete data,,,,,,,,,,,,,,,,
IDN,ENSO | lag1 | KF | coeff=last | EM=20 | P0=update,ENSO,20,True,last,Failed,—,—,—,REJECT,no EM result / insufficient complete data,,,,,,,,,,,,,,,,
IDN,ENSO | lag1 | KF | coeff=last | EM=30 | P0=fixed,ENSO,30,False,last,Failed,—,—,—,REJECT,no EM result / insufficient complete data,,,,,,,,,,,,,,,,
IDN,ENSO | lag1 | KF | coeff=last | EM=30 | P0=update,ENSO,30,True,last,Failed,—,—,—,REJECT,no EM result / insufficient complete data,,,,,,,,,,,,,,,,
IDN,ENSO | lag1 | KF | coeff=last | EM=50 | P0=fixed,ENSO,50,False,last,Failed,—,—,—,REJECT,no EM result / insufficient complete data,,,,,,,,,,,,,,,,
IDN,ENSO | lag1 | KF | coeff=last | EM=50 | P0=update,ENSO,50,True,last,Failed,—,—,—,REJECT,no EM result / insufficient complete data,,,,,,,,,,,,,,,,
IDN,ENSO+HeatDry | lag1 | KF | coeff=last | EM=20 | P0=fixed,ENSO+HeatDry,20,False,last,Failed,—,—,—,REJECT,no EM result / insufficient complete data,,,,,,,,,,,,,,,,
IDN,ENSO+HeatDry | lag1 | KF | coeff=last | EM=30 | P0=fixed,ENSO+HeatDry,30,False,last,Failed,—,—,—,REJECT,no EM result / insufficient complete data,,,,,,,,,,,,,,,,
IDN,ENSO+HeatDry | lag1 | KF | coeff=last | EM=30 | P0=update,ENSO+HeatDry,30,True,last,Failed,—,—,—,REJECT,no EM result / insufficient complete data,,,,,,,,,,,,,,,,
IDN,ENSO+HeatDry | lag1 | KF | coeff=last | EM=50 | P0=fixed,ENSO+HeatDry,50,False,last,Failed,—,—,—,REJECT,no EM result / insufficient complete data,,,,,,,,,,,,,,,,
IDN,ENSO+HeatDry | lag1 | KF | coeff=last | EM=50 | P0=update,ENSO+HeatDry,50,True,last,Failed,—,—,—,REJECT,no EM result / insufficient complete data,,,,,,,,,,,,,,,,
IDN,ENSO+HeatDryF | lag1 | KF | coeff=last | EM=20 | P0=fixed,ENSO+HeatDryF,20,False,last,Failed,—,—,—,REJECT,no EM result / insufficient complete data,,,,,,,,,,,,,,,,
IDN,ENSO+HeatDryF | lag1 | KF | coeff=last | EM=20 | P0=update,ENSO+HeatDryF,20,True,last,Failed,—,—,—,REJECT,exception: LinAlgError: SVD did not converge,,,,,,,,,,,,,,,,
IDN,ENSO+HeatDryF | lag1 | KF | coeff=last | EM=30 | P0=fixed,ENSO+HeatDryF,30,False,last,Failed,—,—,—,REJECT,no EM result / insufficient complete data,,,,,,,,,,,,,,,,
IDN,ENSO+HeatDryF | lag1 | KF | coeff=last | EM=30 | P0=update,ENSO+HeatDryF,30,True,last,Failed,—,—,—,REJECT,no EM result / insufficient complete data,,,,,,,,,,,,,,,,
IDN,ENSO+HeatDryF | lag1 | KF | coeff=last | EM=50 | P0=fixed,ENSO+HeatDryF,50,False,last,Failed,—,—,—,REJECT,no EM result / insufficient complete data,,,,,,,,,,,,,,,,
IDN,ENSO+HeatDryF | lag1 | KF | coeff=last | EM=50 | P0=update,ENSO+HeatDryF,50,True,last,Failed,—,—,—,REJECT,no EM result / insufficient complete data,,,,,,,,,,,,,,,,
IDN,HeatDry | lag1 | KF | coeff=last | EM=20 | P0=fixed,HeatDry,20,False,last,Failed,—,—,—,REJECT,exception: LinAlgError: SVD did not converge,,,,,,,,,,,,,,,,
IDN,HeatDry | lag1 | KF | coeff=last | EM=20 | P0=update,HeatDry,20,True,last,Failed,—,—,—,REJECT,exception: LinAlgError: SVD did not converge,,,,,,,,,,,,,,,,
IDN,HeatDry | lag1 | KF | coeff=last | EM=30 | P0=fixed,HeatDry,30,False,last,Failed,—,—,—,REJECT,no EM result / insufficient complete data,,,,,,,,,,,,,,,,
IDN,HeatDry | lag1 | KF | coeff=last | EM=30 | P0=update,HeatDry,30,True,last,Failed,—,—,—,REJECT,no EM result / insufficient complete data,,,,,,,,,,,,,,,,
IDN,HeatDry | lag1 | KF | coeff=last | EM=50 | P0=fixed,HeatDry,50,False,last,Failed,—,—,—,REJECT,no EM result / insufficient complete data,,,,,,,,,,,,,,,,
IDN,HeatDry | lag1 | KF | coeff=last | EM=50 | P0=update,HeatDry,50,True,last,Failed,—,—,—,REJECT,no EM result / insufficient complete data,,,,,,,,,,,,,,,,
IDN,HeatDryF | lag1 | KF | coeff=last | EM=20 | P0=fixed,HeatDryF,20,False,last,Failed,—,—,—,REJECT,no EM result / insufficient complete data,,,,,,,,,,,,,,,,
IDN,HeatDryF | lag1 | KF | coeff=last | EM=20 | P0=update,HeatDryF,20,True,last,Failed,—,—,—,REJECT,exception: LinAlgError: SVD did not converge,,,,,,,,,,,,,,,,
IDN,HeatDryF | lag1 | KF | coeff=last | EM=30 | P0=fixed,HeatDryF,30,False,last,Failed,—,—,—,REJECT,no EM result / insufficient complete data,,,,,,,,,,,,,,,,
IDN,HeatDryF | lag1 | KF | coeff=last | EM=30 | P0=update,HeatDryF,30,True,last,Failed,—,—,—,REJECT,exception: LinAlgError: SVD did not converge,,,,,,,,,,,,,,,,
IDN,HeatDryF | lag1 | KF | coeff=last | EM=50 | P0=fixed,HeatDryF,50,False,last,Failed,—,—,—,REJECT,no EM result / insufficient complete data,,,,,,,,,,,,,,,,
IDN,HeatDryF | lag1 | KF | coeff=last | EM=50 | P0=update,HeatDryF,50,True,last,Failed,—,—,—,REJECT,no EM result / insufficient complete data,,,,,,,,,,,,,,,,
IDN,OIL_YoY+HeatDry | lag1 | KF | coeff=last | EM=20 | P0=fixed,OIL_YoY+HeatDry,20,False,last,Failed,—,—,—,REJECT,exception: LinAlgError: SVD did not converge,,,,,,,,,,,,,,,,
IDN,OIL_YoY+HeatDry | lag1 | KF | coeff=last | EM=30 | P0=fixed,OIL_YoY+HeatDry,30,False,last,Failed,—,—,—,REJECT,no EM result / insufficient complete data,,,,,,,,,,,,,,,,
IDN,OIL_YoY+HeatDry | lag1 | KF | coeff=last | EM=30 | P0=update,OIL_YoY+HeatDry,30,True,last,Failed,—,—,—,REJECT,no EM result / insufficient complete data,,,,,,,,,,,,,,,,
IDN,OIL_YoY+HeatDry | lag1 | KF | coeff=last | EM=50 | P0=fixed,OIL_YoY+HeatDry,50,False,last,Failed,—,—,—,REJECT,no EM result / insufficient complete data,,,,,,,,,,,,,,,,
IDN,OIL_YoY+HeatDry | lag1 | KF | coeff=last | EM=50 | P0=update,OIL_YoY+HeatDry,50,True,last,Failed,—,—,—,REJECT,no EM result / insufficient complete data,,,,,,,,,,,,,,,,
IDN,OIL_YoY+HeatDryF | lag1 | KF | coeff=last | EM=20 | P0=fixed,OIL_YoY+HeatDryF,20,False,last,Failed,—,—,—,REJECT,no EM result / insufficient complete data,,,,,,,,,,,,,,,,
IDN,OIL_YoY+HeatDryF | lag1 | KF | coeff=last | EM=20 | P0=update,OIL_YoY+HeatDryF,20,True,last,Failed,—,—,—,REJECT,exception: LinAlgError: SVD did not converge,,,,,,,,,,,,,,,,
IDN,OIL_YoY+HeatDryF | lag1 | KF | coeff=last | EM=30 | P0=fixed,OIL_YoY+HeatDryF,30,False,last,Failed,—,—,—,REJECT,no EM result / insufficient complete data,,,,,,,,,,,,,,,,
IDN,OIL_YoY+HeatDryF | lag1 | KF | coeff=last | EM=30 | P0=update,OIL_YoY+HeatDryF,30,True,last,Failed,—,—,—,REJECT,no EM result / insufficient complete data,,,,,,,,,,,,,,,,
IDN,OIL_YoY+HeatDryF | lag1 | KF | coeff=last | EM=50 | P0=fixed,OIL_YoY+HeatDryF,50,False,last,Failed,—,—,—,REJECT,no EM result / insufficient complete data,,,,,,,,,,,,,,,,
IDN,OIL_YoY+HeatDryF | lag1 | KF | coeff=last | EM=50 | P0=update,OIL_YoY+HeatDryF,50,True,last,Failed,—,—,—,REJECT,no EM result / insufficient complete data,,,,,,,,,,,,,,,,
IDN,ENSO | lag1 | KF | coeff=avg4 | EM=20 | P0=fixed,ENSO,20,False,avg4,Failed,—,—,—,REJECT,no EM result / insufficient complete data,,,,,,,,,,,,,,,,
IDN,ENSO | lag1 | KF | coeff=avg4 | EM=20 | P0=update,ENSO,20,True,avg4,Failed,—,—,—,REJECT,no EM result / insufficient complete data,,,,,,,,,,,,,,,,
IDN,ENSO | lag1 | KF | coeff=avg4 | EM=30 | P0=fixed,ENSO,30,False,avg4,Failed,—,—,—,REJECT,no EM result / insufficient complete data,,,,,,,,,,,,,,,,
IDN,ENSO | lag1 | KF | coeff=avg4 | EM=30 | P0=update,ENSO,30,True,avg4,Failed,—,—,—,REJECT,no EM result / insufficient complete data,,,,,,,,,,,,,,,,
IDN,ENSO | lag1 | KF | coeff=avg4 | EM=50 | P0=fixed,ENSO,50,False,avg4,Failed,—,—,—,REJECT,no EM result / insufficient complete data,,,,,,,,,,,,,,,,
IDN,ENSO | lag1 | KF | coeff=avg4 | EM=50 | P0=update,ENSO,50,True,avg4,Failed,—,—,—,REJECT,no EM result / insufficient complete data,,,,,,,,,,,,,,,,
IDN,ENSO+HeatDry | lag1 | KF | coeff=avg4 | EM=20 | P0=fixed,ENSO+HeatDry,20,False,avg4,Failed,—,—,—,REJECT,no EM result / insufficient complete data,,,,,,,,,,,,,,,,
IDN,ENSO+HeatDry | lag1 | KF | coeff=avg4 | EM=30 | P0=fixed,ENSO+HeatDry,30,False,avg4,Failed,—,—,—,REJECT,no EM result / insufficient complete data,,,,,,,,,,,,,,,,
IDN,ENSO+HeatDry | lag1 | KF | coeff=avg4 | EM=30 | P0=update,ENSO+HeatDry,30,True,avg4,Failed,—,—,—,REJECT,no EM result / insufficient complete data,,,,,,,,,,,,,,,,
IDN,ENSO+HeatDry | lag1 | KF | coeff=avg4 | EM=50 | P0=fixed,ENSO+HeatDry,50,False,avg4,Failed,—,—,—,REJECT,no EM result / insufficient complete data,,,,,,,,,,,,,,,,
IDN,ENSO+HeatDry | lag1 | KF | coeff=avg4 | EM=50 | P0=update,ENSO+HeatDry,50,True,avg4,Failed,—,—,—,REJECT,no EM result / insufficient complete data,,,,,,,,,,,,,,,,
IDN,ENSO+HeatDryF | lag1 | KF | coeff=avg4 | EM=20 | P0=fixed,ENSO+HeatDryF,20,False,avg4,Failed,—,—,—,REJECT,no EM result / insufficient complete data,,,,,,,,,,,,,,,,
IDN,ENSO+HeatDryF | lag1 | KF | coeff=avg4 | EM=20 | P0=update,ENSO+HeatDryF,20,True,avg4,Failed,—,—,—,REJECT,exception: LinAlgError: SVD did not converge,,,,,,,,,,,,,,,,
IDN,ENSO+HeatDryF | lag1 | KF | coeff=avg4 | EM=30 | P0=fixed,ENSO+HeatDryF,30,False,avg4,Failed,—,—,—,REJECT,no EM result / insufficient complete data,,,,,,,,,,,,,,,,
IDN,ENSO+HeatDryF | lag1 | KF | coeff=avg4 | EM=30 | P0=update,ENSO+HeatDryF,30,True,avg4,Failed,—,—,—,REJECT,no EM result / insufficient complete data,,,,,,,,,,,,,,,,
IDN,ENSO+HeatDryF | lag1 | KF | coeff=avg4 | EM=50 | P0=fixed,ENSO+HeatDryF,50,False,avg4,Failed,—,—,—,REJECT,no EM result / insufficient complete data,,,,,,,,,,,,,,,,
IDN,ENSO+HeatDryF | lag1 | KF | coeff=avg4 | EM=50 | P0=update,ENSO+HeatDryF,50,True,avg4,Failed,—,—,—,REJECT,no EM result / insufficient complete data,,,,,,,,,,,,,,,,
IDN,HeatDry | lag1 | KF | coeff=avg4 | EM=20 | P0=fixed,HeatDry,20,False,avg4,Failed,—,—,—,REJECT,exception: LinAlgError: SVD did not converge,,,,,,,,,,,,,,,,
IDN,HeatDry | lag1 | KF | coeff=avg4 | EM=20 | P0=update,HeatDry,20,True,avg4,Failed,—,—,—,REJECT,exception: LinAlgError: SVD did not converge,,,,,,,,,,,,,,,,
IDN,HeatDry | lag1 | KF | coeff=avg4 | EM=30 | P0=fixed,HeatDry,30,False,avg4,Failed,—,—,—,REJECT,no EM result / insufficient complete data,,,,,,,,,,,,,,,,
IDN,HeatDry | lag1 | KF | coeff=avg4 | EM=30 | P0=update,HeatDry,30,True,avg4,Failed,—,—,—,REJECT,no EM result / insufficient complete data,,,,,,,,,,,,,,,,
IDN,HeatDry | lag1 | KF | coeff=avg4 | EM=50 | P0=fixed,HeatDry,50,False,avg4,Failed,—,—,—,REJECT,no EM result / insufficient complete data,,,,,,,,,,,,,,,,
IDN,HeatDry | lag1 | KF | coeff=avg4 | EM=50 | P0=update,HeatDry,50,True,avg4,Failed,—,—,—,REJECT,no EM result / insufficient complete data,,,,,,,,,,,,,,,,
IDN,HeatDryF | lag1 | KF | coeff=avg4 | EM=20 | P0=fixed,HeatDryF,20,False,avg4,Failed,—,—,—,REJECT,no EM result / insufficient complete data,,,,,,,,,,,,,,,,
IDN,HeatDryF | lag1 | KF | coeff=avg4 | EM=20 | P0=update,HeatDryF,20,True,avg4,Failed,—,—,—,REJECT,exception: LinAlgError: SVD did not converge,,,,,,,,,,,,,,,,
IDN,HeatDryF | lag1 | KF | coeff=avg4 | EM=30 | P0=fixed,HeatDryF,30,False,avg4,Failed,—,—,—,REJECT,no EM result / insufficient complete data,,,,,,,,,,,,,,,,
IDN,HeatDryF | lag1 | KF | coeff=avg4 | EM=30 | P0=update,HeatDryF,30,True,avg4,Failed,—,—,—,REJECT,exception: LinAlgError: SVD did not converge,,,,,,,,,,,,,,,,
IDN,HeatDryF | lag1 | KF | coeff=avg4 | EM=50 | P0=fixed,HeatDryF,50,False,avg4,Failed,—,—,—,REJECT,no EM result / insufficient complete data,,,,,,,,,,,,,,,,
IDN,HeatDryF | lag1 | KF | coeff=avg4 | EM=50 | P0=update,HeatDryF,50,True,avg4,Failed,—,—,—,REJECT,no EM result / insufficient complete data,,,,,,,,,,,,,,,,
IDN,OIL_YoY+HeatDry | lag1 | KF | coeff=avg4 | EM=20 | P0=fixed,OIL_YoY+HeatDry,20,False,avg4,Failed,—,—,—,REJECT,exception: LinAlgError: SVD did not converge,,,,,,,,,,,,,,,,
IDN,OIL_YoY+HeatDry | lag1 | KF | coeff=avg4 | EM=30 | P0=fixed,OIL_YoY+HeatDry,30,False,avg4,Failed,—,—,—,REJECT,no EM result / insufficient complete data,,,,,,,,,,,,,,,,
IDN,OIL_YoY+HeatDry | lag1 | KF | coeff=avg4 | EM=30 | P0=update,OIL_YoY+HeatDry,30,True,avg4,Failed,—,—,—,REJECT,no EM result / insufficient complete data,,,,,,,,,,,,,,,,
IDN,OIL_YoY+HeatDry | lag1 | KF | coeff=avg4 | EM=50 | P0=fixed,OIL_YoY+HeatDry,50,False,avg4,Failed,—,—,—,REJECT,no EM result / insufficient complete data,,,,,,,,,,,,,,,,
IDN,OIL_YoY+HeatDry | lag1 | KF | coeff=avg4 | EM=50 | P0=update,OIL_YoY+HeatDry,50,True,avg4,Failed,—,—,—,REJECT,no EM result / insufficient complete data,,,,,,,,,,,,,,,,
IDN,OIL_YoY+HeatDryF | lag1 | KF | coeff=avg4 | EM=20 | P0=fixed,OIL_YoY+HeatDryF,20,False,avg4,Failed,—,—,—,REJECT,no EM result / insufficient complete data,,,,,,,,,,,,,,,,
IDN,OIL_YoY+HeatDryF | lag1 | KF | coeff=avg4 | EM=20 | P0=update,OIL_YoY+HeatDryF,20,True,avg4,Failed,—,—,—,REJECT,exception: LinAlgError: SVD did not converge,,,,,,,,,,,,,,,,
IDN,OIL_YoY+HeatDryF | lag1 | KF | coeff=avg4 | EM=30 | P0=fixed,OIL_YoY+HeatDryF,30,False,avg4,Failed,—,—,—,REJECT,no EM result / insufficient complete data,,,,,,,,,,,,,,,,
IDN,OIL_YoY+HeatDryF | lag1 | KF | coeff=avg4 | EM=30 | P0=update,OIL_YoY+HeatDryF,30,True,avg4,Failed,—,—,—,REJECT,no EM result / insufficient complete data,,,,,,,,,,,,,,,,
IDN,OIL_YoY+HeatDryF | lag1 | KF | coeff=avg4 | EM=50 | P0=fixed,OIL_YoY+HeatDryF,50,False,avg4,Failed,—,—,—,REJECT,no EM result / insufficient complete data,,,,,,,,,,,,,,,,
IDN,OIL_YoY+HeatDryF | lag1 | KF | coeff=avg4 | EM=50 | P0=update,OIL_YoY+HeatDryF,50,True,avg4,Failed,—,—,—,REJECT,no EM result / insufficient complete data,,,,,,,,,,,,,,,,
IDN,ENSO | lag1 | KF | coeff=avg8 | EM=20 | P0=fixed,ENSO,20,False,avg8,Failed,—,—,—,REJECT,no EM result / insufficient complete data,,,,,,,,,,,,,,,,
IDN,ENSO | lag1 | KF | coeff=avg8 | EM=20 | P0=update,ENSO,20,True,avg8,Failed,—,—,—,REJECT,no EM result / insufficient complete data,,,,,,,,,,,,,,,,
IDN,ENSO | lag1 | KF | coeff=avg8 | EM=30 | P0=fixed,ENSO,30,False,avg8,Failed,—,—,—,REJECT,no EM result / insufficient complete data,,,,,,,,,,,,,,,,
IDN,ENSO | lag1 | KF | coeff=avg8 | EM=30 | P0=update,ENSO,30,True,avg8,Failed,—,—,—,REJECT,no EM result / insufficient complete data,,,,,,,,,,,,,,,,
IDN,ENSO | lag1 | KF | coeff=avg8 | EM=50 | P0=fixed,ENSO,50,False,avg8,Failed,—,—,—,REJECT,no EM result / insufficient complete data,,,,,,,,,,,,,,,,
IDN,ENSO | lag1 | KF | coeff=avg8 | EM=50 | P0=update,ENSO,50,True,avg8,Failed,—,—,—,REJECT,no EM result / insufficient complete data,,,,,,,,,,,,,,,,
IDN,ENSO+HeatDry | lag1 | KF | coeff=avg8 | EM=20 | P0=fixed,ENSO+HeatDry,20,False,avg8,Failed,—,—,—,REJECT,no EM result / insufficient complete data,,,,,,,,,,,,,,,,
IDN,ENSO+HeatDry | lag1 | KF | coeff=avg8 | EM=30 | P0=fixed,ENSO+HeatDry,30,False,avg8,Failed,—,—,—,REJECT,no EM result / insufficient complete data,,,,,,,,,,,,,,,,
IDN,ENSO+HeatDry | lag1 | KF | coeff=avg8 | EM=30 | P0=update,ENSO+HeatDry,30,True,avg8,Failed,—,—,—,REJECT,no EM result / insufficient complete data,,,,,,,,,,,,,,,,
IDN,ENSO+HeatDry | lag1 | KF | coeff=avg8 | EM=50 | P0=fixed,ENSO+HeatDry,50,False,avg8,Failed,—,—,—,REJECT,no EM result / insufficient complete data,,,,,,,,,,,,,,,,
IDN,ENSO+HeatDry | lag1 | KF | coeff=avg8 | EM=50 | P0=update,ENSO+HeatDry,50,True,avg8,Failed,—,—,—,REJECT,no EM result / insufficient complete data,,,,,,,,,,,,,,,,
IDN,ENSO+HeatDryF | lag1 | KF | coeff=avg8 | EM=20 | P0=fixed,ENSO+HeatDryF,20,False,avg8,Failed,—,—,—,REJECT,no EM result / insufficient complete data,,,,,,,,,,,,,,,,
IDN,ENSO+HeatDryF | lag1 | KF | coeff=avg8 | EM=20 | P0=update,ENSO+HeatDryF,20,True,avg8,Failed,—,—,—,REJECT,exception: LinAlgError: SVD did not converge,,,,,,,,,,,,,,,,
IDN,ENSO+HeatDryF | lag1 | KF | coeff=avg8 | EM=30 | P0=fixed,ENSO+HeatDryF,30,False,avg8,Failed,—,—,—,REJECT,no EM result / insufficient complete data,,,,,,,,,,,,,,,,
IDN,ENSO+HeatDryF | lag1 | KF | coeff=avg8 | EM=30 | P0=update,ENSO+HeatDryF,30,True,avg8,Failed,—,—,—,REJECT,no EM result / insufficient complete data,,,,,,,,,,,,,,,,
IDN,ENSO+HeatDryF | lag1 | KF | coeff=avg8 | EM=50 | P0=fixed,ENSO+HeatDryF,50,False,avg8,Failed,—,—,—,REJECT,no EM result / insufficient complete data,,,,,,,,,,,,,,,,
IDN,ENSO+HeatDryF | lag1 | KF | coeff=avg8 | EM=50 | P0=update,ENSO+HeatDryF,50,True,avg8,Failed,—,—,—,REJECT,no EM result / insufficient complete data,,,,,,,,,,,,,,,,
IDN,HeatDry | lag1 | KF | coeff=avg8 | EM=20 | P0=fixed,HeatDry,20,False,avg8,Failed,—,—,—,REJECT,exception: LinAlgError: SVD did not converge,,,,,,,,,,,,,,,,
IDN,HeatDry | lag1 | KF | coeff=avg8 | EM=20 | P0=update,HeatDry,20,True,avg8,Failed,—,—,—,REJECT,exception: LinAlgError: SVD did not converge,,,,,,,,,,,,,,,,
IDN,HeatDry | lag1 | KF | coeff=avg8 | EM=30 | P0=fixed,HeatDry,30,False,avg8,Failed,—,—,—,REJECT,no EM result / insufficient complete data,,,,,,,,,,,,,,,,
IDN,HeatDry | lag1 | KF | coeff=avg8 | EM=30 | P0=update,HeatDry,30,True,avg8,Failed,—,—,—,REJECT,no EM result / insufficient complete data,,,,,,,,,,,,,,,,
IDN,HeatDry | lag1 | KF | coeff=avg8 | EM=50 | P0=fixed,HeatDry,50,False,avg8,Failed,—,—,—,REJECT,no EM result / insufficient complete data,,,,,,,,,,,,,,,,
IDN,HeatDry | lag1 | KF | coeff=avg8 | EM=50 | P0=update,HeatDry,50,True,avg8,Failed,—,—,—,REJECT,no EM result / insufficient complete data,,,,,,,,,,,,,,,,
IDN,HeatDryF | lag1 | KF | coeff=avg8 | EM=20 | P0=fixed,HeatDryF,20,False,avg8,Failed,—,—,—,REJECT,no EM result / insufficient complete data,,,,,,,,,,,,,,,,
IDN,HeatDryF | lag1 | KF | coeff=avg8 | EM=20 | P0=update,HeatDryF,20,True,avg8,Failed,—,—,—,REJECT,exception: LinAlgError: SVD did not converge,,,,,,,,,,,,,,,,
IDN,HeatDryF | lag1 | KF | coeff=avg8 | EM=30 | P0=fixed,HeatDryF,30,False,avg8,Failed,—,—,—,REJECT,no EM result / insufficient complete data,,,,,,,,,,,,,,,,
IDN,HeatDryF | lag1 | KF | coeff=avg8 | EM=30 | P0=update,HeatDryF,30,True,avg8,Failed,—,—,—,REJECT,exception: LinAlgError: SVD did not converge,,,,,,,,,,,,,,,,
IDN,HeatDryF | lag1 | KF | coeff=avg8 | EM=50 | P0=fixed,HeatDryF,50,False,avg8,Failed,—,—,—,REJECT,no EM result / insufficient complete data,,,,,,,,,,,,,,,,
IDN,HeatDryF | lag1 | KF | coeff=avg8 | EM=50 | P0=update,HeatDryF,50,True,avg8,Failed,—,—,—,REJECT,no EM result / insufficient complete data,,,,,,,,,,,,,,,,
IDN,OIL_YoY+HeatDry | lag1 | KF | coeff=avg8 | EM=20 | P0=fixed,OIL_YoY+HeatDry,20,False,avg8,Failed,—,—,—,REJECT,exception: LinAlgError: SVD did not converge,,,,,,,,,,,,,,,,
IDN,OIL_YoY+HeatDry | lag1 | KF | coeff=avg8 | EM=30 | P0=fixed,OIL_YoY+HeatDry,30,False,avg8,Failed,—,—,—,REJECT,no EM result / insufficient complete data,,,,,,,,,,,,,,,,
IDN,OIL_YoY+HeatDry | lag1 | KF | coeff=avg8 | EM=30 | P0=update,OIL_YoY+HeatDry,30,True,avg8,Failed,—,—,—,REJECT,no EM result / insufficient complete data,,,,,,,,,,,,,,,,
IDN,OIL_YoY+HeatDry | lag1 | KF | coeff=avg8 | EM=50 | P0=fixed,OIL_YoY+HeatDry,50,False,avg8,Failed,—,—,—,REJECT,no EM result / insufficient complete data,,,,,,,,,,,,,,,,
IDN,OIL_YoY+HeatDry | lag1 | KF | coeff=avg8 | EM=50 | P0=update,OIL_YoY+HeatDry,50,True,avg8,Failed,—,—,—,REJECT,no EM result / insufficient complete data,,,,,,,,,,,,,,,,
IDN,OIL_YoY+HeatDryF | lag1 | KF | coeff=avg8 | EM=20 | P0=fixed,OIL_YoY+HeatDryF,20,False,avg8,Failed,—,—,—,REJECT,no EM result / insufficient complete data,,,,,,,,,,,,,,,,
IDN,OIL_YoY+HeatDryF | lag1 | KF | coeff=avg8 | EM=20 | P0=update,OIL_YoY+HeatDryF,20,True,avg8,Failed,—,—,—,REJECT,exception: LinAlgError: SVD did not converge,,,,,,,,,,,,,,,,
IDN,OIL_YoY+HeatDryF | lag1 | KF | coeff=avg8 | EM=30 | P0=fixed,OIL_YoY+HeatDryF,30,False,avg8,Failed,—,—,—,REJECT,no EM result / insufficient complete data,,,,,,,,,,,,,,,,
IDN,OIL_YoY+HeatDryF | lag1 | KF | coeff=avg8 | EM=30 | P0=update,OIL_YoY+HeatDryF,30,True,avg8,Failed,—,—,—,REJECT,no EM result / insufficient complete data,,,,,,,,,,,,,,,,
IDN,OIL_YoY+HeatDryF | lag1 | KF | coeff=avg8 | EM=50 | P0=fixed,OIL_YoY+HeatDryF,50,False,avg8,Failed,—,—,—,REJECT,no EM result / insufficient complete data,,,,,,,,,,,,,,,,
IDN,OIL_YoY+HeatDryF | lag1 | KF | coeff=avg8 | EM=50 | P0=update,OIL_YoY+HeatDryF,50,True,avg8,Failed,—,—,—,REJECT,no EM result / insufficient complete data,,,,,,,,,,,,,,,,
IDN,ENSO+HeatDryF | lag1 | KF | coeff=avg4 | EM=10 | P0=update,ENSO+HeatDryF,10,True,avg4,Explosive,Borderline,Good,Acceptable,REJECT,dynamic instability: rho=1.22; dynamic amplification: max ||A^k||2=50.6,1.222975030688478,50.63319005426784,50.63319005426784,14.766690302945566,7.264084447169685,7.876983993799977,3.013040170437126,31.599677733339032,6.559113316672253,6.629189645735325,7.87618088314202,4.0,2026Q2,2026Q3,2027Q2,True
IDN,OIL_YoY+HeatDryF | lag1 | KF | coeff=avg8 | EM=10 | P0=fixed,OIL_YoY+HeatDryF,10,False,avg8,Explosive,Borderline,Good,Acceptable,REJECT,dynamic instability: rho=1.34; dynamic amplification: max ||A^k||2=123.3; rapid CI expansion: ratio=35.4,1.3409319931906336,123.32056514575198,123.32056514575198,17.54276274962784,1.0222791987798159,5.4799914527617455,0.5640929670182393,21.909091299736236,35.39535524536105,0.2783768500399231,5.299055669955619,6.0,2026Q2,2026Q3,2027Q4,True
IDN,ENSO+HeatDryF | lag1 | KF | coeff=avg8 | EM=10 | P0=update,ENSO+HeatDryF,10,True,avg8,Explosive,Borderline,Good,Acceptable,REJECT,dynamic instability: rho=2.71; dynamic amplification: max ||A^k||2=266.0,2.712973929717359,265.96972550682494,265.96972550682494,14.766690302945566,7.264084447169685,5.2426298712408705,2.037019926129534,21.031077345081798,6.068494816837824,3.4106650403996435,5.085590496264585,4.0,2026Q2,2026Q3,2027Q2,True
IDN,ENSO | lag1 | KF | coeff=avg4 | EM=10 | P0=update,ENSO,10,True,avg4,Explosive,Unstable,Good,Acceptable,REJECT,dynamic instability: rho=2.20; dynamic amplification: max ||A^k||2=769.2; coefficient explosion: max |theta|=72.0,2.200040752733436,769.1781320659396,769.1781320659396,72.03741999800786,4.77192996357725,4.80744595730233,0.3721318216345857,59.64630238193042,97.75388370063605,1.743341473881431,5.210243931653495,4.0,2026Q2,2026Q3,2027Q2,True
IDN,ENSO | lag1 | KF | coeff=avg8 | EM=10 | P0=update,ENSO,10,True,avg8,Explosive,Unstable,Borderline,Acceptable,REJECT,dynamic instability: rho=2.32; dynamic amplification: max ||A^k||2=917.5; coefficient explosion: max |theta|=72.0,2.3165963892182613,917.4902412239583,917.4902412239583,72.03741999800786,4.77192996357725,4.8051876635066355,0.3766199500693479,63.59580662587072,104.40606051857905,1.7911100819432146,5.211598443500564,4.0,2026Q2,2026Q3,2027Q2,True
IDN,ENSO+HeatDryF | lag1 | KF | coeff=avg4 | EM=10 | P0=fixed,ENSO+HeatDryF,10,False,avg4,Explosive,Borderline,Explosive,Acceptable,REJECT,dynamic instability: rho=6.22; dynamic amplification: max ||A^k||2=3524.7; confidence interval explosion: max width=131.4,6.224026106621969,3524.729595181848,3524.729595181848,18.772542651112094,5.037397621077048,3.7792770490945804,1.1263791790407662,131.41476233031952,26.397689344969994,1.9442532448321774,4.792119199574586,4.0,2026Q2,2026Q3,2027Q2,True
IDN,ENSO+HeatDryF | lag1 | KF | coeff=avg8 | EM=10 | P0=fixed,ENSO+HeatDryF,10,False,avg8,Explosive,Borderline,Explosive,Acceptable,REJECT,dynamic instability: rho=7.81; dynamic amplification: max ||A^k||2=9529.1; confidence interval explosion: max width=311.1,7.8058007620366165,9529.13739636204,9529.13739636204,18.772542651112094,5.037397621077048,4.382331613010441,1.1563084354197013,311.10419953409985,53.55609805494457,0.9858436974814198,5.07070185400724,4.0,2026Q2,2026Q3,2027Q2,True
IDN,ENSO+HeatDry | lag1 | KF | coeff=avg4 | EM=10 | P0=fixed,ENSO+HeatDry,10,False,avg4,Explosive,Unstable,Borderline,Acceptable,REJECT,dynamic instability: rho=6.39; dynamic amplification: max ||A^k||2=11048.3; coefficient explosion: max |theta|=35.1,6.394910231154288,11048.286009963613,11048.286009963613,35.133489143203114,2.4292915652622327,4.107230752433964,0.8959273542294097,72.01432229796654,28.08766114442024,1.5954131439673862,4.917511400025397,4.0,2026Q2,2026Q3,2027Q2,True
IDN,ENSO+HeatDry | lag1 | KF | coeff=avg8 | EM=10 | P0=fixed,ENSO+HeatDry,10,False,avg8,Explosive,Unstable,Borderline,Acceptable,REJECT,dynamic instability: rho=6.59; dynamic amplification: max ||A^k||2=12461.6; coefficient explosion: max |theta|=35.1,6.587312887287771,12461.591779073622,12461.591779073622,35.133489143203114,2.4292915652622327,4.681027070351044,0.8024685947838353,78.91968125447559,30.77832802801252,1.1032565607820377,4.701602865738395,4.0,2026Q2,2026Q3,2027Q2,True
IDN,OIL_YoY+HeatDry | lag1 | KF | coeff=avg8 | EM=10 | P0=fixed,OIL_YoY+HeatDry,10,False,avg8,Explosive,Borderline,Explosive,Acceptable,REJECT,dynamic instability: rho=3.49; dynamic amplification: max ||A^k||2=17850.4; confidence interval explosion: max width=211.4,3.4874344786730327,17850.42705476762,17850.42705476762,22.060961565727013,1.5395112377672433,5.160382051017653,0.4978880927373135,211.39366008370132,409.43658473715465,0.6132470006592854,5.21029995754043,6.0,2026Q2,2026Q3,2027Q4,True
IDN,OIL_YoY+HeatDry | lag1 | KF | coeff=avg4 | EM=10 | P0=fixed,OIL_YoY+HeatDry,10,False,avg4,Explosive,Borderline,Explosive,Acceptable,REJECT,dynamic instability: rho=3.73; dynamic amplification: max ||A^k||2=24313.9; confidence interval explosion: max width=268.2,3.725614800681378,24313.930839344688,24313.930839344688,22.060961565727013,1.5395112377672433,5.331844391031462,0.47283372463026385,268.22270081717033,521.5095741440413,0.7840972115872207,5.360028200996849,6.0,2026Q2,2026Q3,2027Q4,True
IDN,ENSO | lag1 | KF | coeff=avg8 | EM=10 | P0=fixed,ENSO,10,False,avg8,Explosive,Borderline,Explosive,Acceptable,REJECT,dynamic instability: rho=17.24; dynamic amplification: max ||A^k||2=104862.9; confidence interval explosion: max width=301.5,17.241924398296156,104862.94345304785,104862.94345304785,13.840109920445663,0.7497768218541356,4.489377774084081,0.5521285278861283,301.467735023053,529.9200051403197,2.054029067421117,4.864900575651281,4.0,2026Q2,2026Q3,2027Q2,True
IDN,ENSO | lag1 | KF | coeff=avg4 | EM=10 | P0=fixed,ENSO,10,False,avg4,Explosive,Borderline,Explosive,Acceptable,REJECT,dynamic instability: rho=17.49; dynamic amplification: max ||A^k||2=111392.2; confidence interval explosion: max width=311.3,17.489175540058568,111392.22293054126,111392.22293054126,13.840109920445663,0.7497768218541356,4.458090464273897,0.5801705657924856,311.2509314759858,551.780835338886,1.9343274863454636,4.879754815085321,4.0,2026Q2,2026Q3,2027Q2,True
IDN,HeatDry | lag1 | KF | coeff=avg8 | EM=10 | P0=fixed,HeatDry,10,False,avg8,Explosive,Borderline,Explosive,Acceptable,REJECT,dynamic instability: rho=10.68; dynamic amplification: max ||A^k||2=2641648.4; confidence interval explosion: max width=1731.0,10.684365221029017,2641648.3552198224,2641648.3552198224,15.06413264037337,1.257998013892852,5.244253429132387,0.49513955461944725,1731.0183070425676,14532.788416919386,0.4444848583551204,5.005362477168712,6.0,2026Q2,2026Q3,2027Q4,True
IDN,HeatDry | lag1 | KF | coeff=avg4 | EM=10 | P0=fixed,HeatDry,10,False,avg4,Explosive,Borderline,Explosive,Acceptable,REJECT,dynamic instability: rho=11.59; dynamic amplification: max ||A^k||2=4257446.3; confidence interval explosion: max width=2637.1,11.590539957342317,4257446.318848613,4257446.318848613,15.06413264037337,1.257998013892852,5.293453092172781,0.5664054759064223,2637.1389749908503,21662.182771638043,0.5383308516001364,5.035700531368784,6.0,2026Q2,2026Q3,2027Q4,True
IDN,HeatDryF | lag1 | KF | coeff=avg4 | EM=10 | P0=fixed,HeatDryF,10,False,avg4,Explosive,Borderline,Explosive,Acceptable,REJECT,dynamic instability: rho=16.35; dynamic amplification: max ||A^k||2=32795158.6; confidence interval explosion: max width=37992.1,16.349718779370942,32795158.57319012,32795158.57319012,18.852747251962697,1.2981320406733161,5.6921833257984495,0.4589556256856824,37992.07455927327,141394.88773407717,0.6002916514333023,5.185336532181733,6.0,2026Q2,2026Q3,2027Q4,True
IDN,HeatDryF | lag1 | KF | coeff=avg8 | EM=10 | P0=fixed,HeatDryF,10,False,avg8,Explosive,Borderline,Explosive,Acceptable,REJECT,dynamic instability: rho=17.28; dynamic amplification: max ||A^k||2=45745756.1; confidence interval explosion: max width=50222.3,17.284815699696452,45745756.08076554,45745756.08076554,18.852747251962697,1.2981320406733161,5.73484801677962,0.4415140942273732,50222.309018333515,187420.82227953468,0.6843683899312731,5.149567431200015,6.0,2026Q2,2026Q3,2027Q4,True
IDN,ENSO+HeatDry | lag1 | KF | coeff=avg4 | EM=10 | P0=update,ENSO+HeatDry,10,True,avg4,Explosive,Unstable,Explosive,Acceptable,REJECT,dynamic instability: rho=111.41; dynamic amplification: max ||A^k||2=1141892848.2; coefficient explosion: max |theta|=644.9,111.40899880894743,1141892848.1535687,1141892848.1535687,644.9002413147541,45.68576724515992,4.1886350124191765,0.9663753240324895,513896.88566708606,165176.0163608241,1.427950719686573,5.039228062219383,4.0,2026Q2,2026Q3,2027Q2,True
IDN,ENSO+HeatDry | lag1 | KF | coeff=avg8 | EM=10 | P0=update,ENSO+HeatDry,10,True,avg8,Explosive,Unstable,Explosive,Acceptable,REJECT,dynamic instability: rho=113.70; dynamic amplification: max ||A^k||2=1238401025.6; coefficient explosion: max |theta|=644.9,113.69719922819897,1238401025.5683687,1238401025.5683687,644.9002413147541,45.68576724515992,4.721733969239718,0.8591540054190276,546039.6376892633,175543.95208095334,1.0700456990506426,4.795457976884059,4.0,2026Q2,2026Q3,2027Q2,True
IDN,HeatDry | lag1 | KF | coeff=avg8 | EM=10 | P0=update,HeatDry,10,True,avg8,Explosive,Unstable,Explosive,Extreme,REJECT,dynamic instability: rho=851908699757673709568.00; dynamic amplification: max ||A^k||2=610866210674794424696657985648597082069672633492370220617751814608317322522356477964843022185245199361194956252395568046800896.0; coefficient explosion: max |theta|=5092656880075145216000.0,8.519086997576737e+20,6.108662106747944e+125,6.108662106747944e+125,5.092656880075145e+21,2.664483599680192e+21,2.316196696773521e+121,2.316196696773521e+121,2.9356782284672915e+107,8.605335062051563e+100,9.266919752933327e+118,2.3254636165264545e+121,6.0,2026Q2,2026Q3,2027Q4,True
IDN,HeatDry | lag1 | KF | coeff=avg4 | EM=10 | P0=update,HeatDry,10,True,avg4,Explosive,Unstable,Explosive,Extreme,REJECT,dynamic instability: rho=1754095036948504379392.00; dynamic amplification: max ||A^k||2=47625392358947768874747255553314092572091339263792671540324968878570220867738610797991781761834371110126165463084655025561010176.0; coefficient explosion: max |theta|=5092656880075145216000.0,1.7540950369485044e+21,4.762539235894777e+127,4.762539235894777e+127,5.092656880075145e+21,2.664483599680192e+21,1.7299811478095278e+123,1.7299811478095278e+123,3.464100309591404e+109,4.398044221003688e+103,7.649942115542334e+120,1.7333667162969653e+123,6.0,2026Q2,2026Q3,2027Q4,True
IDN,ENSO+HeatDryF | lag1 | KF | coeff=last | EM=20 | P0=update,ENSO+HeatDryF,20,True,last,Explosive,Unstable,Explosive,Extreme,REJECT,dynamic instability: rho=706662560511034929387319328768.00; dynamic amplification: max ||A^k||2=3365113642416611742056181896934623146664712292938843365496701022591436061997760450247661368562629022764986622876663676928.0; coefficient explosion: max |theta|=631989266532218885335569476363079090507651310042104621341578560599879959189802450944.0,7.066625605110349e+29,3.365113642416612e+120,3.365113642416612e+120,6.319892665322189e+83,7.613706177549557e+83,6.622112404191167e+139,6.622112404191167e+139,3.367680742638535e+145,9.052751979035672e+92,0.0,6.622112404191167e+139,4.0,2026Q2,2026Q3,2027Q2,True
IDN,ENSO+HeatDry | lag1 | KF | coeff=avg4 | EM=20 | P0=update,ENSO+HeatDry,20,True,avg4,Explosive,Unstable,Explosive,Extreme,REJECT,dynamic instability: rho=1296711567442086707310683612343846426658425923881140224.00; dynamic amplification: max ||A^k||2=12904230236367866268062412781289107330694411543614922227536530635365974701130369141390367006592086464311586632413346836019407670296359427928900341001898347362445924543494480158155813302664427592778795823031677934895104.0; coefficient explosion: max |theta|=7522173434775705686556174107724309474813304037569462272.0,1.2967115674420867e+54,1.2904230236367866e+217,1.2904230236367866e+217,7.522173434775706e+54,9.435473288876497e+54,2.3562176809172028e+263,2.3562176809172028e+263,inf,,0.0,2.3562176809172028e+263,4.0,2026Q2,2026Q3,2027Q2,True
IDN,ENSO+HeatDry | lag1 | KF | coeff=avg8 | EM=20 | P0=update,ENSO+HeatDry,20,True,avg8,Explosive,Unstable,Explosive,Extreme,REJECT,dynamic instability: rho=987235677174931581115636528529595174060051006975115264.00; dynamic amplification: max ||A^k||2=5397986886085566682986179243745436657039591673681089780324924455327898281580351615222833779666427970212524775674846897552634259339905341960548942548590589310474736964987114333470229584812737921273580346513920813432832.0; coefficient explosion: max |theta|=7522173434775705686556174107724309474813304037569462272.0,9.872356771749316e+53,5.3979868860855667e+216,5.3979868860855667e+216,7.522173434775706e+54,9.435473288876497e+54,1.2961317152429373e+263,1.2961317152429373e+263,inf,,0.0,1.2961317152429373e+263,4.0,2026Q2,2026Q3,2027Q2,True
IDN,ENSO+HeatDry | lag1 | KF | coeff=last | EM=20 | P0=update,ENSO+HeatDry,20,True,last,Explosive,Unstable,Explosive,Extreme,REJECT,dynamic instability: rho=6848524593067681336880752197453032678649672964214095872.00; dynamic amplification: max ||A^k||2=6285066659903115708153140188860164508534809044289704924605961446672128449368716749014495040762027426771195303025264375357866469949807888669117228202636568781164441355834448789384755049322560435775305310076787987018940416.0; coefficient explosion: max |theta|=10373567074054706415159730571481639919954082205169352704.0,6.848524593067681e+54,6.285066659903116e+219,6.285066659903116e+219,1.0373567074054706e+55,9.435473288876497e+54,2.6638291232428324e+265,2.6638291232428324e+265,inf,,0.0,2.6638291232428324e+265,4.0,2026Q2,2026Q3,2027Q2,True
IDN,HeatDry | lag1 | KF | coeff=last | EM=20 | P0=fixed,HeatDry,20,False,last,Explosive,Unstable,Explosive,Extreme,REJECT,dynamic instability: rho=26944925011860707530493000287956948027671838720.00; dynamic amplification: max ||A^k||2=830010018869744706961479909693373151756577512366971802519993840904645343212319706186318664847940014616177725256573468007833816984789665807700325513653870270137346807557826859824992502890762465423953338847619203877100590850418207049902117834279494982543612118575674192715619237888.0; coefficient explosion: max |theta|=133166454952478963997076358412093240987733419624789587047574017436151195436480200704.0,2.694492501186071e+46,8.300100188697447e+278,8.300100188697447e+278,1.3316645495247896e+83,2.3024090969675273e+83,3.56099238715997e+264,3.56099238715997e+264,inf,,0.0,3.56099238715997e+264,6.0,2026Q2,2026Q3,2027Q4,True
IDN,HeatDryF | lag1 | KF | coeff=avg4 | EM=10 | P0=update,HeatDryF,10,True,avg4,Explosive,Unstable,Explosive,Extreme,REJECT,dynamic instability: rho=287938624379382092433827991845153931151861088256.00; dynamic amplification: max ||A^k||2=836938477581605428899780598663296629976654379594292190262911340198233758142353796567189221709733758258830849017033265649538729081153690280199903623397912430117813387139495960617557502243822976015223175621194653455948821741799341954716090516694278872168896266732220984756156926292656128.0; coefficient explosion: max |theta|=1010081721139666110336062652254386396371693338624.0,2.879386243793821e+47,8.369384775816054e+284,8.369384775816054e+284,1.0100817211396661e+48,8.996394720994833e+47,5.952333088010447e+281,5.952333088010447e+281,inf,,1.0685275360945939e+280,6.059185841619906e+281,6.0,2026Q2,2026Q3,2027Q4,True
IDN,HeatDryF | lag1 | KF | coeff=avg8 | EM=10 | P0=update,HeatDryF,10,True,avg8,Explosive,Unstable,Explosive,Extreme,REJECT,dynamic instability: rho=143823646598190970313626329661592726823526989824.00; dynamic amplification: max ||A^k||2=12997976784026328422322211713354311590918750606835257098540279295416712803635321816200579678542888885648478987904195594022275332574259490404632646667568082665584763731663756820538735121717681281688366110844925076545535369277306096662501377516578188182075204789555089054110447541682176.0; coefficient explosion: max |theta|=1010081721139666110336062652254386396371693338624.0,1.4382364659819097e+47,1.2997976784026328e+283,1.2997976784026328e+283,1.0100817211396661e+48,8.996394720994833e+47,9.244238630089353e+279,9.244238630089353e+279,inf,,1.6594761430153867e+278,9.410186244390892e+279,6.0,2026Q2,2026Q3,2027Q4,True
IDN,OIL_YoY+HeatDry | lag1 | KF | coeff=avg4 | EM=10 | P0=update,OIL_YoY+HeatDry,10,True,avg4,Explosive,Unstable,Explosive,Extreme,REJECT,dynamic instability: rho=25811631877485626123642016457050990575616.00; dynamic amplification: max ||A^k||2=375465589121939116793129884829267584857546907391990497173960474671400827341789318378080705686136192322606265129230589979701497532204736024436884700952104352735277164962698593126385341248321123251606762794632014735529923987036296124468060749824.0; coefficient explosion: max |theta|=56119771458091241234528543005472752402432.0,2.5811631877485626e+40,3.754655891219391e+242,3.754655891219391e+242,5.611977145809124e+40,4.49800897664226e+40,8.102023734464237e+238,8.102023734464237e+238,inf,,2.6516892157594153e+237,8.367192656040179e+238,6.0,2026Q2,2026Q3,2027Q4,True
IDN,OIL_YoY+HeatDry | lag1 | KF | coeff=avg4 | EM=20 | P0=update,OIL_YoY+HeatDry,20,True,avg4,Explosive,Unstable,Good,Extreme,REJECT,dynamic instability: rho=3915615045800994082005108444478432327501235617792.00; dynamic amplification: max ||A^k||2=49504133575807394783156449617152519907539419574907979491008929540719311309943677248424358348475750647377790782769054358795992843124864991350820441254629038964956746839501709078839007289012605621164591647977230877574981763361659253614337695325203814524389535126157893912573044656469687322804224.0; coefficient explosion: max |theta|=82601936979237209715333731433439580030587988082688.0,3.915615045800994e+48,4.9504133575807395e+292,4.9504133575807395e+292,8.260193697923721e+49,6.349229869690856e+49,inf,inf,inf,,0.0,inf,6.0,2026Q2,2026Q3,2027Q4,True
IDN,OIL_YoY+HeatDry | lag1 | KF | coeff=avg8 | EM=10 | P0=update,OIL_YoY+HeatDry,10,True,avg8,Explosive,Unstable,Explosive,Extreme,REJECT,dynamic instability: rho=12929928027033967724275849008724383367168.00; dynamic amplification: max ||A^k||2=5932722192880243717547459936484560666756079050814390255893091788921973330765251553084916030903685843923547283853011639000235668759844408595569904937457396076266711489812513739111006737807690129940708225965376439587058723411469514607729573888.0; coefficient explosion: max |theta|=56119771458091241234528543005472752402432.0,1.2929928027033968e+40,5.932722192880244e+240,5.932722192880244e+240,5.611977145809124e+40,4.49800897664226e+40,1.2801861441666636e+237,1.2801861441666636e+237,inf,,4.190198621520409e+235,1.3220881303818677e+237,6.0,2026Q2,2026Q3,2027Q4,True
IDN,OIL_YoY+HeatDry | lag1 | KF | coeff=avg8 | EM=20 | P0=update,OIL_YoY+HeatDry,20,True,avg8,Explosive,Unstable,Good,Extreme,REJECT,dynamic instability: rho=1962988578315023562111997821598164813567085248512.00; dynamic amplification: max ||A^k||2=785937662697158506464296795882966189359273050885498290082433620109513030025042403303079045404419840726064103434511318115114807572894044392351043804216401153086614299968899646027929512560551427543938955838091156613164998444710289679862915611932236057122945416824049778012754486395858698895360.0; coefficient explosion: max |theta|=82601936979237209715333731433439580030587988082688.0,1.9629885783150236e+48,7.859376626971585e+290,7.859376626971585e+290,8.260193697923721e+49,6.349229869690856e+49,inf,inf,inf,,0.0,inf,6.0,2026Q2,2026Q3,2027Q4,True
IDN,OIL_YoY+HeatDry | lag1 | KF | coeff=last | EM=20 | P0=update,OIL_YoY+HeatDry,20,True,last,Explosive,Unstable,Explosive,Extreme,REJECT,dynamic instability: rho=19008351189799975314660475477592287215616.00; dynamic amplification: max ||A^k||2=211245314164679470251823342676753749416702239770287191274118535796879250426493731079459123890495730338000517155147072220143679908894111126127332457685428019582840069937961972481220242923131393505611086462129017746045146164275812879587046588416.0; coefficient explosion: max |theta|=82601936979237209715333731433439580030587988082688.0,1.9008351189799975e+40,2.1124531416467947e+242,2.1124531416467947e+242,8.260193697923721e+49,6.349229869690856e+49,9.93741374599217e+273,9.93741374599217e+273,inf,,0.0,9.93741374599217e+273,6.0,2026Q2,2026Q3,2027Q4,True
IDN,OIL_YoY+HeatDryF | lag1 | KF | coeff=avg4 | EM=10 | P0=update,OIL_YoY+HeatDryF,10,True,avg4,Explosive,Unstable,Explosive,Extreme,REJECT,dynamic instability: rho=9798764744767677617804464215977623552.00; dynamic amplification: max ||A^k||2=1726574725582655492613513774943692614435825764206909592518161828156892162855703823815683059441132852349821954615004189392895367932751120930162767050280470699509833228551365857894440957997323250647825191554417931705374474240.0; coefficient explosion: max |theta|=35343588252718506737663539471057944576.0,9.798764744767678e+36,1.7265747255826555e+222,1.7265747255826555e+222,3.5343588252718507e+37,3.934459099365998e+37,1.9063585683767143e+217,1.9063585683767143e+217,inf,,1.2539245673410275e+215,1.893819322703304e+217,6.0,2026Q2,2026Q3,2027Q4,True
IDN,OIL_YoY+HeatDryF | lag1 | KF | coeff=avg8 | EM=10 | P0=update,OIL_YoY+HeatDryF,10,True,avg8,Explosive,Unstable,Explosive,Extreme,REJECT,dynamic instability: rho=4901425771743444667126304514930376704.00; dynamic amplification: max ||A^k||2=27045310599277101036177680378905751559253980364567129604526496486007595310236828998097262751275664374133591815335714118513546716030361490686854804789460002019388799711456135152234899034298654590556410144879954409008660480.0; coefficient explosion: max |theta|=35343588252718506737663539471057944576.0,4.9014257717434447e+36,2.70453105992771e+220,2.70453105992771e+220,3.5343588252718507e+37,3.934459099365998e+37,2.98587037076177e+215,2.98587037076177e+215,inf,,1.963935143194512e+213,2.966231019329825e+215,6.0,2026Q2,2026Q3,2027Q4,True
IND,ENSO | lag1 | KF | coeff=last | EM=10 | P0=fixed,ENSO,10,False,last,Good,Good,Good,Acceptable,KEEP,stable/coherent by coarse thresholds,0.8411321918423412,0.8615316955900958,0.5198855939716556,1.1851025795847234,0.37755835947226246,6.662619017528819,0.36427364102025184,5.6624107410696745,2.756943699770952,0.8879677600495306,7.550586777578349,4.0,2026Q2,2026Q3,2027Q2,True
IND,ENSO | lag1 | KF | coeff=last | EM=10 | P0=update,ENSO,10,True,last,Good,Good,Good,Acceptable,KEEP,stable/coherent by coarse thresholds,0.8412219478062002,0.8615055922992522,0.5201838955690083,1.1838248310364465,0.37589025238892826,6.652711391118973,0.36749852824505336,5.757177375097265,2.7598989561114653,0.898646675068961,7.551358066187934,4.0,2026Q2,2026Q3,2027Q2,True
IND,ENSO | lag1 | KF | coeff=last | EM=20 | P0=update,ENSO,20,True,last,Good,Good,Good,Acceptable,KEEP,stable/coherent by coarse thresholds,0.8412219478062002,0.8615055922992522,0.5201838955690083,1.1838248310364465,0.37589025238892826,6.652711391118973,0.36749852824505336,5.757177375097265,2.7598989561114653,0.898646675068961,7.551358066187934,4.0,2026Q2,2026Q3,2027Q2,True
IND,ENSO | lag1 | KF | coeff=last | EM=30 | P0=update,ENSO,30,True,last,Good,Good,Good,Acceptable,KEEP,stable/coherent by coarse thresholds,0.8412219478062002,0.8615055922992522,0.5201838955690083,1.1838248310364465,0.37589025238892826,6.652711391118973,0.36749852824505336,5.757177375097265,2.7598989561114653,0.898646675068961,7.551358066187934,4.0,2026Q2,2026Q3,2027Q2,True
IND,ENSO | lag1 | KF | coeff=last | EM=50 | P0=update,ENSO,50,True,last,Good,Good,Good,Acceptable,KEEP,stable/coherent by coarse thresholds,0.8412219478062002,0.8615055922992522,0.5201838955690083,1.1838248310364465,0.37589025238892826,6.652711391118973,0.36749852824505336,5.757177375097265,2.7598989561114653,0.898646675068961,7.551358066187934,4.0,2026Q2,2026Q3,2027Q2,True
IND,ENSO | lag1 | KF | coeff=avg8 | EM=10 | P0=update,ENSO,10,True,avg8,Good,Good,Good,Acceptable,KEEP,stable/coherent by coarse thresholds,0.7970759434561356,0.9134452610053099,0.6718232959320474,1.1838248310364465,0.37589025238892826,6.589652555138811,0.36909789917363955,6.144396537734666,2.9225947677028725,1.2231126558339076,7.812765210972719,4.0,2026Q2,2026Q3,2027Q2,True
IND,ENSO | lag1 | KF | coeff=avg8 | EM=20 | P0=update,ENSO,20,True,avg8,Good,Good,Good,Acceptable,KEEP,stable/coherent by coarse thresholds,0.7970759434561356,0.9134452610053099,0.6718232959320474,1.1838248310364465,0.37589025238892826,6.589652555138811,0.36909789917363955,6.144396537734666,2.9225947677028725,1.2231126558339076,7.812765210972719,4.0,2026Q2,2026Q3,2027Q2,True
IND,ENSO | lag1 | KF | coeff=avg8 | EM=30 | P0=update,ENSO,30,True,avg8,Good,Good,Good,Acceptable,KEEP,stable/coherent by coarse thresholds,0.7970759434561356,0.9134452610053099,0.6718232959320474,1.1838248310364465,0.37589025238892826,6.589652555138811,0.36909789917363955,6.144396537734666,2.9225947677028725,1.2231126558339076,7.812765210972719,4.0,2026Q2,2026Q3,2027Q2,True
IND,ENSO | lag1 | KF | coeff=avg8 | EM=50 | P0=update,ENSO,50,True,avg8,Good,Good,Good,Acceptable,KEEP,stable/coherent by coarse thresholds,0.7970759434561356,0.9134452610053099,0.6718232959320474,1.1838248310364465,0.37589025238892826,6.589652555138811,0.36909789917363955,6.144396537734666,2.9225947677028725,1.2231126558339076,7.812765210972719,4.0,2026Q2,2026Q3,2027Q2,True
IND,ENSO | lag1 | KF | coeff=avg8 | EM=10 | P0=fixed,ENSO,10,False,avg8,Good,Good,Good,Acceptable,KEEP,stable/coherent by coarse thresholds,0.798331657022249,0.9144132041417087,0.6741153459524875,1.1851025795847234,0.37755835947226246,6.607509446484642,0.3675135279172208,6.040411418376542,2.918757684069696,1.2164239098599943,7.823933356344636,4.0,2026Q2,2026Q3,2027Q2,True
IND,ENSO+HeatDryF | lag1 | KF | coeff=last | EM=10 | P0=fixed,ENSO+HeatDryF,10,False,last,Good,Good,Good,Acceptable,KEEP,stable/coherent by coarse thresholds,0.8642281069218182,0.8687449325407435,0.5668927530779985,1.2272644063670735,0.38875915726596055,7.292538772320381,1.6348265574998946,4.16075096469647,2.5981256000507615,1.5474487807334736,8.556305866572885,4.0,2026Q2,2026Q3,2027Q2,True
IND,ENSO+HeatDryF | lag1 | KF | coeff=last | EM=10 | P0=update,ENSO+HeatDryF,10,True,last,Good,Good,Good,Acceptable,KEEP,stable/coherent by coarse thresholds,0.8643174161355517,0.8799733357212006,0.5750958569783726,4.952399774303109,2.2671485576859727,7.286023887837349,1.6281353033869408,4.128609927082482,2.6002397662215957,1.5506248891832142,8.553658357359534,4.0,2026Q2,2026Q3,2027Q2,True
IND,OIL_YoY+HeatDry | lag1 | KF | coeff=last | EM=10 | P0=fixed,OIL_YoY+HeatDry,10,False,last,Good,Good,Good,Acceptable,KEEP,stable/coherent by coarse thresholds,0.8548874487773848,0.863886600742844,0.40657416432651017,1.1028091989407545,0.3012060404666972,8.77043460873489,1.1691955725667027,5.14779735027497,3.8104040730450697,1.3766079302381868,7.6354018908936,6.0,2026Q2,2026Q3,2027Q4,True
IND,OIL_YoY+HeatDry | lag1 | KF | coeff=last | EM=10 | P0=update,OIL_YoY+HeatDry,10,True,last,Good,Good,Good,Acceptable,KEEP,stable/coherent by coarse thresholds,0.8555370674910606,0.8639370258043747,0.4073884841109532,1.103027496410427,0.3007893517932242,8.772284748653714,1.1654050420431314,5.132702395341205,3.8312403314143832,1.3680813434786936,7.642347761667635,6.0,2026Q2,2026Q3,2027Q4,True
IND,ENSO+HeatDry | lag1 | KF | coeff=last | EM=10 | P0=update,ENSO+HeatDry,10,True,last,Good,Good,Good,Acceptable,KEEP,stable/coherent by coarse thresholds,0.8791314408795173,0.8801638571457621,0.598288285546046,1.3033926888423932,0.40446230246842396,8.010866220003994,1.1715410554125363,4.5611064978209805,3.008681612331048,1.5072414553359135,9.146007043857358,4.0,2026Q2,2026Q3,2027Q2,True
IND,ENSO+HeatDry | lag1 | KF | coeff=last | EM=10 | P0=fixed,ENSO+HeatDry,10,False,last,Good,Good,Good,Acceptable,KEEP,stable/coherent by coarse thresholds,0.8794780955430794,0.8803985283817045,0.5991681359340614,1.2500433375534201,0.4042856074834056,8.01135698341449,1.1761868303200504,4.5920941955568715,3.0104269440487337,1.5124898108746265,9.149136605281416,4.0,2026Q2,2026Q3,2027Q2,True
IND,OIL_YoY+HeatDry | lag1 | KF | coeff=avg8 | EM=10 | P0=update,OIL_YoY+HeatDry,10,True,avg8,Good,Good,Good,Acceptable,KEEP,stable/coherent by coarse thresholds,0.8273591195674849,0.8576765980085738,0.3735903858403836,1.103027496410427,0.3007893517932242,8.734739665795184,1.7028934978510888,4.7455417227413745,3.400759308268422,1.6412308182690385,7.472443429056603,6.0,2026Q2,2026Q3,2027Q4,True
IND,OIL_YoY+HeatDryF | lag1 | KF | coeff=last | EM=10 | P0=fixed,OIL_YoY+HeatDryF,10,False,last,Good,Good,Good,Acceptable,KEEP,stable/coherent by coarse thresholds,0.8969281590392534,0.8986709331479249,0.5238469683173428,1.608541165622899,0.25999718613318934,8.666910527665076,1.4252058105041412,1.7629118210869459,3.9492355661936194,1.5101827720491565,7.425239228137846,6.0,2026Q2,2026Q3,2027Q4,True
IND,OIL_YoY+HeatDry | lag1 | KF | coeff=avg8 | EM=10 | P0=fixed,OIL_YoY+HeatDry,10,False,avg8,Good,Good,Good,Acceptable,KEEP,stable/coherent by coarse thresholds,0.8272824224298047,0.8578902575936035,0.3735404200649529,1.1028091989407545,0.3012060404666972,8.738060361852654,1.707636282221432,4.7484862973415405,3.3784173018308605,1.6498205917313316,7.464557777689072,6.0,2026Q2,2026Q3,2027Q4,True
IND,ENSO+HeatDryF | lag1 | KF | coeff=avg8 | EM=10 | P0=fixed,ENSO+HeatDryF,10,False,avg8,Good,Good,Good,Acceptable,KEEP,stable/coherent by coarse thresholds,0.8655207256919951,1.0020355297593933,0.7021500922886765,1.2272644063670735,0.38875915726596055,7.324257675009534,1.8378075294762244,4.801287343713095,2.926377374442794,1.664405064939702,8.636298292183373,4.0,2026Q2,2026Q3,2027Q2,True
IND,ENSO+HeatDry | lag1 | KF | coeff=avg8 | EM=10 | P0=fixed,ENSO+HeatDry,10,False,avg8,Good,Good,Good,Acceptable,KEEP,stable/coherent by coarse thresholds,0.8965462231449691,0.9334763508255403,0.7358138582830466,1.2500433375534201,0.4042856074834056,7.827711603138606,1.1354588672454087,5.6317493554515545,3.6287290071253526,1.5596146408190101,9.02458350097308,4.0,2026Q2,2026Q3,2027Q2,True
IND,ENSO+HeatDry | lag1 | KF | coeff=avg8 | EM=10 | P0=update,ENSO+HeatDry,10,True,avg8,Good,Good,Good,Acceptable,KEEP,stable/coherent by coarse thresholds,0.8971933526918201,1.756895257824891,0.8051950229073372,1.3033926888423932,0.40446230246842396,7.823803665504972,1.1326533708612097,5.647947978146939,3.6922410068871563,1.553318188250806,9.016995172526588,4.0,2026Q2,2026Q3,2027Q2,True
IND,OIL_YoY+HeatDryF | lag1 | KF | coeff=avg8 | EM=10 | P0=fixed,OIL_YoY+HeatDryF,10,False,avg8,Good,Good,Good,Acceptable,KEEP,stable/coherent by coarse thresholds,0.8424355024000415,2.5243330561772686,1.175229555517234,1.608541165622899,0.25999718613318934,8.51795341297249,1.5346574805352997,1.6209000819059525,3.7682757897789605,1.578870624342687,7.206480859229734,6.0,2026Q2,2026Q3,2027Q4,True
IND,OIL_YoY+HeatDryF | lag1 | KF | coeff=last | EM=10 | P0=update,OIL_YoY+HeatDryF,10,True,last,Good,Borderline,Good,Acceptable,BORDERLINE,large coefficients: max |theta|=12.3,0.8972487396852412,0.9277550286896589,0.5419526728165784,12.276288785204802,0.7483902742379573,8.660091508548131,1.4276368963322144,1.753956083134284,3.9696256818096205,1.5133106678688284,7.413453531461947,6.0,2026Q2,2026Q3,2027Q4,True
IND,HeatDryF | lag1 | KF | coeff=last | EM=10 | P0=update,HeatDryF,10,True,last,Good,Good,Good,Acceptable,BORDERLINE,CI expands quickly: ratio=6.0,0.8189065717346136,0.8281272679019919,0.3177894606601556,2.388313003098945,0.4870907807785204,9.107249863153832,2.282574282639284,14.066236873004154,5.956796225237051,1.8971703083300158,7.6421419562180875,6.0,2026Q2,2026Q3,2027Q4,True
IND,HeatDryF | lag1 | KF | coeff=last | EM=10 | P0=fixed,HeatDryF,10,False,last,Good,Good,Good,Acceptable,BORDERLINE,CI expands quickly: ratio=6.0,0.8193814261276062,0.8282886147274715,0.3190754099658202,1.2697329098231869,0.4870626190706939,9.109080341159153,2.282045339507838,14.305154302415637,6.027396006406752,1.9033358837284649,7.63358993097153,6.0,2026Q2,2026Q3,2027Q4,True
IND,HeatDry | lag1 | KF | coeff=last | EM=10 | P0=update,HeatDry,10,True,last,Good,Good,Good,Acceptable,BORDERLINE,CI expands quickly: ratio=7.6,0.8994928223540101,0.9001285438761724,0.5313635835637791,1.246546261676703,0.38936920287871235,9.300406557237288,1.468457830211813,10.926365143260265,7.638933591785649,1.753497938655257,7.907477142286387,6.0,2026Q2,2026Q3,2027Q4,True
IND,HeatDry | lag1 | KF | coeff=last | EM=10 | P0=fixed,HeatDry,10,False,last,Good,Good,Good,Acceptable,BORDERLINE,CI expands quickly: ratio=7.7,0.8999931321955981,0.9006590687950657,0.533209272397207,1.2464676882465666,0.38920116542647776,9.308501656956018,1.4748033791450776,11.025526083622548,7.68829949196384,1.759532200486471,7.918809941668549,6.0,2026Q2,2026Q3,2027Q4,True
IND,OIL_YoY+HeatDry | lag1 | KF | coeff=avg4 | EM=10 | P0=update,OIL_YoY+HeatDry,10,True,avg4,Good,Good,Good,Acceptable,BORDERLINE,CI expands quickly: ratio=5.3,0.9532946662544859,0.9598992730620541,0.7571463848096543,1.103027496410427,0.3007893517932242,8.712614231756294,1.4575907884409478,7.694110220014697,5.314869278833183,1.4982485084834796,7.505374775249909,6.0,2026Q2,2026Q3,2027Q4,True
IND,OIL_YoY+HeatDry | lag1 | KF | coeff=avg4 | EM=10 | P0=fixed,OIL_YoY+HeatDry,10,False,avg4,Good,Good,Good,Acceptable,BORDERLINE,CI expands quickly: ratio=5.3,0.9528692154804418,0.959769954720788,0.7552889997448552,1.1028091989407545,0.3012060404666972,8.717807053788215,1.4623670992311846,7.70771638993789,5.282908035312095,1.5060646775026338,7.495703128376637,6.0,2026Q2,2026Q3,2027Q4,True
IND,ENSO+HeatDryF | lag1 | KF | coeff=avg4 | EM=10 | P0=fixed,ENSO+HeatDryF,10,False,avg4,Borderline,Good,Good,Acceptable,BORDERLINE,near-unit dynamics: rho=1.06,1.0628715900152264,1.4426309070786612,1.4426309070786612,1.2272644063670735,0.38875915726596055,7.318166416895585,1.8157862299404055,6.573448241650607,3.7321926438375144,1.5751526232556525,8.532847211037726,4.0,2026Q2,2026Q3,2027Q2,True
IND,ENSO | lag1 | KF | coeff=avg4 | EM=10 | P0=update,ENSO,10,True,avg4,Borderline,Good,Good,Acceptable,BORDERLINE,near-unit dynamics: rho=1.06,1.063695248973261,1.3591010521138407,1.3591010521138407,1.1838248310364465,0.37589025238892826,6.777294455137071,0.5711126361594854,7.665623913182137,3.279100799603433,2.7382048231815017,7.611557774079895,4.0,2026Q2,2026Q3,2027Q2,True
IND,ENSO | lag1 | KF | coeff=avg4 | EM=20 | P0=update,ENSO,20,True,avg4,Borderline,Good,Good,Acceptable,BORDERLINE,near-unit dynamics: rho=1.06,1.063695248973261,1.3591010521138407,1.3591010521138407,1.1838248310364465,0.37589025238892826,6.777294455137071,0.5711126361594854,7.665623913182137,3.279100799603433,2.7382048231815017,7.611557774079895,4.0,2026Q2,2026Q3,2027Q2,True
IND,ENSO | lag1 | KF | coeff=avg4 | EM=30 | P0=update,ENSO,30,True,avg4,Borderline,Good,Good,Acceptable,BORDERLINE,near-unit dynamics: rho=1.06,1.063695248973261,1.3591010521138407,1.3591010521138407,1.1838248310364465,0.37589025238892826,6.777294455137071,0.5711126361594854,7.665623913182137,3.279100799603433,2.7382048231815017,7.611557774079895,4.0,2026Q2,2026Q3,2027Q2,True
IND,ENSO | lag1 | KF | coeff=avg4 | EM=50 | P0=update,ENSO,50,True,avg4,Borderline,Good,Good,Acceptable,BORDERLINE,near-unit dynamics: rho=1.06,1.063695248973261,1.3591010521138407,1.3591010521138407,1.1838248310364465,0.37589025238892826,6.777294455137071,0.5711126361594854,7.665623913182137,3.279100799603433,2.7382048231815017,7.611557774079895,4.0,2026Q2,2026Q3,2027Q2,True
IND,ENSO | lag1 | KF | coeff=avg4 | EM=10 | P0=fixed,ENSO,10,False,avg4,Borderline,Good,Good,Acceptable,BORDERLINE,near-unit dynamics: rho=1.06,1.064679140965113,1.3630856413251227,1.3630856413251227,1.1851025795847234,0.37755835947226246,6.792009693847216,0.5646168924679671,7.549390672090825,3.2771850595549696,2.7256636382856603,7.61979571417847,4.0,2026Q2,2026Q3,2027Q2,True
IND,OIL_YoY+HeatDryF | lag1 | KF | coeff=avg4 | EM=10 | P0=fixed,OIL_YoY+HeatDryF,10,False,avg4,Good,Good,Good,Acceptable,BORDERLINE,CI expands quickly: ratio=5.3,0.9495267622727395,2.6498772845072187,1.9278527799416776,1.608541165622899,0.25999718613318934,8.542973430330669,1.4905218390450772,2.397350295283105,5.344157195332804,1.5580256423853953,7.252421172565994,6.0,2026Q2,2026Q3,2027Q4,True
IND,ENSO+HeatDryF | lag1 | KF | coeff=avg8 | EM=10 | P0=update,ENSO+HeatDryF,10,True,avg8,Borderline,Good,Good,Acceptable,BORDERLINE,transient amplification: max ||A^k||2=7.0,0.9089682325862773,7.0174639796941936,4.98125564348899,4.952399774303109,2.2671485576859727,7.318837394433887,1.865867570278957,4.892499603463284,3.0357873019614856,1.688431981522898,8.661235487525888,4.0,2026Q2,2026Q3,2027Q2,True
IND,ENSO+HeatDryF | lag1 | KF | coeff=avg4 | EM=10 | P0=update,ENSO+HeatDryF,10,True,avg4,Borderline,Good,Good,Acceptable,BORDERLINE,near-unit dynamics: rho=1.06; transient amplification: max ||A^k||2=7.3,1.0630902861108011,7.302343382759292,5.161866074881887,4.952399774303109,2.2671485576859727,7.3139703775364,1.8402889079376994,6.714497914094957,3.8548068122354646,1.5672855336120781,8.558501161441928,4.0,2026Q2,2026Q3,2027Q2,True
IND,HeatDry | lag1 | KF | coeff=avg8 | EM=10 | P0=fixed,HeatDry,10,False,avg8,Good,Good,Good,Acceptable,REJECT,rapid CI expansion: ratio=8.1,0.8988151876289231,0.9374479946503487,0.636390337664059,1.2464676882465666,0.38920116542647776,9.12778294512027,1.6873227954711005,12.286807910893447,8.116281431116798,1.8262910228563554,7.465965016505021,6.0,2026Q2,2026Q3,2027Q4,True
IND,HeatDry | lag1 | KF | coeff=avg8 | EM=10 | P0=update,HeatDry,10,True,avg8,Good,Good,Good,Acceptable,REJECT,rapid CI expansion: ratio=8.1,0.8995853058638906,0.9763998105667993,0.6435175652034049,1.246546261676703,0.38936920287871235,9.11786955935236,1.675872372531404,12.28325718594413,8.118156049869722,1.8180735041052207,7.455574525744448,6.0,2026Q2,2026Q3,2027Q4,True
IND,HeatDryF | lag1 | KF | coeff=avg8 | EM=10 | P0=fixed,HeatDryF,10,False,avg8,Good,Good,Good,Acceptable,REJECT,rapid CI expansion: ratio=9.8,0.9531713942283228,0.9770847213450893,0.8162848399830831,1.2697329098231869,0.4870626190706939,9.22199819407957,2.82610409437339,25.259541519185905,9.831466483276602,2.008885165067051,7.47874718383195,6.0,2026Q2,2026Q3,2027Q4,True
IND,ENSO+HeatDry | lag1 | KF | coeff=avg4 | EM=10 | P0=fixed,ENSO+HeatDry,10,False,avg4,Explosive,Good,Good,Acceptable,REJECT,dynamic instability: rho=1.09,1.091631082447092,1.4433956351499853,1.4433956351499853,1.2500433375534201,0.4042856074834056,7.681242264307574,1.1296313581356348,7.972020869459221,4.904181307508896,1.4661308271282794,8.781183260020288,4.0,2026Q2,2026Q3,2027Q2,True
IND,ENSO+HeatDry | lag1 | KF | coeff=avg4 | EM=10 | P0=update,ENSO+HeatDry,10,True,avg4,Explosive,Good,Good,Acceptable,REJECT,dynamic instability: rho=1.09,1.091784585060993,1.9503600505832743,1.578137103447322,1.3033926888423932,0.40446230246842396,7.679679084839864,1.1328894111293195,7.9830016256639755,4.98511636303987,1.4602284780314996,8.776406601174621,4.0,2026Q2,2026Q3,2027Q2,True
IND,HeatDry | lag1 | KF | coeff=avg4 | EM=10 | P0=fixed,HeatDry,10,False,avg4,Explosive,Good,Good,Acceptable,REJECT,dynamic instability: rho=1.09; rapid CI expansion: ratio=15.3,1.0891358982219206,1.7184330130287668,1.7184330130287668,1.2464676882465666,0.38920116542647776,9.444729503272734,1.496040506637673,23.643794342317292,15.33807279177063,1.7954410111182542,7.705613704732649,6.0,2026Q2,2026Q3,2027Q4,True
IND,HeatDry | lag1 | KF | coeff=avg4 | EM=10 | P0=update,HeatDry,10,True,avg4,Explosive,Good,Good,Acceptable,REJECT,dynamic instability: rho=1.09; rapid CI expansion: ratio=15.3,1.089532675867571,1.7356284099856956,1.7356284099856956,1.246546261676703,0.38936920287871235,9.433541303799359,1.4858252040055362,23.60375138344689,15.328287414296364,1.7879577245992468,7.703050712809102,6.0,2026Q2,2026Q3,2027Q4,True
IND,HeatDryF | lag1 | KF | coeff=avg4 | EM=10 | P0=fixed,HeatDryF,10,False,avg4,Explosive,Good,Good,Acceptable,REJECT,dynamic instability: rho=1.11; rapid CI expansion: ratio=16.2,1.1145199418329133,1.9397446296886305,1.9397446296886305,1.2697329098231869,0.4870626190706939,9.16760851985826,2.683078570322614,42.2808264250462,16.21783408476612,1.9010141441701025,7.4238519420287,6.0,2026Q2,2026Q3,2027Q4,True
IND,HeatDryF | lag1 | KF | coeff=avg8 | EM=10 | P0=update,HeatDryF,10,True,avg8,Borderline,Good,Good,Acceptable,REJECT,rapid CI expansion: ratio=9.9,0.953507170238127,3.3920183346647925,1.5988449895039685,2.388313003098945,0.4870907807785204,9.21882748035373,2.822249900311917,25.7128552613003,9.918102995183181,2.00232659968224,7.487667114940509,6.0,2026Q2,2026Q3,2027Q4,True
IND,HeatDryF | lag1 | KF | coeff=avg4 | EM=10 | P0=update,HeatDryF,10,True,avg4,Explosive,Good,Good,Acceptable,REJECT,dynamic instability: rho=1.11; rapid CI expansion: ratio=16.3,1.114795436273839,3.5075927279492447,3.5075927279492447,2.388313003098945,0.4870907807785204,9.16599109495976,2.681674914385326,42.76613679016393,16.3042842909834,1.8958865295124907,7.43315078158314,6.0,2026Q2,2026Q3,2027Q4,True
IND,OIL_YoY+HeatDryF | lag1 | KF | coeff=avg8 | EM=10 | P0=update,OIL_YoY+HeatDryF,10,True,avg8,Explosive,Borderline,Good,Acceptable,REJECT,dynamic amplification: max ||A^k||2=19.0; rapid CI expansion: ratio=9.7,0.8425104106054273,18.989243243335785,6.927524016546168,12.276288785204802,0.7483902742379573,8.314465578038027,1.4418817290354244,4.269896580685044,9.705111757513794,1.4552589011077863,7.084412936161462,6.0,2026Q2,2026Q3,2027Q4,True
IND,OIL_YoY+HeatDryF | lag1 | KF | coeff=avg4 | EM=10 | P0=update,OIL_YoY+HeatDryF,10,True,avg4,Explosive,Borderline,Good,Acceptable,REJECT,dynamic amplification: max ||A^k||2=19.4; rapid CI expansion: ratio=13.2,0.9495100427520441,19.434277560030825,11.035624646895423,12.276288785204802,0.7483902742379573,8.314924679341356,1.3869413608145225,5.957344109811261,13.167755551736489,1.4266312236443959,7.115812462586187,6.0,2026Q2,2026Q3,2027Q4,True
IND,ENSO | lag1 | KF | coeff=last | EM=30 | P0=fixed,ENSO,30,False,last,Failed,—,—,—,REJECT,no EM result / insufficient complete data,,,,,,,,,,,,,,,,
IND,ENSO | lag1 | KF | coeff=last | EM=50 | P0=fixed,ENSO,50,False,last,Failed,—,—,—,REJECT,no EM result / insufficient complete data,,,,,,,,,,,,,,,,
IND,ENSO+HeatDry | lag1 | KF | coeff=last | EM=20 | P0=fixed,ENSO+HeatDry,20,False,last,Failed,—,—,—,REJECT,no EM result / insufficient complete data,,,,,,,,,,,,,,,,
IND,ENSO+HeatDry | lag1 | KF | coeff=last | EM=20 | P0=update,ENSO+HeatDry,20,True,last,Failed,—,—,—,REJECT,no EM result / insufficient complete data,,,,,,,,,,,,,,,,
IND,ENSO+HeatDry | lag1 | KF | coeff=last | EM=30 | P0=fixed,ENSO+HeatDry,30,False,last,Failed,—,—,—,REJECT,no EM result / insufficient complete data,,,,,,,,,,,,,,,,
IND,ENSO+HeatDry | lag1 | KF | coeff=last | EM=30 | P0=update,ENSO+HeatDry,30,True,last,Failed,—,—,—,REJECT,no EM result / insufficient complete data,,,,,,,,,,,,,,,,
IND,ENSO+HeatDry | lag1 | KF | coeff=last | EM=50 | P0=fixed,ENSO+HeatDry,50,False,last,Failed,—,—,—,REJECT,no EM result / insufficient complete data,,,,,,,,,,,,,,,,
IND,ENSO+HeatDry | lag1 | KF | coeff=last | EM=50 | P0=update,ENSO+HeatDry,50,True,last,Failed,—,—,—,REJECT,no EM result / insufficient complete data,,,,,,,,,,,,,,,,
IND,ENSO+HeatDryF | lag1 | KF | coeff=last | EM=20 | P0=update,ENSO+HeatDryF,20,True,last,Failed,—,—,—,REJECT,no EM result / insufficient complete data,,,,,,,,,,,,,,,,
IND,ENSO+HeatDryF | lag1 | KF | coeff=last | EM=30 | P0=fixed,ENSO+HeatDryF,30,False,last,Failed,—,—,—,REJECT,no EM result / insufficient complete data,,,,,,,,,,,,,,,,
IND,ENSO+HeatDryF | lag1 | KF | coeff=last | EM=30 | P0=update,ENSO+HeatDryF,30,True,last,Failed,—,—,—,REJECT,no EM result / insufficient complete data,,,,,,,,,,,,,,,,
IND,ENSO+HeatDryF | lag1 | KF | coeff=last | EM=50 | P0=fixed,ENSO+HeatDryF,50,False,last,Failed,—,—,—,REJECT,no EM result / insufficient complete data,,,,,,,,,,,,,,,,
IND,ENSO+HeatDryF | lag1 | KF | coeff=last | EM=50 | P0=update,ENSO+HeatDryF,50,True,last,Failed,—,—,—,REJECT,no EM result / insufficient complete data,,,,,,,,,,,,,,,,
IND,HeatDry | lag1 | KF | coeff=last | EM=20 | P0=fixed,HeatDry,20,False,last,Failed,—,—,—,REJECT,exception: LinAlgError: SVD did not converge,,,,,,,,,,,,,,,,
IND,HeatDry | lag1 | KF | coeff=last | EM=20 | P0=update,HeatDry,20,True,last,Failed,—,—,—,REJECT,no EM result / insufficient complete data,,,,,,,,,,,,,,,,
IND,HeatDry | lag1 | KF | coeff=last | EM=30 | P0=fixed,HeatDry,30,False,last,Failed,—,—,—,REJECT,no EM result / insufficient complete data,,,,,,,,,,,,,,,,
IND,HeatDry | lag1 | KF | coeff=last | EM=30 | P0=update,HeatDry,30,True,last,Failed,—,—,—,REJECT,no EM result / insufficient complete data,,,,,,,,,,,,,,,,
IND,HeatDry | lag1 | KF | coeff=last | EM=50 | P0=fixed,HeatDry,50,False,last,Failed,—,—,—,REJECT,no EM result / insufficient complete data,,,,,,,,,,,,,,,,
IND,HeatDry | lag1 | KF | coeff=last | EM=50 | P0=update,HeatDry,50,True,last,Failed,—,—,—,REJECT,no EM result / insufficient complete data,,,,,,,,,,,,,,,,
IND,HeatDryF | lag1 | KF | coeff=last | EM=20 | P0=fixed,HeatDryF,20,False,last,Failed,—,—,—,REJECT,no EM result / insufficient complete data,,,,,,,,,,,,,,,,
IND,HeatDryF | lag1 | KF | coeff=last | EM=20 | P0=update,HeatDryF,20,True,last,Failed,—,—,—,REJECT,no EM result / insufficient complete data,,,,,,,,,,,,,,,,
IND,HeatDryF | lag1 | KF | coeff=last | EM=30 | P0=fixed,HeatDryF,30,False,last,Failed,—,—,—,REJECT,no EM result / insufficient complete data,,,,,,,,,,,,,,,,
IND,HeatDryF | lag1 | KF | coeff=last | EM=30 | P0=update,HeatDryF,30,True,last,Failed,—,—,—,REJECT,no EM result / insufficient complete data,,,,,,,,,,,,,,,,
IND,HeatDryF | lag1 | KF | coeff=last | EM=50 | P0=fixed,HeatDryF,50,False,last,Failed,—,—,—,REJECT,no EM result / insufficient complete data,,,,,,,,,,,,,,,,
IND,HeatDryF | lag1 | KF | coeff=last | EM=50 | P0=update,HeatDryF,50,True,last,Failed,—,—,—,REJECT,no EM result / insufficient complete data,,,,,,,,,,,,,,,,
IND,OIL_YoY+HeatDry | lag1 | KF | coeff=last | EM=20 | P0=fixed,OIL_YoY+HeatDry,20,False,last,Failed,—,—,—,REJECT,exception: LinAlgError: SVD did not converge,,,,,,,,,,,,,,,,
IND,OIL_YoY+HeatDry | lag1 | KF | coeff=last | EM=20 | P0=update,OIL_YoY+HeatDry,20,True,last,Failed,—,—,—,REJECT,no EM result / insufficient complete data,,,,,,,,,,,,,,,,
IND,OIL_YoY+HeatDry | lag1 | KF | coeff=last | EM=30 | P0=fixed,OIL_YoY+HeatDry,30,False,last,Failed,—,—,—,REJECT,no EM result / insufficient complete data,,,,,,,,,,,,,,,,
IND,OIL_YoY+HeatDry | lag1 | KF | coeff=last | EM=30 | P0=update,OIL_YoY+HeatDry,30,True,last,Failed,—,—,—,REJECT,no EM result / insufficient complete data,,,,,,,,,,,,,,,,
IND,OIL_YoY+HeatDry | lag1 | KF | coeff=last | EM=50 | P0=fixed,OIL_YoY+HeatDry,50,False,last,Failed,—,—,—,REJECT,no EM result / insufficient complete data,,,,,,,,,,,,,,,,
IND,OIL_YoY+HeatDry | lag1 | KF | coeff=last | EM=50 | P0=update,OIL_YoY+HeatDry,50,True,last,Failed,—,—,—,REJECT,no EM result / insufficient complete data,,,,,,,,,,,,,,,,
IND,OIL_YoY+HeatDryF | lag1 | KF | coeff=last | EM=20 | P0=fixed,OIL_YoY+HeatDryF,20,False,last,Failed,—,—,—,REJECT,exception: LinAlgError: SVD did not converge,,,,,,,,,,,,,,,,
IND,OIL_YoY+HeatDryF | lag1 | KF | coeff=last | EM=20 | P0=update,OIL_YoY+HeatDryF,20,True,last,Failed,—,—,—,REJECT,no EM result / insufficient complete data,,,,,,,,,,,,,,,,
IND,OIL_YoY+HeatDryF | lag1 | KF | coeff=last | EM=30 | P0=fixed,OIL_YoY+HeatDryF,30,False,last,Failed,—,—,—,REJECT,no EM result / insufficient complete data,,,,,,,,,,,,,,,,
IND,OIL_YoY+HeatDryF | lag1 | KF | coeff=last | EM=30 | P0=update,OIL_YoY+HeatDryF,30,True,last,Failed,—,—,—,REJECT,no EM result / insufficient complete data,,,,,,,,,,,,,,,,
IND,OIL_YoY+HeatDryF | lag1 | KF | coeff=last | EM=50 | P0=fixed,OIL_YoY+HeatDryF,50,False,last,Failed,—,—,—,REJECT,no EM result / insufficient complete data,,,,,,,,,,,,,,,,
IND,OIL_YoY+HeatDryF | lag1 | KF | coeff=last | EM=50 | P0=update,OIL_YoY+HeatDryF,50,True,last,Failed,—,—,—,REJECT,no EM result / insufficient complete data,,,,,,,,,,,,,,,,
IND,ENSO | lag1 | KF | coeff=avg4 | EM=30 | P0=fixed,ENSO,30,False,avg4,Failed,—,—,—,REJECT,no EM result / insufficient complete data,,,,,,,,,,,,,,,,
IND,ENSO | lag1 | KF | coeff=avg4 | EM=50 | P0=fixed,ENSO,50,False,avg4,Failed,—,—,—,REJECT,no EM result / insufficient complete data,,,,,,,,,,,,,,,,
IND,ENSO+HeatDry | lag1 | KF | coeff=avg4 | EM=20 | P0=fixed,ENSO+HeatDry,20,False,avg4,Failed,—,—,—,REJECT,no EM result / insufficient complete data,,,,,,,,,,,,,,,,
IND,ENSO+HeatDry | lag1 | KF | coeff=avg4 | EM=20 | P0=update,ENSO+HeatDry,20,True,avg4,Failed,—,—,—,REJECT,no EM result / insufficient complete data,,,,,,,,,,,,,,,,
IND,ENSO+HeatDry | lag1 | KF | coeff=avg4 | EM=30 | P0=fixed,ENSO+HeatDry,30,False,avg4,Failed,—,—,—,REJECT,no EM result / insufficient complete data,,,,,,,,,,,,,,,,
IND,ENSO+HeatDry | lag1 | KF | coeff=avg4 | EM=30 | P0=update,ENSO+HeatDry,30,True,avg4,Failed,—,—,—,REJECT,no EM result / insufficient complete data,,,,,,,,,,,,,,,,
IND,ENSO+HeatDry | lag1 | KF | coeff=avg4 | EM=50 | P0=fixed,ENSO+HeatDry,50,False,avg4,Failed,—,—,—,REJECT,no EM result / insufficient complete data,,,,,,,,,,,,,,,,
IND,ENSO+HeatDry | lag1 | KF | coeff=avg4 | EM=50 | P0=update,ENSO+HeatDry,50,True,avg4,Failed,—,—,—,REJECT,no EM result / insufficient complete data,,,,,,,,,,,,,,,,
IND,ENSO+HeatDryF | lag1 | KF | coeff=avg4 | EM=20 | P0=update,ENSO+HeatDryF,20,True,avg4,Failed,—,—,—,REJECT,no EM result / insufficient complete data,,,,,,,,,,,,,,,,
IND,ENSO+HeatDryF | lag1 | KF | coeff=avg4 | EM=30 | P0=fixed,ENSO+HeatDryF,30,False,avg4,Failed,—,—,—,REJECT,no EM result / insufficient complete data,,,,,,,,,,,,,,,,
IND,ENSO+HeatDryF | lag1 | KF | coeff=avg4 | EM=30 | P0=update,ENSO+HeatDryF,30,True,avg4,Failed,—,—,—,REJECT,no EM result / insufficient complete data,,,,,,,,,,,,,,,,
IND,ENSO+HeatDryF | lag1 | KF | coeff=avg4 | EM=50 | P0=fixed,ENSO+HeatDryF,50,False,avg4,Failed,—,—,—,REJECT,no EM result / insufficient complete data,,,,,,,,,,,,,,,,
IND,ENSO+HeatDryF | lag1 | KF | coeff=avg4 | EM=50 | P0=update,ENSO+HeatDryF,50,True,avg4,Failed,—,—,—,REJECT,no EM result / insufficient complete data,,,,,,,,,,,,,,,,
IND,HeatDry | lag1 | KF | coeff=avg4 | EM=20 | P0=fixed,HeatDry,20,False,avg4,Failed,—,—,—,REJECT,exception: LinAlgError: SVD did not converge,,,,,,,,,,,,,,,,
IND,HeatDry | lag1 | KF | coeff=avg4 | EM=20 | P0=update,HeatDry,20,True,avg4,Failed,—,—,—,REJECT,no EM result / insufficient complete data,,,,,,,,,,,,,,,,
IND,HeatDry | lag1 | KF | coeff=avg4 | EM=30 | P0=fixed,HeatDry,30,False,avg4,Failed,—,—,—,REJECT,no EM result / insufficient complete data,,,,,,,,,,,,,,,,
IND,HeatDry | lag1 | KF | coeff=avg4 | EM=30 | P0=update,HeatDry,30,True,avg4,Failed,—,—,—,REJECT,no EM result / insufficient complete data,,,,,,,,,,,,,,,,
IND,HeatDry | lag1 | KF | coeff=avg4 | EM=50 | P0=fixed,HeatDry,50,False,avg4,Failed,—,—,—,REJECT,no EM result / insufficient complete data,,,,,,,,,,,,,,,,
IND,HeatDry | lag1 | KF | coeff=avg4 | EM=50 | P0=update,HeatDry,50,True,avg4,Failed,—,—,—,REJECT,no EM result / insufficient complete data,,,,,,,,,,,,,,,,
IND,HeatDryF | lag1 | KF | coeff=avg4 | EM=20 | P0=fixed,HeatDryF,20,False,avg4,Failed,—,—,—,REJECT,no EM result / insufficient complete data,,,,,,,,,,,,,,,,
IND,HeatDryF | lag1 | KF | coeff=avg4 | EM=20 | P0=update,HeatDryF,20,True,avg4,Failed,—,—,—,REJECT,no EM result / insufficient complete data,,,,,,,,,,,,,,,,
IND,HeatDryF | lag1 | KF | coeff=avg4 | EM=30 | P0=fixed,HeatDryF,30,False,avg4,Failed,—,—,—,REJECT,no EM result / insufficient complete data,,,,,,,,,,,,,,,,
IND,HeatDryF | lag1 | KF | coeff=avg4 | EM=30 | P0=update,HeatDryF,30,True,avg4,Failed,—,—,—,REJECT,no EM result / insufficient complete data,,,,,,,,,,,,,,,,
IND,HeatDryF | lag1 | KF | coeff=avg4 | EM=50 | P0=fixed,HeatDryF,50,False,avg4,Failed,—,—,—,REJECT,no EM result / insufficient complete data,,,,,,,,,,,,,,,,
IND,HeatDryF | lag1 | KF | coeff=avg4 | EM=50 | P0=update,HeatDryF,50,True,avg4,Failed,—,—,—,REJECT,no EM result / insufficient complete data,,,,,,,,,,,,,,,,
IND,OIL_YoY+HeatDry | lag1 | KF | coeff=avg4 | EM=20 | P0=fixed,OIL_YoY+HeatDry,20,False,avg4,Failed,—,—,—,REJECT,exception: LinAlgError: SVD did not converge,,,,,,,,,,,,,,,,
IND,OIL_YoY+HeatDry | lag1 | KF | coeff=avg4 | EM=20 | P0=update,OIL_YoY+HeatDry,20,True,avg4,Failed,—,—,—,REJECT,no EM result / insufficient complete data,,,,,,,,,,,,,,,,
IND,OIL_YoY+HeatDry | lag1 | KF | coeff=avg4 | EM=30 | P0=fixed,OIL_YoY+HeatDry,30,False,avg4,Failed,—,—,—,REJECT,no EM result / insufficient complete data,,,,,,,,,,,,,,,,
IND,OIL_YoY+HeatDry | lag1 | KF | coeff=avg4 | EM=30 | P0=update,OIL_YoY+HeatDry,30,True,avg4,Failed,—,—,—,REJECT,no EM result / insufficient complete data,,,,,,,,,,,,,,,,
IND,OIL_YoY+HeatDry | lag1 | KF | coeff=avg4 | EM=50 | P0=fixed,OIL_YoY+HeatDry,50,False,avg4,Failed,—,—,—,REJECT,no EM result / insufficient complete data,,,,,,,,,,,,,,,,
IND,OIL_YoY+HeatDry | lag1 | KF | coeff=avg4 | EM=50 | P0=update,OIL_YoY+HeatDry,50,True,avg4,Failed,—,—,—,REJECT,no EM result / insufficient complete data,,,,,,,,,,,,,,,,
IND,OIL_YoY+HeatDryF | lag1 | KF | coeff=avg4 | EM=20 | P0=fixed,OIL_YoY+HeatDryF,20,False,avg4,Failed,—,—,—,REJECT,exception: LinAlgError: SVD did not converge,,,,,,,,,,,,,,,,
IND,OIL_YoY+HeatDryF | lag1 | KF | coeff=avg4 | EM=20 | P0=update,OIL_YoY+HeatDryF,20,True,avg4,Failed,—,—,—,REJECT,no EM result / insufficient complete data,,,,,,,,,,,,,,,,
IND,OIL_YoY+HeatDryF | lag1 | KF | coeff=avg4 | EM=30 | P0=fixed,OIL_YoY+HeatDryF,30,False,avg4,Failed,—,—,—,REJECT,no EM result / insufficient complete data,,,,,,,,,,,,,,,,
IND,OIL_YoY+HeatDryF | lag1 | KF | coeff=avg4 | EM=30 | P0=update,OIL_YoY+HeatDryF,30,True,avg4,Failed,—,—,—,REJECT,no EM result / insufficient complete data,,,,,,,,,,,,,,,,
IND,OIL_YoY+HeatDryF | lag1 | KF | coeff=avg4 | EM=50 | P0=fixed,OIL_YoY+HeatDryF,50,False,avg4,Failed,—,—,—,REJECT,no EM result / insufficient complete data,,,,,,,,,,,,,,,,
IND,OIL_YoY+HeatDryF | lag1 | KF | coeff=avg4 | EM=50 | P0=update,OIL_YoY+HeatDryF,50,True,avg4,Failed,—,—,—,REJECT,no EM result / insufficient complete data,,,,,,,,,,,,,,,,
IND,ENSO | lag1 | KF | coeff=avg8 | EM=30 | P0=fixed,ENSO,30,False,avg8,Failed,—,—,—,REJECT,no EM result / insufficient complete data,,,,,,,,,,,,,,,,
IND,ENSO | lag1 | KF | coeff=avg8 | EM=50 | P0=fixed,ENSO,50,False,avg8,Failed,—,—,—,REJECT,no EM result / insufficient complete data,,,,,,,,,,,,,,,,
IND,ENSO+HeatDry | lag1 | KF | coeff=avg8 | EM=20 | P0=fixed,ENSO+HeatDry,20,False,avg8,Failed,—,—,—,REJECT,no EM result / insufficient complete data,,,,,,,,,,,,,,,,
IND,ENSO+HeatDry | lag1 | KF | coeff=avg8 | EM=20 | P0=update,ENSO+HeatDry,20,True,avg8,Failed,—,—,—,REJECT,no EM result / insufficient complete data,,,,,,,,,,,,,,,,
IND,ENSO+HeatDry | lag1 | KF | coeff=avg8 | EM=30 | P0=fixed,ENSO+HeatDry,30,False,avg8,Failed,—,—,—,REJECT,no EM result / insufficient complete data,,,,,,,,,,,,,,,,
IND,ENSO+HeatDry | lag1 | KF | coeff=avg8 | EM=30 | P0=update,ENSO+HeatDry,30,True,avg8,Failed,—,—,—,REJECT,no EM result / insufficient complete data,,,,,,,,,,,,,,,,
IND,ENSO+HeatDry | lag1 | KF | coeff=avg8 | EM=50 | P0=fixed,ENSO+HeatDry,50,False,avg8,Failed,—,—,—,REJECT,no EM result / insufficient complete data,,,,,,,,,,,,,,,,
IND,ENSO+HeatDry | lag1 | KF | coeff=avg8 | EM=50 | P0=update,ENSO+HeatDry,50,True,avg8,Failed,—,—,—,REJECT,no EM result / insufficient complete data,,,,,,,,,,,,,,,,
IND,ENSO+HeatDryF | lag1 | KF | coeff=avg8 | EM=20 | P0=update,ENSO+HeatDryF,20,True,avg8,Failed,—,—,—,REJECT,no EM result / insufficient complete data,,,,,,,,,,,,,,,,
IND,ENSO+HeatDryF | lag1 | KF | coeff=avg8 | EM=30 | P0=fixed,ENSO+HeatDryF,30,False,avg8,Failed,—,—,—,REJECT,no EM result / insufficient complete data,,,,,,,,,,,,,,,,
IND,ENSO+HeatDryF | lag1 | KF | coeff=avg8 | EM=30 | P0=update,ENSO+HeatDryF,30,True,avg8,Failed,—,—,—,REJECT,no EM result / insufficient complete data,,,,,,,,,,,,,,,,
IND,ENSO+HeatDryF | lag1 | KF | coeff=avg8 | EM=50 | P0=fixed,ENSO+HeatDryF,50,False,avg8,Failed,—,—,—,REJECT,no EM result / insufficient complete data,,,,,,,,,,,,,,,,
IND,ENSO+HeatDryF | lag1 | KF | coeff=avg8 | EM=50 | P0=update,ENSO+HeatDryF,50,True,avg8,Failed,—,—,—,REJECT,no EM result / insufficient complete data,,,,,,,,,,,,,,,,
IND,HeatDry | lag1 | KF | coeff=avg8 | EM=20 | P0=fixed,HeatDry,20,False,avg8,Failed,—,—,—,REJECT,exception: LinAlgError: SVD did not converge,,,,,,,,,,,,,,,,
IND,HeatDry | lag1 | KF | coeff=avg8 | EM=20 | P0=update,HeatDry,20,True,avg8,Failed,—,—,—,REJECT,no EM result / insufficient complete data,,,,,,,,,,,,,,,,
IND,HeatDry | lag1 | KF | coeff=avg8 | EM=30 | P0=fixed,HeatDry,30,False,avg8,Failed,—,—,—,REJECT,no EM result / insufficient complete data,,,,,,,,,,,,,,,,
IND,HeatDry | lag1 | KF | coeff=avg8 | EM=30 | P0=update,HeatDry,30,True,avg8,Failed,—,—,—,REJECT,no EM result / insufficient complete data,,,,,,,,,,,,,,,,
IND,HeatDry | lag1 | KF | coeff=avg8 | EM=50 | P0=fixed,HeatDry,50,False,avg8,Failed,—,—,—,REJECT,no EM result / insufficient complete data,,,,,,,,,,,,,,,,
IND,HeatDry | lag1 | KF | coeff=avg8 | EM=50 | P0=update,HeatDry,50,True,avg8,Failed,—,—,—,REJECT,no EM result / insufficient complete data,,,,,,,,,,,,,,,,
IND,HeatDryF | lag1 | KF | coeff=avg8 | EM=20 | P0=fixed,HeatDryF,20,False,avg8,Failed,—,—,—,REJECT,no EM result / insufficient complete data,,,,,,,,,,,,,,,,
IND,HeatDryF | lag1 | KF | coeff=avg8 | EM=20 | P0=update,HeatDryF,20,True,avg8,Failed,—,—,—,REJECT,no EM result / insufficient complete data,,,,,,,,,,,,,,,,
IND,HeatDryF | lag1 | KF | coeff=avg8 | EM=30 | P0=fixed,HeatDryF,30,False,avg8,Failed,—,—,—,REJECT,no EM result / insufficient complete data,,,,,,,,,,,,,,,,
IND,HeatDryF | lag1 | KF | coeff=avg8 | EM=30 | P0=update,HeatDryF,30,True,avg8,Failed,—,—,—,REJECT,no EM result / insufficient complete data,,,,,,,,,,,,,,,,
IND,HeatDryF | lag1 | KF | coeff=avg8 | EM=50 | P0=fixed,HeatDryF,50,False,avg8,Failed,—,—,—,REJECT,no EM result / insufficient complete data,,,,,,,,,,,,,,,,
IND,HeatDryF | lag1 | KF | coeff=avg8 | EM=50 | P0=update,HeatDryF,50,True,avg8,Failed,—,—,—,REJECT,no EM result / insufficient complete data,,,,,,,,,,,,,,,,
IND,OIL_YoY+HeatDry | lag1 | KF | coeff=avg8 | EM=20 | P0=fixed,OIL_YoY+HeatDry,20,False,avg8,Failed,—,—,—,REJECT,exception: LinAlgError: SVD did not converge,,,,,,,,,,,,,,,,
IND,OIL_YoY+HeatDry | lag1 | KF | coeff=avg8 | EM=20 | P0=update,OIL_YoY+HeatDry,20,True,avg8,Failed,—,—,—,REJECT,no EM result / insufficient complete data,,,,,,,,,,,,,,,,
IND,OIL_YoY+HeatDry | lag1 | KF | coeff=avg8 | EM=30 | P0=fixed,OIL_YoY+HeatDry,30,False,avg8,Failed,—,—,—,REJECT,no EM result / insufficient complete data,,,,,,,,,,,,,,,,
IND,OIL_YoY+HeatDry | lag1 | KF | coeff=avg8 | EM=30 | P0=update,OIL_YoY+HeatDry,30,True,avg8,Failed,—,—,—,REJECT,no EM result / insufficient complete data,,,,,,,,,,,,,,,,
IND,OIL_YoY+HeatDry | lag1 | KF | coeff=avg8 | EM=50 | P0=fixed,OIL_YoY+HeatDry,50,False,avg8,Failed,—,—,—,REJECT,no EM result / insufficient complete data,,,,,,,,,,,,,,,,
IND,OIL_YoY+HeatDry | lag1 | KF | coeff=avg8 | EM=50 | P0=update,OIL_YoY+HeatDry,50,True,avg8,Failed,—,—,—,REJECT,no EM result / insufficient complete data,,,,,,,,,,,,,,,,
IND,OIL_YoY+HeatDryF | lag1 | KF | coeff=avg8 | EM=20 | P0=fixed,OIL_YoY+HeatDryF,20,False,avg8,Failed,—,—,—,REJECT,exception: LinAlgError: SVD did not converge,,,,,,,,,,,,,,,,
IND,OIL_YoY+HeatDryF | lag1 | KF | coeff=avg8 | EM=20 | P0=update,OIL_YoY+HeatDryF,20,True,avg8,Failed,—,—,—,REJECT,no EM result / insufficient complete data,,,,,,,,,,,,,,,,
IND,OIL_YoY+HeatDryF | lag1 | KF | coeff=avg8 | EM=30 | P0=fixed,OIL_YoY+HeatDryF,30,False,avg8,Failed,—,—,—,REJECT,no EM result / insufficient complete data,,,,,,,,,,,,,,,,
IND,OIL_YoY+HeatDryF | lag1 | KF | coeff=avg8 | EM=30 | P0=update,OIL_YoY+HeatDryF,30,True,avg8,Failed,—,—,—,REJECT,no EM result / insufficient complete data,,,,,,,,,,,,,,,,
IND,OIL_YoY+HeatDryF | lag1 | KF | coeff=avg8 | EM=50 | P0=fixed,OIL_YoY+HeatDryF,50,False,avg8,Failed,—,—,—,REJECT,no EM result / insufficient complete data,,,,,,,,,,,,,,,,
IND,OIL_YoY+HeatDryF | lag1 | KF | coeff=avg8 | EM=50 | P0=update,OIL_YoY+HeatDryF,50,True,avg8,Failed,—,—,—,REJECT,no EM result / insufficient complete data,,,,,,,,,,,,,,,,
IND,ENSO | lag1 | KF | coeff=avg4 | EM=20 | P0=fixed,ENSO,20,False,avg4,Explosive,Unstable,Explosive,Extreme,REJECT,dynamic instability: rho=3027431868780879959398765858979315712.00; dynamic amplification: max ||A^k||2=329175065255559753918473823554064995376271976838461383366138206145121106447133752894469108612554553479838916697393066608330311217919831699366084608.0; coefficient explosion: max |theta|=5868245908065082710227508302205419520.0,3.02743186878088e+36,3.2917506525555975e+146,3.2917506525555975e+146,5.868245908065083e+36,1.3496081052875434e+32,1.0215903715754737e+164,1.0215903715754737e+164,inf,,0.0,1.0215903715754737e+164,4.0,2026Q2,2026Q3,2027Q2,True
IND,ENSO | lag1 | KF | coeff=avg8 | EM=20 | P0=fixed,ENSO,20,False,avg8,Explosive,Unstable,Explosive,Extreme,REJECT,dynamic instability: rho=3027373299363761872046057681059840000.00; dynamic amplification: max ||A^k||2=329149985599706654912317303613687380679352715494354185211710032394224818576468135912318771189361486680488607915534362009794005570404514914619097088.0; coefficient explosion: max |theta|=5868245908065082710227508302205419520.0,3.027373299363762e+36,3.2914998559970665e+146,3.2914998559970665e+146,5.868245908065083e+36,1.3496081052875434e+32,1.084807512058285e+164,1.084807512058285e+164,inf,,0.0,1.084807512058285e+164,4.0,2026Q2,2026Q3,2027Q2,True
IND,ENSO | lag1 | KF | coeff=last | EM=20 | P0=fixed,ENSO,20,False,last,Explosive,Unstable,Explosive,Extreme,REJECT,dynamic instability: rho=1110554376388461806233146105532514304.00; dynamic amplification: max ||A^k||2=5896121370946711472401297822151271113775165227623307852952123452630888827394834239561511221562048478814276707988609259402226114971397087532417024.0; coefficient explosion: max |theta|=5868245908065082710227508302205419520.0,1.1105543763884618e+36,5.8961213709467115e+144,5.8961213709467115e+144,5.868245908065083e+36,1.3496081052875434e+32,2.6716292830247518e+165,2.6716292830247518e+165,inf,,0.0,2.6716292830247518e+165,4.0,2026Q2,2026Q3,2027Q2,True
IND,ENSO+HeatDryF | lag1 | KF | coeff=avg4 | EM=20 | P0=fixed,ENSO+HeatDryF,20,False,avg4,Explosive,Unstable,Good,Extreme,REJECT,dynamic instability: rho=335488352335577983997738967143964220920275685566706210381645858924316852224.00; dynamic amplification: max ||A^k||2=58132182328304861435198665492755206081163933903369935898626684060709705486315567022781456937292675278785153989173783961519252226220501390605260072131921191607948029501823241317052278125849428325453929915679755800849721076169543674301031468976079707821671603443499085596816082583350543188581609897984.0; coefficient explosion: max |theta|=1207709896751017270205079660522387403933704287978336414079805253805945126912.0,3.35488352335578e+74,5.813218232830486e+298,5.813218232830486e+298,1.2077098967510173e+75,3.48934755406855e+74,inf,inf,inf,,0.0,inf,4.0,2026Q2,2026Q3,2027Q2,True
IND,ENSO+HeatDryF | lag1 | KF | coeff=avg8 | EM=20 | P0=fixed,ENSO+HeatDryF,20,False,avg8,Explosive,Unstable,Good,Extreme,REJECT,dynamic instability: rho=187011954702735340652922859742658878823337231140853343424052151225474351104.00; dynamic amplification: max ||A^k||2=5612819624324600305191024685781334490840916538572342909786670663885828624060035224222166472356538288058949760226778418940681396460497573708985220539564378111265901457732869189616617918719073459662023405806172633148410917453149835392680364311896380953445930651735887350518959418718154504773914591232.0; coefficient explosion: max |theta|=1207709896751017270205079660522387403933704287978336414079805253805945126912.0,1.8701195470273534e+74,5.6128196243246e+297,5.6128196243246e+297,1.2077098967510173e+75,3.48934755406855e+74,inf,inf,inf,,0.0,inf,4.0,2026Q2,2026Q3,2027Q2,True
IND,ENSO+HeatDryF | lag1 | KF | coeff=last | EM=20 | P0=fixed,ENSO+HeatDryF,20,False,last,Explosive,Unstable,Explosive,Extreme,REJECT,dynamic instability: rho=351192399796251083927340743044786593570972762112.00; dynamic amplification: max ||A^k||2=62636890899756695053622338882745958460965257205117618126258317066779302289389688404053638555818526231681288956846750512880525761074466718127552592603332755012313305044877669242840541439197184.0; coefficient explosion: max |theta|=1207709896751017270205079660522387403933704287978336414079805253805945126912.0,3.511923997962511e+47,6.2636890899756695e+190,6.2636890899756695e+190,1.2077098967510173e+75,3.48934755406855e+74,4.025130839633279e+226,4.025130839633279e+226,inf,,0.0,4.025130839633279e+226,4.0,2026Q2,2026Q3,2027Q2,True
IND,OIL_YoY+HeatDryF | lag1 | KF | coeff=last | EM=20 | P0=fixed,OIL_YoY+HeatDryF,20,False,last,Explosive,Unstable,Explosive,Extreme,REJECT,dynamic instability: rho=420692828735603087478159698323574882304.00; dynamic amplification: max ||A^k||2=87067062646103389783362160476660967304571225905205831277141873835502153293023041114861089751913712022585605115315819033510105525782198484234803933227174141003749222665149429430074296289224030994082372761360449195958311623092208664576.0; coefficient explosion: max |theta|=1810376289918055815580376197431393003525943326164259948921356288.0,4.206928287356031e+38,8.706706264610339e+232,8.706706264610339e+232,1.8103762899180558e+63,6.2314914011624025e+62,1.0395078926137666e+262,1.0395078926137666e+262,inf,,0.0,1.0395078926137666e+262,6.0,2026Q2,2026Q3,2027Q4,True
KEN,HeatDryF | lag1 | KF | coeff=last | EM=10 | P0=fixed,HeatDryF,10,False,last,Good,Good,Good,Acceptable,KEEP,stable/coherent by coarse thresholds,0.7286064221336447,0.8136918422925224,0.27833591954364634,0.6492591165017921,0.09076865518364352,6.657276597495425,0.5055447506611559,0.8201914751043526,3.3824466433832767,0.6054426032536444,6.592627474219876,6.0,2026Q2,2026Q3,2027Q4,True
KEN,HeatDryF | lag1 | KF | coeff=last | EM=10 | P0=update,HeatDryF,10,True,last,Good,Good,Good,Acceptable,KEEP,stable/coherent by coarse thresholds,0.7299868114547552,0.8127638835917883,0.27732586435035206,1.3967962007644685,0.20095413332100254,6.6458112405618746,0.5049003659093607,0.8059500102750423,3.2967134355391265,0.6044725148157468,6.588475406154372,6.0,2026Q2,2026Q3,2027Q4,True
KEN,HeatDry | lag1 | KF | coeff=last | EM=10 | P0=update,HeatDry,10,True,last,Good,Good,Good,Acceptable,KEEP,stable/coherent by coarse thresholds,0.7456910642248494,0.8345520753522184,0.31858615204105667,1.6013552179046147,0.23928830876106244,6.663647156151278,0.4458419888270493,1.0113409406548541,3.9730908117454145,0.506582328315246,6.5379666014090025,6.0,2026Q2,2026Q3,2027Q4,True
KEN,HeatDryF | lag1 | KF | coeff=avg4 | EM=10 | P0=fixed,HeatDryF,10,False,avg4,Good,Good,Good,Acceptable,KEEP,stable/coherent by coarse thresholds,0.8272937780547269,0.8747119577744962,0.37693295015111605,0.6492591165017921,0.09076865518364352,6.59615532466352,0.5695518588395121,0.9354988140168778,3.7201317415924144,0.6849761849521876,6.573610199336704,6.0,2026Q2,2026Q3,2027Q4,True
KEN,HeatDryF | lag1 | KF | coeff=avg8 | EM=10 | P0=fixed,HeatDryF,10,False,avg8,Good,Good,Good,Acceptable,KEEP,stable/coherent by coarse thresholds,0.8978410218670584,0.9051871182804304,0.5382538165318331,0.6492591165017921,0.09076865518364352,6.61527098966823,0.7039024984635276,1.00093460222444,3.9440373721450483,0.8560489334839154,6.622854117547615,6.0,2026Q2,2026Q3,2027Q4,True
KEN,HeatDryF | lag1 | KF | coeff=avg8 | EM=10 | P0=update,HeatDryF,10,True,avg8,Good,Good,Good,Acceptable,KEEP,stable/coherent by coarse thresholds,0.8941790616977192,1.413031275597349,0.5539268646726904,1.3967962007644685,0.20095413332100254,6.614970417841532,0.6984035504101422,1.0019612420148825,3.9200928175834964,0.8623194548038695,6.621201058785694,6.0,2026Q2,2026Q3,2027Q4,True
KEN,HeatDryF | lag1 | KF | coeff=avg4 | EM=10 | P0=update,HeatDryF,10,True,avg4,Good,Good,Good,Acceptable,KEEP,stable/coherent by coarse thresholds,0.8203852497440159,1.7544410859063024,0.3801509998053592,1.3967962007644685,0.20095413332100254,6.584922134433656,0.5339350171461836,0.9240481907561744,3.6692111518983572,0.6916441004359308,6.564806178195558,6.0,2026Q2,2026Q3,2027Q4,True
KEN,HeatDry | lag1 | KF | coeff=last | EM=10 | P0=fixed,HeatDry,10,False,last,Good,Good,Good,Acceptable,BORDERLINE,CI expands quickly: ratio=4.1,0.743815608471558,0.8352857598015321,0.3188988251779032,0.627354606756958,0.06301713015418611,6.677327143924288,0.4435674137915617,1.0269606340777813,4.066120355216803,0.5058556998060597,6.542429994437562,6.0,2026Q2,2026Q3,2027Q4,True
KEN,OIL_YoY+HeatDryF | lag1 | KF | coeff=last | EM=10 | P0=fixed,OIL_YoY+HeatDryF,10,False,last,Good,Good,Good,Acceptable,BORDERLINE,CI expands quickly: ratio=4.3,0.7541375612833238,0.8386203645939498,0.3174056138459245,1.0866077477660463,0.14460750833228742,6.412059511886535,0.5410087172830185,0.958051340619205,4.280777813008165,0.5106981952172385,6.782826396420378,6.0,2026Q2,2026Q3,2027Q4,True
KEN,OIL_YoY+HeatDryF | lag1 | KF | coeff=last | EM=10 | P0=update,OIL_YoY+HeatDryF,10,True,last,Good,Good,Good,Acceptable,BORDERLINE,CI expands quickly: ratio=4.3,0.7556078084214221,0.836615625576785,0.31341223152844966,3.446112301552896,0.6316623570363635,6.402530120385243,0.532068262867087,0.9546280359134398,4.327294019456997,0.5120597394386017,6.773973260326655,6.0,2026Q2,2026Q3,2027Q4,True
KEN,OIL_YoY+HeatDry | lag1 | KF | coeff=last | EM=10 | P0=update,OIL_YoY+HeatDry,10,True,last,Good,Good,Good,Acceptable,BORDERLINE,CI expands quickly: ratio=4.9,0.7772553761113327,0.8687658890708476,0.3769150150870775,3.21113497465187,0.34017473265710496,6.310992773709352,0.4620709187724179,0.9245533341280021,4.895622294053177,0.4793967672684527,6.657962199948136,6.0,2026Q2,2026Q3,2027Q4,True
KEN,OIL_YoY+HeatDry | lag1 | KF | coeff=last | EM=10 | P0=fixed,OIL_YoY+HeatDry,10,False,last,Good,Good,Good,Acceptable,BORDERLINE,CI expands quickly: ratio=5.1,0.7771167096173907,0.8706215164537404,0.388203394382756,2.2993655521899283,0.15162443446422702,6.3231440440548035,0.4533096827086487,0.9629802688723803,5.068322031170542,0.4727508331981287,6.6677639308347185,6.0,2026Q2,2026Q3,2027Q4,True
KEN,HeatDry | lag1 | KF | coeff=avg4 | EM=10 | P0=fixed,HeatDry,10,False,avg4,Good,Good,Good,Acceptable,BORDERLINE,CI expands quickly: ratio=4.3,0.8238499522008801,0.8715742866483405,0.4186089782151469,0.6248840576005311,0.06301713015418611,6.60973572157608,0.5012284017560917,1.105212502486041,4.313064749096817,0.5641536187594083,6.5325721530370915,6.0,2026Q2,2026Q3,2027Q4,True
KEN,ENSO+HeatDryF | lag1 | KF | coeff=last | EM=10 | P0=fixed,ENSO+HeatDryF,10,False,last,Good,Good,Good,Acceptable,BORDERLINE,CI expands quickly: ratio=5.3,0.7872773122190204,0.8751468527110849,0.5760162577140687,0.775597952396354,0.11745203927017533,4.781163825326377,1.632435225855656,4.2118563004794956,5.300392278416247,4.085547056619311,5.798378280089305,4.0,2026Q2,2026Q3,2027Q2,True
KEN,ENSO+HeatDryF | lag1 | KF | coeff=last | EM=10 | P0=update,ENSO+HeatDryF,10,True,last,Good,Good,Good,Acceptable,BORDERLINE,CI expands quickly: ratio=5.3,0.7911368828544535,0.8757281792484564,0.5782140608418916,1.276190502584773,0.2612338286389916,4.794585876170165,1.6182301102358894,4.149676058243186,5.288330724347491,4.058016157717149,5.80121778926137,4.0,2026Q2,2026Q3,2027Q2,True
KEN,OIL_YoY+HeatDryF | lag1 | KF | coeff=avg4 | EM=10 | P0=fixed,OIL_YoY+HeatDryF,10,False,avg4,Good,Good,Good,Acceptable,BORDERLINE,CI expands quickly: ratio=4.4,0.8191560604619059,1.1660111132298558,0.7969358271767547,1.0866077477660463,0.14460750833228742,6.423266752782508,0.551823040345595,0.9980910772734966,4.44852951367691,0.569773364845731,6.78010797502963,6.0,2026Q2,2026Q3,2027Q4,True
KEN,ENSO+HeatDry | lag1 | KF | coeff=last | EM=10 | P0=update,ENSO+HeatDry,10,True,last,Good,Good,Good,Acceptable,BORDERLINE,CI expands quickly: ratio=4.6,0.8455677362957958,0.9233078492265093,0.7043320443380121,0.6221201040057092,0.06608051115509023,4.879483724102932,1.4588861817750844,3.5287656768824887,4.620266819366863,3.559799383092021,5.849617189152591,4.0,2026Q2,2026Q3,2027Q2,True
KEN,ENSO+HeatDry | lag1 | KF | coeff=last | EM=20 | P0=update,ENSO+HeatDry,20,True,last,Good,Good,Good,Acceptable,BORDERLINE,CI expands quickly: ratio=4.6,0.8455677362957958,0.9233078492265093,0.7043320443380121,0.6221201040057092,0.06608051115509023,4.879483724102932,1.4588861817750844,3.5287656768824887,4.620266819366863,3.559799383092021,5.849617189152591,4.0,2026Q2,2026Q3,2027Q2,True
KEN,ENSO+HeatDry | lag1 | KF | coeff=last | EM=30 | P0=update,ENSO+HeatDry,30,True,last,Good,Good,Good,Acceptable,BORDERLINE,CI expands quickly: ratio=4.6,0.8455677362957958,0.9233078492265093,0.7043320443380121,0.6221201040057092,0.06608051115509023,4.879483724102932,1.4588861817750844,3.5287656768824887,4.620266819366863,3.559799383092021,5.849617189152591,4.0,2026Q2,2026Q3,2027Q2,True
KEN,ENSO+HeatDry | lag1 | KF | coeff=last | EM=50 | P0=update,ENSO+HeatDry,50,True,last,Good,Good,Good,Acceptable,BORDERLINE,CI expands quickly: ratio=4.6,0.8455677362957958,0.9233078492265093,0.7043320443380121,0.6221201040057092,0.06608051115509023,4.879483724102932,1.4588861817750844,3.5287656768824887,4.620266819366863,3.559799383092021,5.849617189152591,4.0,2026Q2,2026Q3,2027Q2,True
KEN,ENSO+HeatDry | lag1 | KF | coeff=last | EM=10 | P0=fixed,ENSO+HeatDry,10,False,last,Good,Good,Good,Acceptable,BORDERLINE,CI expands quickly: ratio=4.9,0.8441843380892408,0.9216303086872651,0.6979343738238786,1.1239920878187588,0.23751559634802855,4.8397749608749985,1.494915117457401,3.529060450448008,4.8727702564992175,3.6787061849108635,5.845469059363051,4.0,2026Q2,2026Q3,2027Q2,True
KEN,HeatDry | lag1 | KF | coeff=avg8 | EM=10 | P0=fixed,HeatDry,10,False,avg8,Good,Good,Good,Acceptable,BORDERLINE,CI expands quickly: ratio=4.5,0.9037989932527002,0.9179615851062752,0.5806572392499868,0.6248840576005311,0.06301713015418611,6.553252161228831,0.5862325358320284,1.1493107990984006,4.488804867106274,0.6694354649862024,6.613140128278096,6.0,2026Q2,2026Q3,2027Q4,True
KEN,OIL_YoY+HeatDryF | lag1 | KF | coeff=avg8 | EM=10 | P0=fixed,OIL_YoY+HeatDryF,10,False,avg8,Good,Good,Good,Acceptable,BORDERLINE,CI expands quickly: ratio=4.6,0.8846160003257866,1.073585642527465,0.7820198501596389,1.0866077477660463,0.14460750833228742,6.668964275781528,0.6905574024328853,1.0245742203182768,4.620229895957381,0.7629684752434915,6.771898314028231,6.0,2026Q2,2026Q3,2027Q4,True
KEN,ENSO+HeatDry | lag1 | KF | coeff=avg4 | EM=10 | P0=update,ENSO+HeatDry,10,True,avg4,Good,Good,Good,Acceptable,BORDERLINE,CI expands quickly: ratio=4.7,0.9127209099982543,0.9558225431788345,0.8131986852665539,0.6221201040057092,0.06608051115509023,4.852743738656802,1.4580166642317152,3.5297436684440964,4.661825510872536,3.585006137968393,5.898542090828425,4.0,2026Q2,2026Q3,2027Q2,True
KEN,ENSO+HeatDry | lag1 | KF | coeff=avg4 | EM=20 | P0=update,ENSO+HeatDry,20,True,avg4,Good,Good,Good,Acceptable,BORDERLINE,CI expands quickly: ratio=4.7,0.9127209099982543,0.9558225431788345,0.8131986852665539,0.6221201040057092,0.06608051115509023,4.852743738656802,1.4580166642317152,3.5297436684440964,4.661825510872536,3.585006137968393,5.898542090828425,4.0,2026Q2,2026Q3,2027Q2,True
KEN,ENSO+HeatDry | lag1 | KF | coeff=avg4 | EM=30 | P0=update,ENSO+HeatDry,30,True,avg4,Good,Good,Good,Acceptable,BORDERLINE,CI expands quickly: ratio=4.7,0.9127209099982543,0.9558225431788345,0.8131986852665539,0.6221201040057092,0.06608051115509023,4.852743738656802,1.4580166642317152,3.5297436684440964,4.661825510872536,3.585006137968393,5.898542090828425,4.0,2026Q2,2026Q3,2027Q2,True
KEN,ENSO+HeatDry | lag1 | KF | coeff=avg4 | EM=50 | P0=update,ENSO+HeatDry,50,True,avg4,Good,Good,Good,Acceptable,BORDERLINE,CI expands quickly: ratio=4.7,0.9127209099982543,0.9558225431788345,0.8131986852665539,0.6221201040057092,0.06608051115509023,4.852743738656802,1.4580166642317152,3.5297436684440964,4.661825510872536,3.585006137968393,5.898542090828425,4.0,2026Q2,2026Q3,2027Q2,True
KEN,ENSO+HeatDryF | lag1 | KF | coeff=avg4 | EM=10 | P0=fixed,ENSO+HeatDryF,10,False,avg4,Good,Good,Good,Acceptable,BORDERLINE,CI expands quickly: ratio=5.5,0.8981709467746037,0.9850828404122156,0.7565320072900672,0.775597952396354,0.11745203927017533,4.656601824948653,1.6324809364624073,4.374497862083558,5.4954324307628335,4.0548686821643845,5.727411342718963,4.0,2026Q2,2026Q3,2027Q2,True
KEN,ENSO+HeatDry | lag1 | KF | coeff=avg8 | EM=10 | P0=update,ENSO+HeatDry,10,True,avg8,Good,Good,Good,Acceptable,BORDERLINE,CI expands quickly: ratio=4.5,0.9658060341025203,0.9887549682631189,0.9335501286364382,0.6221201040057092,0.06608051115509023,4.972118520901992,1.3488998451663532,3.357355155582349,4.459299449519253,3.1680938706617576,6.100697971748012,4.0,2026Q2,2026Q3,2027Q2,True
KEN,ENSO+HeatDry | lag1 | KF | coeff=avg8 | EM=20 | P0=update,ENSO+HeatDry,20,True,avg8,Good,Good,Good,Acceptable,BORDERLINE,CI expands quickly: ratio=4.5,0.9658060341025203,0.9887549682631189,0.9335501286364382,0.6221201040057092,0.06608051115509023,4.972118520901992,1.3488998451663532,3.357355155582349,4.459299449519253,3.1680938706617576,6.100697971748012,4.0,2026Q2,2026Q3,2027Q2,True
KEN,ENSO+HeatDry | lag1 | KF | coeff=avg8 | EM=30 | P0=update,ENSO+HeatDry,30,True,avg8,Good,Good,Good,Acceptable,BORDERLINE,CI expands quickly: ratio=4.5,0.9658060341025203,0.9887549682631189,0.9335501286364382,0.6221201040057092,0.06608051115509023,4.972118520901992,1.3488998451663532,3.357355155582349,4.459299449519253,3.1680938706617576,6.100697971748012,4.0,2026Q2,2026Q3,2027Q2,True
KEN,ENSO+HeatDry | lag1 | KF | coeff=avg8 | EM=50 | P0=update,ENSO+HeatDry,50,True,avg8,Good,Good,Good,Acceptable,BORDERLINE,CI expands quickly: ratio=4.5,0.9658060341025203,0.9887549682631189,0.9335501286364382,0.6221201040057092,0.06608051115509023,4.972118520901992,1.3488998451663532,3.357355155582349,4.459299449519253,3.1680938706617576,6.100697971748012,4.0,2026Q2,2026Q3,2027Q2,True
KEN,ENSO+HeatDryF | lag1 | KF | coeff=avg8 | EM=10 | P0=fixed,ENSO+HeatDryF,10,False,avg8,Good,Good,Good,Acceptable,BORDERLINE,CI expands quickly: ratio=5.1,0.9647387091912674,0.9763396787722503,0.8842396781607538,0.775597952396354,0.11745203927017533,4.90768352110174,1.285754256582409,3.988280559135797,5.128398747436459,3.2780172955665314,6.024912478296755,4.0,2026Q2,2026Q3,2027Q2,True
KEN,ENSO+HeatDry | lag1 | KF | coeff=avg8 | EM=10 | P0=fixed,ENSO+HeatDry,10,False,avg8,Good,Good,Good,Acceptable,BORDERLINE,CI expands quickly: ratio=4.8,0.9747334167384905,1.2709741990972057,1.0391492301545853,1.1239920878187588,0.23751559634802855,5.056587069996784,1.4295340329772825,3.3933577717792645,4.765326376356139,3.120160323096197,6.204712198759367,4.0,2026Q2,2026Q3,2027Q2,True
KEN,ENSO+HeatDry | lag1 | KF | coeff=avg4 | EM=10 | P0=fixed,ENSO+HeatDry,10,False,avg4,Good,Good,Good,Acceptable,BORDERLINE,CI expands quickly: ratio=5.0,0.9175380043992482,1.6037850403672393,1.0837343612642183,1.1239920878187588,0.23751559634802855,4.907991214649787,1.4616379581884384,3.5949907291875203,4.977212019184411,3.653886678744346,5.9760343690259585,4.0,2026Q2,2026Q3,2027Q2,True
KEN,ENSO+HeatDryF | lag1 | KF | coeff=avg8 | EM=10 | P0=update,ENSO+HeatDryF,10,True,avg8,Good,Good,Good,Acceptable,BORDERLINE,CI expands quickly: ratio=5.3,0.9645851868819229,2.2557896240953617,2.2557896240953617,1.276190502584773,0.2612338286389916,4.79257020486223,1.3655485724527825,4.163469267314963,5.329596095154048,3.263073603713859,5.89690326962276,4.0,2026Q2,2026Q3,2027Q2,True
KEN,OIL_YoY+HeatDry | lag1 | KF | coeff=avg8 | EM=10 | P0=fixed,OIL_YoY+HeatDry,10,False,avg8,Borderline,Good,Good,Acceptable,BORDERLINE,transient amplification: max ||A^k||2=3.0; CI expands quickly: ratio=5.2,0.8766633810204164,3.029499305298432,2.0868323514117852,2.2993655521899283,0.15162443446422702,6.558643358307454,0.6292329929433889,0.9856519491838842,5.232953719532119,0.6375846961742386,6.651477725762166,6.0,2026Q2,2026Q3,2027Q4,True
KEN,OIL_YoY+HeatDry | lag1 | KF | coeff=avg4 | EM=10 | P0=fixed,OIL_YoY+HeatDry,10,False,avg4,Borderline,Good,Good,Acceptable,BORDERLINE,transient amplification: max ||A^k||2=3.9; CI expands quickly: ratio=5.2,0.8283439836726731,3.8844506801414775,2.4944743946256143,2.2993655521899283,0.15162443446422702,6.349838707361858,0.5121200037429094,0.9808486889668044,5.159194396634354,0.5150076513036721,6.653908649252195,6.0,2026Q2,2026Q3,2027Q4,True
KEN,OIL_YoY+HeatDry | lag1 | KF | coeff=avg8 | EM=10 | P0=update,OIL_YoY+HeatDry,10,True,avg8,Borderline,Good,Good,Acceptable,BORDERLINE,transient amplification: max ||A^k||2=3.9; CI expands quickly: ratio=5.1,0.8482900731641523,3.886710167313022,1.2655781898677083,3.21113497465187,0.34017473265710496,6.5923639318167035,0.6253664100690486,0.9666157452947655,5.075934875597279,0.6363470865078673,6.658979483424684,6.0,2026Q2,2026Q3,2027Q4,True
KEN,OIL_YoY+HeatDry | lag1 | KF | coeff=avg4 | EM=10 | P0=update,OIL_YoY+HeatDry,10,True,avg4,Borderline,Good,Good,Acceptable,BORDERLINE,transient amplification: max ||A^k||2=5.0; CI expands quickly: ratio=5.1,0.8226721118831005,4.982680314716226,0.8958816239717637,3.21113497465187,0.34017473265710496,6.41404844031862,0.5146293321648976,0.9793414133063818,5.086447373677728,0.5307209332943561,6.6668170955050385,6.0,2026Q2,2026Q3,2027Q4,True
KEN,HeatDry | lag1 | KF | coeff=avg8 | EM=10 | P0=update,HeatDry,10,True,avg8,Explosive,Good,Good,Acceptable,REJECT,dynamic instability: rho=1.14,1.1416336458271918,2.60848586757637,2.60848586757637,1.6013552179046147,0.23928830876106244,6.5452407226284475,1.0740578674803585,1.1762596744473868,4.542540614181111,0.6782522928000025,6.602318864606043,6.0,2026Q2,2026Q3,2027Q4,True
KEN,ENSO+HeatDryF | lag1 | KF | coeff=avg4 | EM=10 | P0=update,ENSO+HeatDryF,10,True,avg4,Explosive,Good,Good,Acceptable,REJECT,dynamic instability: rho=1.24,1.2352302492505505,5.772694924635418,5.772694924635418,1.276190502584773,0.2612338286389916,4.503031028440667,1.8481181710759822,4.83511731775528,5.935122747568362,4.032030574791372,5.5632279408817675,4.0,2026Q2,2026Q3,2027Q2,True
KEN,ENSO | lag1 | KF | coeff=avg8 | EM=10 | P0=fixed,ENSO,10,False,avg8,Borderline,Good,Explosive,Acceptable,REJECT,confidence interval explosion: max width=173.0; rapid CI expansion: ratio=11.8,1.0484842420400522,1.8210609610608433,1.8210609610608433,1.0087293574516605,0.3753609173524917,7.072251232946215,3.430550400746553,172.96492234163523,11.750445789976217,9.469307638287086,5.3988090706697385,4.0,2026Q2,2026Q3,2027Q2,True
KEN,ENSO | lag1 | KF | coeff=avg8 | EM=10 | P0=update,ENSO,10,True,avg8,Borderline,Good,Explosive,Acceptable,REJECT,confidence interval explosion: max width=176.5; rapid CI expansion: ratio=11.0,1.0620206463827642,1.9002983981363948,1.9002983981363948,1.0157870839221046,0.3872615626464281,7.006441513461496,3.4214737683599292,176.49630537281834,11.037741606512432,9.35727153783911,5.449018488030665,4.0,2026Q2,2026Q3,2027Q2,True
KEN,ENSO | lag1 | KF | coeff=last | EM=10 | P0=fixed,ENSO,10,False,last,Explosive,Good,Explosive,Acceptable,REJECT,dynamic instability: rho=1.14; confidence interval explosion: max width=169.2; rapid CI expansion: ratio=12.4,1.1384377671328756,1.903943789774814,1.903943789774814,1.0160746749121676,0.3753609173524917,17.482068766874217,6.401489634649378,169.19092837861146,12.379951866832263,19.64767858037407,4.960087108342849,4.0,2026Q2,2026Q3,2027Q2,True
KEN,ENSO | lag1 | KF | coeff=last | EM=10 | P0=update,ENSO,10,True,last,Explosive,Good,Explosive,Acceptable,REJECT,dynamic instability: rho=1.14; confidence interval explosion: max width=172.6; rapid CI expansion: ratio=11.6,1.1447904426455855,1.9414545132874041,1.9414545132874041,1.0227313308112223,0.3872615626464281,17.49773344984088,6.429362466098485,172.6412023949765,11.60415954794235,19.654813570063865,4.975126437065205,4.0,2026Q2,2026Q3,2027Q2,True
KEN,ENSO | lag1 | KF | coeff=avg4 | EM=10 | P0=fixed,ENSO,10,False,avg4,Explosive,Good,Explosive,Acceptable,REJECT,dynamic instability: rho=1.21; confidence interval explosion: max width=203.0; rapid CI expansion: ratio=14.6,1.2056201485742193,2.849374383956587,2.849374383956587,1.0087293574516605,0.3753609173524917,20.188188941469235,7.961296994787542,203.04174687703645,14.567145631123342,21.259236043657317,4.7967720914205,4.0,2026Q2,2026Q3,2027Q2,True
KEN,ENSO | lag1 | KF | coeff=avg4 | EM=10 | P0=update,ENSO,10,True,avg4,Explosive,Good,Explosive,Acceptable,REJECT,dynamic instability: rho=1.21; confidence interval explosion: max width=207.0; rapid CI expansion: ratio=13.6,1.2125954627318072,2.935608503709175,2.935608503709175,1.0157870839221046,0.3872615626464281,20.04292870069874,7.95914237101346,206.9887701468294,13.643098120800538,21.137475208214603,4.8561474027137095,4.0,2026Q2,2026Q3,2027Q2,True
KEN,HeatDry | lag1 | KF | coeff=avg4 | EM=10 | P0=update,HeatDry,10,True,avg4,Explosive,Good,Good,Acceptable,REJECT,dynamic instability: rho=1.51; dynamic amplification: max ||A^k||2=14.5,1.505662442270715,14.45873859058761,14.45873859058761,1.6013552179046147,0.23928830876106244,6.862379479869179,2.942486821466276,1.2588881493340542,5.267439017035381,0.5715818904637251,6.51922199353373,6.0,2026Q2,2026Q3,2027Q4,True
KEN,ENSO | lag1 | KF | coeff=last | EM=20 | P0=update,ENSO,20,True,last,Failed,—,—,—,REJECT,no EM result / insufficient complete data,,,,,,,,,,,,,,,,
KEN,ENSO | lag1 | KF | coeff=last | EM=30 | P0=update,ENSO,30,True,last,Failed,—,—,—,REJECT,no EM result / insufficient complete data,,,,,,,,,,,,,,,,
KEN,ENSO | lag1 | KF | coeff=last | EM=50 | P0=fixed,ENSO,50,False,last,Failed,—,—,—,REJECT,no EM result / insufficient complete data,,,,,,,,,,,,,,,,
KEN,ENSO | lag1 | KF | coeff=last | EM=50 | P0=update,ENSO,50,True,last,Failed,—,—,—,REJECT,no EM result / insufficient complete data,,,,,,,,,,,,,,,,
KEN,ENSO+HeatDry | lag1 | KF | coeff=last | EM=30 | P0=fixed,ENSO+HeatDry,30,False,last,Failed,—,—,—,REJECT,exception: LinAlgError: SVD did not converge,,,,,,,,,,,,,,,,
KEN,ENSO+HeatDry | lag1 | KF | coeff=last | EM=50 | P0=fixed,ENSO+HeatDry,50,False,last,Failed,—,—,—,REJECT,no EM result / insufficient complete data,,,,,,,,,,,,,,,,
KEN,ENSO+HeatDryF | lag1 | KF | coeff=last | EM=20 | P0=fixed,ENSO+HeatDryF,20,False,last,Failed,—,—,—,REJECT,no EM result / insufficient complete data,,,,,,,,,,,,,,,,
KEN,ENSO+HeatDryF | lag1 | KF | coeff=last | EM=20 | P0=update,ENSO+HeatDryF,20,True,last,Failed,—,—,—,REJECT,no EM result / insufficient complete data,,,,,,,,,,,,,,,,
KEN,ENSO+HeatDryF | lag1 | KF | coeff=last | EM=30 | P0=fixed,ENSO+HeatDryF,30,False,last,Failed,—,—,—,REJECT,no EM result / insufficient complete data,,,,,,,,,,,,,,,,
KEN,ENSO+HeatDryF | lag1 | KF | coeff=last | EM=30 | P0=update,ENSO+HeatDryF,30,True,last,Failed,—,—,—,REJECT,no EM result / insufficient complete data,,,,,,,,,,,,,,,,
KEN,ENSO+HeatDryF | lag1 | KF | coeff=last | EM=50 | P0=fixed,ENSO+HeatDryF,50,False,last,Failed,—,—,—,REJECT,no EM result / insufficient complete data,,,,,,,,,,,,,,,,
KEN,ENSO+HeatDryF | lag1 | KF | coeff=last | EM=50 | P0=update,ENSO+HeatDryF,50,True,last,Failed,—,—,—,REJECT,no EM result / insufficient complete data,,,,,,,,,,,,,,,,
KEN,HeatDry | lag1 | KF | coeff=last | EM=30 | P0=fixed,HeatDry,30,False,last,Failed,—,—,—,REJECT,no EM result / insufficient complete data,,,,,,,,,,,,,,,,
KEN,HeatDry | lag1 | KF | coeff=last | EM=30 | P0=update,HeatDry,30,True,last,Failed,—,—,—,REJECT,no EM result / insufficient complete data,,,,,,,,,,,,,,,,
KEN,HeatDry | lag1 | KF | coeff=last | EM=50 | P0=fixed,HeatDry,50,False,last,Failed,—,—,—,REJECT,no EM result / insufficient complete data,,,,,,,,,,,,,,,,
KEN,HeatDry | lag1 | KF | coeff=last | EM=50 | P0=update,HeatDry,50,True,last,Failed,—,—,—,REJECT,no EM result / insufficient complete data,,,,,,,,,,,,,,,,
KEN,HeatDryF | lag1 | KF | coeff=last | EM=20 | P0=fixed,HeatDryF,20,False,last,Failed,—,—,—,REJECT,no EM result / insufficient complete data,,,,,,,,,,,,,,,,
KEN,HeatDryF | lag1 | KF | coeff=last | EM=30 | P0=fixed,HeatDryF,30,False,last,Failed,—,—,—,REJECT,no EM result / insufficient complete data,,,,,,,,,,,,,,,,
KEN,HeatDryF | lag1 | KF | coeff=last | EM=30 | P0=update,HeatDryF,30,True,last,Failed,—,—,—,REJECT,exception: LinAlgError: SVD did not converge,,,,,,,,,,,,,,,,
KEN,HeatDryF | lag1 | KF | coeff=last | EM=50 | P0=fixed,HeatDryF,50,False,last,Failed,—,—,—,REJECT,no EM result / insufficient complete data,,,,,,,,,,,,,,,,
KEN,HeatDryF | lag1 | KF | coeff=last | EM=50 | P0=update,HeatDryF,50,True,last,Failed,—,—,—,REJECT,no EM result / insufficient complete data,,,,,,,,,,,,,,,,
KEN,OIL_YoY+HeatDry | lag1 | KF | coeff=last | EM=30 | P0=update,OIL_YoY+HeatDry,30,True,last,Failed,—,—,—,REJECT,no EM result / insufficient complete data,,,,,,,,,,,,,,,,
KEN,OIL_YoY+HeatDry | lag1 | KF | coeff=last | EM=50 | P0=fixed,OIL_YoY+HeatDry,50,False,last,Failed,—,—,—,REJECT,no EM result / insufficient complete data,,,,,,,,,,,,,,,,
KEN,OIL_YoY+HeatDry | lag1 | KF | coeff=last | EM=50 | P0=update,OIL_YoY+HeatDry,50,True,last,Failed,—,—,—,REJECT,no EM result / insufficient complete data,,,,,,,,,,,,,,,,
KEN,OIL_YoY+HeatDryF | lag1 | KF | coeff=last | EM=30 | P0=fixed,OIL_YoY+HeatDryF,30,False,last,Failed,—,—,—,REJECT,exception: LinAlgError: SVD did not converge,,,,,,,,,,,,,,,,
KEN,OIL_YoY+HeatDryF | lag1 | KF | coeff=last | EM=30 | P0=update,OIL_YoY+HeatDryF,30,True,last,Failed,—,—,—,REJECT,no EM result / insufficient complete data,,,,,,,,,,,,,,,,
KEN,OIL_YoY+HeatDryF | lag1 | KF | coeff=last | EM=50 | P0=fixed,OIL_YoY+HeatDryF,50,False,last,Failed,—,—,—,REJECT,no EM result / insufficient complete data,,,,,,,,,,,,,,,,
KEN,OIL_YoY+HeatDryF | lag1 | KF | coeff=last | EM=50 | P0=update,OIL_YoY+HeatDryF,50,True,last,Failed,—,—,—,REJECT,no EM result / insufficient complete data,,,,,,,,,,,,,,,,
KEN,ENSO | lag1 | KF | coeff=avg4 | EM=20 | P0=update,ENSO,20,True,avg4,Failed,—,—,—,REJECT,no EM result / insufficient complete data,,,,,,,,,,,,,,,,
KEN,ENSO | lag1 | KF | coeff=avg4 | EM=30 | P0=update,ENSO,30,True,avg4,Failed,—,—,—,REJECT,no EM result / insufficient complete data,,,,,,,,,,,,,,,,
KEN,ENSO | lag1 | KF | coeff=avg4 | EM=50 | P0=fixed,ENSO,50,False,avg4,Failed,—,—,—,REJECT,no EM result / insufficient complete data,,,,,,,,,,,,,,,,
KEN,ENSO | lag1 | KF | coeff=avg4 | EM=50 | P0=update,ENSO,50,True,avg4,Failed,—,—,—,REJECT,no EM result / insufficient complete data,,,,,,,,,,,,,,,,
KEN,ENSO+HeatDry | lag1 | KF | coeff=avg4 | EM=30 | P0=fixed,ENSO+HeatDry,30,False,avg4,Failed,—,—,—,REJECT,exception: LinAlgError: SVD did not converge,,,,,,,,,,,,,,,,
KEN,ENSO+HeatDry | lag1 | KF | coeff=avg4 | EM=50 | P0=fixed,ENSO+HeatDry,50,False,avg4,Failed,—,—,—,REJECT,no EM result / insufficient complete data,,,,,,,,,,,,,,,,
KEN,ENSO+HeatDryF | lag1 | KF | coeff=avg4 | EM=20 | P0=fixed,ENSO+HeatDryF,20,False,avg4,Failed,—,—,—,REJECT,no EM result / insufficient complete data,,,,,,,,,,,,,,,,
KEN,ENSO+HeatDryF | lag1 | KF | coeff=avg4 | EM=20 | P0=update,ENSO+HeatDryF,20,True,avg4,Failed,—,—,—,REJECT,no EM result / insufficient complete data,,,,,,,,,,,,,,,,
KEN,ENSO+HeatDryF | lag1 | KF | coeff=avg4 | EM=30 | P0=fixed,ENSO+HeatDryF,30,False,avg4,Failed,—,—,—,REJECT,no EM result / insufficient complete data,,,,,,,,,,,,,,,,
KEN,ENSO+HeatDryF | lag1 | KF | coeff=avg4 | EM=30 | P0=update,ENSO+HeatDryF,30,True,avg4,Failed,—,—,—,REJECT,no EM result / insufficient complete data,,,,,,,,,,,,,,,,
KEN,ENSO+HeatDryF | lag1 | KF | coeff=avg4 | EM=50 | P0=fixed,ENSO+HeatDryF,50,False,avg4,Failed,—,—,—,REJECT,no EM result / insufficient complete data,,,,,,,,,,,,,,,,
KEN,ENSO+HeatDryF | lag1 | KF | coeff=avg4 | EM=50 | P0=update,ENSO+HeatDryF,50,True,avg4,Failed,—,—,—,REJECT,no EM result / insufficient complete data,,,,,,,,,,,,,,,,
KEN,HeatDry | lag1 | KF | coeff=avg4 | EM=30 | P0=fixed,HeatDry,30,False,avg4,Failed,—,—,—,REJECT,no EM result / insufficient complete data,,,,,,,,,,,,,,,,
KEN,HeatDry | lag1 | KF | coeff=avg4 | EM=30 | P0=update,HeatDry,30,True,avg4,Failed,—,—,—,REJECT,no EM result / insufficient complete data,,,,,,,,,,,,,,,,
KEN,HeatDry | lag1 | KF | coeff=avg4 | EM=50 | P0=fixed,HeatDry,50,False,avg4,Failed,—,—,—,REJECT,no EM result / insufficient complete data,,,,,,,,,,,,,,,,
KEN,HeatDry | lag1 | KF | coeff=avg4 | EM=50 | P0=update,HeatDry,50,True,avg4,Failed,—,—,—,REJECT,no EM result / insufficient complete data,,,,,,,,,,,,,,,,
KEN,HeatDryF | lag1 | KF | coeff=avg4 | EM=20 | P0=fixed,HeatDryF,20,False,avg4,Failed,—,—,—,REJECT,no EM result / insufficient complete data,,,,,,,,,,,,,,,,
KEN,HeatDryF | lag1 | KF | coeff=avg4 | EM=30 | P0=fixed,HeatDryF,30,False,avg4,Failed,—,—,—,REJECT,no EM result / insufficient complete data,,,,,,,,,,,,,,,,
KEN,HeatDryF | lag1 | KF | coeff=avg4 | EM=30 | P0=update,HeatDryF,30,True,avg4,Failed,—,—,—,REJECT,exception: LinAlgError: SVD did not converge,,,,,,,,,,,,,,,,
KEN,HeatDryF | lag1 | KF | coeff=avg4 | EM=50 | P0=fixed,HeatDryF,50,False,avg4,Failed,—,—,—,REJECT,no EM result / insufficient complete data,,,,,,,,,,,,,,,,
KEN,HeatDryF | lag1 | KF | coeff=avg4 | EM=50 | P0=update,HeatDryF,50,True,avg4,Failed,—,—,—,REJECT,no EM result / insufficient complete data,,,,,,,,,,,,,,,,
KEN,OIL_YoY+HeatDry | lag1 | KF | coeff=avg4 | EM=30 | P0=update,OIL_YoY+HeatDry,30,True,avg4,Failed,—,—,—,REJECT,no EM result / insufficient complete data,,,,,,,,,,,,,,,,
KEN,OIL_YoY+HeatDry | lag1 | KF | coeff=avg4 | EM=50 | P0=fixed,OIL_YoY+HeatDry,50,False,avg4,Failed,—,—,—,REJECT,no EM result / insufficient complete data,,,,,,,,,,,,,,,,
KEN,OIL_YoY+HeatDry | lag1 | KF | coeff=avg4 | EM=50 | P0=update,OIL_YoY+HeatDry,50,True,avg4,Failed,—,—,—,REJECT,no EM result / insufficient complete data,,,,,,,,,,,,,,,,
KEN,OIL_YoY+HeatDryF | lag1 | KF | coeff=avg4 | EM=30 | P0=fixed,OIL_YoY+HeatDryF,30,False,avg4,Failed,—,—,—,REJECT,exception: LinAlgError: SVD did not converge,,,,,,,,,,,,,,,,
KEN,OIL_YoY+HeatDryF | lag1 | KF | coeff=avg4 | EM=30 | P0=update,OIL_YoY+HeatDryF,30,True,avg4,Failed,—,—,—,REJECT,no EM result / insufficient complete data,,,,,,,,,,,,,,,,
KEN,OIL_YoY+HeatDryF | lag1 | KF | coeff=avg4 | EM=50 | P0=fixed,OIL_YoY+HeatDryF,50,False,avg4,Failed,—,—,—,REJECT,no EM result / insufficient complete data,,,,,,,,,,,,,,,,
KEN,OIL_YoY+HeatDryF | lag1 | KF | coeff=avg4 | EM=50 | P0=update,OIL_YoY+HeatDryF,50,True,avg4,Failed,—,—,—,REJECT,no EM result / insufficient complete data,,,,,,,,,,,,,,,,
KEN,ENSO | lag1 | KF | coeff=avg8 | EM=20 | P0=update,ENSO,20,True,avg8,Failed,—,—,—,REJECT,no EM result / insufficient complete data,,,,,,,,,,,,,,,,
KEN,ENSO | lag1 | KF | coeff=avg8 | EM=30 | P0=update,ENSO,30,True,avg8,Failed,—,—,—,REJECT,no EM result / insufficient complete data,,,,,,,,,,,,,,,,
KEN,ENSO | lag1 | KF | coeff=avg8 | EM=50 | P0=fixed,ENSO,50,False,avg8,Failed,—,—,—,REJECT,no EM result / insufficient complete data,,,,,,,,,,,,,,,,
KEN,ENSO | lag1 | KF | coeff=avg8 | EM=50 | P0=update,ENSO,50,True,avg8,Failed,—,—,—,REJECT,no EM result / insufficient complete data,,,,,,,,,,,,,,,,
KEN,ENSO+HeatDry | lag1 | KF | coeff=avg8 | EM=30 | P0=fixed,ENSO+HeatDry,30,False,avg8,Failed,—,—,—,REJECT,exception: LinAlgError: SVD did not converge,,,,,,,,,,,,,,,,
KEN,ENSO+HeatDry | lag1 | KF | coeff=avg8 | EM=50 | P0=fixed,ENSO+HeatDry,50,False,avg8,Failed,—,—,—,REJECT,no EM result / insufficient complete data,,,,,,,,,,,,,,,,
KEN,ENSO+HeatDryF | lag1 | KF | coeff=avg8 | EM=20 | P0=fixed,ENSO+HeatDryF,20,False,avg8,Failed,—,—,—,REJECT,no EM result / insufficient complete data,,,,,,,,,,,,,,,,
KEN,ENSO+HeatDryF | lag1 | KF | coeff=avg8 | EM=20 | P0=update,ENSO+HeatDryF,20,True,avg8,Failed,—,—,—,REJECT,no EM result / insufficient complete data,,,,,,,,,,,,,,,,
KEN,ENSO+HeatDryF | lag1 | KF | coeff=avg8 | EM=30 | P0=fixed,ENSO+HeatDryF,30,False,avg8,Failed,—,—,—,REJECT,no EM result / insufficient complete data,,,,,,,,,,,,,,,,
KEN,ENSO+HeatDryF | lag1 | KF | coeff=avg8 | EM=30 | P0=update,ENSO+HeatDryF,30,True,avg8,Failed,—,—,—,REJECT,no EM result / insufficient complete data,,,,,,,,,,,,,,,,
KEN,ENSO+HeatDryF | lag1 | KF | coeff=avg8 | EM=50 | P0=fixed,ENSO+HeatDryF,50,False,avg8,Failed,—,—,—,REJECT,no EM result / insufficient complete data,,,,,,,,,,,,,,,,
KEN,ENSO+HeatDryF | lag1 | KF | coeff=avg8 | EM=50 | P0=update,ENSO+HeatDryF,50,True,avg8,Failed,—,—,—,REJECT,no EM result / insufficient complete data,,,,,,,,,,,,,,,,
KEN,HeatDry | lag1 | KF | coeff=avg8 | EM=30 | P0=fixed,HeatDry,30,False,avg8,Failed,—,—,—,REJECT,no EM result / insufficient complete data,,,,,,,,,,,,,,,,
KEN,HeatDry | lag1 | KF | coeff=avg8 | EM=30 | P0=update,HeatDry,30,True,avg8,Failed,—,—,—,REJECT,no EM result / insufficient complete data,,,,,,,,,,,,,,,,
KEN,HeatDry | lag1 | KF | coeff=avg8 | EM=50 | P0=fixed,HeatDry,50,False,avg8,Failed,—,—,—,REJECT,no EM result / insufficient complete data,,,,,,,,,,,,,,,,
KEN,HeatDry | lag1 | KF | coeff=avg8 | EM=50 | P0=update,HeatDry,50,True,avg8,Failed,—,—,—,REJECT,no EM result / insufficient complete data,,,,,,,,,,,,,,,,
KEN,HeatDryF | lag1 | KF | coeff=avg8 | EM=20 | P0=fixed,HeatDryF,20,False,avg8,Failed,—,—,—,REJECT,no EM result / insufficient complete data,,,,,,,,,,,,,,,,
KEN,HeatDryF | lag1 | KF | coeff=avg8 | EM=30 | P0=fixed,HeatDryF,30,False,avg8,Failed,—,—,—,REJECT,no EM result / insufficient complete data,,,,,,,,,,,,,,,,
KEN,HeatDryF | lag1 | KF | coeff=avg8 | EM=30 | P0=update,HeatDryF,30,True,avg8,Failed,—,—,—,REJECT,exception: LinAlgError: SVD did not converge,,,,,,,,,,,,,,,,
KEN,HeatDryF | lag1 | KF | coeff=avg8 | EM=50 | P0=fixed,HeatDryF,50,False,avg8,Failed,—,—,—,REJECT,no EM result / insufficient complete data,,,,,,,,,,,,,,,,
KEN,HeatDryF | lag1 | KF | coeff=avg8 | EM=50 | P0=update,HeatDryF,50,True,avg8,Failed,—,—,—,REJECT,no EM result / insufficient complete data,,,,,,,,,,,,,,,,
KEN,OIL_YoY+HeatDry | lag1 | KF | coeff=avg8 | EM=30 | P0=update,OIL_YoY+HeatDry,30,True,avg8,Failed,—,—,—,REJECT,no EM result / insufficient complete data,,,,,,,,,,,,,,,,
KEN,OIL_YoY+HeatDry | lag1 | KF | coeff=avg8 | EM=50 | P0=fixed,OIL_YoY+HeatDry,50,False,avg8,Failed,—,—,—,REJECT,no EM result / insufficient complete data,,,,,,,,,,,,,,,,
KEN,OIL_YoY+HeatDry | lag1 | KF | coeff=avg8 | EM=50 | P0=update,OIL_YoY+HeatDry,50,True,avg8,Failed,—,—,—,REJECT,no EM result / insufficient complete data,,,,,,,,,,,,,,,,
KEN,OIL_YoY+HeatDryF | lag1 | KF | coeff=avg8 | EM=30 | P0=fixed,OIL_YoY+HeatDryF,30,False,avg8,Failed,—,—,—,REJECT,exception: LinAlgError: SVD did not converge,,,,,,,,,,,,,,,,
KEN,OIL_YoY+HeatDryF | lag1 | KF | coeff=avg8 | EM=30 | P0=update,OIL_YoY+HeatDryF,30,True,avg8,Failed,—,—,—,REJECT,no EM result / insufficient complete data,,,,,,,,,,,,,,,,
KEN,OIL_YoY+HeatDryF | lag1 | KF | coeff=avg8 | EM=50 | P0=fixed,OIL_YoY+HeatDryF,50,False,avg8,Failed,—,—,—,REJECT,no EM result / insufficient complete data,,,,,,,,,,,,,,,,
KEN,OIL_YoY+HeatDryF | lag1 | KF | coeff=avg8 | EM=50 | P0=update,OIL_YoY+HeatDryF,50,True,avg8,Failed,—,—,—,REJECT,no EM result / insufficient complete data,,,,,,,,,,,,,,,,
KEN,OIL_YoY+HeatDryF | lag1 | KF | coeff=avg8 | EM=10 | P0=update,OIL_YoY+HeatDryF,10,True,avg8,Explosive,Good,Good,Acceptable,REJECT,dynamic instability: rho=1.56; dynamic amplification: max ||A^k||2=54.8,1.5594815823302268,54.80758218182872,54.80758218182872,3.446112301552896,0.6316623570363635,6.589023908658757,0.7344574786997757,1.0165082028874588,4.621091444307111,0.7372828227488926,6.740882506202613,6.0,2026Q2,2026Q3,2027Q4,True
KEN,OIL_YoY+HeatDryF | lag1 | KF | coeff=avg4 | EM=10 | P0=update,OIL_YoY+HeatDryF,10,True,avg4,Explosive,Good,Good,Acceptable,REJECT,dynamic instability: rho=2.09; dynamic amplification: max ||A^k||2=239.1,2.094606528848315,239.13553217679862,239.13553217679862,3.446112301552896,0.6316623570363635,6.351943903258007,0.6761106695276826,0.9666661672405139,4.755806047167553,0.5470626436875694,6.744509062896015,6.0,2026Q2,2026Q3,2027Q4,True
KEN,ENSO | lag1 | KF | coeff=last | EM=20 | P0=fixed,ENSO,20,False,last,Explosive,Unstable,Explosive,Extreme,REJECT,dynamic instability: rho=5057250704601930.00; dynamic amplification: max ||A^k||2=31652613875347039970729585712600760857198965160459850165463810048.0; coefficient explosion: max |theta|=165470719913760256.0,5057250704601930.0,3.165261387534704e+64,3.165261387534704e+64,1.6547071991376026e+17,3412663785660032.0,2.931871564637457e+108,2.931871564637456e+108,1.1228102004991448e+111,9.407603385928714e+48,0.0,2.931871564637457e+108,4.0,2026Q2,2026Q3,2027Q2,True
KEN,ENSO | lag1 | KF | coeff=avg8 | EM=20 | P0=fixed,ENSO,20,False,avg8,Explosive,Unstable,Explosive,Extreme,REJECT,dynamic instability: rho=4729203911828146.00; dynamic amplification: max ||A^k||2=24784654285171054430866396265549440668619195802033070369218232320.0; coefficient explosion: max |theta|=165470719913760256.0,4729203911828146.0,2.4784654285171054e+64,2.4784654285171054e+64,1.6547071991376026e+17,3412663785660032.0,2.2877157227366237e+108,2.287715722736623e+108,1.1300648328220522e+111,9.467537436682589e+48,0.0,2.2877157227366237e+108,4.0,2026Q2,2026Q3,2027Q2,True
KEN,ENSO | lag1 | KF | coeff=avg4 | EM=20 | P0=fixed,ENSO,20,False,avg4,Explosive,Unstable,Explosive,Extreme,REJECT,dynamic instability: rho=4887563653535872.00; dynamic amplification: max ||A^k||2=29917499443679566329233979629825056245109412423422853431141859328.0; coefficient explosion: max |theta|=165470719913760256.0,4887563653535872.0,2.9917499443679566e+64,2.9917499443679566e+64,1.6547071991376026e+17,3412663785660032.0,3.270675041013277e+108,3.270675041013276e+108,1.1592567843203307e+111,9.720058879242969e+48,0.0,3.270675041013277e+108,4.0,2026Q2,2026Q3,2027Q2,True
KEN,ENSO | lag1 | KF | coeff=avg4 | EM=30 | P0=fixed,ENSO,30,False,avg4,Explosive,Unstable,Explosive,Extreme,REJECT,dynamic instability: rho=326021619680298429139673625371302535677083648.00; dynamic amplification: max ||A^k||2=32335178966530358603593868892768009244873071552834232266971280353950806661466442854531391979399744991378045651485248415899935333364400499806919678251500697705027042393431893606400.0; coefficient explosion: max |theta|=1842386837399879461385461666652410651707703296.0,3.2602161968029843e+44,3.233517896653036e+178,3.233517896653036e+178,1.8423868373998795e+45,1.5525529977521138e+45,4.620351739977352e+307,4.620351739977352e+307,inf,,0.0,4.620351739977352e+307,4.0,2026Q2,2026Q3,2027Q2,True
KEN,ENSO | lag1 | KF | coeff=avg8 | EM=30 | P0=fixed,ENSO,30,False,avg8,Explosive,Unstable,Explosive,Extreme,REJECT,dynamic instability: rho=425879509495397243977454880323471823515680768.00; dynamic amplification: max ||A^k||2=101960540245525482229129220795596711059434829836317047186625965689781383370925747580498970062982581466384465343741462770597646810824827258185198856997233311792679012373479861256192.0; coefficient explosion: max |theta|=1842386837399879461385461666652410651707703296.0,4.2587950949539724e+44,1.0196054024552548e+179,1.0196054024552548e+179,1.8423868373998795e+45,1.5525529977521138e+45,1.3591134645187338e+308,1.3591134645187338e+308,inf,,0.0,1.3591134645187338e+308,4.0,2026Q2,2026Q3,2027Q2,True
KEN,ENSO | lag1 | KF | coeff=last | EM=30 | P0=fixed,ENSO,30,False,last,Explosive,Unstable,Good,Extreme,REJECT,dynamic instability: rho=3069601430723803388255508952664645828272455680.00; dynamic amplification: max ||A^k||2=236073036810040417687950598599248900175066146182578978944082180254101225932966089154727785086153273932459074638024663363901662101036148649674144601276832773135607891659054610233950208.0; coefficient explosion: max |theta|=4148613404342408071992092077474193751710629888.0,3.0696014307238034e+45,2.3607303681004042e+182,2.3607303681004042e+182,4.148613404342408e+45,1.5525529977521138e+45,inf,inf,inf,,0.0,inf,4.0,2026Q2,2026Q3,2027Q2,True
KEN,ENSO+HeatDry | lag1 | KF | coeff=avg4 | EM=20 | P0=fixed,ENSO+HeatDry,20,False,avg4,Explosive,Unstable,Explosive,Extreme,REJECT,dynamic instability: rho=130389715606388181099020866714633028763648.00; dynamic amplification: max ||A^k||2=963227618374905072278954115632476902585578383775385716047830943182756044665599428378744849137583983993280626226801016663051797565469483698454359642980725228430163968.0; coefficient explosion: max |theta|=247953147493658412008978071531567431286784.0,1.3038971560638818e+41,9.63227618374905e+164,9.63227618374905e+164,2.479531474936584e+41,9.864804735860644e+39,4.214135488149155e+278,4.214135488149155e+278,inf,,0.0,4.214135488149155e+278,4.0,2026Q2,2026Q3,2027Q2,True
KEN,ENSO+HeatDry | lag1 | KF | coeff=avg8 | EM=20 | P0=fixed,ENSO+HeatDry,20,False,avg8,Explosive,Unstable,Explosive,Extreme,REJECT,dynamic instability: rho=128380882048992699677183677440260965400576.00; dynamic amplification: max ||A^k||2=945887439048017440406975249593741025645696491538658465587686482187300572657009750077172894978294231551598010455124803467949401572071347509267007189980924322494021632.0; coefficient explosion: max |theta|=247953147493658412008978071531567431286784.0,1.283808820489927e+41,9.458874390480174e+164,9.458874390480174e+164,2.479531474936584e+41,9.864804735860644e+39,4.0920043982170286e+278,4.0920043982170286e+278,inf,,0.0,4.0920043982170286e+278,4.0,2026Q2,2026Q3,2027Q2,True
KEN,ENSO+HeatDry | lag1 | KF | coeff=last | EM=20 | P0=fixed,ENSO+HeatDry,20,False,last,Explosive,Unstable,Explosive,Extreme,REJECT,dynamic instability: rho=44667614799420541599232663762322501664768.00; dynamic amplification: max ||A^k||2=17373999066521001072575988216629929358681230753704274622323802595911283933724254263338910391958520485156303605877727133915627243821744434889690472012505226433003520.0; coefficient explosion: max |theta|=247953147493658412008978071531567431286784.0,4.466761479942054e+40,1.7373999066521e+163,1.7373999066521e+163,2.479531474936584e+41,9.864804735860644e+39,8.382956008827255e+276,8.382956008827255e+276,inf,,0.0,8.382956008827255e+276,4.0,2026Q2,2026Q3,2027Q2,True
KEN,HeatDry | lag1 | KF | coeff=avg4 | EM=20 | P0=fixed,HeatDry,20,False,avg4,Explosive,Unstable,Explosive,Extreme,REJECT,dynamic instability: rho=36267375134381633244478574690304.00; dynamic amplification: max ||A^k||2=34792473522851713396471119248390669288566742774263672065040430913226141534338518585870478402626294244861132186774943663768514319352098953717949132427195183689665952254922781711601347604774912.0; coefficient explosion: max |theta|=398677812908915819546363780136960.0,3.6267375134381633e+31,3.4792473522851713e+190,3.4792473522851713e+190,3.986778129089158e+32,4.8776613252078063e+30,5.696266757300541e+276,5.696266757300541e+276,inf,,0.0,5.696266757300541e+276,6.0,2026Q2,2026Q3,2027Q4,True
KEN,HeatDry | lag1 | KF | coeff=avg4 | EM=20 | P0=update,HeatDry,20,True,avg4,Explosive,Unstable,Good,Extreme,REJECT,dynamic instability: rho=10535935843219584872496308259513171968.00; dynamic amplification: max ||A^k||2=2803007331449426716711567982970502515742807093266733224941569692067917128123319339141501243610637561162515763771437465863192917056898192571133612470690736933377293336368196652346880318836090511287987045834377061170245795840.0; coefficient explosion: max |theta|=12590024165359332339962388493182697472.0,1.0535935843219585e+37,2.8030073314494267e+222,2.8030073314494267e+222,1.2590024165359332e+37,7.011237663584177e+35,inf,inf,inf,,0.0,inf,6.0,2026Q2,2026Q3,2027Q4,True
KEN,HeatDry | lag1 | KF | coeff=avg8 | EM=20 | P0=fixed,HeatDry,20,False,avg8,Explosive,Unstable,Explosive,Extreme,REJECT,dynamic instability: rho=37108072986619786106955347525632.00; dynamic amplification: max ||A^k||2=39288983272342159610326305150321617161706708468158504891360646847783257970233470712080788188731579612020150944670954835876812417837542355479985746383689692259657987110290586917505768953479168.0; coefficient explosion: max |theta|=398677812908915819546363780136960.0,3.7108072986619786e+31,3.928898327234216e+190,3.928898327234216e+190,3.986778129089158e+32,4.8776613252078063e+30,6.431763498112771e+276,6.431763498112771e+276,inf,,0.0,6.431763498112771e+276,6.0,2026Q2,2026Q3,2027Q4,True
KEN,HeatDry | lag1 | KF | coeff=avg8 | EM=20 | P0=update,HeatDry,20,True,avg8,Explosive,Unstable,Good,Extreme,REJECT,dynamic instability: rho=10510781618640661530851394578913689600.00; dynamic amplification: max ||A^k||2=2800741533109457903991592420672969843801750657274871987939479177846867008485276943482719397594660186365453986367778738739203667248170601273451619650181163182744534989452102469354446857451670037566291386789637963538174574592.0; coefficient explosion: max |theta|=12590024165359332339962388493182697472.0,1.0510781618640662e+37,2.800741533109458e+222,2.800741533109458e+222,1.2590024165359332e+37,7.011237663584177e+35,inf,inf,inf,,0.0,inf,6.0,2026Q2,2026Q3,2027Q4,True
KEN,HeatDry | lag1 | KF | coeff=last | EM=20 | P0=fixed,HeatDry,20,False,last,Explosive,Unstable,Explosive,Extreme,REJECT,dynamic instability: rho=77861763639064279765936521609216.00; dynamic amplification: max ||A^k||2=691251410619965931421023983369610864662077014173903676241415292702242677387570737437091517153076806882524979012929375434374067671619979662159044091733644696857126802096136779432208136778285056.0; coefficient explosion: max |theta|=398677812908915819546363780136960.0,7.786176363906428e+31,6.912514106199659e+191,6.912514106199659e+191,3.986778129089158e+32,4.8776613252078063e+30,1.0460493533963537e+278,1.0460493533963537e+278,inf,,0.0,1.0460493533963537e+278,6.0,2026Q2,2026Q3,2027Q4,True
KEN,HeatDry | lag1 | KF | coeff=last | EM=20 | P0=update,HeatDry,20,True,last,Explosive,Unstable,Explosive,Extreme,REJECT,dynamic instability: rho=716330036331131082763147334817677312.00; dynamic amplification: max ||A^k||2=161434311555963236855919897198087802359378612350325046115230197422302662691122564463695845806976867405180494719916455525119046569642670575915160925368071201075776625764020930958701973808728813846516359447895401824256.0; coefficient explosion: max |theta|=12590024165359332339962388493182697472.0,7.163300363311311e+35,1.6143431155596324e+215,1.6143431155596324e+215,1.2590024165359332e+37,7.011237663584177e+35,2.0505595435694713e+282,2.0505595435694713e+282,inf,,0.0,2.0505595435694713e+282,6.0,2026Q2,2026Q3,2027Q4,True
KEN,HeatDryF | lag1 | KF | coeff=avg4 | EM=20 | P0=update,HeatDryF,20,True,avg4,Explosive,Unstable,Good,Extreme,REJECT,dynamic instability: rho=78113235186163838419658209843216384.00; dynamic amplification: max ||A^k||2=2492552363161917959045388330048159568076643222209421224125269559997628428244024513344728692497088677715337035369123101617719177493643404488445629248958386993890930983575067889923186531728654841681876329955328000.0; coefficient explosion: max |theta|=521866875242197428569898635680022528.0,7.811323518616384e+34,2.492552363161918e+210,2.492552363161918e+210,5.218668752421974e+35,2.487811598476931e+34,inf,inf,inf,,0.0,inf,6.0,2026Q2,2026Q3,2027Q4,True
KEN,HeatDryF | lag1 | KF | coeff=avg8 | EM=20 | P0=update,HeatDryF,20,True,avg8,Explosive,Unstable,Good,Extreme,REJECT,dynamic instability: rho=74585096152823262474456744199192576.00; dynamic amplification: max ||A^k||2=1960812964867408972215595348995328596575927398948023437092878645461540196003628199666022648637969914807028664499171470705944370479072925411423938047297051546130000006456909204405039718178155899587154048326828032.0; coefficient explosion: max |theta|=521866875242197428569898635680022528.0,7.458509615282326e+34,1.960812964867409e+210,1.960812964867409e+210,5.218668752421974e+35,2.487811598476931e+34,inf,inf,inf,,0.0,inf,6.0,2026Q2,2026Q3,2027Q4,True
KEN,HeatDryF | lag1 | KF | coeff=last | EM=20 | P0=update,HeatDryF,20,True,last,Explosive,Unstable,Explosive,Extreme,REJECT,dynamic instability: rho=7470517772377684138396243082608640.00; dynamic amplification: max ||A^k||2=3764280585054407991928463091342674491678270184831524687846395825836599304836264902738358967340886372302223265157204419515950579198955483761546882229095204981199758949795004243850478072417253537580436160512.0; coefficient explosion: max |theta|=521866875242197428569898635680022528.0,7.470517772377684e+33,3.764280585054408e+204,3.764280585054408e+204,5.218668752421974e+35,2.487811598476931e+34,4.2220518055136997e+303,4.2220518055136997e+303,inf,,0.0,4.2220518055136997e+303,6.0,2026Q2,2026Q3,2027Q4,True
KEN,OIL_YoY+HeatDry | lag1 | KF | coeff=avg4 | EM=20 | P0=fixed,OIL_YoY+HeatDry,20,False,avg4,Explosive,Unstable,Explosive,Extreme,REJECT,dynamic instability: rho=12313992080869879185408.00; dynamic amplification: max ||A^k||2=65611097586755010260144332080792056555547235621184980503232285593342576680687077845151492872492656747056366429191074108121274893991936.0; coefficient explosion: max |theta|=127502819612828742189056.0,1.231399208086988e+22,6.561109758675501e+133,6.561109758675501e+133,1.2750281961282874e+23,4.5408195609280224e+21,1.6172192376434891e+192,1.6172192376434891e+192,inf,,0.0,1.6172192376434891e+192,6.0,2026Q2,2026Q3,2027Q4,True
KEN,OIL_YoY+HeatDry | lag1 | KF | coeff=avg4 | EM=20 | P0=update,OIL_YoY+HeatDry,20,True,avg4,Explosive,Unstable,Explosive,Extreme,REJECT,dynamic instability: rho=11244834722459564624031252480.00; dynamic amplification: max ||A^k||2=8014678699458938312623713863156510726797923410822556945190325308682491960780593363593257113473412275347236245092839463475875996005537289712510021942201575637389838123008.0; coefficient explosion: max |theta|=48348051024554613776649814016.0,1.1244834722459565e+28,8.014678699458938e+168,8.014678699458938e+168,4.834805102455461e+28,1.9876182064582722e+28,1.924710725328302e+231,1.924710725328302e+231,inf,,0.0,1.924710725328302e+231,6.0,2026Q2,2026Q3,2027Q4,True
KEN,OIL_YoY+HeatDry | lag1 | KF | coeff=avg4 | EM=30 | P0=fixed,OIL_YoY+HeatDry,30,False,avg4,Explosive,Unstable,Explosive,Extreme,REJECT,dynamic instability: rho=8813932093401620600352772743725582668351406080.00; dynamic amplification: max ||A^k||2=1004034327303197938168007510244629479067617238873946000002046850081982221410253065883622149953978754793254474403878193942980807891812461873630402213447960558128608960823551436612992053812642431181155950582233228008228172196937066763568378026615735332603758601626036013570719744.0; coefficient explosion: max |theta|=19985700947748969954492934956738975659443879936.0,8.81393209340162e+45,1.0040343273031979e+276,1.0040343273031979e+276,1.998570094774897e+46,8.013662239576588e+45,5.033958351401876e+266,5.033958351401876e+266,inf,,0.0,5.033958351401876e+266,6.0,2026Q2,2026Q3,2027Q4,True
KEN,OIL_YoY+HeatDry | lag1 | KF | coeff=avg8 | EM=20 | P0=fixed,OIL_YoY+HeatDry,20,False,avg8,Explosive,Unstable,Explosive,Extreme,REJECT,dynamic instability: rho=12682972018508023463936.00; dynamic amplification: max ||A^k||2=77695147505614600827312806863977376074884436884460972070029062755149706777577365017281589031961105720924683587192820371537171241238528.0; coefficient explosion: max |theta|=127502819612828742189056.0,1.2682972018508023e+22,7.76951475056146e+133,7.76951475056146e+133,1.2750281961282874e+23,4.5408195609280224e+21,1.9085130114189756e+192,1.9085130114189756e+192,inf,,0.0,1.9085130114189756e+192,6.0,2026Q2,2026Q3,2027Q4,True
KEN,OIL_YoY+HeatDry | lag1 | KF | coeff=avg8 | EM=20 | P0=update,OIL_YoY+HeatDry,20,True,avg8,Explosive,Unstable,Explosive,Extreme,REJECT,dynamic instability: rho=5923101503056592951222206464.00; dynamic amplification: max ||A^k||2=169487649173749907314455980256168011217553960905616858881891565422325749629687842678949732280435801058405637238059419721327101994145371153924331292693761945439653855232.0; coefficient explosion: max |theta|=48348051024554613776649814016.0,5.923101503056593e+27,1.694876491737499e+167,1.694876491737499e+167,4.834805102455461e+28,1.9876182064582722e+28,4.0631294894678995e+229,4.0631294894678995e+229,inf,,0.0,4.0631294894678995e+229,6.0,2026Q2,2026Q3,2027Q4,True
KEN,OIL_YoY+HeatDry | lag1 | KF | coeff=avg8 | EM=30 | P0=fixed,OIL_YoY+HeatDry,30,False,avg8,Explosive,Unstable,Explosive,Extreme,REJECT,dynamic instability: rho=4768446090789146307695640503997565050233552896.00; dynamic amplification: max ||A^k||2=25425723196527920267053469565743005105560152713557620700074894210832906165979846786013347247216075254409326256367224025033625139208550521796697528726303673115518881317929260730897458294295696911851711726689679933665475909656407663840788806884588948992858933622443173818138624.0; coefficient explosion: max |theta|=19985700947748969954492934956738975659443879936.0,4.768446090789146e+45,2.542572319652792e+274,2.542572319652792e+274,1.998570094774897e+46,8.013662239576588e+45,5.951297215200043e+265,5.951297215200043e+265,inf,,0.0,5.951297215200043e+265,6.0,2026Q2,2026Q3,2027Q4,True
KEN,OIL_YoY+HeatDry | lag1 | KF | coeff=last | EM=20 | P0=fixed,OIL_YoY+HeatDry,20,False,last,Explosive,Unstable,Explosive,Extreme,REJECT,dynamic instability: rho=54619351336855623696384.00; dynamic amplification: max ||A^k||2=123802893860291694038976679362979791266577346513014445694870956427119428766420022257329225250805288062653390736993482037073780956716859392.0; coefficient explosion: max |theta|=150726998881890916630528.0,5.461935133685562e+22,1.238028938602917e+137,1.238028938602917e+137,1.5072699888189092e+23,4.5408195609280224e+21,2.3069126841721095e+195,2.3069126841721095e+195,inf,,0.0,2.3069126841721095e+195,6.0,2026Q2,2026Q3,2027Q4,True
KEN,OIL_YoY+HeatDry | lag1 | KF | coeff=last | EM=20 | P0=update,OIL_YoY+HeatDry,20,True,last,Explosive,Unstable,Explosive,Extreme,REJECT,dynamic instability: rho=17627976991783690174464.00; dynamic amplification: max ||A^k||2=75800010181227104639172434711806238139700003969537992472203208637301582135853694622554172931225873095550796645465722296945951461343232.0; coefficient explosion: max |theta|=48348051024554613776649814016.0,1.762797699178369e+22,7.58000101812271e+133,7.58000101812271e+133,4.834805102455461e+28,1.9876182064582722e+28,2.6400519141672632e+196,2.6400519141672632e+196,inf,,0.0,2.6400519141672632e+196,6.0,2026Q2,2026Q3,2027Q4,True
KEN,OIL_YoY+HeatDry | lag1 | KF | coeff=last | EM=30 | P0=fixed,OIL_YoY+HeatDry,30,False,last,Explosive,Unstable,Good,Extreme,REJECT,dynamic instability: rho=48631275628193309914296744550484627031383343104.00; dynamic amplification: max ||A^k||2=51185912657081245958710523242888817369493597000742347548641665786998905336375124601696324253685031055019069853379391181236334024024870385696004035463484043594816868686473392909433006288224870861700942653124413410336280917873218860070378519856795518586309604672150953639442187812864.0; coefficient explosion: max |theta|=114742035193027819835200002204894835286076293120.0,4.863127562819331e+46,5.1185912657081246e+280,5.1185912657081246e+280,1.1474203519302782e+47,8.013662239576588e+45,inf,inf,inf,,0.0,inf,6.0,2026Q2,2026Q3,2027Q4,True
KEN,OIL_YoY+HeatDryF | lag1 | KF | coeff=avg4 | EM=20 | P0=fixed,OIL_YoY+HeatDryF,20,False,avg4,Explosive,Unstable,Good,Extreme,REJECT,dynamic instability: rho=2630294577975806153584226822588796502016.00; dynamic amplification: max ||A^k||2=526813322285851233273000165025745332760483651921514247336486200468272384127435228932773067034980884299413933360745753447222814659334980470495212765833242721572314214033138763874720677656700142370508799759875111356889039847704104009728000.0; coefficient explosion: max |theta|=3564382331858501570706015330766728200192.0,2.6302945779758062e+39,5.268133222858512e+236,5.268133222858512e+236,3.5643823318585016e+39,1.3405489897129882e+39,inf,inf,inf,,0.0,inf,6.0,2026Q2,2026Q3,2027Q4,True
KEN,OIL_YoY+HeatDryF | lag1 | KF | coeff=avg4 | EM=20 | P0=update,OIL_YoY+HeatDryF,20,True,avg4,Explosive,Unstable,Explosive,Extreme,REJECT,dynamic instability: rho=13682255522832424229851365376.00; dynamic amplification: max ||A^k||2=55077522646465588052578974539567426526152975563041434056201215649584904145184332711625195558940985014721039426323913940331266576778610432673594593558149399529049770950656.0; coefficient explosion: max |theta|=81718485485746524441175654400.0,1.3682255522832424e+28,5.507752264646559e+169,5.507752264646559e+169,8.171848548574652e+28,2.1624050221897072e+26,2.3458290523072282e+247,2.3458290523072282e+247,inf,,0.0,2.3458290523072282e+247,6.0,2026Q2,2026Q3,2027Q4,True
KEN,OIL_YoY+HeatDryF | lag1 | KF | coeff=avg8 | EM=20 | P0=fixed,OIL_YoY+HeatDryF,20,False,avg8,Explosive,Unstable,Good,Extreme,REJECT,dynamic instability: rho=1498977984391223788268251574470552059904.00; dynamic amplification: max ||A^k||2=18471970841374031218113014029900173854644361604755063066776572441109442353443984116429022452647837691721084848569902835390654715628672475479586790645448973946942264480401297841362109303843907922871286691189200556589357703327043276505088.0; coefficient explosion: max |theta|=3564382331858501570706015330766728200192.0,1.4989779843912238e+39,1.847197084137403e+235,1.847197084137403e+235,3.5643823318585016e+39,1.3405489897129882e+39,inf,inf,inf,,0.0,inf,6.0,2026Q2,2026Q3,2027Q4,True
KEN,OIL_YoY+HeatDryF | lag1 | KF | coeff=avg8 | EM=20 | P0=update,OIL_YoY+HeatDryF,20,True,avg8,Explosive,Unstable,Explosive,Extreme,REJECT,dynamic instability: rho=13632871821122949462437658624.00; dynamic amplification: max ||A^k||2=54599406398135108297911507039594455013985352473319409551547415822593585414073486082160005804100976845249052608871088656380111146213597145358375307454159387635310321991680.0; coefficient explosion: max |theta|=81718485485746524441175654400.0,1.363287182112295e+28,5.459940639813511e+169,5.459940639813511e+169,8.171848548574652e+28,2.1624050221897072e+26,2.325160654039236e+247,2.325160654039236e+247,inf,,0.0,2.325160654039236e+247,6.0,2026Q2,2026Q3,2027Q4,True
KEN,OIL_YoY+HeatDryF | lag1 | KF | coeff=last | EM=20 | P0=fixed,OIL_YoY+HeatDryF,20,False,last,Explosive,Unstable,Explosive,Extreme,REJECT,dynamic instability: rho=2611460162765002050322185770327542333440.00; dynamic amplification: max ||A^k||2=582690036120924847200092842210405481508383063437266646816952129111188502409587046836919307376406226344508676809070017375814747232743210522674131965267236340693171213349958570199390928790827556525950949618820547665416983218751594462969856.0; coefficient explosion: max |theta|=3564382331858501570706015330766728200192.0,2.611460162765002e+39,5.8269003612092485e+236,5.8269003612092485e+236,3.5643823318585016e+39,1.3405489897129882e+39,7.087924166155265e+270,7.087924166155265e+270,inf,,0.0,7.087924166155265e+270,6.0,2026Q2,2026Q3,2027Q4,True
KEN,OIL_YoY+HeatDryF | lag1 | KF | coeff=last | EM=20 | P0=update,OIL_YoY+HeatDryF,20,True,last,Explosive,Unstable,Explosive,Extreme,REJECT,dynamic instability: rho=6567371251879627290484670464.00; dynamic amplification: max ||A^k||2=178335046143590735075716625321102962001584187161447935085000972335645502731024504052442884345834139346517354359280841488701205800179105624185896162259094794436270358528.0; coefficient explosion: max |theta|=81718485485746524441175654400.0,6.567371251879627e+27,1.7833504614359074e+167,1.7833504614359074e+167,8.171848548574652e+28,2.1624050221897072e+26,6.92044586476383e+244,6.92044586476383e+244,inf,,0.0,6.92044586476383e+244,6.0,2026Q2,2026Q3,2027Q4,True
MEX,ENSO | lag1 | KF | coeff=last | EM=10 | P0=fixed,ENSO,10,False,last,Good,Good,Good,Acceptable,KEEP,stable/coherent by coarse thresholds,0.8898620369292543,0.9245510974022209,0.6881011856860488,0.8895558288960648,0.04331051006659559,3.8154783322529995,0.20001979013254023,1.2023789827265905,1.5258646850819508,1.0574963727243922,4.571601401758775,4.0,2026Q2,2026Q3,2027Q2,True
MEX,ENSO | lag1 | KF | coeff=last | EM=20 | P0=fixed,ENSO,20,False,last,Good,Good,Good,Acceptable,KEEP,stable/coherent by coarse thresholds,0.8898620369292543,0.9245510974022209,0.6881011856860488,0.8895558288960648,0.04331051006659559,3.8154783322529995,0.20001979013254023,1.2023789827265905,1.5258646850819508,1.0574963727243922,4.571601401758775,4.0,2026Q2,2026Q3,2027Q2,True
MEX,ENSO | lag1 | KF | coeff=last | EM=30 | P0=fixed,ENSO,30,False,last,Good,Good,Good,Acceptable,KEEP,stable/coherent by coarse thresholds,0.8898620369292543,0.9245510974022209,0.6881011856860488,0.8895558288960648,0.04331051006659559,3.8154783322529995,0.20001979013254023,1.2023789827265905,1.5258646850819508,1.0574963727243922,4.571601401758775,4.0,2026Q2,2026Q3,2027Q2,True
MEX,ENSO | lag1 | KF | coeff=last | EM=50 | P0=fixed,ENSO,50,False,last,Good,Good,Good,Acceptable,KEEP,stable/coherent by coarse thresholds,0.8898620369292543,0.9245510974022209,0.6881011856860488,0.8895558288960648,0.04331051006659559,3.8154783322529995,0.20001979013254023,1.2023789827265905,1.5258646850819508,1.0574963727243922,4.571601401758775,4.0,2026Q2,2026Q3,2027Q2,True
MEX,ENSO | lag1 | KF | coeff=avg4 | EM=10 | P0=fixed,ENSO,10,False,avg4,Good,Good,Good,Acceptable,KEEP,stable/coherent by coarse thresholds,0.887191176494022,0.9237771073807749,0.6886401829364923,0.8895558288960648,0.04331051006659559,3.7942985870980244,0.296028554167028,1.1717647350773164,1.4570989508917904,1.1460432190168806,4.513989408000667,4.0,2026Q2,2026Q3,2027Q2,True
MEX,ENSO | lag1 | KF | coeff=avg4 | EM=20 | P0=fixed,ENSO,20,False,avg4,Good,Good,Good,Acceptable,KEEP,stable/coherent by coarse thresholds,0.887191176494022,0.9237771073807749,0.6886401829364923,0.8895558288960648,0.04331051006659559,3.7942985870980244,0.296028554167028,1.1717647350773164,1.4570989508917904,1.1460432190168806,4.513989408000667,4.0,2026Q2,2026Q3,2027Q2,True
MEX,ENSO | lag1 | KF | coeff=avg4 | EM=30 | P0=fixed,ENSO,30,False,avg4,Good,Good,Good,Acceptable,KEEP,stable/coherent by coarse thresholds,0.887191176494022,0.9237771073807749,0.6886401829364923,0.8895558288960648,0.04331051006659559,3.7942985870980244,0.296028554167028,1.1717647350773164,1.4570989508917904,1.1460432190168806,4.513989408000667,4.0,2026Q2,2026Q3,2027Q2,True
MEX,ENSO | lag1 | KF | coeff=avg4 | EM=50 | P0=fixed,ENSO,50,False,avg4,Good,Good,Good,Acceptable,KEEP,stable/coherent by coarse thresholds,0.887191176494022,0.9237771073807749,0.6886401829364923,0.8895558288960648,0.04331051006659559,3.7942985870980244,0.296028554167028,1.1717647350773164,1.4570989508917904,1.1460432190168806,4.513989408000667,4.0,2026Q2,2026Q3,2027Q2,True
MEX,ENSO | lag1 | KF | coeff=avg8 | EM=10 | P0=fixed,ENSO,10,False,avg8,Good,Good,Good,Acceptable,KEEP,stable/coherent by coarse thresholds,0.8729080752000198,0.92066042616364,0.6818933750587448,0.8895558288960648,0.04331051006659559,3.698631116579102,0.32807090522174853,1.1773474227725638,1.4822777161023737,1.1692890880835125,4.3301603700066975,4.0,2026Q2,2026Q3,2027Q2,True
MEX,ENSO | lag1 | KF | coeff=avg8 | EM=20 | P0=fixed,ENSO,20,False,avg8,Good,Good,Good,Acceptable,KEEP,stable/coherent by coarse thresholds,0.8729080752000198,0.92066042616364,0.6818933750587448,0.8895558288960648,0.04331051006659559,3.698631116579102,0.32807090522174853,1.1773474227725638,1.4822777161023737,1.1692890880835125,4.3301603700066975,4.0,2026Q2,2026Q3,2027Q2,True
MEX,ENSO | lag1 | KF | coeff=avg8 | EM=30 | P0=fixed,ENSO,30,False,avg8,Good,Good,Good,Acceptable,KEEP,stable/coherent by coarse thresholds,0.8729080752000198,0.92066042616364,0.6818933750587448,0.8895558288960648,0.04331051006659559,3.698631116579102,0.32807090522174853,1.1773474227725638,1.4822777161023737,1.1692890880835125,4.3301603700066975,4.0,2026Q2,2026Q3,2027Q2,True
MEX,ENSO | lag1 | KF | coeff=avg8 | EM=50 | P0=fixed,ENSO,50,False,avg8,Good,Good,Good,Acceptable,KEEP,stable/coherent by coarse thresholds,0.8729080752000198,0.92066042616364,0.6818933750587448,0.8895558288960648,0.04331051006659559,3.698631116579102,0.32807090522174853,1.1773474227725638,1.4822777161023737,1.1692890880835125,4.3301603700066975,4.0,2026Q2,2026Q3,2027Q2,True
MEX,ENSO+HeatDryF | lag1 | KF | coeff=last | EM=10 | P0=fixed,ENSO+HeatDryF,10,False,last,Good,Good,Good,Acceptable,KEEP,stable/coherent by coarse thresholds,0.893984508112229,0.9332779025474194,0.6922759248999766,0.8933176651717354,0.06754593943108668,3.837511379955244,0.921649411126537,2.5102644293551,2.2585257588331373,1.6030490596263753,4.598880698349085,4.0,2026Q2,2026Q3,2027Q2,True
MEX,ENSO+HeatDryF | lag1 | KF | coeff=last | EM=20 | P0=fixed,ENSO+HeatDryF,20,False,last,Good,Good,Good,Acceptable,KEEP,stable/coherent by coarse thresholds,0.893984508112229,0.9332779025474194,0.6922759248999766,0.8933176651717354,0.06754593943108668,3.837511379955244,0.921649411126537,2.5102644293551,2.2585257588331373,1.6030490596263753,4.598880698349085,4.0,2026Q2,2026Q3,2027Q2,True
MEX,ENSO+HeatDryF | lag1 | KF | coeff=last | EM=30 | P0=fixed,ENSO+HeatDryF,30,False,last,Good,Good,Good,Acceptable,KEEP,stable/coherent by coarse thresholds,0.893984508112229,0.9332779025474194,0.6922759248999766,0.8933176651717354,0.06754593943108668,3.837511379955244,0.921649411126537,2.5102644293551,2.2585257588331373,1.6030490596263753,4.598880698349085,4.0,2026Q2,2026Q3,2027Q2,True
MEX,ENSO+HeatDryF | lag1 | KF | coeff=last | EM=50 | P0=fixed,ENSO+HeatDryF,50,False,last,Good,Good,Good,Acceptable,KEEP,stable/coherent by coarse thresholds,0.893984508112229,0.9332779025474194,0.6922759248999766,0.8933176651717354,0.06754593943108668,3.837511379955244,0.921649411126537,2.5102644293551,2.2585257588331373,1.6030490596263753,4.598880698349085,4.0,2026Q2,2026Q3,2027Q2,True
MEX,ENSO+HeatDryF | lag1 | KF | coeff=avg8 | EM=10 | P0=fixed,ENSO+HeatDryF,10,False,avg8,Good,Good,Good,Acceptable,KEEP,stable/coherent by coarse thresholds,0.8759871241260686,0.9306942324429864,0.6936404757263079,0.8933176651717354,0.06754593943108668,3.7032992027340272,0.6768132161271097,2.487002623696262,2.2436763522655885,2.1430702890762094,4.143839320382776,4.0,2026Q2,2026Q3,2027Q2,True
MEX,ENSO+HeatDryF | lag1 | KF | coeff=avg8 | EM=20 | P0=fixed,ENSO+HeatDryF,20,False,avg8,Good,Good,Good,Acceptable,KEEP,stable/coherent by coarse thresholds,0.8759871241260686,0.9306942324429864,0.6936404757263079,0.8933176651717354,0.06754593943108668,3.7032992027340272,0.6768132161271097,2.487002623696262,2.2436763522655885,2.1430702890762094,4.143839320382776,4.0,2026Q2,2026Q3,2027Q2,True
MEX,ENSO+HeatDryF | lag1 | KF | coeff=avg8 | EM=30 | P0=fixed,ENSO+HeatDryF,30,False,avg8,Good,Good,Good,Acceptable,KEEP,stable/coherent by coarse thresholds,0.8759871241260686,0.9306942324429864,0.6936404757263079,0.8933176651717354,0.06754593943108668,3.7032992027340272,0.6768132161271097,2.487002623696262,2.2436763522655885,2.1430702890762094,4.143839320382776,4.0,2026Q2,2026Q3,2027Q2,True
MEX,ENSO+HeatDryF | lag1 | KF | coeff=avg8 | EM=50 | P0=fixed,ENSO+HeatDryF,50,False,avg8,Good,Good,Good,Acceptable,KEEP,stable/coherent by coarse thresholds,0.8759871241260686,0.9306942324429864,0.6936404757263079,0.8933176651717354,0.06754593943108668,3.7032992027340272,0.6768132161271097,2.487002623696262,2.2436763522655885,2.1430702890762094,4.143839320382776,4.0,2026Q2,2026Q3,2027Q2,True
MEX,ENSO+HeatDryF | lag1 | KF | coeff=avg4 | EM=10 | P0=fixed,ENSO+HeatDryF,10,False,avg4,Good,Good,Good,Acceptable,KEEP,stable/coherent by coarse thresholds,0.8920686466375748,0.9354872866693743,0.7010184555953527,0.8933176651717354,0.06754593943108668,3.8174206790472103,0.6741164462566329,2.476560133849665,2.2291770733516696,2.159261204683819,4.524114783926192,4.0,2026Q2,2026Q3,2027Q2,True
MEX,ENSO+HeatDryF | lag1 | KF | coeff=avg4 | EM=20 | P0=fixed,ENSO+HeatDryF,20,False,avg4,Good,Good,Good,Acceptable,KEEP,stable/coherent by coarse thresholds,0.8920686466375748,0.9354872866693743,0.7010184555953527,0.8933176651717354,0.06754593943108668,3.8174206790472103,0.6741164462566329,2.476560133849665,2.2291770733516696,2.159261204683819,4.524114783926192,4.0,2026Q2,2026Q3,2027Q2,True
MEX,ENSO+HeatDryF | lag1 | KF | coeff=avg4 | EM=30 | P0=fixed,ENSO+HeatDryF,30,False,avg4,Good,Good,Good,Acceptable,KEEP,stable/coherent by coarse thresholds,0.8920686466375748,0.9354872866693743,0.7010184555953527,0.8933176651717354,0.06754593943108668,3.8174206790472103,0.6741164462566329,2.476560133849665,2.2291770733516696,2.159261204683819,4.524114783926192,4.0,2026Q2,2026Q3,2027Q2,True
MEX,ENSO+HeatDryF | lag1 | KF | coeff=avg4 | EM=50 | P0=fixed,ENSO+HeatDryF,50,False,avg4,Good,Good,Good,Acceptable,KEEP,stable/coherent by coarse thresholds,0.8920686466375748,0.9354872866693743,0.7010184555953527,0.8933176651717354,0.06754593943108668,3.8174206790472103,0.6741164462566329,2.476560133849665,2.2291770733516696,2.159261204683819,4.524114783926192,4.0,2026Q2,2026Q3,2027Q2,True
MEX,HeatDry | lag1 | KF | coeff=last | EM=10 | P0=fixed,HeatDry,10,False,last,Good,Borderline,Good,Acceptable,BORDERLINE,large coefficients: max |theta|=24.8; end-sample coefficient jump=6.1; CI expands quickly: ratio=6.5,0.8998306112089419,0.9797997776932298,0.6731810087465641,24.774095741621924,6.131868824168574,4.2211214251839735,0.5037016143455633,1.4418261230520013,6.512884383425704,0.9316702810955007,4.588208863218007,6.0,2026Q2,2026Q3,2027Q4,True
MEX,ENSO | lag1 | KF | coeff=last | EM=10 | P0=update,ENSO,10,True,last,Good,Unstable,Good,Acceptable,REJECT,coefficient explosion: max |theta|=30.0,0.8905594471112073,0.9226653613574667,0.6723649215223247,29.99706804151884,5.903335083019126,3.849838589624463,0.19604677144371108,1.1650892286182128,1.555289765006195,1.0816794577282431,4.666887354691883,4.0,2026Q2,2026Q3,2027Q2,True
MEX,ENSO | lag1 | KF | coeff=last | EM=20 | P0=update,ENSO,20,True,last,Good,Unstable,Good,Acceptable,REJECT,coefficient explosion: max |theta|=30.0,0.8905594471112073,0.9226653613574667,0.6723649215223247,29.99706804151884,5.903335083019126,3.849838589624463,0.19604677144371108,1.1650892286182128,1.555289765006195,1.0816794577282431,4.666887354691883,4.0,2026Q2,2026Q3,2027Q2,True
MEX,ENSO | lag1 | KF | coeff=last | EM=30 | P0=update,ENSO,30,True,last,Good,Unstable,Good,Acceptable,REJECT,coefficient explosion: max |theta|=30.0,0.8905594471112073,0.9226653613574667,0.6723649215223247,29.99706804151884,5.903335083019126,3.849838589624463,0.19604677144371108,1.1650892286182128,1.555289765006195,1.0816794577282431,4.666887354691883,4.0,2026Q2,2026Q3,2027Q2,True
MEX,ENSO | lag1 | KF | coeff=last | EM=50 | P0=update,ENSO,50,True,last,Good,Unstable,Good,Acceptable,REJECT,coefficient explosion: max |theta|=30.0,0.8905594471112073,0.9226653613574667,0.6723649215223247,29.99706804151884,5.903335083019126,3.849838589624463,0.19604677144371108,1.1650892286182128,1.555289765006195,1.0816794577282431,4.666887354691883,4.0,2026Q2,2026Q3,2027Q2,True
MEX,HeatDryF | lag1 | KF | coeff=last | EM=10 | P0=fixed,HeatDryF,10,False,last,Good,Unstable,Good,Acceptable,REJECT,coefficient explosion: max |theta|=57.1; end-sample coefficient jump=13.6,0.9017389022057141,1.0112673978604971,0.6164810677557853,57.09022942071039,13.625653325270466,3.9748511971519056,0.5526052086851043,1.9627352388010832,6.968860652512497,0.6344716952313822,4.240515692868706,6.0,2026Q2,2026Q3,2027Q4,True
MEX,OIL_YoY+HeatDryF | lag1 | KF | coeff=last | EM=10 | P0=update,OIL_YoY+HeatDryF,10,True,last,Good,Unstable,Good,Acceptable,REJECT,coefficient explosion: max |theta|=530205872218939972849377123011395584.0; end-sample coefficient jump=585267058184302704175935896468586496.0,0.8354510582817771,1.3780441360659483,0.48937421004183107,5.3020587221894e+35,5.852670581843027e+35,4.284997806842435,1.0124433984550136,1.7577888177164804,7.117568318889918,1.0550292529389802,4.281710750933954,6.0,2026Q2,2026Q3,2027Q4,True
MEX,OIL_YoY+HeatDryF | lag1 | KF | coeff=last | EM=10 | P0=fixed,OIL_YoY+HeatDryF,10,False,last,Good,Unstable,Good,Acceptable,REJECT,coefficient explosion: max |theta|=31.4; end-sample coefficient jump=18.3; rapid CI expansion: ratio=8.6,0.82114768646865,1.5250574141647701,0.7986121628504856,31.434861764678708,18.296637353398104,4.247643104572653,0.9523080165180775,1.666612143658299,8.612793932626708,0.8909885568361997,4.244822176612472,6.0,2026Q2,2026Q3,2027Q4,True
MEX,HeatDryF | lag1 | KF | coeff=last | EM=10 | P0=update,HeatDryF,10,True,last,Good,Unstable,Good,Acceptable,REJECT,coefficient explosion: max |theta|=13842405258837679128459470157827396507662642261581740638208.0; end-sample coefficient jump=12364868794165522995908262571807436055289280603059287752704.0,0.9524637100953869,1.5880787422963596,0.7873550081876682,1.384240525883768e+58,1.2364868794165523e+58,3.8066956906166984,0.5140211756347057,2.1229747347308834,7.982169117391132,0.7067932126535204,3.7965569786936033,6.0,2026Q2,2026Q3,2027Q4,True
MEX,OIL_YoY+HeatDry | lag1 | KF | coeff=last | EM=10 | P0=fixed,OIL_YoY+HeatDry,10,False,last,Good,Unstable,Good,Acceptable,REJECT,coefficient explosion: max |theta|=123.5; end-sample coefficient jump=19.6,0.83545813816561,2.1153569274410655,0.5310372304258179,123.51250205377387,19.630824154592545,4.609330449463174,1.3559640676374072,1.7506705138619854,6.21744284762862,1.094386909766983,4.6035344802940426,6.0,2026Q2,2026Q3,2027Q4,True
MEX,HeatDry | lag1 | KF | coeff=last | EM=10 | P0=update,HeatDry,10,True,last,Good,Unstable,Good,Acceptable,REJECT,coefficient explosion: max |theta|=35618264176587377717052067757430520615534592.0; end-sample coefficient jump=30209575257168216786826022441657256181235712.0,0.9731159203521327,2.4094835715155227,2.3923483867461557,3.561826417658738e+43,3.0209575257168217e+43,3.8591334447828043,0.8483363179165022,1.8804466601381418,6.84624822415368,1.3315008722850046,3.8407918372329997,6.0,2026Q2,2026Q3,2027Q4,True
MEX,ENSO+HeatDryF | lag1 | KF | coeff=last | EM=10 | P0=update,ENSO+HeatDryF,10,True,last,Explosive,Unstable,Good,Acceptable,REJECT,dynamic amplification: max ||A^k||2=9.4; end-sample coefficient jump=12.5,0.9042365023208921,9.42350033726614,3.228947559680892,17.040947214167442,12.493752818645117,3.8618549426762803,0.863392052388219,4.2411482179522695,3.706740122623107,1.6376787682569907,4.7283159658281,4.0,2026Q2,2026Q3,2027Q2,True
MEX,OIL_YoY+HeatDry | lag1 | KF | coeff=last | EM=10 | P0=update,OIL_YoY+HeatDry,10,True,last,Explosive,Unstable,Good,Acceptable,REJECT,dynamic amplification: max ||A^k||2=11.3; coefficient explosion: max |theta|=314702300821126603642893336752980949032895711192723684994318336.0; end-sample coefficient jump=208686050573015954087445326847822117067752092078207210740514816.0,0.8823967996642941,11.301666739166377,2.126884868563193,3.147023008211266e+62,2.0868605057301595e+62,4.447508400084752,1.1793820420251233,4.508100929874835,15.825220635794173,1.0063459225168807,4.441696218350113,6.0,2026Q2,2026Q3,2027Q4,True
MEX,OIL_YoY+HeatDryF | lag1 | KF | coeff=avg4 | EM=10 | P0=fixed,OIL_YoY+HeatDryF,10,False,avg4,Explosive,Unstable,Good,Acceptable,REJECT,dynamic amplification: max ||A^k||2=45.4; coefficient explosion: max |theta|=31.4; end-sample coefficient jump=18.3,0.8172887363884122,45.37664086425116,40.04009142698281,31.434861764678708,18.296637353398104,3.8336665233036316,1.0763984638974202,10.350766192202244,58.558854016330436,1.5580855183343123,3.8285850650706252,6.0,2026Q2,2026Q3,2027Q4,True
MEX,ENSO+HeatDry | lag1 | KF | coeff=last | EM=20 | P0=fixed,ENSO+HeatDry,20,False,last,Failed,—,—,—,REJECT,no EM result / insufficient complete data,,,,,,,,,,,,,,,,
MEX,ENSO+HeatDry | lag1 | KF | coeff=last | EM=30 | P0=fixed,ENSO+HeatDry,30,False,last,Failed,—,—,—,REJECT,no EM result / insufficient complete data,,,,,,,,,,,,,,,,
MEX,ENSO+HeatDry | lag1 | KF | coeff=last | EM=30 | P0=update,ENSO+HeatDry,30,True,last,Failed,—,—,—,REJECT,no EM result / insufficient complete data,,,,,,,,,,,,,,,,
MEX,ENSO+HeatDry | lag1 | KF | coeff=last | EM=50 | P0=fixed,ENSO+HeatDry,50,False,last,Failed,—,—,—,REJECT,no EM result / insufficient complete data,,,,,,,,,,,,,,,,
MEX,ENSO+HeatDry | lag1 | KF | coeff=last | EM=50 | P0=update,ENSO+HeatDry,50,True,last,Failed,—,—,—,REJECT,no EM result / insufficient complete data,,,,,,,,,,,,,,,,
MEX,ENSO+HeatDryF | lag1 | KF | coeff=last | EM=20 | P0=update,ENSO+HeatDryF,20,True,last,Failed,—,—,—,REJECT,exception: LinAlgError: SVD did not converge,,,,,,,,,,,,,,,,
MEX,ENSO+HeatDryF | lag1 | KF | coeff=last | EM=30 | P0=update,ENSO+HeatDryF,30,True,last,Failed,—,—,—,REJECT,no EM result / insufficient complete data,,,,,,,,,,,,,,,,
MEX,ENSO+HeatDryF | lag1 | KF | coeff=last | EM=50 | P0=update,ENSO+HeatDryF,50,True,last,Failed,—,—,—,REJECT,no EM result / insufficient complete data,,,,,,,,,,,,,,,,
MEX,HeatDry | lag1 | KF | coeff=last | EM=20 | P0=fixed,HeatDry,20,False,last,Failed,—,—,—,REJECT,exception: LinAlgError: SVD did not converge,,,,,,,,,,,,,,,,
MEX,HeatDry | lag1 | KF | coeff=last | EM=20 | P0=update,HeatDry,20,True,last,Failed,—,—,—,REJECT,exception: LinAlgError: SVD did not converge,,,,,,,,,,,,,,,,
MEX,HeatDry | lag1 | KF | coeff=last | EM=30 | P0=fixed,HeatDry,30,False,last,Failed,—,—,—,REJECT,no EM result / insufficient complete data,,,,,,,,,,,,,,,,
MEX,HeatDry | lag1 | KF | coeff=last | EM=30 | P0=update,HeatDry,30,True,last,Failed,—,—,—,REJECT,exception: LinAlgError: SVD did not converge,,,,,,,,,,,,,,,,
MEX,HeatDry | lag1 | KF | coeff=last | EM=50 | P0=fixed,HeatDry,50,False,last,Failed,—,—,—,REJECT,no EM result / insufficient complete data,,,,,,,,,,,,,,,,
MEX,HeatDry | lag1 | KF | coeff=last | EM=50 | P0=update,HeatDry,50,True,last,Failed,—,—,—,REJECT,no EM result / insufficient complete data,,,,,,,,,,,,,,,,
MEX,HeatDryF | lag1 | KF | coeff=last | EM=10 | P0=update,HeatDryF,10,True,last,Failed,—,—,—,REJECT,exception: LinAlgError: SVD did not converge,,,,,,,,,,,,,,,,
MEX,HeatDryF | lag1 | KF | coeff=last | EM=20 | P0=fixed,HeatDryF,20,False,last,Failed,—,—,—,REJECT,no EM result / insufficient complete data,,,,,,,,,,,,,,,,
MEX,HeatDryF | lag1 | KF | coeff=last | EM=20 | P0=update,HeatDryF,20,True,last,Failed,—,—,—,REJECT,exception: LinAlgError: SVD did not converge,,,,,,,,,,,,,,,,
MEX,HeatDryF | lag1 | KF | coeff=last | EM=30 | P0=fixed,HeatDryF,30,False,last,Failed,—,—,—,REJECT,no EM result / insufficient complete data,,,,,,,,,,,,,,,,
MEX,HeatDryF | lag1 | KF | coeff=last | EM=30 | P0=update,HeatDryF,30,True,last,Failed,—,—,—,REJECT,no EM result / insufficient complete data,,,,,,,,,,,,,,,,
MEX,HeatDryF | lag1 | KF | coeff=last | EM=50 | P0=fixed,HeatDryF,50,False,last,Failed,—,—,—,REJECT,no EM result / insufficient complete data,,,,,,,,,,,,,,,,
MEX,HeatDryF | lag1 | KF | coeff=last | EM=50 | P0=update,HeatDryF,50,True,last,Failed,—,—,—,REJECT,no EM result / insufficient complete data,,,,,,,,,,,,,,,,
MEX,OIL_YoY+HeatDry | lag1 | KF | coeff=last | EM=10 | P0=update,OIL_YoY+HeatDry,10,True,last,Failed,—,—,—,REJECT,exception: LinAlgError: SVD did not converge,,,,,,,,,,,,,,,,
MEX,OIL_YoY+HeatDry | lag1 | KF | coeff=last | EM=20 | P0=fixed,OIL_YoY+HeatDry,20,False,last,Failed,—,—,—,REJECT,exception: LinAlgError: SVD did not converge,,,,,,,,,,,,,,,,
MEX,OIL_YoY+HeatDry | lag1 | KF | coeff=last | EM=20 | P0=update,OIL_YoY+HeatDry,20,True,last,Failed,—,—,—,REJECT,exception: LinAlgError: SVD did not converge,,,,,,,,,,,,,,,,
MEX,OIL_YoY+HeatDry | lag1 | KF | coeff=last | EM=30 | P0=fixed,OIL_YoY+HeatDry,30,False,last,Failed,—,—,—,REJECT,no EM result / insufficient complete data,,,,,,,,,,,,,,,,
MEX,OIL_YoY+HeatDry | lag1 | KF | coeff=last | EM=30 | P0=update,OIL_YoY+HeatDry,30,True,last,Failed,—,—,—,REJECT,no EM result / insufficient complete data,,,,,,,,,,,,,,,,
MEX,OIL_YoY+HeatDry | lag1 | KF | coeff=last | EM=50 | P0=fixed,OIL_YoY+HeatDry,50,False,last,Failed,—,—,—,REJECT,no EM result / insufficient complete data,,,,,,,,,,,,,,,,
MEX,OIL_YoY+HeatDry | lag1 | KF | coeff=last | EM=50 | P0=update,OIL_YoY+HeatDry,50,True,last,Failed,—,—,—,REJECT,no EM result / insufficient complete data,,,,,,,,,,,,,,,,
MEX,OIL_YoY+HeatDryF | lag1 | KF | coeff=last | EM=20 | P0=fixed,OIL_YoY+HeatDryF,20,False,last,Failed,—,—,—,REJECT,exception: LinAlgError: SVD did not converge,,,,,,,,,,,,,,,,
MEX,OIL_YoY+HeatDryF | lag1 | KF | coeff=last | EM=20 | P0=update,OIL_YoY+HeatDryF,20,True,last,Failed,—,—,—,REJECT,exception: LinAlgError: SVD did not converge,,,,,,,,,,,,,,,,
MEX,OIL_YoY+HeatDryF | lag1 | KF | coeff=last | EM=30 | P0=fixed,OIL_YoY+HeatDryF,30,False,last,Failed,—,—,—,REJECT,no EM result / insufficient complete data,,,,,,,,,,,,,,,,
MEX,OIL_YoY+HeatDryF | lag1 | KF | coeff=last | EM=30 | P0=update,OIL_YoY+HeatDryF,30,True,last,Failed,—,—,—,REJECT,no EM result / insufficient complete data,,,,,,,,,,,,,,,,
MEX,OIL_YoY+HeatDryF | lag1 | KF | coeff=last | EM=50 | P0=fixed,OIL_YoY+HeatDryF,50,False,last,Failed,—,—,—,REJECT,no EM result / insufficient complete data,,,,,,,,,,,,,,,,
MEX,OIL_YoY+HeatDryF | lag1 | KF | coeff=last | EM=50 | P0=update,OIL_YoY+HeatDryF,50,True,last,Failed,—,—,—,REJECT,no EM result / insufficient complete data,,,,,,,,,,,,,,,,
MEX,ENSO+HeatDry | lag1 | KF | coeff=avg4 | EM=20 | P0=fixed,ENSO+HeatDry,20,False,avg4,Failed,—,—,—,REJECT,no EM result / insufficient complete data,,,,,,,,,,,,,,,,
MEX,ENSO+HeatDry | lag1 | KF | coeff=avg4 | EM=30 | P0=fixed,ENSO+HeatDry,30,False,avg4,Failed,—,—,—,REJECT,no EM result / insufficient complete data,,,,,,,,,,,,,,,,
MEX,ENSO+HeatDry | lag1 | KF | coeff=avg4 | EM=30 | P0=update,ENSO+HeatDry,30,True,avg4,Failed,—,—,—,REJECT,no EM result / insufficient complete data,,,,,,,,,,,,,,,,
MEX,ENSO+HeatDry | lag1 | KF | coeff=avg4 | EM=50 | P0=fixed,ENSO+HeatDry,50,False,avg4,Failed,—,—,—,REJECT,no EM result / insufficient complete data,,,,,,,,,,,,,,,,
MEX,ENSO+HeatDry | lag1 | KF | coeff=avg4 | EM=50 | P0=update,ENSO+HeatDry,50,True,avg4,Failed,—,—,—,REJECT,no EM result / insufficient complete data,,,,,,,,,,,,,,,,
MEX,ENSO+HeatDryF | lag1 | KF | coeff=avg4 | EM=20 | P0=update,ENSO+HeatDryF,20,True,avg4,Failed,—,—,—,REJECT,exception: LinAlgError: SVD did not converge,,,,,,,,,,,,,,,,
MEX,ENSO+HeatDryF | lag1 | KF | coeff=avg4 | EM=30 | P0=update,ENSO+HeatDryF,30,True,avg4,Failed,—,—,—,REJECT,no EM result / insufficient complete data,,,,,,,,,,,,,,,,
MEX,ENSO+HeatDryF | lag1 | KF | coeff=avg4 | EM=50 | P0=update,ENSO+HeatDryF,50,True,avg4,Failed,—,—,—,REJECT,no EM result / insufficient complete data,,,,,,,,,,,,,,,,
MEX,HeatDry | lag1 | KF | coeff=avg4 | EM=20 | P0=fixed,HeatDry,20,False,avg4,Failed,—,—,—,REJECT,exception: LinAlgError: SVD did not converge,,,,,,,,,,,,,,,,
MEX,HeatDry | lag1 | KF | coeff=avg4 | EM=20 | P0=update,HeatDry,20,True,avg4,Failed,—,—,—,REJECT,exception: LinAlgError: SVD did not converge,,,,,,,,,,,,,,,,
MEX,HeatDry | lag1 | KF | coeff=avg4 | EM=30 | P0=fixed,HeatDry,30,False,avg4,Failed,—,—,—,REJECT,no EM result / insufficient complete data,,,,,,,,,,,,,,,,
MEX,HeatDry | lag1 | KF | coeff=avg4 | EM=30 | P0=update,HeatDry,30,True,avg4,Failed,—,—,—,REJECT,exception: LinAlgError: SVD did not converge,,,,,,,,,,,,,,,,
MEX,HeatDry | lag1 | KF | coeff=avg4 | EM=50 | P0=fixed,HeatDry,50,False,avg4,Failed,—,—,—,REJECT,no EM result / insufficient complete data,,,,,,,,,,,,,,,,
MEX,HeatDry | lag1 | KF | coeff=avg4 | EM=50 | P0=update,HeatDry,50,True,avg4,Failed,—,—,—,REJECT,no EM result / insufficient complete data,,,,,,,,,,,,,,,,
MEX,HeatDryF | lag1 | KF | coeff=avg4 | EM=10 | P0=update,HeatDryF,10,True,avg4,Failed,—,—,—,REJECT,exception: LinAlgError: SVD did not converge,,,,,,,,,,,,,,,,
MEX,HeatDryF | lag1 | KF | coeff=avg4 | EM=20 | P0=fixed,HeatDryF,20,False,avg4,Failed,—,—,—,REJECT,no EM result / insufficient complete data,,,,,,,,,,,,,,,,
MEX,HeatDryF | lag1 | KF | coeff=avg4 | EM=20 | P0=update,HeatDryF,20,True,avg4,Failed,—,—,—,REJECT,exception: LinAlgError: SVD did not converge,,,,,,,,,,,,,,,,
MEX,HeatDryF | lag1 | KF | coeff=avg4 | EM=30 | P0=fixed,HeatDryF,30,False,avg4,Failed,—,—,—,REJECT,no EM result / insufficient complete data,,,,,,,,,,,,,,,,
MEX,HeatDryF | lag1 | KF | coeff=avg4 | EM=30 | P0=update,HeatDryF,30,True,avg4,Failed,—,—,—,REJECT,no EM result / insufficient complete data,,,,,,,,,,,,,,,,
MEX,HeatDryF | lag1 | KF | coeff=avg4 | EM=50 | P0=fixed,HeatDryF,50,False,avg4,Failed,—,—,—,REJECT,no EM result / insufficient complete data,,,,,,,,,,,,,,,,
MEX,HeatDryF | lag1 | KF | coeff=avg4 | EM=50 | P0=update,HeatDryF,50,True,avg4,Failed,—,—,—,REJECT,no EM result / insufficient complete data,,,,,,,,,,,,,,,,
MEX,OIL_YoY+HeatDry | lag1 | KF | coeff=avg4 | EM=10 | P0=update,OIL_YoY+HeatDry,10,True,avg4,Failed,—,—,—,REJECT,exception: LinAlgError: SVD did not converge,,,,,,,,,,,,,,,,
MEX,OIL_YoY+HeatDry | lag1 | KF | coeff=avg4 | EM=20 | P0=fixed,OIL_YoY+HeatDry,20,False,avg4,Failed,—,—,—,REJECT,exception: LinAlgError: SVD did not converge,,,,,,,,,,,,,,,,
MEX,OIL_YoY+HeatDry | lag1 | KF | coeff=avg4 | EM=20 | P0=update,OIL_YoY+HeatDry,20,True,avg4,Failed,—,—,—,REJECT,exception: LinAlgError: SVD did not converge,,,,,,,,,,,,,,,,
MEX,OIL_YoY+HeatDry | lag1 | KF | coeff=avg4 | EM=30 | P0=fixed,OIL_YoY+HeatDry,30,False,avg4,Failed,—,—,—,REJECT,no EM result / insufficient complete data,,,,,,,,,,,,,,,,
MEX,OIL_YoY+HeatDry | lag1 | KF | coeff=avg4 | EM=30 | P0=update,OIL_YoY+HeatDry,30,True,avg4,Failed,—,—,—,REJECT,no EM result / insufficient complete data,,,,,,,,,,,,,,,,
MEX,OIL_YoY+HeatDry | lag1 | KF | coeff=avg4 | EM=50 | P0=fixed,OIL_YoY+HeatDry,50,False,avg4,Failed,—,—,—,REJECT,no EM result / insufficient complete data,,,,,,,,,,,,,,,,
MEX,OIL_YoY+HeatDry | lag1 | KF | coeff=avg4 | EM=50 | P0=update,OIL_YoY+HeatDry,50,True,avg4,Failed,—,—,—,REJECT,no EM result / insufficient complete data,,,,,,,,,,,,,,,,
MEX,OIL_YoY+HeatDryF | lag1 | KF | coeff=avg4 | EM=20 | P0=fixed,OIL_YoY+HeatDryF,20,False,avg4,Failed,—,—,—,REJECT,exception: LinAlgError: SVD did not converge,,,,,,,,,,,,,,,,
MEX,OIL_YoY+HeatDryF | lag1 | KF | coeff=avg4 | EM=20 | P0=update,OIL_YoY+HeatDryF,20,True,avg4,Failed,—,—,—,REJECT,exception: LinAlgError: SVD did not converge,,,,,,,,,,,,,,,,
MEX,OIL_YoY+HeatDryF | lag1 | KF | coeff=avg4 | EM=30 | P0=fixed,OIL_YoY+HeatDryF,30,False,avg4,Failed,—,—,—,REJECT,no EM result / insufficient complete data,,,,,,,,,,,,,,,,
MEX,OIL_YoY+HeatDryF | lag1 | KF | coeff=avg4 | EM=30 | P0=update,OIL_YoY+HeatDryF,30,True,avg4,Failed,—,—,—,REJECT,no EM result / insufficient complete data,,,,,,,,,,,,,,,,
MEX,OIL_YoY+HeatDryF | lag1 | KF | coeff=avg4 | EM=50 | P0=fixed,OIL_YoY+HeatDryF,50,False,avg4,Failed,—,—,—,REJECT,no EM result / insufficient complete data,,,,,,,,,,,,,,,,
MEX,OIL_YoY+HeatDryF | lag1 | KF | coeff=avg4 | EM=50 | P0=update,OIL_YoY+HeatDryF,50,True,avg4,Failed,—,—,—,REJECT,no EM result / insufficient complete data,,,,,,,,,,,,,,,,
MEX,ENSO+HeatDry | lag1 | KF | coeff=avg8 | EM=20 | P0=fixed,ENSO+HeatDry,20,False,avg8,Failed,—,—,—,REJECT,no EM result / insufficient complete data,,,,,,,,,,,,,,,,
MEX,ENSO+HeatDry | lag1 | KF | coeff=avg8 | EM=30 | P0=fixed,ENSO+HeatDry,30,False,avg8,Failed,—,—,—,REJECT,no EM result / insufficient complete data,,,,,,,,,,,,,,,,
MEX,ENSO+HeatDry | lag1 | KF | coeff=avg8 | EM=30 | P0=update,ENSO+HeatDry,30,True,avg8,Failed,—,—,—,REJECT,no EM result / insufficient complete data,,,,,,,,,,,,,,,,
MEX,ENSO+HeatDry | lag1 | KF | coeff=avg8 | EM=50 | P0=fixed,ENSO+HeatDry,50,False,avg8,Failed,—,—,—,REJECT,no EM result / insufficient complete data,,,,,,,,,,,,,,,,
MEX,ENSO+HeatDry | lag1 | KF | coeff=avg8 | EM=50 | P0=update,ENSO+HeatDry,50,True,avg8,Failed,—,—,—,REJECT,no EM result / insufficient complete data,,,,,,,,,,,,,,,,
MEX,ENSO+HeatDryF | lag1 | KF | coeff=avg8 | EM=20 | P0=update,ENSO+HeatDryF,20,True,avg8,Failed,—,—,—,REJECT,exception: LinAlgError: SVD did not converge,,,,,,,,,,,,,,,,
MEX,ENSO+HeatDryF | lag1 | KF | coeff=avg8 | EM=30 | P0=update,ENSO+HeatDryF,30,True,avg8,Failed,—,—,—,REJECT,no EM result / insufficient complete data,,,,,,,,,,,,,,,,
MEX,ENSO+HeatDryF | lag1 | KF | coeff=avg8 | EM=50 | P0=update,ENSO+HeatDryF,50,True,avg8,Failed,—,—,—,REJECT,no EM result / insufficient complete data,,,,,,,,,,,,,,,,
MEX,HeatDry | lag1 | KF | coeff=avg8 | EM=20 | P0=fixed,HeatDry,20,False,avg8,Failed,—,—,—,REJECT,exception: LinAlgError: SVD did not converge,,,,,,,,,,,,,,,,
MEX,HeatDry | lag1 | KF | coeff=avg8 | EM=20 | P0=update,HeatDry,20,True,avg8,Failed,—,—,—,REJECT,exception: LinAlgError: SVD did not converge,,,,,,,,,,,,,,,,
MEX,HeatDry | lag1 | KF | coeff=avg8 | EM=30 | P0=fixed,HeatDry,30,False,avg8,Failed,—,—,—,REJECT,no EM result / insufficient complete data,,,,,,,,,,,,,,,,
MEX,HeatDry | lag1 | KF | coeff=avg8 | EM=30 | P0=update,HeatDry,30,True,avg8,Failed,—,—,—,REJECT,exception: LinAlgError: SVD did not converge,,,,,,,,,,,,,,,,
MEX,HeatDry | lag1 | KF | coeff=avg8 | EM=50 | P0=fixed,HeatDry,50,False,avg8,Failed,—,—,—,REJECT,no EM result / insufficient complete data,,,,,,,,,,,,,,,,
MEX,HeatDry | lag1 | KF | coeff=avg8 | EM=50 | P0=update,HeatDry,50,True,avg8,Failed,—,—,—,REJECT,no EM result / insufficient complete data,,,,,,,,,,,,,,,,
MEX,HeatDryF | lag1 | KF | coeff=avg8 | EM=10 | P0=update,HeatDryF,10,True,avg8,Failed,—,—,—,REJECT,exception: LinAlgError: SVD did not converge,,,,,,,,,,,,,,,,
MEX,HeatDryF | lag1 | KF | coeff=avg8 | EM=20 | P0=fixed,HeatDryF,20,False,avg8,Failed,—,—,—,REJECT,no EM result / insufficient complete data,,,,,,,,,,,,,,,,
MEX,HeatDryF | lag1 | KF | coeff=avg8 | EM=20 | P0=update,HeatDryF,20,True,avg8,Failed,—,—,—,REJECT,exception: LinAlgError: SVD did not converge,,,,,,,,,,,,,,,,
MEX,HeatDryF | lag1 | KF | coeff=avg8 | EM=30 | P0=fixed,HeatDryF,30,False,avg8,Failed,—,—,—,REJECT,no EM result / insufficient complete data,,,,,,,,,,,,,,,,
MEX,HeatDryF | lag1 | KF | coeff=avg8 | EM=30 | P0=update,HeatDryF,30,True,avg8,Failed,—,—,—,REJECT,no EM result / insufficient complete data,,,,,,,,,,,,,,,,
MEX,HeatDryF | lag1 | KF | coeff=avg8 | EM=50 | P0=fixed,HeatDryF,50,False,avg8,Failed,—,—,—,REJECT,no EM result / insufficient complete data,,,,,,,,,,,,,,,,
MEX,HeatDryF | lag1 | KF | coeff=avg8 | EM=50 | P0=update,HeatDryF,50,True,avg8,Failed,—,—,—,REJECT,no EM result / insufficient complete data,,,,,,,,,,,,,,,,
MEX,OIL_YoY+HeatDry | lag1 | KF | coeff=avg8 | EM=10 | P0=update,OIL_YoY+HeatDry,10,True,avg8,Failed,—,—,—,REJECT,exception: LinAlgError: SVD did not converge,,,,,,,,,,,,,,,,
MEX,OIL_YoY+HeatDry | lag1 | KF | coeff=avg8 | EM=20 | P0=fixed,OIL_YoY+HeatDry,20,False,avg8,Failed,—,—,—,REJECT,exception: LinAlgError: SVD did not converge,,,,,,,,,,,,,,,,
MEX,OIL_YoY+HeatDry | lag1 | KF | coeff=avg8 | EM=20 | P0=update,OIL_YoY+HeatDry,20,True,avg8,Failed,—,—,—,REJECT,exception: LinAlgError: SVD did not converge,,,,,,,,,,,,,,,,
MEX,OIL_YoY+HeatDry | lag1 | KF | coeff=avg8 | EM=30 | P0=fixed,OIL_YoY+HeatDry,30,False,avg8,Failed,—,—,—,REJECT,no EM result / insufficient complete data,,,,,,,,,,,,,,,,
MEX,OIL_YoY+HeatDry | lag1 | KF | coeff=avg8 | EM=30 | P0=update,OIL_YoY+HeatDry,30,True,avg8,Failed,—,—,—,REJECT,no EM result / insufficient complete data,,,,,,,,,,,,,,,,
MEX,OIL_YoY+HeatDry | lag1 | KF | coeff=avg8 | EM=50 | P0=fixed,OIL_YoY+HeatDry,50,False,avg8,Failed,—,—,—,REJECT,no EM result / insufficient complete data,,,,,,,,,,,,,,,,
MEX,OIL_YoY+HeatDry | lag1 | KF | coeff=avg8 | EM=50 | P0=update,OIL_YoY+HeatDry,50,True,avg8,Failed,—,—,—,REJECT,no EM result / insufficient complete data,,,,,,,,,,,,,,,,
MEX,OIL_YoY+HeatDryF | lag1 | KF | coeff=avg8 | EM=20 | P0=fixed,OIL_YoY+HeatDryF,20,False,avg8,Failed,—,—,—,REJECT,exception: LinAlgError: SVD did not converge,,,,,,,,,,,,,,,,
MEX,OIL_YoY+HeatDryF | lag1 | KF | coeff=avg8 | EM=20 | P0=update,OIL_YoY+HeatDryF,20,True,avg8,Failed,—,—,—,REJECT,exception: LinAlgError: SVD did not converge,,,,,,,,,,,,,,,,
MEX,OIL_YoY+HeatDryF | lag1 | KF | coeff=avg8 | EM=30 | P0=fixed,OIL_YoY+HeatDryF,30,False,avg8,Failed,—,—,—,REJECT,no EM result / insufficient complete data,,,,,,,,,,,,,,,,
MEX,OIL_YoY+HeatDryF | lag1 | KF | coeff=avg8 | EM=30 | P0=update,OIL_YoY+HeatDryF,30,True,avg8,Failed,—,—,—,REJECT,no EM result / insufficient complete data,,,,,,,,,,,,,,,,
MEX,OIL_YoY+HeatDryF | lag1 | KF | coeff=avg8 | EM=50 | P0=fixed,OIL_YoY+HeatDryF,50,False,avg8,Failed,—,—,—,REJECT,no EM result / insufficient complete data,,,,,,,,,,,,,,,,
MEX,OIL_YoY+HeatDryF | lag1 | KF | coeff=avg8 | EM=50 | P0=update,OIL_YoY+HeatDryF,50,True,avg8,Failed,—,—,—,REJECT,no EM result / insufficient complete data,,,,,,,,,,,,,,,,
MEX,OIL_YoY+HeatDryF | lag1 | KF | coeff=avg8 | EM=10 | P0=fixed,OIL_YoY+HeatDryF,10,False,avg8,Explosive,Unstable,Good,Acceptable,REJECT,dynamic instability: rho=1.39; dynamic amplification: max ||A^k||2=424.7; coefficient explosion: max |theta|=31.4,1.3898642474796925,424.65674969638,424.65674969638,31.434861764678708,18.296637353398104,3.6984796170748897,1.393309297989675,21.76099659285213,129.38089172890759,1.6658542597850516,3.6969735227990457,6.0,2026Q2,2026Q3,2027Q4,True
MEX,ENSO+HeatDry | lag1 | KF | coeff=last | EM=10 | P0=fixed,ENSO+HeatDry,10,False,last,Explosive,Unstable,Good,Acceptable,REJECT,dynamic instability: rho=3.56; dynamic amplification: max ||A^k||2=1114.3; coefficient explosion: max |theta|=315.9,3.5639907991654862,1114.2833570050316,1114.2833570050316,315.8550555136506,48.167759356225076,11.286976940335752,8.74182138567991,59.445469375260046,68.07753093598588,1.2142265070073623,11.823349711055895,4.0,2026Q2,2026Q3,2027Q2,True
MEX,ENSO+HeatDryF | lag1 | KF | coeff=avg8 | EM=10 | P0=update,ENSO+HeatDryF,10,True,avg8,Explosive,Unstable,Good,Acceptable,REJECT,dynamic instability: rho=3.99; dynamic amplification: max ||A^k||2=1128.3; end-sample coefficient jump=12.5,3.9941651983520754,1128.29262582623,1128.29262582623,17.040947214167442,12.493752818645117,4.52591409204681,1.9583717110005745,37.78068716028983,32.04980896559927,3.855169072728922,5.839533940994072,4.0,2026Q2,2026Q3,2027Q2,True
MEX,ENSO+HeatDryF | lag1 | KF | coeff=avg4 | EM=10 | P0=update,ENSO+HeatDryF,10,True,avg4,Explosive,Unstable,Borderline,Acceptable,REJECT,dynamic instability: rho=5.62; dynamic amplification: max ||A^k||2=4132.4; end-sample coefficient jump=12.5,5.616327623819177,4132.443215738745,4132.443215738745,17.040947214167442,12.493752818645117,20.475458484235773,15.143867701948427,84.17153577367262,71.72231705416068,4.490726689151481,21.75645550146767,4.0,2026Q2,2026Q3,2027Q2,True
MEX,ENSO | lag1 | KF | coeff=avg4 | EM=10 | P0=update,ENSO,10,True,avg4,Explosive,Unstable,Explosive,Extreme,REJECT,dynamic instability: rho=12.09; dynamic amplification: max ||A^k||2=57657.4; coefficient explosion: max |theta|=30.0,12.094681060417232,57657.39316426991,57657.39316426991,29.99706804151884,5.903335083019126,667.617798294865,723.3018895979577,327.07775572119647,328.62954979455134,0.9438004153421389,666.6739978795229,4.0,2026Q2,2026Q3,2027Q2,True
MEX,ENSO | lag1 | KF | coeff=avg4 | EM=20 | P0=update,ENSO,20,True,avg4,Explosive,Unstable,Explosive,Extreme,REJECT,dynamic instability: rho=12.09; dynamic amplification: max ||A^k||2=57657.4; coefficient explosion: max |theta|=30.0,12.094681060417232,57657.39316426991,57657.39316426991,29.99706804151884,5.903335083019126,667.617798294865,723.3018895979577,327.07775572119647,328.62954979455134,0.9438004153421389,666.6739978795229,4.0,2026Q2,2026Q3,2027Q2,True
MEX,ENSO | lag1 | KF | coeff=avg4 | EM=30 | P0=update,ENSO,30,True,avg4,Explosive,Unstable,Explosive,Extreme,REJECT,dynamic instability: rho=12.09; dynamic amplification: max ||A^k||2=57657.4; coefficient explosion: max |theta|=30.0,12.094681060417232,57657.39316426991,57657.39316426991,29.99706804151884,5.903335083019126,667.617798294865,723.3018895979577,327.07775572119647,328.62954979455134,0.9438004153421389,666.6739978795229,4.0,2026Q2,2026Q3,2027Q2,True
MEX,ENSO | lag1 | KF | coeff=avg4 | EM=50 | P0=update,ENSO,50,True,avg4,Explosive,Unstable,Explosive,Extreme,REJECT,dynamic instability: rho=12.09; dynamic amplification: max ||A^k||2=57657.4; coefficient explosion: max |theta|=30.0,12.094681060417232,57657.39316426991,57657.39316426991,29.99706804151884,5.903335083019126,667.617798294865,723.3018895979577,327.07775572119647,328.62954979455134,0.9438004153421389,666.6739978795229,4.0,2026Q2,2026Q3,2027Q2,True
MEX,ENSO | lag1 | KF | coeff=avg8 | EM=10 | P0=update,ENSO,10,True,avg8,Explosive,Unstable,Explosive,Extreme,REJECT,dynamic instability: rho=13.32; dynamic amplification: max ||A^k||2=82211.5; coefficient explosion: max |theta|=30.0,13.316803512653847,82211.54596878085,82211.54596878085,29.99706804151884,5.903335083019126,940.6336176581793,1011.5198633533917,420.8257978620834,427.0079076542663,0.915325301265284,939.718292356914,4.0,2026Q2,2026Q3,2027Q2,True
MEX,ENSO | lag1 | KF | coeff=avg8 | EM=20 | P0=update,ENSO,20,True,avg8,Explosive,Unstable,Explosive,Extreme,REJECT,dynamic instability: rho=13.32; dynamic amplification: max ||A^k||2=82211.5; coefficient explosion: max |theta|=30.0,13.316803512653847,82211.54596878085,82211.54596878085,29.99706804151884,5.903335083019126,940.6336176581793,1011.5198633533917,420.8257978620834,427.0079076542663,0.915325301265284,939.718292356914,4.0,2026Q2,2026Q3,2027Q2,True
MEX,ENSO | lag1 | KF | coeff=avg8 | EM=30 | P0=update,ENSO,30,True,avg8,Explosive,Unstable,Explosive,Extreme,REJECT,dynamic instability: rho=13.32; dynamic amplification: max ||A^k||2=82211.5; coefficient explosion: max |theta|=30.0,13.316803512653847,82211.54596878085,82211.54596878085,29.99706804151884,5.903335083019126,940.6336176581793,1011.5198633533917,420.8257978620834,427.0079076542663,0.915325301265284,939.718292356914,4.0,2026Q2,2026Q3,2027Q2,True
MEX,ENSO | lag1 | KF | coeff=avg8 | EM=50 | P0=update,ENSO,50,True,avg8,Explosive,Unstable,Explosive,Extreme,REJECT,dynamic instability: rho=13.32; dynamic amplification: max ||A^k||2=82211.5; coefficient explosion: max |theta|=30.0,13.316803512653847,82211.54596878085,82211.54596878085,29.99706804151884,5.903335083019126,940.6336176581793,1011.5198633533917,420.8257978620834,427.0079076542663,0.915325301265284,939.718292356914,4.0,2026Q2,2026Q3,2027Q2,True
MEX,ENSO+HeatDry | lag1 | KF | coeff=last | EM=10 | P0=update,ENSO+HeatDry,10,True,last,Explosive,Unstable,Explosive,Extreme,REJECT,dynamic instability: rho=20.55; dynamic amplification: max ||A^k||2=448446.0; coefficient explosion: max |theta|=188576596014784278891288582325528941151222926569540077886602477568.0,20.548981974707733,448445.99949767103,448445.99949767103,1.8857659601478428e+65,1.8329076400140789e+65,1773.167563912675,1688.3706293280131,3638.5153924367933,4455.197764126169,1.6481585820993132,1774.8157224947743,4.0,2026Q2,2026Q3,2027Q2,True
MEX,OIL_YoY+HeatDry | lag1 | KF | coeff=avg4 | EM=10 | P0=fixed,OIL_YoY+HeatDry,10,False,avg4,Explosive,Unstable,Explosive,Extreme,REJECT,dynamic instability: rho=12.38; dynamic amplification: max ||A^k||2=48268838.8; coefficient explosion: max |theta|=123.5,12.38015473879834,48268838.8395715,48268838.8395715,123.51250205377387,19.630824154592545,571514.8362020439,525349.5876416912,323076.09234407404,1080723.0152796754,1.0248173143045278,571514.4689133205,6.0,2026Q2,2026Q3,2027Q4,True
MEX,HeatDry | lag1 | KF | coeff=avg4 | EM=10 | P0=fixed,HeatDry,10,False,avg4,Explosive,Borderline,Explosive,Extreme,REJECT,dynamic instability: rho=19.41; dynamic amplification: max ||A^k||2=77200624.5; unrealistic GDP/CPI level: max abs=450914.6,19.406991896225325,77200624.54183967,77200624.54183967,24.774095741621924,6.131868824168574,450914.5898104955,474146.2713177252,138054.6750239738,881678.6674734567,2.2992474291459075,450915.6201181256,6.0,2026Q2,2026Q3,2027Q4,True
MEX,OIL_YoY+HeatDry | lag1 | KF | coeff=avg8 | EM=10 | P0=fixed,OIL_YoY+HeatDry,10,False,avg8,Explosive,Unstable,Explosive,Extreme,REJECT,dynamic instability: rho=14.53; dynamic amplification: max ||A^k||2=101083693.7; coefficient explosion: max |theta|=123.5,14.52636852072595,101083693.72752474,101083693.72752474,123.51250205377387,19.630824154592545,1192130.5749843456,1110062.1693900467,561196.4736499497,1885393.7077946058,1.1183897494192934,1192130.2087634795,6.0,2026Q2,2026Q3,2027Q4,True
MEX,HeatDryF | lag1 | KF | coeff=avg4 | EM=10 | P0=fixed,HeatDryF,10,False,avg4,Explosive,Unstable,Explosive,Extreme,REJECT,dynamic instability: rho=16.92; dynamic amplification: max ||A^k||2=115501501.7; coefficient explosion: max |theta|=57.1,16.915799395116213,115501501.73323685,115501501.73323685,57.09022942071039,13.625653325270466,1027973.9636051762,967205.8950668002,134679.68612759758,563019.5983055027,0.7250077628996223,1027974.484035139,6.0,2026Q2,2026Q3,2027Q4,True
MEX,HeatDry | lag1 | KF | coeff=avg8 | EM=10 | P0=fixed,HeatDry,10,False,avg8,Explosive,Borderline,Explosive,Extreme,REJECT,dynamic instability: rho=22.44; dynamic amplification: max ||A^k||2=179539008.4; unrealistic GDP/CPI level: max abs=1041461.3,22.441844037240156,179539008.438778,179539008.438778,24.774095741621924,6.131868824168574,1041461.3267648022,1087865.7127676294,276979.2891284138,1676877.1520408054,2.54383985923414,1041462.6108484629,6.0,2026Q2,2026Q3,2027Q4,True
MEX,ENSO+HeatDry | lag1 | KF | coeff=avg8 | EM=10 | P0=fixed,ENSO+HeatDry,10,False,avg8,Explosive,Unstable,Explosive,Extreme,REJECT,dynamic instability: rho=80.57; dynamic amplification: max ||A^k||2=217759449.4; coefficient explosion: max |theta|=315.9,80.56691001454931,217759449.35441196,217759449.35441196,315.8550555136506,48.167759356225076,2577715.988958577,2545720.8407728756,392232.629592624,383155.19765690144,1.609226570930332,2577717.598185148,4.0,2026Q2,2026Q3,2027Q2,True
MEX,HeatDryF | lag1 | KF | coeff=avg8 | EM=10 | P0=fixed,HeatDryF,10,False,avg8,Explosive,Unstable,Explosive,Extreme,REJECT,dynamic instability: rho=18.96; dynamic amplification: max ||A^k||2=223436155.1; coefficient explosion: max |theta|=57.1,18.963459258438384,223436155.11324522,223436155.11324522,57.09022942071039,13.625653325270466,1906364.106663326,1805837.9141679157,221925.80987331714,951608.6933921155,1.1042320281267166,1906364.7423178134,6.0,2026Q2,2026Q3,2027Q4,True
MEX,ENSO+HeatDry | lag1 | KF | coeff=avg4 | EM=10 | P0=fixed,ENSO+HeatDry,10,False,avg4,Explosive,Unstable,Explosive,Extreme,REJECT,dynamic instability: rho=93.40; dynamic amplification: max ||A^k||2=310757654.1; coefficient explosion: max |theta|=315.9,93.40241928813367,310757654.1482575,310757654.1482575,315.8550555136506,48.167759356225076,3677565.808523014,3638191.6350439806,488157.5317113297,470978.40472029045,1.7445839326828718,3677567.553106947,4.0,2026Q2,2026Q3,2027Q2,True
MEX,ENSO+HeatDry | lag1 | KF | coeff=avg4 | EM=10 | P0=update,ENSO+HeatDry,10,True,avg4,Explosive,Unstable,Explosive,Extreme,REJECT,dynamic instability: rho=34081672862379400915878803314780457429054637052462743977176596480.00; dynamic amplification: max ||A^k||2=3454898869740790698403421259163248027914741571279220706893425058114132494794583930844367004056293856304171919253278183042722184847605171234228127412148683351573423920669019965881862323998485567081625851803002616724314299051513703807878412254201627687918764032.0; coefficient explosion: max |theta|=188576596014784278891288582325528941151222926569540077886602477568.0,3.40816728623794e+64,3.4548988697407907e+258,3.4548988697407907e+258,1.8857659601478428e+65,1.8329076400140789e+65,1.9991885033262536e+256,1.9991885033262536e+256,inf,,5.594147922104178e+253,1.9991559237337528e+256,4.0,2026Q2,2026Q3,2027Q2,True
MEX,ENSO+HeatDry | lag1 | KF | coeff=avg4 | EM=20 | P0=update,ENSO+HeatDry,20,True,avg4,Explosive,Unstable,Explosive,Extreme,REJECT,dynamic instability: rho=220333852370542440345998233093945644778279141356669237101405929472.00; dynamic amplification: max ||A^k||2=69743046510406903698069590996885145530035818995655452263183688593267004345671119243799391232909125416104589317023601914520342416161200504934461329178412769723587256207456424953643740327018479492065213547490737591572588535897168765045266219712080740480294028574720.0; coefficient explosion: max |theta|=4453106243174102292220891650964935861196049504226837348590295187456.0,2.2033385237054244e+65,6.97430465104069e+262,6.97430465104069e+262,4.453106243174102e+66,1.367115570217308e+65,2.387735051576285e+258,2.387735051576285e+258,inf,,0.0,2.387735051576285e+258,4.0,2026Q2,2026Q3,2027Q2,True
MEX,ENSO+HeatDry | lag1 | KF | coeff=avg8 | EM=10 | P0=update,ENSO+HeatDry,10,True,avg8,Explosive,Unstable,Explosive,Extreme,REJECT,dynamic instability: rho=17045421643595302002034756748363017285647558213622875940053843968.00; dynamic amplification: max ||A^k||2=216163675461954776421277909343832496907033812695175138549321259488606140871010191592214893030877833403176184702325110223479505005625079277231486724006366519087109459770603401973797524624665544697906263810966115405117736545328270411927859148135424644953931776.0; coefficient explosion: max |theta|=188576596014784278891288582325528941151222926569540077886602477568.0,1.7045421643595302e+64,2.1616367546195478e+257,2.1616367546195478e+257,1.8857659601478428e+65,1.8329076400140789e+65,1.2508403415120077e+255,1.2508403415120077e+255,inf,,3.500106334998057e+252,1.2508199573947078e+255,4.0,2026Q2,2026Q3,2027Q2,True
MEX,ENSO+HeatDry | lag1 | KF | coeff=avg8 | EM=20 | P0=update,ENSO+HeatDry,20,True,avg8,Explosive,Unstable,Explosive,Extreme,REJECT,dynamic instability: rho=98650628159945555624544300949892803290759126862769954152406581248.00; dynamic amplification: max ||A^k||2=6695928832408070770368013373956497140399054268714652829401167805707434301273443874243224297145347904323449549418681440856374176556051123829013339846009174857096759046570771724416970289627259162031587684690762946851934065033817059821186799860048642831197285646336.0; coefficient explosion: max |theta|=4453106243174102292220891650964935861196049504226837348590295187456.0,9.865062815994556e+64,6.695928832408071e+261,6.695928832408071e+261,4.453106243174102e+66,1.367115570217308e+65,2.8073621438970968e+258,2.8073621438970968e+258,inf,,0.0,2.8073621438970968e+258,4.0,2026Q2,2026Q3,2027Q2,True
MEX,ENSO+HeatDry | lag1 | KF | coeff=last | EM=20 | P0=update,ENSO+HeatDry,20,True,last,Explosive,Unstable,Good,Extreme,REJECT,dynamic instability: rho=471957954174045769806560395020875405129868275366627665969545425715200.00; dynamic amplification: max ||A^k||2=98888238737529838327191297021295438636737067434068751765457288221091058486856864845232605331513086363407171277970891961973454450548252666355410377447363567861519000204925652752239669491616795829814385079659098470510535372044923743538006257734531635517593727721116756577615872.0; coefficient explosion: max |theta|=620318937016158594367472217200303205417667164240724588966571908530176.0,4.719579541740458e+68,9.888823873752984e+274,9.888823873752984e+274,6.203189370161586e+68,1.367115570217308e+65,inf,inf,inf,,0.0,inf,4.0,2026Q2,2026Q3,2027Q2,True
MEX,HeatDry | lag1 | KF | coeff=avg4 | EM=10 | P0=update,HeatDry,10,True,avg4,Explosive,Unstable,Explosive,Extreme,REJECT,dynamic instability: rho=305505443028029340684848302982221222903808.00; dynamic amplification: max ||A^k||2=167291444007041214427506330407764721791795083101630206060721856350116032170132351236179128606428002043269727953123000737813998688598581010708380439251302597747252090603924613328327102910574020462231291746246901104115543929222998466163445003975680589824.0; coefficient explosion: max |theta|=35618264176587377717052067757430520615534592.0,3.0550544302802934e+41,1.6729144400704121e+251,1.6729144400704121e+251,3.561826417658738e+43,3.0209575257168217e+43,5.760511593388365e+249,5.760511593388365e+249,inf,,1.5134016855767124e+248,5.911851761946036e+249,6.0,2026Q2,2026Q3,2027Q4,True
MEX,HeatDry | lag1 | KF | coeff=avg8 | EM=10 | P0=update,HeatDry,10,True,avg8,Explosive,Unstable,Explosive,Extreme,REJECT,dynamic instability: rho=152732879192211196245875845951792382738432.00; dynamic amplification: max ||A^k||2=2611863452454566670170712763894591145362680111943705612115029678684679970293643858769619451014773719212116894267120347705421587156091932996438276615022371632692639455625883010022169788450205034617281297082771464128317620712050442625371284453384519680.0; coefficient explosion: max |theta|=35618264176587377717052067757430520615534592.0,1.527328791922112e+41,2.6118634524545667e+249,2.6118634524545667e+249,3.561826417658738e+43,3.0209575257168217e+43,8.993545230115227e+247,8.993545230115227e+247,inf,,2.362844779519401e+246,9.229829708067167e+247,6.0,2026Q2,2026Q3,2027Q4,True
MEX,HeatDryF | lag1 | KF | coeff=last | EM=20 | P0=update,HeatDryF,20,True,last,Explosive,Unstable,Explosive,Extreme,REJECT,dynamic instability: rho=70272005395599157963870400955984279405473644949965341982720.00; dynamic amplification: max ||A^k||2=6210840319150712460953136382309959281030962067120416350811908380357578234149562932693807601048687078656612994511520708059111079257319299008155910307098408965892463758907546258609600386212319784850273836532234792429102448450436780994916472602041914841056821714964342322434168273418330502418399232.0; coefficient explosion: max |theta|=3515441099007327808130712765570285254307232048868382727963392478503317971414250058291079107252919383547049087598592.0,7.027200539559916e+58,6.210840319150712e+294,,3.515441099007328e+114,3.4956444805010715e+114,7.486203233709744e+277,7.486203233709744e+277,inf,,0.0,7.486203233709744e+277,6.0,2026Q2,2026Q3,2027Q4,True
MEX,OIL_YoY+HeatDry | lag1 | KF | coeff=last | EM=20 | P0=fixed,OIL_YoY+HeatDry,20,False,last,Explosive,Unstable,Explosive,Extreme,REJECT,dynamic instability: rho=124705471956733297556583421955431896267696117907456.00; dynamic amplification: max ||A^k||2=44289738178674208420301711082408799996660766970414053492359952113939448860040123686900804003154620237071027388668439944958825543737933003599213247218394644694210197708163316392243177011174518837018045796001743136482402567180781883019074169958015835073939998774400959012750555282470808022280723215941632.0; coefficient explosion: max |theta|=7001872281071475626183555580784018826450124442300329260316064385309224206336.0,1.247054719567333e+50,4.428973817867421e+301,4.428973817867421e+301,7.001872281071476e+75,7.533388373581835e+75,1.349770701638156e+292,1.349770701638156e+292,inf,,0.0,1.349770701638156e+292,6.0,2026Q2,2026Q3,2027Q4,True
MEX,OIL_YoY+HeatDryF | lag1 | KF | coeff=avg4 | EM=10 | P0=update,OIL_YoY+HeatDryF,10,True,avg4,Explosive,Unstable,Explosive,Extreme,REJECT,dynamic instability: rho=58122258948397324891195429139513344.00; dynamic amplification: max ||A^k||2=129684448102920659833030528555815794387593859243833929958210772778580968249238904869125952955740912400158030934915798959459243804726518683395310472169130152277054912845928854748672000931178566940033541845549056.0; coefficient explosion: max |theta|=530205872218939972849377123011395584.0,5.8122258948397325e+34,1.2968444810292066e+209,1.2968444810292066e+209,5.3020587221894e+35,5.852670581843027e+35,2.2372056697163782e+206,2.2372056697163782e+206,inf,,7.584933219693702e+204,2.1613563375194412e+206,6.0,2026Q2,2026Q3,2027Q4,True
MEX,OIL_YoY+HeatDryF | lag1 | KF | coeff=avg8 | EM=10 | P0=update,OIL_YoY+HeatDryF,10,True,avg8,Explosive,Unstable,Explosive,Extreme,REJECT,dynamic instability: rho=29061029792054074744221285950160896.00; dynamic amplification: max ||A^k||2=2026277987411955375103097233681882350602120654465068679712325549936039060513597463726145344460505151186979102942045602504181859362729681285554003056558318395551915179215413237733445643934561323959410342494208.0; coefficient explosion: max |theta|=530205872218939972849377123011395584.0,2.9061029792054075e+34,2.0262779874119554e+207,2.0262779874119554e+207,5.3020587221894e+35,5.852670581843027e+35,3.495566901533222e+204,3.495566901533222e+204,inf,,1.1851207497949607e+203,3.377054826553726e+204,6.0,2026Q2,2026Q3,2027Q4,True
PER,ENSO+HeatDry | lag1 | KF | coeff=last | EM=10 | P0=update,ENSO+HeatDry,10,True,last,Good,Good,Good,Acceptable,KEEP,stable/coherent by coarse thresholds,0.9220341112197259,0.9436326296087295,0.7592307877348277,0.9215239830087872,0.030837468611462582,3.189592420370244,1.4183542029531977,1.7489535646071332,3.94077078829846,3.3508639248086753,3.102137774760676,4.0,2026Q2,2026Q3,2027Q2,True
PER,ENSO+HeatDry | lag1 | KF | coeff=last | EM=20 | P0=update,ENSO+HeatDry,20,True,last,Good,Good,Good,Acceptable,KEEP,stable/coherent by coarse thresholds,0.9220341112197259,0.9436326296087295,0.7592307877348277,0.9215239830087872,0.030837468611462582,3.189592420370244,1.4183542029531977,1.7489535646071332,3.94077078829846,3.3508639248086753,3.102137774760676,4.0,2026Q2,2026Q3,2027Q2,True
PER,ENSO+HeatDry | lag1 | KF | coeff=last | EM=30 | P0=update,ENSO+HeatDry,30,True,last,Good,Good,Good,Acceptable,KEEP,stable/coherent by coarse thresholds,0.9220341112197259,0.9436326296087295,0.7592307877348277,0.9215239830087872,0.030837468611462582,3.189592420370244,1.4183542029531977,1.7489535646071332,3.94077078829846,3.3508639248086753,3.102137774760676,4.0,2026Q2,2026Q3,2027Q2,True
PER,ENSO+HeatDry | lag1 | KF | coeff=last | EM=50 | P0=update,ENSO+HeatDry,50,True,last,Good,Good,Good,Acceptable,KEEP,stable/coherent by coarse thresholds,0.9220341112197259,0.9436326296087295,0.7592307877348277,0.9215239830087872,0.030837468611462582,3.189592420370244,1.4183542029531977,1.7489535646071332,3.94077078829846,3.3508639248086753,3.102137774760676,4.0,2026Q2,2026Q3,2027Q2,True
PER,ENSO+HeatDry | lag1 | KF | coeff=avg4 | EM=10 | P0=update,ENSO+HeatDry,10,True,avg4,Good,Good,Good,Acceptable,KEEP,stable/coherent by coarse thresholds,0.8983183901916978,0.950625691502409,0.775563025716315,0.9215239830087872,0.030837468611462582,3.159430578510667,1.3999319877120828,1.7508410610109773,3.9428184552376107,3.428777601075005,3.2440923067044327,4.0,2026Q2,2026Q3,2027Q2,True
PER,ENSO+HeatDry | lag1 | KF | coeff=avg4 | EM=20 | P0=update,ENSO+HeatDry,20,True,avg4,Good,Good,Good,Acceptable,KEEP,stable/coherent by coarse thresholds,0.8983183901916978,0.950625691502409,0.775563025716315,0.9215239830087872,0.030837468611462582,3.159430578510667,1.3999319877120828,1.7508410610109773,3.9428184552376107,3.428777601075005,3.2440923067044327,4.0,2026Q2,2026Q3,2027Q2,True
PER,ENSO+HeatDry | lag1 | KF | coeff=avg4 | EM=30 | P0=update,ENSO+HeatDry,30,True,avg4,Good,Good,Good,Acceptable,KEEP,stable/coherent by coarse thresholds,0.8983183901916978,0.950625691502409,0.775563025716315,0.9215239830087872,0.030837468611462582,3.159430578510667,1.3999319877120828,1.7508410610109773,3.9428184552376107,3.428777601075005,3.2440923067044327,4.0,2026Q2,2026Q3,2027Q2,True
PER,ENSO+HeatDry | lag1 | KF | coeff=avg4 | EM=50 | P0=update,ENSO+HeatDry,50,True,avg4,Good,Good,Good,Acceptable,KEEP,stable/coherent by coarse thresholds,0.8983183901916978,0.950625691502409,0.775563025716315,0.9215239830087872,0.030837468611462582,3.159430578510667,1.3999319877120828,1.7508410610109773,3.9428184552376107,3.428777601075005,3.2440923067044327,4.0,2026Q2,2026Q3,2027Q2,True
PER,ENSO+HeatDry | lag1 | KF | coeff=avg4 | EM=10 | P0=fixed,ENSO+HeatDry,10,False,avg4,Good,Good,Good,Acceptable,KEEP,stable/coherent by coarse thresholds,0.8998691158096472,0.9517257787311801,0.7797672900301863,0.9237147394782936,0.03048811026157555,3.2122161294886733,1.4088890223448125,1.760630051683799,3.9422261060481114,3.3812332192437093,3.2106383590080605,4.0,2026Q2,2026Q3,2027Q2,True
PER,ENSO+HeatDry | lag1 | KF | coeff=avg4 | EM=20 | P0=fixed,ENSO+HeatDry,20,False,avg4,Good,Good,Good,Acceptable,KEEP,stable/coherent by coarse thresholds,0.8998691158096472,0.9517257787311801,0.7797672900301863,0.9237147394782936,0.03048811026157555,3.2122161294886733,1.4088890223448125,1.760630051683799,3.9422261060481114,3.3812332192437093,3.2106383590080605,4.0,2026Q2,2026Q3,2027Q2,True
PER,ENSO+HeatDry | lag1 | KF | coeff=avg4 | EM=30 | P0=fixed,ENSO+HeatDry,30,False,avg4,Good,Good,Good,Acceptable,KEEP,stable/coherent by coarse thresholds,0.8998691158096472,0.9517257787311801,0.7797672900301863,0.9237147394782936,0.03048811026157555,3.2122161294886733,1.4088890223448125,1.760630051683799,3.9422261060481114,3.3812332192437093,3.2106383590080605,4.0,2026Q2,2026Q3,2027Q2,True
PER,ENSO+HeatDry | lag1 | KF | coeff=avg4 | EM=50 | P0=fixed,ENSO+HeatDry,50,False,avg4,Good,Good,Good,Acceptable,KEEP,stable/coherent by coarse thresholds,0.8998691158096472,0.9517257787311801,0.7797672900301863,0.9237147394782936,0.03048811026157555,3.2122161294886733,1.4088890223448125,1.760630051683799,3.9422261060481114,3.3812332192437093,3.2106383590080605,4.0,2026Q2,2026Q3,2027Q2,True
PER,ENSO+HeatDry | lag1 | KF | coeff=last | EM=10 | P0=fixed,ENSO+HeatDry,10,False,last,Good,Good,Good,Acceptable,KEEP,stable/coherent by coarse thresholds,0.922736027817359,0.9510879980623235,0.7891016720275473,0.9237147394782936,0.03048811026157555,3.2902589106476383,1.4330353628407142,1.7657538698445725,3.9572317084198625,3.315353304007319,3.0501258022547755,4.0,2026Q2,2026Q3,2027Q2,True
PER,ENSO+HeatDry | lag1 | KF | coeff=last | EM=20 | P0=fixed,ENSO+HeatDry,20,False,last,Good,Good,Good,Acceptable,KEEP,stable/coherent by coarse thresholds,0.922736027817359,0.9510879980623235,0.7891016720275473,0.9237147394782936,0.03048811026157555,3.2902589106476383,1.4330353628407142,1.7657538698445725,3.9572317084198625,3.315353304007319,3.0501258022547755,4.0,2026Q2,2026Q3,2027Q2,True
PER,ENSO+HeatDry | lag1 | KF | coeff=last | EM=30 | P0=fixed,ENSO+HeatDry,30,False,last,Good,Good,Good,Acceptable,KEEP,stable/coherent by coarse thresholds,0.922736027817359,0.9510879980623235,0.7891016720275473,0.9237147394782936,0.03048811026157555,3.2902589106476383,1.4330353628407142,1.7657538698445725,3.9572317084198625,3.315353304007319,3.0501258022547755,4.0,2026Q2,2026Q3,2027Q2,True
PER,ENSO+HeatDry | lag1 | KF | coeff=last | EM=50 | P0=fixed,ENSO+HeatDry,50,False,last,Good,Good,Good,Acceptable,KEEP,stable/coherent by coarse thresholds,0.922736027817359,0.9510879980623235,0.7891016720275473,0.9237147394782936,0.03048811026157555,3.2902589106476383,1.4330353628407142,1.7657538698445725,3.9572317084198625,3.315353304007319,3.0501258022547755,4.0,2026Q2,2026Q3,2027Q2,True
PER,ENSO+HeatDry | lag1 | KF | coeff=avg8 | EM=10 | P0=update,ENSO+HeatDry,10,True,avg8,Good,Good,Good,Acceptable,KEEP,stable/coherent by coarse thresholds,0.8871674125624648,0.9523156932080892,0.7772218595572231,0.9215239830087872,0.030837468611462582,3.25103054729817,1.4205056239777702,1.7610299557455107,3.9482239744445575,3.484148367336573,3.2991488704878336,4.0,2026Q2,2026Q3,2027Q2,True
PER,ENSO+HeatDry | lag1 | KF | coeff=avg8 | EM=20 | P0=update,ENSO+HeatDry,20,True,avg8,Good,Good,Good,Acceptable,KEEP,stable/coherent by coarse thresholds,0.8871674125624648,0.9523156932080892,0.7772218595572231,0.9215239830087872,0.030837468611462582,3.25103054729817,1.4205056239777702,1.7610299557455107,3.9482239744445575,3.484148367336573,3.2991488704878336,4.0,2026Q2,2026Q3,2027Q2,True
PER,ENSO+HeatDry | lag1 | KF | coeff=avg8 | EM=30 | P0=update,ENSO+HeatDry,30,True,avg8,Good,Good,Good,Acceptable,KEEP,stable/coherent by coarse thresholds,0.8871674125624648,0.9523156932080892,0.7772218595572231,0.9215239830087872,0.030837468611462582,3.25103054729817,1.4205056239777702,1.7610299557455107,3.9482239744445575,3.484148367336573,3.2991488704878336,4.0,2026Q2,2026Q3,2027Q2,True
PER,ENSO+HeatDry | lag1 | KF | coeff=avg8 | EM=50 | P0=update,ENSO+HeatDry,50,True,avg8,Good,Good,Good,Acceptable,KEEP,stable/coherent by coarse thresholds,0.8871674125624648,0.9523156932080892,0.7772218595572231,0.9215239830087872,0.030837468611462582,3.25103054729817,1.4205056239777702,1.7610299557455107,3.9482239744445575,3.484148367336573,3.2991488704878336,4.0,2026Q2,2026Q3,2027Q2,True
PER,ENSO+HeatDry | lag1 | KF | coeff=avg8 | EM=10 | P0=fixed,ENSO+HeatDry,10,False,avg8,Good,Good,Good,Acceptable,KEEP,stable/coherent by coarse thresholds,0.8891658587622672,0.9545625846993112,0.7844153746595188,0.9237147394782936,0.03048811026157555,3.2879511926877414,1.4276976790117075,1.7703182871122636,3.944911361076012,3.4601343260121373,3.3196713133220164,4.0,2026Q2,2026Q3,2027Q2,True
PER,ENSO+HeatDry | lag1 | KF | coeff=avg8 | EM=20 | P0=fixed,ENSO+HeatDry,20,False,avg8,Good,Good,Good,Acceptable,KEEP,stable/coherent by coarse thresholds,0.8891658587622672,0.9545625846993112,0.7844153746595188,0.9237147394782936,0.03048811026157555,3.2879511926877414,1.4276976790117075,1.7703182871122636,3.944911361076012,3.4601343260121373,3.3196713133220164,4.0,2026Q2,2026Q3,2027Q2,True
PER,ENSO+HeatDry | lag1 | KF | coeff=avg8 | EM=30 | P0=fixed,ENSO+HeatDry,30,False,avg8,Good,Good,Good,Acceptable,KEEP,stable/coherent by coarse thresholds,0.8891658587622672,0.9545625846993112,0.7844153746595188,0.9237147394782936,0.03048811026157555,3.2879511926877414,1.4276976790117075,1.7703182871122636,3.944911361076012,3.4601343260121373,3.3196713133220164,4.0,2026Q2,2026Q3,2027Q2,True
PER,ENSO+HeatDry | lag1 | KF | coeff=avg8 | EM=50 | P0=fixed,ENSO+HeatDry,50,False,avg8,Good,Good,Good,Acceptable,KEEP,stable/coherent by coarse thresholds,0.8891658587622672,0.9545625846993112,0.7844153746595188,0.9237147394782936,0.03048811026157555,3.2879511926877414,1.4276976790117075,1.7703182871122636,3.944911361076012,3.4601343260121373,3.3196713133220164,4.0,2026Q2,2026Q3,2027Q2,True
PER,HeatDryF | lag1 | KF | coeff=last | EM=10 | P0=fixed,HeatDryF,10,False,last,Good,Good,Good,Acceptable,BORDERLINE,CI expands quickly: ratio=5.6,0.8883492181689667,0.962540767946257,0.5526118308437518,1.0392045942777728,0.28822772895168136,3.713710636457572,0.4996586908186278,1.1896763478345251,5.617898570424592,0.25471854013992745,3.7902927399866515,6.0,2026Q2,2026Q3,2027Q4,True
PER,HeatDryF | lag1 | KF | coeff=last | EM=10 | P0=update,HeatDryF,10,True,last,Good,Good,Good,Acceptable,BORDERLINE,CI expands quickly: ratio=5.6,0.8884257339646882,0.9630964175695338,0.5512124086724585,1.0453860177456349,0.1830063434349184,3.7227108953320345,0.5667516524475302,1.1945719795310425,5.647103412995869,0.31673380110367155,3.8113664929565356,6.0,2026Q2,2026Q3,2027Q4,True
PER,HeatDry | lag1 | KF | coeff=last | EM=10 | P0=fixed,HeatDry,10,False,last,Good,Good,Good,Acceptable,BORDERLINE,CI expands quickly: ratio=4.4,0.8980951911234106,0.981779147000211,0.6321642633312662,0.9371826410974887,0.3591453623588893,3.888556292769779,0.48382869483063784,1.2051082819405288,4.372476190567206,0.2811692084440276,3.7921818523544606,6.0,2026Q2,2026Q3,2027Q4,True
PER,HeatDry | lag1 | KF | coeff=last | EM=10 | P0=update,HeatDry,10,True,last,Good,Good,Good,Acceptable,BORDERLINE,CI expands quickly: ratio=4.1,0.8990789023790722,0.9807232333790282,0.6326605505848536,1.2939033044027832,0.2901066041316689,3.8833947420540897,0.4886277862474975,1.2394572619052653,4.093694874148329,0.2832145053370505,3.7852661864279096,6.0,2026Q2,2026Q3,2027Q4,True
PER,OIL_YoY+HeatDry | lag1 | KF | coeff=avg8 | EM=10 | P0=update,OIL_YoY+HeatDry,10,True,avg8,Good,Good,Good,Acceptable,BORDERLINE,CI expands quickly: ratio=6.2,0.8702930432839087,0.9576398185369048,0.6913037709336263,0.8778330952583153,0.0986910264355782,3.4162328527615444,0.7195636884635359,2.1615410598630342,6.19949763647559,0.28215608032382544,3.5085124801669476,6.0,2026Q2,2026Q3,2027Q4,True
PER,OIL_YoY+HeatDry | lag1 | KF | coeff=avg8 | EM=10 | P0=fixed,OIL_YoY+HeatDry,10,False,avg8,Good,Good,Good,Acceptable,BORDERLINE,CI expands quickly: ratio=6.1,0.8722580263306586,0.966822000761434,0.6863298782249957,0.8792387052550432,0.1271925686990647,3.4261145641085484,0.7200491793296233,2.183785392559777,6.072238211714391,0.25864329733379776,3.4732453456880936,6.0,2026Q2,2026Q3,2027Q4,True
PER,HeatDry | lag1 | KF | coeff=avg4 | EM=10 | P0=fixed,HeatDry,10,False,avg4,Good,Good,Good,Acceptable,BORDERLINE,CI expands quickly: ratio=4.4,0.9022458830420768,1.051636092408628,0.7299514386210771,0.9371826410974887,0.3591453623588893,3.9583342795242853,0.45107817062856626,1.2265743963206361,4.370044304297999,0.24134843569682563,3.982749026307736,6.0,2026Q2,2026Q3,2027Q4,True
PER,HeatDry | lag1 | KF | coeff=avg8 | EM=10 | P0=fixed,HeatDry,10,False,avg8,Good,Good,Good,Acceptable,BORDERLINE,CI expands quickly: ratio=4.4,0.9059886915860741,1.008936868446118,0.743092359455086,0.9371826410974887,0.3591453623588893,4.031846323312317,0.5292432187841452,1.242741863750787,4.3860999438957196,0.263745372687441,4.07331666725744,6.0,2026Q2,2026Q3,2027Q4,True
PER,OIL_YoY+HeatDryF | lag1 | KF | coeff=avg8 | EM=10 | P0=fixed,OIL_YoY+HeatDryF,10,False,avg8,Good,Good,Good,Acceptable,BORDERLINE,CI expands quickly: ratio=6.9,0.9155951202618968,0.9593654875329504,0.7114729863129026,0.8672835380060182,0.13213963793750766,3.5536689245172246,0.7288921848004941,2.548515438997979,6.880471549340002,0.540661290871224,3.3722070743106887,6.0,2026Q2,2026Q3,2027Q4,True
PER,OIL_YoY+HeatDryF | lag1 | KF | coeff=avg8 | EM=10 | P0=update,OIL_YoY+HeatDryF,10,True,avg8,Good,Good,Good,Acceptable,BORDERLINE,CI expands quickly: ratio=7.2,0.9202509924095361,0.9618045574627573,0.7337385649180256,0.8653709577526891,0.13184296125257694,3.402550385289079,0.7449917487825517,2.712658699337355,7.1619512013179945,0.6045246003569469,3.2692107168883826,6.0,2026Q2,2026Q3,2027Q4,True
PER,ENSO | lag1 | KF | coeff=last | EM=10 | P0=update,ENSO,10,True,last,Good,Good,Good,Acceptable,BORDERLINE,CI expands quickly: ratio=5.8,0.8953466476036684,0.9438044508917101,0.7461888301057065,0.9259901329433771,0.020557616415003088,2.6906157897854084,1.3464467993498674,1.6395719196496783,5.77645783374073,3.7701321370890533,3.1637205740640737,4.0,2026Q2,2026Q3,2027Q2,True
PER,ENSO | lag1 | KF | coeff=last | EM=20 | P0=update,ENSO,20,True,last,Good,Good,Good,Acceptable,BORDERLINE,CI expands quickly: ratio=5.8,0.8953466476036684,0.9438044508917101,0.7461888301057065,0.9259901329433771,0.020557616415003088,2.6906157897854084,1.3464467993498674,1.6395719196496783,5.77645783374073,3.7701321370890533,3.1637205740640737,4.0,2026Q2,2026Q3,2027Q2,True
PER,ENSO | lag1 | KF | coeff=last | EM=30 | P0=update,ENSO,30,True,last,Good,Good,Good,Acceptable,BORDERLINE,CI expands quickly: ratio=5.8,0.8953466476036684,0.9438044508917101,0.7461888301057065,0.9259901329433771,0.020557616415003088,2.6906157897854084,1.3464467993498674,1.6395719196496783,5.77645783374073,3.7701321370890533,3.1637205740640737,4.0,2026Q2,2026Q3,2027Q2,True
PER,ENSO | lag1 | KF | coeff=last | EM=50 | P0=update,ENSO,50,True,last,Good,Good,Good,Acceptable,BORDERLINE,CI expands quickly: ratio=5.8,0.8953466476036684,0.9438044508917101,0.7461888301057065,0.9259901329433771,0.020557616415003088,2.6906157897854084,1.3464467993498674,1.6395719196496783,5.77645783374073,3.7701321370890533,3.1637205740640737,4.0,2026Q2,2026Q3,2027Q2,True
PER,ENSO+HeatDryF | lag1 | KF | coeff=avg4 | EM=10 | P0=fixed,ENSO+HeatDryF,10,False,avg4,Good,Good,Good,Acceptable,BORDERLINE,CI expands quickly: ratio=4.1,0.8892294809854313,0.9267945123887087,0.7069325020918962,0.9042566821673657,0.03601054343558194,3.037603810604337,1.371214393346921,2.0252740552135853,4.056112505540052,3.382149765989798,3.202722535004592,4.0,2026Q2,2026Q3,2027Q2,True
PER,ENSO+HeatDryF | lag1 | KF | coeff=avg4 | EM=20 | P0=fixed,ENSO+HeatDryF,20,False,avg4,Good,Good,Good,Acceptable,BORDERLINE,CI expands quickly: ratio=4.1,0.8892294809854313,0.9267945123887087,0.7069325020918962,0.9042566821673657,0.03601054343558194,3.037603810604337,1.371214393346921,2.0252740552135853,4.056112505540052,3.382149765989798,3.202722535004592,4.0,2026Q2,2026Q3,2027Q2,True
PER,ENSO+HeatDryF | lag1 | KF | coeff=avg4 | EM=30 | P0=fixed,ENSO+HeatDryF,30,False,avg4,Good,Good,Good,Acceptable,BORDERLINE,CI expands quickly: ratio=4.1,0.8892294809854313,0.9267945123887087,0.7069325020918962,0.9042566821673657,0.03601054343558194,3.037603810604337,1.371214393346921,2.0252740552135853,4.056112505540052,3.382149765989798,3.202722535004592,4.0,2026Q2,2026Q3,2027Q2,True
PER,ENSO+HeatDryF | lag1 | KF | coeff=avg4 | EM=50 | P0=fixed,ENSO+HeatDryF,50,False,avg4,Good,Good,Good,Acceptable,BORDERLINE,CI expands quickly: ratio=4.1,0.8892294809854313,0.9267945123887087,0.7069325020918962,0.9042566821673657,0.03601054343558194,3.037603810604337,1.371214393346921,2.0252740552135853,4.056112505540052,3.382149765989798,3.202722535004592,4.0,2026Q2,2026Q3,2027Q2,True
PER,ENSO+HeatDryF | lag1 | KF | coeff=avg4 | EM=10 | P0=update,ENSO+HeatDryF,10,True,avg4,Good,Good,Good,Acceptable,BORDERLINE,CI expands quickly: ratio=4.1,0.8888458306380026,0.9273245768459301,0.708636399686678,0.9032576994357241,0.035915116985170775,3.0175293303747597,1.3691431747673244,2.0168763818191575,4.056410724495877,3.4794164056016283,3.256050196904901,4.0,2026Q2,2026Q3,2027Q2,True
PER,ENSO+HeatDryF | lag1 | KF | coeff=avg4 | EM=20 | P0=update,ENSO+HeatDryF,20,True,avg4,Good,Good,Good,Acceptable,BORDERLINE,CI expands quickly: ratio=4.1,0.8888458306380026,0.9273245768459301,0.708636399686678,0.9032576994357241,0.035915116985170775,3.0175293303747597,1.3691431747673244,2.0168763818191575,4.056410724495877,3.4794164056016283,3.256050196904901,4.0,2026Q2,2026Q3,2027Q2,True
PER,ENSO+HeatDryF | lag1 | KF | coeff=avg4 | EM=30 | P0=update,ENSO+HeatDryF,30,True,avg4,Good,Good,Good,Acceptable,BORDERLINE,CI expands quickly: ratio=4.1,0.8888458306380026,0.9273245768459301,0.708636399686678,0.9032576994357241,0.035915116985170775,3.0175293303747597,1.3691431747673244,2.0168763818191575,4.056410724495877,3.4794164056016283,3.256050196904901,4.0,2026Q2,2026Q3,2027Q2,True
PER,ENSO+HeatDryF | lag1 | KF | coeff=avg4 | EM=50 | P0=update,ENSO+HeatDryF,50,True,avg4,Good,Good,Good,Acceptable,BORDERLINE,CI expands quickly: ratio=4.1,0.8888458306380026,0.9273245768459301,0.708636399686678,0.9032576994357241,0.035915116985170775,3.0175293303747597,1.3691431747673244,2.0168763818191575,4.056410724495877,3.4794164056016283,3.256050196904901,4.0,2026Q2,2026Q3,2027Q2,True
PER,ENSO | lag1 | KF | coeff=last | EM=10 | P0=fixed,ENSO,10,False,last,Good,Good,Good,Acceptable,BORDERLINE,CI expands quickly: ratio=5.5,0.8985306773715942,0.9424823400902169,0.7363101353799,0.9265294745619094,0.04676536770186379,2.91470553397532,1.3964797391863244,1.690216268519766,5.451819194984014,3.9891783402711614,2.962335716877192,4.0,2026Q2,2026Q3,2027Q2,True
PER,ENSO+HeatDryF | lag1 | KF | coeff=last | EM=10 | P0=update,ENSO+HeatDryF,10,True,last,Good,Good,Good,Acceptable,BORDERLINE,CI expands quickly: ratio=4.1,0.91520008901522,0.937636187811926,0.7631435795278818,0.9032576994357241,0.035915116985170775,3.0113396522907565,1.3822157062943163,2.014775971258847,4.059233229285807,3.4079287278412345,3.1331773515788774,4.0,2026Q2,2026Q3,2027Q2,True
PER,ENSO+HeatDryF | lag1 | KF | coeff=last | EM=20 | P0=update,ENSO+HeatDryF,20,True,last,Good,Good,Good,Acceptable,BORDERLINE,CI expands quickly: ratio=4.1,0.91520008901522,0.937636187811926,0.7631435795278818,0.9032576994357241,0.035915116985170775,3.0113396522907565,1.3822157062943163,2.014775971258847,4.059233229285807,3.4079287278412345,3.1331773515788774,4.0,2026Q2,2026Q3,2027Q2,True
PER,ENSO+HeatDryF | lag1 | KF | coeff=last | EM=30 | P0=update,ENSO+HeatDryF,30,True,last,Good,Good,Good,Acceptable,BORDERLINE,CI expands quickly: ratio=4.1,0.91520008901522,0.937636187811926,0.7631435795278818,0.9032576994357241,0.035915116985170775,3.0113396522907565,1.3822157062943163,2.014775971258847,4.059233229285807,3.4079287278412345,3.1331773515788774,4.0,2026Q2,2026Q3,2027Q2,True
PER,ENSO+HeatDryF | lag1 | KF | coeff=last | EM=50 | P0=update,ENSO+HeatDryF,50,True,last,Good,Good,Good,Acceptable,BORDERLINE,CI expands quickly: ratio=4.1,0.91520008901522,0.937636187811926,0.7631435795278818,0.9032576994357241,0.035915116985170775,3.0113396522907565,1.3822157062943163,2.014775971258847,4.059233229285807,3.4079287278412345,3.1331773515788774,4.0,2026Q2,2026Q3,2027Q2,True
PER,ENSO+HeatDryF | lag1 | KF | coeff=last | EM=10 | P0=fixed,ENSO+HeatDryF,10,False,last,Good,Good,Good,Acceptable,BORDERLINE,CI expands quickly: ratio=4.1,0.9149678362887531,0.9447098663558957,0.78213835613377,0.9042566821673657,0.03601054343558194,3.0686099534504714,1.3886578443459028,2.0258780631541606,4.067260850317571,3.322392717634182,2.9865123964087203,4.0,2026Q2,2026Q3,2027Q2,True
PER,ENSO+HeatDryF | lag1 | KF | coeff=last | EM=20 | P0=fixed,ENSO+HeatDryF,20,False,last,Good,Good,Good,Acceptable,BORDERLINE,CI expands quickly: ratio=4.1,0.9149678362887531,0.9447098663558957,0.78213835613377,0.9042566821673657,0.03601054343558194,3.0686099534504714,1.3886578443459028,2.0258780631541606,4.067260850317571,3.322392717634182,2.9865123964087203,4.0,2026Q2,2026Q3,2027Q2,True
PER,ENSO+HeatDryF | lag1 | KF | coeff=last | EM=30 | P0=fixed,ENSO+HeatDryF,30,False,last,Good,Good,Good,Acceptable,BORDERLINE,CI expands quickly: ratio=4.1,0.9149678362887531,0.9447098663558957,0.78213835613377,0.9042566821673657,0.03601054343558194,3.0686099534504714,1.3886578443459028,2.0258780631541606,4.067260850317571,3.322392717634182,2.9865123964087203,4.0,2026Q2,2026Q3,2027Q2,True
PER,ENSO+HeatDryF | lag1 | KF | coeff=last | EM=50 | P0=fixed,ENSO+HeatDryF,50,False,last,Good,Good,Good,Acceptable,BORDERLINE,CI expands quickly: ratio=4.1,0.9149678362887531,0.9447098663558957,0.78213835613377,0.9042566821673657,0.03601054343558194,3.0686099534504714,1.3886578443459028,2.0258780631541606,4.067260850317571,3.322392717634182,2.9865123964087203,4.0,2026Q2,2026Q3,2027Q2,True
PER,ENSO+HeatDryF | lag1 | KF | coeff=avg8 | EM=10 | P0=fixed,ENSO+HeatDryF,10,False,avg8,Good,Good,Good,Acceptable,BORDERLINE,CI expands quickly: ratio=4.1,0.8791016008070188,0.9323083931381304,0.7202754470637697,0.9042566821673657,0.03601054343558194,3.103682827884047,1.3844390253147254,2.0346342003633007,4.061349240244109,3.460803419772306,3.316771932342844,4.0,2026Q2,2026Q3,2027Q2,True
PER,ENSO+HeatDryF | lag1 | KF | coeff=avg8 | EM=20 | P0=fixed,ENSO+HeatDryF,20,False,avg8,Good,Good,Good,Acceptable,BORDERLINE,CI expands quickly: ratio=4.1,0.8791016008070188,0.9323083931381304,0.7202754470637697,0.9042566821673657,0.03601054343558194,3.103682827884047,1.3844390253147254,2.0346342003633007,4.061349240244109,3.460803419772306,3.316771932342844,4.0,2026Q2,2026Q3,2027Q2,True
PER,ENSO+HeatDryF | lag1 | KF | coeff=avg8 | EM=30 | P0=fixed,ENSO+HeatDryF,30,False,avg8,Good,Good,Good,Acceptable,BORDERLINE,CI expands quickly: ratio=4.1,0.8791016008070188,0.9323083931381304,0.7202754470637697,0.9042566821673657,0.03601054343558194,3.103682827884047,1.3844390253147254,2.0346342003633007,4.061349240244109,3.460803419772306,3.316771932342844,4.0,2026Q2,2026Q3,2027Q2,True
PER,ENSO+HeatDryF | lag1 | KF | coeff=avg8 | EM=50 | P0=fixed,ENSO+HeatDryF,50,False,avg8,Good,Good,Good,Acceptable,BORDERLINE,CI expands quickly: ratio=4.1,0.8791016008070188,0.9323083931381304,0.7202754470637697,0.9042566821673657,0.03601054343558194,3.103682827884047,1.3844390253147254,2.0346342003633007,4.061349240244109,3.460803419772306,3.316771932342844,4.0,2026Q2,2026Q3,2027Q2,True
PER,ENSO+HeatDryF | lag1 | KF | coeff=avg8 | EM=10 | P0=update,ENSO+HeatDryF,10,True,avg8,Good,Good,Good,Acceptable,BORDERLINE,CI expands quickly: ratio=4.1,0.8783959485796687,0.9323084825922849,0.720455682916523,0.9032576994357241,0.035915116985170775,3.0952848559674657,1.384169566607381,2.0273596041665876,4.064262505929884,3.5549216800392274,3.3281520381927154,4.0,2026Q2,2026Q3,2027Q2,True
PER,ENSO+HeatDryF | lag1 | KF | coeff=avg8 | EM=20 | P0=update,ENSO+HeatDryF,20,True,avg8,Good,Good,Good,Acceptable,BORDERLINE,CI expands quickly: ratio=4.1,0.8783959485796687,0.9323084825922849,0.720455682916523,0.9032576994357241,0.035915116985170775,3.0952848559674657,1.384169566607381,2.0273596041665876,4.064262505929884,3.5549216800392274,3.3281520381927154,4.0,2026Q2,2026Q3,2027Q2,True
PER,ENSO+HeatDryF | lag1 | KF | coeff=avg8 | EM=30 | P0=update,ENSO+HeatDryF,30,True,avg8,Good,Good,Good,Acceptable,BORDERLINE,CI expands quickly: ratio=4.1,0.8783959485796687,0.9323084825922849,0.720455682916523,0.9032576994357241,0.035915116985170775,3.0952848559674657,1.384169566607381,2.0273596041665876,4.064262505929884,3.5549216800392274,3.3281520381927154,4.0,2026Q2,2026Q3,2027Q2,True
PER,ENSO+HeatDryF | lag1 | KF | coeff=avg8 | EM=50 | P0=update,ENSO+HeatDryF,50,True,avg8,Good,Good,Good,Acceptable,BORDERLINE,CI expands quickly: ratio=4.1,0.8783959485796687,0.9323084825922849,0.720455682916523,0.9032576994357241,0.035915116985170775,3.0952848559674657,1.384169566607381,2.0273596041665876,4.064262505929884,3.5549216800392274,3.3281520381927154,4.0,2026Q2,2026Q3,2027Q2,True
PER,ENSO | lag1 | KF | coeff=avg4 | EM=10 | P0=update,ENSO,10,True,avg4,Good,Good,Good,Acceptable,BORDERLINE,CI expands quickly: ratio=5.9,0.8982161753090991,0.9608595888308363,0.8011851863386378,0.9259901329433771,0.020557616415003088,2.7449525661158254,1.3609041090828606,1.6673437596786496,5.856311666049684,3.805727830957623,3.2489243355375477,4.0,2026Q2,2026Q3,2027Q2,True
PER,ENSO | lag1 | KF | coeff=avg4 | EM=20 | P0=update,ENSO,20,True,avg4,Good,Good,Good,Acceptable,BORDERLINE,CI expands quickly: ratio=5.9,0.8982161753090991,0.9608595888308363,0.8011851863386378,0.9259901329433771,0.020557616415003088,2.7449525661158254,1.3609041090828606,1.6673437596786496,5.856311666049684,3.805727830957623,3.2489243355375477,4.0,2026Q2,2026Q3,2027Q2,True
PER,ENSO | lag1 | KF | coeff=avg4 | EM=30 | P0=update,ENSO,30,True,avg4,Good,Good,Good,Acceptable,BORDERLINE,CI expands quickly: ratio=5.9,0.8982161753090991,0.9608595888308363,0.8011851863386378,0.9259901329433771,0.020557616415003088,2.7449525661158254,1.3609041090828606,1.6673437596786496,5.856311666049684,3.805727830957623,3.2489243355375477,4.0,2026Q2,2026Q3,2027Q2,True
PER,ENSO | lag1 | KF | coeff=avg4 | EM=50 | P0=update,ENSO,50,True,avg4,Good,Good,Good,Acceptable,BORDERLINE,CI expands quickly: ratio=5.9,0.8982161753090991,0.9608595888308363,0.8011851863386378,0.9259901329433771,0.020557616415003088,2.7449525661158254,1.3609041090828606,1.6673437596786496,5.856311666049684,3.805727830957623,3.2489243355375477,4.0,2026Q2,2026Q3,2027Q2,True
PER,ENSO | lag1 | KF | coeff=avg8 | EM=10 | P0=update,ENSO,10,True,avg8,Good,Good,Good,Acceptable,BORDERLINE,CI expands quickly: ratio=5.8,0.8894440105441761,0.9531944557410309,0.778852651646885,0.9259901329433771,0.020557616415003088,2.6213862691054097,1.344735209997228,1.6318900387904414,5.783608973409837,3.8191390218832053,3.2483382264100196,4.0,2026Q2,2026Q3,2027Q2,True
PER,ENSO | lag1 | KF | coeff=avg8 | EM=20 | P0=update,ENSO,20,True,avg8,Good,Good,Good,Acceptable,BORDERLINE,CI expands quickly: ratio=5.8,0.8894440105441761,0.9531944557410309,0.778852651646885,0.9259901329433771,0.020557616415003088,2.6213862691054097,1.344735209997228,1.6318900387904414,5.783608973409837,3.8191390218832053,3.2483382264100196,4.0,2026Q2,2026Q3,2027Q2,True
PER,ENSO | lag1 | KF | coeff=avg8 | EM=30 | P0=update,ENSO,30,True,avg8,Good,Good,Good,Acceptable,BORDERLINE,CI expands quickly: ratio=5.8,0.8894440105441761,0.9531944557410309,0.778852651646885,0.9259901329433771,0.020557616415003088,2.6213862691054097,1.344735209997228,1.6318900387904414,5.783608973409837,3.8191390218832053,3.2483382264100196,4.0,2026Q2,2026Q3,2027Q2,True
PER,ENSO | lag1 | KF | coeff=avg8 | EM=50 | P0=update,ENSO,50,True,avg8,Good,Good,Good,Acceptable,BORDERLINE,CI expands quickly: ratio=5.8,0.8894440105441761,0.9531944557410309,0.778852651646885,0.9259901329433771,0.020557616415003088,2.6213862691054097,1.344735209997228,1.6318900387904414,5.783608973409837,3.8191390218832053,3.2483382264100196,4.0,2026Q2,2026Q3,2027Q2,True
PER,OIL_YoY+HeatDry | lag1 | KF | coeff=avg4 | EM=10 | P0=fixed,OIL_YoY+HeatDry,10,False,avg4,Good,Good,Good,Acceptable,BORDERLINE,CI expands quickly: ratio=6.4,0.9885453810453907,1.0131398179282902,0.9847070095885687,0.8792387052550432,0.1271925686990647,3.2540324464136403,0.7735973925484958,2.336153852110681,6.429089744395029,0.2840597851142972,3.2865434041035355,6.0,2026Q2,2026Q3,2027Q4,True
PER,HeatDryF | lag1 | KF | coeff=avg8 | EM=10 | P0=fixed,HeatDryF,10,False,avg8,Good,Good,Good,Acceptable,BORDERLINE,CI expands quickly: ratio=5.8,0.89655931208366,1.0834310611068882,0.7257262938564658,1.0392045942777728,0.28822772895168136,4.859503924929987,1.655418781000268,1.256219074253142,5.7666334100592875,1.2435653033931966,4.079484385772964,6.0,2026Q2,2026Q3,2027Q4,True
PER,OIL_YoY+HeatDry | lag1 | KF | coeff=avg4 | EM=10 | P0=update,OIL_YoY+HeatDry,10,True,avg4,Good,Good,Good,Acceptable,BORDERLINE,CI expands quickly: ratio=6.5,0.9869432051442468,1.024636578567238,0.9977557620290627,0.8778330952583153,0.0986910264355782,3.3130027868853373,0.7734945756121459,2.300994578720768,6.5469592203153155,0.2887651829419835,3.3451923610192447,6.0,2026Q2,2026Q3,2027Q4,True
PER,ENSO | lag1 | KF | coeff=avg4 | EM=10 | P0=fixed,ENSO,10,False,avg4,Good,Good,Good,Acceptable,BORDERLINE,CI expands quickly: ratio=5.6,0.8997385737965394,0.9593251695401568,0.79016941081916,0.9265294745619094,0.04676536770186379,2.946496189669696,1.4097615576846612,1.7180276526406848,5.550112107536087,4.193958432638965,3.150792027827393,4.0,2026Q2,2026Q3,2027Q2,True
PER,ENSO | lag1 | KF | coeff=avg8 | EM=10 | P0=fixed,ENSO,10,False,avg8,Good,Good,Good,Acceptable,BORDERLINE,CI expands quickly: ratio=5.5,0.891130034505913,0.9526362419012385,0.7701548917400161,0.9265294745619094,0.04676536770186379,2.826953006810823,1.3962594542506745,1.681220012057997,5.501605702117354,4.272292062034563,3.197414358057303,4.0,2026Q2,2026Q3,2027Q2,True
PER,OIL_YoY+HeatDryF | lag1 | KF | coeff=avg4 | EM=10 | P0=fixed,OIL_YoY+HeatDryF,10,False,avg4,Borderline,Good,Good,Acceptable,BORDERLINE,near-unit dynamics: rho=1.00; CI expands quickly: ratio=7.1,1.0040123081178858,1.0478094655018277,1.0478094655018277,0.8672835380060182,0.13213963793750766,3.4158164351986344,0.7070969667004936,2.6575212869179783,7.061205226578039,0.5064213597962053,3.083139596051563,6.0,2026Q2,2026Q3,2027Q4,True
PER,HeatDryF | lag1 | KF | coeff=avg4 | EM=10 | P0=fixed,HeatDryF,10,False,avg4,Good,Good,Good,Acceptable,BORDERLINE,CI expands quickly: ratio=5.7,0.8953800630944982,1.3021539161950597,0.7560851313920005,1.0392045942777728,0.28822772895168136,4.663889963140995,1.5982531475170974,1.2292645577961896,5.683919523198027,1.209041699508584,3.94317655001252,6.0,2026Q2,2026Q3,2027Q4,True
PER,OIL_YoY+HeatDryF | lag1 | KF | coeff=avg4 | EM=10 | P0=update,OIL_YoY+HeatDryF,10,True,avg4,Borderline,Good,Good,Acceptable,BORDERLINE,near-unit dynamics: rho=1.01; CI expands quickly: ratio=7.3,1.0069613251041223,1.068939299196104,1.068939299196104,0.8653709577526891,0.13184296125257694,3.213159832020003,0.7248859390463864,2.8164393527373606,7.337009772202333,0.5493828389381346,2.823639951047512,6.0,2026Q2,2026Q3,2027Q4,True
PER,HeatDry | lag1 | KF | coeff=avg8 | EM=10 | P0=update,HeatDry,10,True,avg8,Good,Good,Good,Acceptable,BORDERLINE,CI expands quickly: ratio=4.3,0.9208045953748502,1.566172152175039,1.0443276320270987,1.2939033044027832,0.2901066041316689,3.6232670876779878,0.898553933513369,1.3662574416368947,4.344997539408707,0.40526472152087445,3.4661510063352012,6.0,2026Q2,2026Q3,2027Q4,True
PER,HeatDryF | lag1 | KF | coeff=avg8 | EM=10 | P0=update,HeatDryF,10,True,avg8,Good,Good,Good,Acceptable,BORDERLINE,CI expands quickly: ratio=6.4,0.9179495678673237,1.3460184198949783,0.8508853288719372,1.0453860177456349,0.1830063434349184,5.196352931070024,3.5255304730459605,1.3408345927962315,6.4179036032476695,2.73981200285748,4.05748419883166,6.0,2026Q2,2026Q3,2027Q4,True
PER,HeatDryF | lag1 | KF | coeff=avg4 | EM=10 | P0=update,HeatDryF,10,True,avg4,Good,Good,Good,Acceptable,BORDERLINE,CI expands quickly: ratio=6.7,0.9179877019319508,1.6314829629096934,0.8929109618056587,1.0453860177456349,0.1830063434349184,3.741972403688161,2.652129229658292,1.3518189822692208,6.7130810023551435,1.939375383243335,3.7113531693843624,6.0,2026Q2,2026Q3,2027Q4,True
PER,HeatDry | lag1 | KF | coeff=avg4 | EM=10 | P0=update,HeatDry,10,True,avg4,Good,Good,Good,Acceptable,BORDERLINE,CI expands quickly: ratio=4.4,0.917005317977492,1.8132067361244688,1.09734288584664,1.2939033044027832,0.2901066041316689,3.5283985995253873,0.8297676844196729,1.345210933592777,4.350667638249974,0.36198772873951235,3.388960615620139,6.0,2026Q2,2026Q3,2027Q4,True
PER,OIL_YoY+HeatDry | lag1 | KF | coeff=last | EM=10 | P0=fixed,OIL_YoY+HeatDry,10,False,last,Borderline,Good,Good,Acceptable,BORDERLINE,near-unit dynamics: rho=1.08; CI expands quickly: ratio=7.1,1.0797179132884003,1.6431886509274303,1.6431886509274303,0.8792387052550432,0.1271925686990647,3.0679910521414264,0.9133896471527079,2.662166601283835,7.11731311133723,0.3632052675372477,3.1027704404678995,6.0,2026Q2,2026Q3,2027Q4,True
PER,OIL_YoY+HeatDry | lag1 | KF | coeff=last | EM=10 | P0=update,OIL_YoY+HeatDry,10,True,last,Explosive,Good,Good,Acceptable,REJECT,dynamic instability: rho=1.08,1.0800304626765969,1.645178631401832,1.645178631401832,0.8778330952583153,0.0986910264355782,2.9746099520243865,0.9201596496161111,2.6421355791637007,7.288754763250079,0.3661949530932964,3.0114343067415947,6.0,2026Q2,2026Q3,2027Q4,True
PER,OIL_YoY+HeatDryF | lag1 | KF | coeff=last | EM=10 | P0=fixed,OIL_YoY+HeatDryF,10,False,last,Explosive,Good,Good,Acceptable,REJECT,dynamic instability: rho=1.09,1.0947055732013755,1.8144571352495045,1.8144571352495045,0.8672835380060182,0.13213963793750766,3.208162501779701,0.8451363596240187,2.9721589732509157,7.705045428381701,0.4278679429145087,3.082949558004188,6.0,2026Q2,2026Q3,2027Q4,True
PER,OIL_YoY+HeatDryF | lag1 | KF | coeff=last | EM=10 | P0=update,OIL_YoY+HeatDryF,10,True,last,Explosive,Good,Good,Acceptable,REJECT,dynamic instability: rho=1.09,1.0940227405037937,1.8078433515557197,1.8078433515557197,0.8653709577526891,0.13184296125257694,3.2963731168315027,0.8498625592457663,2.924235034578233,7.657957186268131,0.518210806039261,3.0751566363015814,6.0,2026Q2,2026Q3,2027Q4,True
PER,ENSO | lag1 | KF | coeff=last | EM=50 | P0=fixed,ENSO,50,False,last,Failed,—,—,—,REJECT,no EM result / insufficient complete data,,,,,,,,,,,,,,,,
PER,HeatDry | lag1 | KF | coeff=last | EM=30 | P0=fixed,HeatDry,30,False,last,Failed,—,—,—,REJECT,exception: LinAlgError: SVD did not converge,,,,,,,,,,,,,,,,
PER,HeatDry | lag1 | KF | coeff=last | EM=30 | P0=update,HeatDry,30,True,last,Failed,—,—,—,REJECT,no EM result / insufficient complete data,,,,,,,,,,,,,,,,
PER,HeatDry | lag1 | KF | coeff=last | EM=50 | P0=fixed,HeatDry,50,False,last,Failed,—,—,—,REJECT,no EM result / insufficient complete data,,,,,,,,,,,,,,,,
PER,HeatDry | lag1 | KF | coeff=last | EM=50 | P0=update,HeatDry,50,True,last,Failed,—,—,—,REJECT,no EM result / insufficient complete data,,,,,,,,,,,,,,,,
PER,HeatDryF | lag1 | KF | coeff=last | EM=30 | P0=fixed,HeatDryF,30,False,last,Failed,—,—,—,REJECT,no EM result / insufficient complete data,,,,,,,,,,,,,,,,
PER,HeatDryF | lag1 | KF | coeff=last | EM=30 | P0=update,HeatDryF,30,True,last,Failed,—,—,—,REJECT,no EM result / insufficient complete data,,,,,,,,,,,,,,,,
PER,HeatDryF | lag1 | KF | coeff=last | EM=50 | P0=fixed,HeatDryF,50,False,last,Failed,—,—,—,REJECT,no EM result / insufficient complete data,,,,,,,,,,,,,,,,
PER,HeatDryF | lag1 | KF | coeff=last | EM=50 | P0=update,HeatDryF,50,True,last,Failed,—,—,—,REJECT,no EM result / insufficient complete data,,,,,,,,,,,,,,,,
PER,OIL_YoY+HeatDry | lag1 | KF | coeff=last | EM=30 | P0=fixed,OIL_YoY+HeatDry,30,False,last,Failed,—,—,—,REJECT,no EM result / insufficient complete data,,,,,,,,,,,,,,,,
PER,OIL_YoY+HeatDry | lag1 | KF | coeff=last | EM=30 | P0=update,OIL_YoY+HeatDry,30,True,last,Failed,—,—,—,REJECT,no EM result / insufficient complete data,,,,,,,,,,,,,,,,
PER,OIL_YoY+HeatDry | lag1 | KF | coeff=last | EM=50 | P0=fixed,OIL_YoY+HeatDry,50,False,last,Failed,—,—,—,REJECT,no EM result / insufficient complete data,,,,,,,,,,,,,,,,
PER,OIL_YoY+HeatDry | lag1 | KF | coeff=last | EM=50 | P0=update,OIL_YoY+HeatDry,50,True,last,Failed,—,—,—,REJECT,no EM result / insufficient complete data,,,,,,,,,,,,,,,,
PER,OIL_YoY+HeatDryF | lag1 | KF | coeff=last | EM=20 | P0=fixed,OIL_YoY+HeatDryF,20,False,last,Failed,—,—,—,REJECT,no EM result / insufficient complete data,,,,,,,,,,,,,,,,
PER,OIL_YoY+HeatDryF | lag1 | KF | coeff=last | EM=20 | P0=update,OIL_YoY+HeatDryF,20,True,last,Failed,—,—,—,REJECT,no EM result / insufficient complete data,,,,,,,,,,,,,,,,
PER,OIL_YoY+HeatDryF | lag1 | KF | coeff=last | EM=30 | P0=fixed,OIL_YoY+HeatDryF,30,False,last,Failed,—,—,—,REJECT,no EM result / insufficient complete data,,,,,,,,,,,,,,,,
PER,OIL_YoY+HeatDryF | lag1 | KF | coeff=last | EM=30 | P0=update,OIL_YoY+HeatDryF,30,True,last,Failed,—,—,—,REJECT,no EM result / insufficient complete data,,,,,,,,,,,,,,,,
PER,OIL_YoY+HeatDryF | lag1 | KF | coeff=last | EM=50 | P0=fixed,OIL_YoY+HeatDryF,50,False,last,Failed,—,—,—,REJECT,no EM result / insufficient complete data,,,,,,,,,,,,,,,,
PER,OIL_YoY+HeatDryF | lag1 | KF | coeff=last | EM=50 | P0=update,OIL_YoY+HeatDryF,50,True,last,Failed,—,—,—,REJECT,no EM result / insufficient complete data,,,,,,,,,,,,,,,,
PER,ENSO | lag1 | KF | coeff=avg4 | EM=50 | P0=fixed,ENSO,50,False,avg4,Failed,—,—,—,REJECT,no EM result / insufficient complete data,,,,,,,,,,,,,,,,
PER,HeatDry | lag1 | KF | coeff=avg4 | EM=30 | P0=fixed,HeatDry,30,False,avg4,Failed,—,—,—,REJECT,exception: LinAlgError: SVD did not converge,,,,,,,,,,,,,,,,
PER,HeatDry | lag1 | KF | coeff=avg4 | EM=30 | P0=update,HeatDry,30,True,avg4,Failed,—,—,—,REJECT,no EM result / insufficient complete data,,,,,,,,,,,,,,,,
PER,HeatDry | lag1 | KF | coeff=avg4 | EM=50 | P0=fixed,HeatDry,50,False,avg4,Failed,—,—,—,REJECT,no EM result / insufficient complete data,,,,,,,,,,,,,,,,
PER,HeatDry | lag1 | KF | coeff=avg4 | EM=50 | P0=update,HeatDry,50,True,avg4,Failed,—,—,—,REJECT,no EM result / insufficient complete data,,,,,,,,,,,,,,,,
PER,HeatDryF | lag1 | KF | coeff=avg4 | EM=30 | P0=fixed,HeatDryF,30,False,avg4,Failed,—,—,—,REJECT,no EM result / insufficient complete data,,,,,,,,,,,,,,,,
PER,HeatDryF | lag1 | KF | coeff=avg4 | EM=30 | P0=update,HeatDryF,30,True,avg4,Failed,—,—,—,REJECT,no EM result / insufficient complete data,,,,,,,,,,,,,,,,
PER,HeatDryF | lag1 | KF | coeff=avg4 | EM=50 | P0=fixed,HeatDryF,50,False,avg4,Failed,—,—,—,REJECT,no EM result / insufficient complete data,,,,,,,,,,,,,,,,
PER,HeatDryF | lag1 | KF | coeff=avg4 | EM=50 | P0=update,HeatDryF,50,True,avg4,Failed,—,—,—,REJECT,no EM result / insufficient complete data,,,,,,,,,,,,,,,,
PER,OIL_YoY+HeatDry | lag1 | KF | coeff=avg4 | EM=30 | P0=fixed,OIL_YoY+HeatDry,30,False,avg4,Failed,—,—,—,REJECT,no EM result / insufficient complete data,,,,,,,,,,,,,,,,
PER,OIL_YoY+HeatDry | lag1 | KF | coeff=avg4 | EM=30 | P0=update,OIL_YoY+HeatDry,30,True,avg4,Failed,—,—,—,REJECT,no EM result / insufficient complete data,,,,,,,,,,,,,,,,
PER,OIL_YoY+HeatDry | lag1 | KF | coeff=avg4 | EM=50 | P0=fixed,OIL_YoY+HeatDry,50,False,avg4,Failed,—,—,—,REJECT,no EM result / insufficient complete data,,,,,,,,,,,,,,,,
PER,OIL_YoY+HeatDry | lag1 | KF | coeff=avg4 | EM=50 | P0=update,OIL_YoY+HeatDry,50,True,avg4,Failed,—,—,—,REJECT,no EM result / insufficient complete data,,,,,,,,,,,,,,,,
PER,OIL_YoY+HeatDryF | lag1 | KF | coeff=avg4 | EM=20 | P0=fixed,OIL_YoY+HeatDryF,20,False,avg4,Failed,—,—,—,REJECT,no EM result / insufficient complete data,,,,,,,,,,,,,,,,
PER,OIL_YoY+HeatDryF | lag1 | KF | coeff=avg4 | EM=20 | P0=update,OIL_YoY+HeatDryF,20,True,avg4,Failed,—,—,—,REJECT,no EM result / insufficient complete data,,,,,,,,,,,,,,,,
PER,OIL_YoY+HeatDryF | lag1 | KF | coeff=avg4 | EM=30 | P0=fixed,OIL_YoY+HeatDryF,30,False,avg4,Failed,—,—,—,REJECT,no EM result / insufficient complete data,,,,,,,,,,,,,,,,
PER,OIL_YoY+HeatDryF | lag1 | KF | coeff=avg4 | EM=30 | P0=update,OIL_YoY+HeatDryF,30,True,avg4,Failed,—,—,—,REJECT,no EM result / insufficient complete data,,,,,,,,,,,,,,,,
PER,OIL_YoY+HeatDryF | lag1 | KF | coeff=avg4 | EM=50 | P0=fixed,OIL_YoY+HeatDryF,50,False,avg4,Failed,—,—,—,REJECT,no EM result / insufficient complete data,,,,,,,,,,,,,,,,
PER,OIL_YoY+HeatDryF | lag1 | KF | coeff=avg4 | EM=50 | P0=update,OIL_YoY+HeatDryF,50,True,avg4,Failed,—,—,—,REJECT,no EM result / insufficient complete data,,,,,,,,,,,,,,,,
PER,ENSO | lag1 | KF | coeff=avg8 | EM=50 | P0=fixed,ENSO,50,False,avg8,Failed,—,—,—,REJECT,no EM result / insufficient complete data,,,,,,,,,,,,,,,,
PER,HeatDry | lag1 | KF | coeff=avg8 | EM=30 | P0=fixed,HeatDry,30,False,avg8,Failed,—,—,—,REJECT,exception: LinAlgError: SVD did not converge,,,,,,,,,,,,,,,,
PER,HeatDry | lag1 | KF | coeff=avg8 | EM=30 | P0=update,HeatDry,30,True,avg8,Failed,—,—,—,REJECT,no EM result / insufficient complete data,,,,,,,,,,,,,,,,
PER,HeatDry | lag1 | KF | coeff=avg8 | EM=50 | P0=fixed,HeatDry,50,False,avg8,Failed,—,—,—,REJECT,no EM result / insufficient complete data,,,,,,,,,,,,,,,,
PER,HeatDry | lag1 | KF | coeff=avg8 | EM=50 | P0=update,HeatDry,50,True,avg8,Failed,—,—,—,REJECT,no EM result / insufficient complete data,,,,,,,,,,,,,,,,
PER,HeatDryF | lag1 | KF | coeff=avg8 | EM=30 | P0=fixed,HeatDryF,30,False,avg8,Failed,—,—,—,REJECT,no EM result / insufficient complete data,,,,,,,,,,,,,,,,
PER,HeatDryF | lag1 | KF | coeff=avg8 | EM=30 | P0=update,HeatDryF,30,True,avg8,Failed,—,—,—,REJECT,no EM result / insufficient complete data,,,,,,,,,,,,,,,,
PER,HeatDryF | lag1 | KF | coeff=avg8 | EM=50 | P0=fixed,HeatDryF,50,False,avg8,Failed,—,—,—,REJECT,no EM result / insufficient complete data,,,,,,,,,,,,,,,,
PER,HeatDryF | lag1 | KF | coeff=avg8 | EM=50 | P0=update,HeatDryF,50,True,avg8,Failed,—,—,—,REJECT,no EM result / insufficient complete data,,,,,,,,,,,,,,,,
PER,OIL_YoY+HeatDry | lag1 | KF | coeff=avg8 | EM=30 | P0=fixed,OIL_YoY+HeatDry,30,False,avg8,Failed,—,—,—,REJECT,no EM result / insufficient complete data,,,,,,,,,,,,,,,,
PER,OIL_YoY+HeatDry | lag1 | KF | coeff=avg8 | EM=30 | P0=update,OIL_YoY+HeatDry,30,True,avg8,Failed,—,—,—,REJECT,no EM result / insufficient complete data,,,,,,,,,,,,,,,,
PER,OIL_YoY+HeatDry | lag1 | KF | coeff=avg8 | EM=50 | P0=fixed,OIL_YoY+HeatDry,50,False,avg8,Failed,—,—,—,REJECT,no EM result / insufficient complete data,,,,,,,,,,,,,,,,
PER,OIL_YoY+HeatDry | lag1 | KF | coeff=avg8 | EM=50 | P0=update,OIL_YoY+HeatDry,50,True,avg8,Failed,—,—,—,REJECT,no EM result / insufficient complete data,,,,,,,,,,,,,,,,
PER,OIL_YoY+HeatDryF | lag1 | KF | coeff=avg8 | EM=20 | P0=fixed,OIL_YoY+HeatDryF,20,False,avg8,Failed,—,—,—,REJECT,no EM result / insufficient complete data,,,,,,,,,,,,,,,,
PER,OIL_YoY+HeatDryF | lag1 | KF | coeff=avg8 | EM=20 | P0=update,OIL_YoY+HeatDryF,20,True,avg8,Failed,—,—,—,REJECT,no EM result / insufficient complete data,,,,,,,,,,,,,,,,
PER,OIL_YoY+HeatDryF | lag1 | KF | coeff=avg8 | EM=30 | P0=fixed,OIL_YoY+HeatDryF,30,False,avg8,Failed,—,—,—,REJECT,no EM result / insufficient complete data,,,,,,,,,,,,,,,,
PER,OIL_YoY+HeatDryF | lag1 | KF | coeff=avg8 | EM=30 | P0=update,OIL_YoY+HeatDryF,30,True,avg8,Failed,—,—,—,REJECT,no EM result / insufficient complete data,,,,,,,,,,,,,,,,
PER,OIL_YoY+HeatDryF | lag1 | KF | coeff=avg8 | EM=50 | P0=fixed,OIL_YoY+HeatDryF,50,False,avg8,Failed,—,—,—,REJECT,no EM result / insufficient complete data,,,,,,,,,,,,,,,,
PER,OIL_YoY+HeatDryF | lag1 | KF | coeff=avg8 | EM=50 | P0=update,OIL_YoY+HeatDryF,50,True,avg8,Failed,—,—,—,REJECT,no EM result / insufficient complete data,,,,,,,,,,,,,,,,
PER,ENSO | lag1 | KF | coeff=avg8 | EM=20 | P0=fixed,ENSO,20,False,avg8,Explosive,Unstable,Explosive,Extreme,REJECT,dynamic instability: rho=12073154178977156.00; dynamic amplification: max ||A^k||2=75715909415791192692862516121785424311326737827477043114785374208.0; coefficient explosion: max |theta|=35062101155423752.0,1.2073154178977156e+16,7.571590941579119e+64,7.571590941579119e+64,3.506210115542375e+16,7898271678027096.0,1.494608586944525e+88,1.4946085869445251e+88,4.202618523858736e+91,3.3514291549121594e+50,0.0,1.494608586944525e+88,4.0,2026Q2,2026Q3,2027Q2,True
PER,ENSO | lag1 | KF | coeff=avg4 | EM=20 | P0=fixed,ENSO,20,False,avg4,Explosive,Unstable,Explosive,Extreme,REJECT,dynamic instability: rho=16434562550503812.00; dynamic amplification: max ||A^k||2=231262773506473220071929999076317937413422012945225645679209086976.0; coefficient explosion: max |theta|=35062101155423752.0,1.6434562550503812e+16,2.312627735064732e+65,2.312627735064732e+65,3.506210115542375e+16,7898271678027096.0,3.597782722608247e+88,3.597782722608247e+88,4.287436557324628e+91,3.4192341947637815e+50,0.0,3.597782722608247e+88,4.0,2026Q2,2026Q3,2027Q2,True
PER,ENSO | lag1 | KF | coeff=last | EM=20 | P0=fixed,ENSO,20,False,last,Explosive,Unstable,Explosive,Extreme,REJECT,dynamic instability: rho=14720505149211100.00; dynamic amplification: max ||A^k||2=238070925430466164080212918229529143344581314684006469869135462400.0; coefficient explosion: max |theta|=45262457360392072.0,1.47205051492111e+16,2.3807092543046616e+65,2.3807092543046616e+65,4.526245736039207e+16,7898271678027096.0,1.9193985095710147e+88,1.9193985095710147e+88,4.68938080043176e+91,3.6937403984158735e+50,0.0,1.9193985095710147e+88,4.0,2026Q2,2026Q3,2027Q2,True
PER,ENSO | lag1 | KF | coeff=avg4 | EM=30 | P0=fixed,ENSO,30,False,avg4,Explosive,Unstable,Good,Extreme,REJECT,dynamic instability: rho=64083334130915091217547707323651761451118180042243007578112.00; dynamic amplification: max ||A^k||2=47979243623704461355065739184242148607427629763560951757769969755678242930850938792951735938753061734376599156687335033131010736848565730339674352426264298303925731711248301681992342257751495077123868728250147728031892220644913492000768.0; coefficient explosion: max |theta|=144976696881151790063524164063835112056419353902828811714560.0,6.408333413091509e+58,4.797924362370446e+235,4.797924362370446e+235,1.449766968811518e+59,5.914937622570244e+58,inf,inf,inf,,0.0,inf,4.0,2026Q2,2026Q3,2027Q2,True
PER,ENSO | lag1 | KF | coeff=avg8 | EM=30 | P0=fixed,ENSO,30,False,avg8,Explosive,Unstable,Explosive,Extreme,REJECT,dynamic instability: rho=14676792131243306677079970444193213717799176218570404134912.00; dynamic amplification: max ||A^k||2=147906646861494793586041851269655901469787111554244426145022367529675774211912592536730478514569850162813670930044068663343422503726123250845282532799482233429352313489059176495154848530695205814439731014263846799466894066495277498368.0; coefficient explosion: max |theta|=144976696881151790063524164063835112056419353902828811714560.0,1.4676792131243307e+58,1.479066468614948e+233,1.479066468614948e+233,1.449766968811518e+59,5.914937622570244e+58,1.5354250087357224e+277,1.5354250087357224e+277,inf,,0.0,1.5354250087357224e+277,4.0,2026Q2,2026Q3,2027Q2,True
PER,ENSO | lag1 | KF | coeff=last | EM=30 | P0=fixed,ENSO,30,False,last,Explosive,Unstable,Explosive,Extreme,REJECT,dynamic instability: rho=325519800006294054950364460186957555091070296717249862434816.00; dynamic amplification: max ||A^k||2=32065077314948481560880586607406273517510787442314745937306621920133338685722115660503201607538367611042575559370126556876263939376583189542183775193393077029934988514765173892084675314376520182859619441732832521502877978327180476711698432.0; coefficient explosion: max |theta|=558357966468333277074673197861086086524110406634468854988800.0,3.2551980000629405e+59,3.206507731494848e+238,3.206507731494848e+238,5.583579664683333e+59,5.914937622570244e+58,2.4647045098734326e+280,2.4647045098734326e+280,inf,,0.0,2.4647045098734326e+280,4.0,2026Q2,2026Q3,2027Q2,True
PER,HeatDry | lag1 | KF | coeff=avg4 | EM=20 | P0=fixed,HeatDry,20,False,avg4,Explosive,Unstable,Explosive,Extreme,REJECT,dynamic instability: rho=16223055228770449437096935424.00; dynamic amplification: max ||A^k||2=95172342063851541585466154039093330573759905079370654277537513486492904931314518177313494258912825934143725497168286388453466010931541102351895885779938121500131424468992.0; coefficient explosion: max |theta|=57270624848607733506159673344.0,1.622305522877045e+28,9.517234206385154e+169,9.517234206385154e+169,5.727062484860773e+28,1.2518162462013024e+27,2.1677909411629582e+213,2.1677909411629582e+213,inf,,0.0,2.1677909411629582e+213,6.0,2026Q2,2026Q3,2027Q4,True
PER,HeatDry | lag1 | KF | coeff=avg4 | EM=20 | P0=update,HeatDry,20,True,avg4,Explosive,Unstable,Good,Extreme,REJECT,dynamic instability: rho=29181293924336799965428655804858523023824650240.00; dynamic amplification: max ||A^k||2=35353180057287048689451662666335164991421400324605702826291855401096891197180137734897293687676627738827889905593724029297248884432191602612140417534684870120089603638312070925029406410623220961030620265932365821776223248356727287099493358534031257764475322982472871382513218486272.0; coefficient explosion: max |theta|=1872867817252810304259447454771785492666880360448.0,2.91812939243368e+46,3.535318005728705e+280,3.535318005728705e+280,1.8728678172528103e+48,5.531343478873385e+47,inf,inf,inf,,0.0,inf,6.0,2026Q2,2026Q3,2027Q4,True
PER,HeatDry | lag1 | KF | coeff=avg8 | EM=20 | P0=fixed,HeatDry,20,False,avg8,Explosive,Unstable,Explosive,Extreme,REJECT,dynamic instability: rho=16283595991637750996927512576.00; dynamic amplification: max ||A^k||2=97901538967224082929900474995547325779925501664940589744983367551948704522940448039250420167573529107988712254796521273909405115940352797986215551780869286238394395918336.0; coefficient explosion: max |theta|=57270624848607733506159673344.0,1.628359599163775e+28,9.790153896722408e+169,9.790153896722408e+169,5.727062484860773e+28,1.2518162462013024e+27,1.2219790979341074e+213,1.2219790979341074e+213,inf,,0.0,1.2219790979341074e+213,6.0,2026Q2,2026Q3,2027Q4,True
PER,HeatDry | lag1 | KF | coeff=avg8 | EM=20 | P0=update,HeatDry,20,True,avg8,Explosive,Unstable,Good,Extreme,REJECT,dynamic instability: rho=24337848172631838353721051108227875263112806400.00; dynamic amplification: max ||A^k||2=13159410563774562589863448299009672384923279463150797964472507734155868292289892769942632986760480751300331306158554303102688769355052634862509370445475603908598339476961586101321810766746074789677995119782026674919140726412949245005472279494297481290791389230975763051184698425344.0; coefficient explosion: max |theta|=1872867817252810304259447454771785492666880360448.0,2.433784817263184e+46,1.3159410563774563e+280,1.3159410563774563e+280,1.8728678172528103e+48,5.531343478873385e+47,inf,inf,inf,,0.0,inf,6.0,2026Q2,2026Q3,2027Q4,True
PER,HeatDry | lag1 | KF | coeff=last | EM=20 | P0=fixed,HeatDry,20,False,last,Explosive,Unstable,Explosive,Extreme,REJECT,dynamic instability: rho=13786027481197447978434953216.00; dynamic amplification: max ||A^k||2=38315512959076028023442766847331382660935789848838031569891280042774751552401260396073989718102201121275191460444246866859234574962643738860867911802670895130093453049856.0; coefficient explosion: max |theta|=57270624848607733506159673344.0,1.3786027481197448e+28,3.831551295907603e+169,3.831551295907603e+169,5.727062484860773e+28,1.2518162462013024e+27,1.5141990315611407e+213,1.5141990315611407e+213,inf,,0.0,1.5141990315611407e+213,6.0,2026Q2,2026Q3,2027Q4,True
PER,HeatDry | lag1 | KF | coeff=last | EM=20 | P0=update,HeatDry,20,True,last,Explosive,Unstable,Good,Extreme,REJECT,dynamic instability: rho=64662296526082773873426902795053490555420934144.00; dynamic amplification: max ||A^k||2=2076403634939249146788656246941910172244471614477862523023757187528184924388672859777061778155514301103382548346794550641039860012304232929549603309817647636833403903985581626759253853478618286104479975775120638535815730285151328577561998356086679352872038873303992522458403593781248.0; coefficient explosion: max |theta|=1872867817252810304259447454771785492666880360448.0,6.466229652608277e+46,2.0764036349392491e+282,2.0764036349392491e+282,1.8728678172528103e+48,5.531343478873385e+47,inf,inf,inf,,0.0,inf,6.0,2026Q2,2026Q3,2027Q4,True
PER,HeatDryF | lag1 | KF | coeff=avg4 | EM=20 | P0=fixed,HeatDryF,20,False,avg4,Explosive,Unstable,Explosive,Extreme,REJECT,dynamic instability: rho=4607097175054268757966848.00; dynamic amplification: max ||A^k||2=63480756777897946365963144654645057677661398536767995008836753419313653571342718368974079842769358580687559716104032359433998560383924062264290705408.0; coefficient explosion: max |theta|=33891001177855758602076160.0,4.607097175054269e+24,6.348075677789795e+148,6.348075677789795e+148,3.389100117785576e+25,5.090320841387176e+24,6.398353432137527e+185,6.398353432137527e+185,inf,,0.0,6.398353432137527e+185,6.0,2026Q2,2026Q3,2027Q4,True
PER,HeatDryF | lag1 | KF | coeff=avg4 | EM=20 | P0=update,HeatDryF,20,True,avg4,Explosive,Unstable,Explosive,Extreme,REJECT,dynamic instability: rho=8635931204509126098944.00; dynamic amplification: max ||A^k||2=549116966722176090581368483596873601189740819484212597125874335281276672523659945842933093469019927970652387124445452182989232406528.0; coefficient explosion: max |theta|=8876895786448543809536.0,8.635931204509126e+21,5.491169667221761e+131,5.491169667221761e+131,8.876895786448544e+21,1.4316489636708719e+20,1.1760440401585547e+158,1.1760440401585547e+158,inf,,0.0,1.1760440401585547e+158,6.0,2026Q2,2026Q3,2027Q4,True
PER,HeatDryF | lag1 | KF | coeff=avg8 | EM=20 | P0=fixed,HeatDryF,20,False,avg8,Explosive,Unstable,Explosive,Extreme,REJECT,dynamic instability: rho=5661217148861475436101632.00; dynamic amplification: max ||A^k||2=208676619695730791761200122095393037346295905612138918082859848433892549410066381100573489725356909655728787630871785139428607057130113971145037316096.0; coefficient explosion: max |theta|=33891001177855758602076160.0,5.661217148861475e+24,2.086766196957308e+149,2.086766196957308e+149,3.389100117785576e+25,5.090320841387176e+24,1.605313544775329e+186,1.605313544775329e+186,inf,,0.0,1.605313544775329e+186,6.0,2026Q2,2026Q3,2027Q4,True
PER,HeatDryF | lag1 | KF | coeff=avg8 | EM=20 | P0=update,HeatDryF,20,True,avg8,Explosive,Unstable,Explosive,Extreme,REJECT,dynamic instability: rho=9029679887992013979648.00; dynamic amplification: max ||A^k||2=702382850016789805160221491926969082545116859992036998979521994289599089202200323629650047916152843719504393484627893925869021822976.0; coefficient explosion: max |theta|=8876895786448543809536.0,9.029679887992014e+21,7.023828500167898e+131,7.023828500167898e+131,8.876895786448544e+21,1.4316489636708719e+20,1.1955987371231115e+158,1.1955987371231115e+158,inf,,0.0,1.1955987371231115e+158,6.0,2026Q2,2026Q3,2027Q4,True
PER,HeatDryF | lag1 | KF | coeff=last | EM=20 | P0=fixed,HeatDryF,20,False,last,Explosive,Unstable,Explosive,Extreme,REJECT,dynamic instability: rho=7222019792442636506234880.00; dynamic amplification: max ||A^k||2=820031294649768942376616683279178810945198950241129336737439888639099911894945247130551435399446070452604315175469741436189457957884638579921094967296.0; coefficient explosion: max |theta|=33891001177855758602076160.0,7.222019792442637e+24,8.20031294649769e+149,8.20031294649769e+149,3.389100117785576e+25,5.090320841387176e+24,6.505813523717282e+186,6.505813523717282e+186,inf,,0.0,6.505813523717282e+186,6.0,2026Q2,2026Q3,2027Q4,True
PER,HeatDryF | lag1 | KF | coeff=last | EM=20 | P0=update,HeatDryF,20,True,last,Explosive,Unstable,Explosive,Extreme,REJECT,dynamic instability: rho=45134502621871222030336.00; dynamic amplification: max ||A^k||2=8987829652015463316790767176196664502727841623777006451992911425781700486765418684018375880416250941657152671174569812987495194392788992.0; coefficient explosion: max |theta|=25667224315684674600960.0,4.513450262187122e+22,8.987829652015463e+135,8.987829652015463e+135,2.5667224315684675e+22,1.4316489636708719e+20,4.591019153302502e+161,4.591019153302502e+161,inf,,0.0,4.591019153302502e+161,6.0,2026Q2,2026Q3,2027Q4,True
PER,OIL_YoY+HeatDry | lag1 | KF | coeff=avg4 | EM=20 | P0=fixed,OIL_YoY+HeatDry,20,False,avg4,Explosive,Unstable,Explosive,Extreme,REJECT,dynamic instability: rho=6192207521591815200829235833964946564055040.00; dynamic amplification: max ||A^k||2=630910950098403058591056728324844945960254606982402161548535198866760881346179696848221640682274955581097636873329749188370526892752363296613710790935736116994926555914453794311348656834199866127811961042453341682136769208812285328580176472390405032717058048.0; coefficient explosion: max |theta|=61405236005377281298048719543251587592880128.0,6.192207521591815e+42,6.309109500984031e+257,6.309109500984031e+257,6.140523600537728e+43,2.392055152092972e+43,1.8464920628274375e+298,1.8464920628274375e+298,inf,,0.0,1.8464920628274375e+298,6.0,2026Q2,2026Q3,2027Q4,True
PER,OIL_YoY+HeatDry | lag1 | KF | coeff=avg4 | EM=20 | P0=update,OIL_YoY+HeatDry,20,True,avg4,Explosive,Unstable,Explosive,Extreme,REJECT,dynamic instability: rho=180863253671338039778019062260835549184.00; dynamic amplification: max ||A^k||2=43148134922719751853975404834463299229287470134324036979286698609902953956290433865472112736838323346236923569842987766094350807665722560206024177768624022805943689155485982165447785223011828782422560147886831817811666272667041792.0; coefficient explosion: max |theta|=189363655792899860038913519732830240768.0,1.8086325367133804e+38,4.314813492271975e+229,4.314813492271975e+229,1.8936365579289986e+38,9.730663273286955e+37,3.3700148299614957e+295,3.3700148299614957e+295,inf,,0.0,3.3700148299614957e+295,6.0,2026Q2,2026Q3,2027Q4,True
PER,OIL_YoY+HeatDry | lag1 | KF | coeff=avg8 | EM=20 | P0=fixed,OIL_YoY+HeatDry,20,False,avg8,Explosive,Unstable,Explosive,Extreme,REJECT,dynamic instability: rho=3147016237854760782517728535525502027300864.00; dynamic amplification: max ||A^k||2=10871608255950895400962163247814038636534204216452711367531862986108904191451545268048711430965588482515157619166970415873921574757773135711965650921005596848946357463065323338526844079749398055309685613084348854145482540321665266508511853108089470857510912.0; coefficient explosion: max |theta|=61405236005377281298048719543251587592880128.0,3.147016237854761e+42,1.0871608255950895e+256,1.0871608255950895e+256,6.140523600537728e+43,2.392055152092972e+43,3.1818358983978537e+296,3.1818358983978537e+296,inf,,0.0,3.1818358983978537e+296,6.0,2026Q2,2026Q3,2027Q4,True
PER,OIL_YoY+HeatDry | lag1 | KF | coeff=avg8 | EM=20 | P0=update,OIL_YoY+HeatDry,20,True,avg8,Explosive,Unstable,Explosive,Extreme,REJECT,dynamic instability: rho=207676852586931254246124800589957169152.00; dynamic amplification: max ||A^k||2=102314445251081772668622825268714290002771340243939811596591957053662898668623779081337948294063276406231000830088083637024962156100491213837662287198986720499026909023903648727422669686444966966168854323157968052534553254192742400.0; coefficient explosion: max |theta|=189363655792899860038913519732830240768.0,2.0767685258693125e+38,1.0231444525108177e+230,1.0231444525108177e+230,1.8936365579289986e+38,9.730663273286955e+37,6.489156374604794e+295,6.489156374604794e+295,inf,,0.0,6.489156374604794e+295,6.0,2026Q2,2026Q3,2027Q4,True
PER,OIL_YoY+HeatDry | lag1 | KF | coeff=last | EM=20 | P0=fixed,OIL_YoY+HeatDry,20,False,last,Explosive,Unstable,Explosive,Extreme,REJECT,dynamic instability: rho=401334573738249493227241472.00; dynamic amplification: max ||A^k||2=28000922476795443128007433426762148419506063034740527652314560067067520435335196907831160134705307468406696998014850983392690079472411732162108838358519354753024.0; coefficient explosion: max |theta|=61405236005377281298048719543251587592880128.0,4.013345737382495e+26,2.8000922476795443e+160,2.8000922476795443e+160,6.140523600537728e+43,2.392055152092972e+43,9.676138758046466e+199,9.676138758046466e+199,inf,,0.0,9.676138758046466e+199,6.0,2026Q2,2026Q3,2027Q4,True
PER,OIL_YoY+HeatDry | lag1 | KF | coeff=last | EM=20 | P0=update,OIL_YoY+HeatDry,20,True,last,Explosive,Unstable,Explosive,Extreme,REJECT,dynamic instability: rho=559445227799164804955948743309393920000.00; dynamic amplification: max ||A^k||2=59252459356884854886252157308132405633270075393413587042396497605889820083423421921838407073089540356290340707826013498173954349559619908947006237633214920945082358557059929016188883918059999920738719665645256880333270003042641510400.0; coefficient explosion: max |theta|=705041607851831643174564667362518237184.0,5.594452277991648e+38,5.925245935688485e+232,5.925245935688485e+232,7.050416078518316e+38,9.730663273286955e+37,4.8391926218298656e+296,4.8391926218298656e+296,inf,,0.0,4.8391926218298656e+296,6.0,2026Q2,2026Q3,2027Q4,True
PHL,OIL_YoY+HeatDry | lag1 | KF | coeff=last | EM=10 | P0=fixed,OIL_YoY+HeatDry,10,False,last,Good,Good,Good,Acceptable,KEEP,stable/coherent by coarse thresholds,0.7162986640622774,0.8041628083838607,0.24290307348489368,0.6915184881558745,0.2406913632489931,6.5534939277172555,1.6104570133686984,0.9643549007286865,3.5515010263226956,2.613250995207453,6.586476205376989,6.0,2026Q2,2026Q3,2027Q4,True
PHL,OIL_YoY+HeatDry | lag1 | KF | coeff=avg4 | EM=10 | P0=fixed,OIL_YoY+HeatDry,10,False,avg4,Good,Good,Good,Acceptable,KEEP,stable/coherent by coarse thresholds,0.6907878157517763,0.8273016821239313,0.2316743238255466,0.6915184881558745,0.2406913632489931,6.624874826505789,1.5861103316896648,0.9962176189404772,3.7085870459212846,2.538522277908232,6.656361728721084,6.0,2026Q2,2026Q3,2027Q4,True
PHL,OIL_YoY+HeatDry | lag1 | KF | coeff=last | EM=10 | P0=update,OIL_YoY+HeatDry,10,True,last,Good,Good,Good,Acceptable,KEEP,stable/coherent by coarse thresholds,0.7242394173086776,0.8044674318758294,0.2436187581510258,0.6934659946536554,0.05720148877244069,6.55307642479743,1.518474518177627,0.936243653296811,3.634621322339509,2.5467458601539428,6.5853427157578395,6.0,2026Q2,2026Q3,2027Q4,True
PHL,OIL_YoY+HeatDry | lag1 | KF | coeff=last | EM=20 | P0=update,OIL_YoY+HeatDry,20,True,last,Good,Good,Good,Acceptable,KEEP,stable/coherent by coarse thresholds,0.7242394173086776,0.8044674318758294,0.2436187581510258,0.6934659946536554,0.05720148877244069,6.55307642479743,1.518474518177627,0.936243653296811,3.634621322339509,2.5467458601539428,6.5853427157578395,6.0,2026Q2,2026Q3,2027Q4,True
PHL,OIL_YoY+HeatDry | lag1 | KF | coeff=last | EM=30 | P0=update,OIL_YoY+HeatDry,30,True,last,Good,Good,Good,Acceptable,KEEP,stable/coherent by coarse thresholds,0.7242394173086776,0.8044674318758294,0.2436187581510258,0.6934659946536554,0.05720148877244069,6.55307642479743,1.518474518177627,0.936243653296811,3.634621322339509,2.5467458601539428,6.5853427157578395,6.0,2026Q2,2026Q3,2027Q4,True
PHL,OIL_YoY+HeatDry | lag1 | KF | coeff=last | EM=50 | P0=update,OIL_YoY+HeatDry,50,True,last,Good,Good,Good,Acceptable,KEEP,stable/coherent by coarse thresholds,0.7242394173086776,0.8044674318758294,0.2436187581510258,0.6934659946536554,0.05720148877244069,6.55307642479743,1.518474518177627,0.936243653296811,3.634621322339509,2.5467458601539428,6.5853427157578395,6.0,2026Q2,2026Q3,2027Q4,True
PHL,OIL_YoY+HeatDry | lag1 | KF | coeff=avg8 | EM=10 | P0=fixed,OIL_YoY+HeatDry,10,False,avg8,Good,Good,Good,Acceptable,KEEP,stable/coherent by coarse thresholds,0.6794992791692914,0.815154144800536,0.23505087641277164,0.6915184881558745,0.2406913632489931,6.592873212833354,1.674632043004892,0.9898028314245186,3.712624487556408,2.7063857934895905,6.62327108948222,6.0,2026Q2,2026Q3,2027Q4,True
PHL,OIL_YoY+HeatDry | lag1 | KF | coeff=avg4 | EM=10 | P0=update,OIL_YoY+HeatDry,10,True,avg4,Good,Good,Good,Acceptable,KEEP,stable/coherent by coarse thresholds,0.7090810967008913,0.8006299605816083,0.23464340306522444,0.6934659946536554,0.05720148877244069,6.628076208970695,1.5546320765679131,0.9511042508572887,3.777999578053492,2.6088358172279804,6.659157606900709,6.0,2026Q2,2026Q3,2027Q4,True
PHL,OIL_YoY+HeatDry | lag1 | KF | coeff=avg4 | EM=20 | P0=update,OIL_YoY+HeatDry,20,True,avg4,Good,Good,Good,Acceptable,KEEP,stable/coherent by coarse thresholds,0.7090810967008913,0.8006299605816083,0.23464340306522444,0.6934659946536554,0.05720148877244069,6.628076208970695,1.5546320765679131,0.9511042508572887,3.777999578053492,2.6088358172279804,6.659157606900709,6.0,2026Q2,2026Q3,2027Q4,True
PHL,OIL_YoY+HeatDry | lag1 | KF | coeff=avg4 | EM=30 | P0=update,OIL_YoY+HeatDry,30,True,avg4,Good,Good,Good,Acceptable,KEEP,stable/coherent by coarse thresholds,0.7090810967008913,0.8006299605816083,0.23464340306522444,0.6934659946536554,0.05720148877244069,6.628076208970695,1.5546320765679131,0.9511042508572887,3.777999578053492,2.6088358172279804,6.659157606900709,6.0,2026Q2,2026Q3,2027Q4,True
PHL,OIL_YoY+HeatDry | lag1 | KF | coeff=avg4 | EM=50 | P0=update,OIL_YoY+HeatDry,50,True,avg4,Good,Good,Good,Acceptable,KEEP,stable/coherent by coarse thresholds,0.7090810967008913,0.8006299605816083,0.23464340306522444,0.6934659946536554,0.05720148877244069,6.628076208970695,1.5546320765679131,0.9511042508572887,3.777999578053492,2.6088358172279804,6.659157606900709,6.0,2026Q2,2026Q3,2027Q4,True
PHL,OIL_YoY+HeatDry | lag1 | KF | coeff=avg8 | EM=10 | P0=update,OIL_YoY+HeatDry,10,True,avg8,Good,Good,Good,Acceptable,KEEP,stable/coherent by coarse thresholds,0.7039711432185021,0.8003694844801507,0.2447308189876712,0.6934659946536554,0.05720148877244069,6.592929802828946,1.5934464845942795,0.9587864787891478,3.790441653326749,2.669036376088344,6.622933415088393,6.0,2026Q2,2026Q3,2027Q4,True
PHL,OIL_YoY+HeatDry | lag1 | KF | coeff=avg8 | EM=20 | P0=update,OIL_YoY+HeatDry,20,True,avg8,Good,Good,Good,Acceptable,KEEP,stable/coherent by coarse thresholds,0.7039711432185021,0.8003694844801507,0.2447308189876712,0.6934659946536554,0.05720148877244069,6.592929802828946,1.5934464845942795,0.9587864787891478,3.790441653326749,2.669036376088344,6.622933415088393,6.0,2026Q2,2026Q3,2027Q4,True
PHL,OIL_YoY+HeatDry | lag1 | KF | coeff=avg8 | EM=30 | P0=update,OIL_YoY+HeatDry,30,True,avg8,Good,Good,Good,Acceptable,KEEP,stable/coherent by coarse thresholds,0.7039711432185021,0.8003694844801507,0.2447308189876712,0.6934659946536554,0.05720148877244069,6.592929802828946,1.5934464845942795,0.9587864787891478,3.790441653326749,2.669036376088344,6.622933415088393,6.0,2026Q2,2026Q3,2027Q4,True
PHL,OIL_YoY+HeatDry | lag1 | KF | coeff=avg8 | EM=50 | P0=update,OIL_YoY+HeatDry,50,True,avg8,Good,Good,Good,Acceptable,KEEP,stable/coherent by coarse thresholds,0.7039711432185021,0.8003694844801507,0.2447308189876712,0.6934659946536554,0.05720148877244069,6.592929802828946,1.5934464845942795,0.9587864787891478,3.790441653326749,2.669036376088344,6.622933415088393,6.0,2026Q2,2026Q3,2027Q4,True
PHL,ENSO+HeatDry | lag1 | KF | coeff=last | EM=10 | P0=update,ENSO+HeatDry,10,True,last,Good,Good,Good,Acceptable,KEEP,stable/coherent by coarse thresholds,0.7695499323672547,0.9701012346961464,0.7051330307224454,0.7418060581674433,0.12726041852606657,5.616086467366831,1.6287005022272862,1.254722189585705,3.8042160497262465,2.720286992992564,6.239841845225351,4.0,2026Q2,2026Q3,2027Q2,True
PHL,ENSO+HeatDry | lag1 | KF | coeff=last | EM=10 | P0=fixed,ENSO+HeatDry,10,False,last,Good,Good,Good,Acceptable,KEEP,stable/coherent by coarse thresholds,0.7739598066547179,0.9727221937349383,0.7155291602563619,0.751324661606993,0.09383943873552064,5.613938408213256,1.6144312662280091,1.2654134614533694,3.96351794110541,2.685001010832295,6.240919739879677,4.0,2026Q2,2026Q3,2027Q2,True
PHL,ENSO+HeatDry | lag1 | KF | coeff=avg4 | EM=10 | P0=fixed,ENSO+HeatDry,10,False,avg4,Good,Good,Good,Acceptable,KEEP,stable/coherent by coarse thresholds,0.7716020317035172,0.9720224571425752,0.7029636389113696,0.751324661606993,0.09383943873552064,5.617384038078332,1.725037918339475,1.2368489025875955,3.9117880738327417,2.910273344952716,6.238242933515224,4.0,2026Q2,2026Q3,2027Q2,True
PHL,ENSO+HeatDry | lag1 | KF | coeff=avg4 | EM=10 | P0=update,ENSO+HeatDry,10,True,avg4,Good,Good,Good,Acceptable,KEEP,stable/coherent by coarse thresholds,0.7744986273037542,0.9742246898988494,0.6947505242039903,0.7129131597604981,0.12726041852606657,5.843943057612198,1.6155096800234734,1.213185496807176,3.8800460472053184,2.918791976807502,6.3471965683741,4.0,2026Q2,2026Q3,2027Q2,True
PHL,ENSO+HeatDryF | lag1 | KF | coeff=avg8 | EM=10 | P0=update,ENSO+HeatDryF,10,True,avg8,Good,Good,Good,Acceptable,KEEP,stable/coherent by coarse thresholds,0.6921567439300363,0.9430375409594208,0.365514738845251,0.7595419587394988,0.4356442754031831,7.102852508128951,0.9779536459726135,7.646166173114706,3.2247128418460305,2.195026539946446,7.105014735164399,4.0,2026Q2,2026Q3,2027Q2,True
PHL,ENSO+HeatDryF | lag1 | KF | coeff=avg8 | EM=10 | P0=fixed,ENSO+HeatDryF,10,False,avg8,Good,Good,Good,Acceptable,KEEP,stable/coherent by coarse thresholds,0.6943110857140059,0.9465704610382737,0.3683856246679985,0.7607594512567655,0.43605992528486753,7.090265323891231,0.9730358139000286,7.621770895979088,3.2154917387933772,2.172542500102794,7.092212126610702,4.0,2026Q2,2026Q3,2027Q2,True
PHL,ENSO+HeatDry | lag1 | KF | coeff=avg8 | EM=10 | P0=fixed,ENSO+HeatDry,10,False,avg8,Good,Good,Good,Acceptable,KEEP,stable/coherent by coarse thresholds,0.7637286509975112,0.9907435665131499,0.7330406710092027,0.751324661606993,0.09383943873552064,5.464421761674377,1.8612944515577818,1.2341851203008773,3.8902054313034817,3.10565527028976,6.172157088359407,4.0,2026Q2,2026Q3,2027Q2,True
PHL,ENSO+HeatDry | lag1 | KF | coeff=avg8 | EM=10 | P0=update,ENSO+HeatDry,10,True,avg8,Good,Good,Good,Acceptable,KEEP,stable/coherent by coarse thresholds,0.7650927057643628,0.9993878203110196,0.7236898877225154,0.7129131597604981,0.12726041852606657,5.707787139022167,1.6491654265364,1.215312580880735,3.8767372417822576,3.034801025727021,6.284315927851621,4.0,2026Q2,2026Q3,2027Q2,True
PHL,ENSO | lag1 | KF | coeff=last | EM=10 | P0=update,ENSO,10,True,last,Good,Good,Good,Acceptable,KEEP,stable/coherent by coarse thresholds,0.8450303316656478,0.9341146762174752,0.634365097656665,0.7770240265472171,0.08262398628300027,5.578514713453995,1.485464768836926,1.2333307650065168,2.88726527448734,2.626160339536872,6.330637576553673,4.0,2026Q2,2026Q3,2027Q2,True
PHL,ENSO | lag1 | KF | coeff=last | EM=20 | P0=update,ENSO,20,True,last,Good,Good,Good,Acceptable,KEEP,stable/coherent by coarse thresholds,0.8450303316656478,0.9341146762174752,0.634365097656665,0.7770240265472171,0.08262398628300027,5.578514713453995,1.485464768836926,1.2333307650065168,2.88726527448734,2.626160339536872,6.330637576553673,4.0,2026Q2,2026Q3,2027Q2,True
PHL,ENSO | lag1 | KF | coeff=last | EM=30 | P0=update,ENSO,30,True,last,Good,Good,Good,Acceptable,KEEP,stable/coherent by coarse thresholds,0.8450303316656478,0.9341146762174752,0.634365097656665,0.7770240265472171,0.08262398628300027,5.578514713453995,1.485464768836926,1.2333307650065168,2.88726527448734,2.626160339536872,6.330637576553673,4.0,2026Q2,2026Q3,2027Q2,True
PHL,ENSO | lag1 | KF | coeff=last | EM=50 | P0=update,ENSO,50,True,last,Good,Good,Good,Acceptable,KEEP,stable/coherent by coarse thresholds,0.8450303316656478,0.9341146762174752,0.634365097656665,0.7770240265472171,0.08262398628300027,5.578514713453995,1.485464768836926,1.2333307650065168,2.88726527448734,2.626160339536872,6.330637576553673,4.0,2026Q2,2026Q3,2027Q2,True
PHL,ENSO | lag1 | KF | coeff=last | EM=10 | P0=fixed,ENSO,10,False,last,Good,Good,Good,Acceptable,KEEP,stable/coherent by coarse thresholds,0.8442910650061286,0.934780182525398,0.6321955368020232,1.077243264751112,0.38240079892346723,5.542684799356019,1.5184336310403888,1.2136683949898144,2.831106449035745,2.696041718915447,6.318687814538947,4.0,2026Q2,2026Q3,2027Q2,True
PHL,ENSO | lag1 | KF | coeff=avg4 | EM=10 | P0=update,ENSO,10,True,avg4,Good,Good,Good,Acceptable,KEEP,stable/coherent by coarse thresholds,0.8476088335769408,0.9388250439871931,0.6461473328843135,0.7770240265472171,0.08262398628300027,5.59556727380377,1.460593908732041,1.2289764405076538,2.8918419570135523,2.6226504706743907,6.338679062160719,4.0,2026Q2,2026Q3,2027Q2,True
PHL,ENSO | lag1 | KF | coeff=avg4 | EM=20 | P0=update,ENSO,20,True,avg4,Good,Good,Good,Acceptable,KEEP,stable/coherent by coarse thresholds,0.8476088335769408,0.9388250439871931,0.6461473328843135,0.7770240265472171,0.08262398628300027,5.59556727380377,1.460593908732041,1.2289764405076538,2.8918419570135523,2.6226504706743907,6.338679062160719,4.0,2026Q2,2026Q3,2027Q2,True
PHL,ENSO | lag1 | KF | coeff=avg4 | EM=30 | P0=update,ENSO,30,True,avg4,Good,Good,Good,Acceptable,KEEP,stable/coherent by coarse thresholds,0.8476088335769408,0.9388250439871931,0.6461473328843135,0.7770240265472171,0.08262398628300027,5.59556727380377,1.460593908732041,1.2289764405076538,2.8918419570135523,2.6226504706743907,6.338679062160719,4.0,2026Q2,2026Q3,2027Q2,True
PHL,ENSO | lag1 | KF | coeff=avg4 | EM=50 | P0=update,ENSO,50,True,avg4,Good,Good,Good,Acceptable,KEEP,stable/coherent by coarse thresholds,0.8476088335769408,0.9388250439871931,0.6461473328843135,0.7770240265472171,0.08262398628300027,5.59556727380377,1.460593908732041,1.2289764405076538,2.8918419570135523,2.6226504706743907,6.338679062160719,4.0,2026Q2,2026Q3,2027Q2,True
PHL,ENSO | lag1 | KF | coeff=avg4 | EM=10 | P0=fixed,ENSO,10,False,avg4,Good,Good,Good,Acceptable,KEEP,stable/coherent by coarse thresholds,0.8445897218640143,0.9648219952260193,0.642104168774016,1.077243264751112,0.38240079892346723,5.582824890961726,1.479422797167012,1.2084636152983568,2.847125528048899,2.6469276264928077,6.343393654728228,4.0,2026Q2,2026Q3,2027Q2,True
PHL,ENSO | lag1 | KF | coeff=avg8 | EM=10 | P0=update,ENSO,10,True,avg8,Good,Good,Good,Acceptable,KEEP,stable/coherent by coarse thresholds,0.8294671832219525,0.9497282179162163,0.6558289300250184,0.7770240265472171,0.08262398628300027,5.477469967921126,1.572968885633284,1.2324230041920643,2.87950706539232,2.7757866592039395,6.276836179205048,4.0,2026Q2,2026Q3,2027Q2,True
PHL,ENSO | lag1 | KF | coeff=avg8 | EM=20 | P0=update,ENSO,20,True,avg8,Good,Good,Good,Acceptable,KEEP,stable/coherent by coarse thresholds,0.8294671832219525,0.9497282179162163,0.6558289300250184,0.7770240265472171,0.08262398628300027,5.477469967921126,1.572968885633284,1.2324230041920643,2.87950706539232,2.7757866592039395,6.276836179205048,4.0,2026Q2,2026Q3,2027Q2,True
PHL,ENSO | lag1 | KF | coeff=avg8 | EM=30 | P0=update,ENSO,30,True,avg8,Good,Good,Good,Acceptable,KEEP,stable/coherent by coarse thresholds,0.8294671832219525,0.9497282179162163,0.6558289300250184,0.7770240265472171,0.08262398628300027,5.477469967921126,1.572968885633284,1.2324230041920643,2.87950706539232,2.7757866592039395,6.276836179205048,4.0,2026Q2,2026Q3,2027Q2,True
PHL,ENSO | lag1 | KF | coeff=avg8 | EM=50 | P0=update,ENSO,50,True,avg8,Good,Good,Good,Acceptable,KEEP,stable/coherent by coarse thresholds,0.8294671832219525,0.9497282179162163,0.6558289300250184,0.7770240265472171,0.08262398628300027,5.477469967921126,1.572968885633284,1.2324230041920643,2.87950706539232,2.7757866592039395,6.276836179205048,4.0,2026Q2,2026Q3,2027Q2,True
PHL,ENSO | lag1 | KF | coeff=avg8 | EM=10 | P0=fixed,ENSO,10,False,avg8,Good,Good,Good,Acceptable,KEEP,stable/coherent by coarse thresholds,0.8286844055193229,1.0644231625824452,0.722291166833173,1.077243264751112,0.38240079892346723,5.462341234886303,1.5942816668183797,1.2220445784340908,2.8847686116155953,2.803712990146522,6.281944943100449,4.0,2026Q2,2026Q3,2027Q2,True
PHL,OIL_YoY+HeatDryF | lag1 | KF | coeff=last | EM=10 | P0=fixed,OIL_YoY+HeatDryF,10,False,last,Good,Good,Good,Acceptable,BORDERLINE,CI expands quickly: ratio=4.5,0.6801583643407614,0.8489124836233058,0.3308127416551614,1.2699082484165678,0.3687336512399093,6.520601993186675,2.0577919947104677,1.134744538694037,4.516672376906425,3.3018218126133103,6.505737310371659,6.0,2026Q2,2026Q3,2027Q4,True
PHL,OIL_YoY+HeatDryF | lag1 | KF | coeff=last | EM=10 | P0=update,OIL_YoY+HeatDryF,10,True,last,Good,Good,Good,Acceptable,BORDERLINE,CI expands quickly: ratio=4.6,0.6934778572506847,0.8477079419295538,0.32596970611450665,2.9128330351494087,0.5253297555604972,6.527226405703143,1.9369748903883943,1.1017347639647808,4.5618633759925515,3.111371223177132,6.512481887980728,6.0,2026Q2,2026Q3,2027Q4,True
PHL,HeatDry | lag1 | KF | coeff=last | EM=10 | P0=fixed,HeatDry,10,False,last,Good,Good,Good,Acceptable,BORDERLINE,CI expands quickly: ratio=4.7,0.7690787943323043,0.897084344750632,0.42599568195321114,0.7432968621120557,0.26688499547200245,6.393962727810887,1.5165548862795477,1.0323341987321775,4.707550312137742,2.9158145581833894,6.432267619775369,6.0,2026Q2,2026Q3,2027Q4,True
PHL,OIL_YoY+HeatDryF | lag1 | KF | coeff=avg4 | EM=10 | P0=update,OIL_YoY+HeatDryF,10,True,avg4,Good,Good,Good,Acceptable,BORDERLINE,CI expands quickly: ratio=5.0,0.7233472099161377,0.9242996242719576,0.37826182618895615,2.9128330351494087,0.5253297555604972,6.57356015298874,2.1839572014192328,1.2053378221361024,4.985216523420814,3.2660852771414657,6.559088998856263,6.0,2026Q2,2026Q3,2027Q4,True
PHL,HeatDry | lag1 | KF | coeff=last | EM=10 | P0=update,HeatDry,10,True,last,Good,Good,Good,Acceptable,BORDERLINE,CI expands quickly: ratio=4.6,0.7720369787167812,0.8991292542318879,0.43108522762153895,3.3246525847461044,1.1861593446461365,6.396033237628879,1.5378922724000637,1.0375065172032873,4.616671332046945,2.9173282015152107,6.43383927509749,6.0,2026Q2,2026Q3,2027Q4,True
PHL,ENSO+HeatDryF | lag1 | KF | coeff=avg4 | EM=10 | P0=update,ENSO+HeatDryF,10,True,avg4,Good,Good,Good,Acceptable,BORDERLINE,CI expands quickly: ratio=4.1,0.6767027643441015,0.8310647203247956,0.3244482089775249,0.7595419587394988,0.4356442754031831,7.778118583613864,0.8078954802787992,9.968072961530464,4.075603576168973,2.2188466389959736,7.778209591925336,4.0,2026Q2,2026Q3,2027Q2,True
PHL,ENSO+HeatDryF | lag1 | KF | coeff=avg4 | EM=10 | P0=fixed,ENSO+HeatDryF,10,False,avg4,Good,Good,Good,Acceptable,BORDERLINE,CI expands quickly: ratio=4.1,0.6781949072159967,0.8333549600199158,0.31567726161951176,0.7607594512567655,0.43605992528486753,7.768586592490967,0.7985222870014415,9.943818346117963,4.062699263554677,2.1998270008343006,7.768540977883772,4.0,2026Q2,2026Q3,2027Q2,True
PHL,HeatDry | lag1 | KF | coeff=avg4 | EM=10 | P0=fixed,HeatDry,10,False,avg4,Good,Good,Good,Acceptable,BORDERLINE,CI expands quickly: ratio=5.0,0.7814452767959723,0.8988167636932726,0.43538195432931137,0.7425262352539372,0.26688499547200245,6.4043636398667925,1.6979269969045183,1.0798421485233876,4.963823100114577,3.0095391688006305,6.441615174626936,6.0,2026Q2,2026Q3,2027Q4,True
PHL,OIL_YoY+HeatDryF | lag1 | KF | coeff=avg8 | EM=10 | P0=fixed,OIL_YoY+HeatDryF,10,False,avg8,Good,Good,Good,Acceptable,BORDERLINE,CI expands quickly: ratio=5.3,0.7333726058377972,0.9279724047072031,0.38465249866840545,1.2699082484165678,0.3687336512399093,6.573793399018874,2.4815199792444216,1.3107797908937444,5.259206703114771,3.930682148586796,6.563436958949396,6.0,2026Q2,2026Q3,2027Q4,True
PHL,ENSO+HeatDryF | lag1 | KF | coeff=last | EM=10 | P0=update,ENSO+HeatDryF,10,True,last,Good,Good,Good,Acceptable,BORDERLINE,CI expands quickly: ratio=6.2,0.6288589548091006,0.8128215360326763,0.2590455169365244,0.7595419587394988,0.4356442754031831,9.29341754171125,0.9922927210700445,16.085322467634597,6.180712576812517,2.3264202654590607,9.289680789722254,4.0,2026Q2,2026Q3,2027Q2,True
PHL,HeatDryF | lag1 | KF | coeff=last | EM=10 | P0=fixed,HeatDryF,10,False,last,Good,Good,Good,Acceptable,BORDERLINE,CI expands quickly: ratio=4.8,0.7945328987424821,0.917228552907275,0.4713965091878025,3.6733908160095172,0.8004722917420983,6.453302994781069,1.9178005293990577,1.3379699622139003,4.840008092166588,3.5749255262164166,6.433962711509521,6.0,2026Q2,2026Q3,2027Q4,True
PHL,ENSO+HeatDryF | lag1 | KF | coeff=last | EM=10 | P0=fixed,ENSO+HeatDryF,10,False,last,Good,Good,Good,Acceptable,BORDERLINE,CI expands quickly: ratio=6.2,0.6306574915400548,0.8141251168554129,0.2621186461462609,0.7607594512567655,0.43605992528486753,9.289291076337708,0.9831203903163175,16.082020786478196,6.15834562184415,2.3151199205491997,9.285618990764354,4.0,2026Q2,2026Q3,2027Q2,True
PHL,HeatDryF | lag1 | KF | coeff=last | EM=10 | P0=update,HeatDryF,10,True,last,Good,Good,Good,Acceptable,BORDERLINE,CI expands quickly: ratio=4.9,0.7948601409777746,0.92419825043682,0.4858399795252425,1.0404285700004927,0.4527029299384616,6.458659432537022,1.9187157106530872,1.2382343904870576,4.860990189201109,3.584381478986332,6.44000517865417,6.0,2026Q2,2026Q3,2027Q4,True
PHL,HeatDry | lag1 | KF | coeff=avg8 | EM=10 | P0=fixed,HeatDry,10,False,avg8,Good,Good,Good,Acceptable,BORDERLINE,CI expands quickly: ratio=5.1,0.7791375696010537,0.916971128771218,0.4463561848073857,0.7425262352539372,0.26688499547200245,6.3884006737682935,1.7970194486324238,1.0975557407274077,5.062177953676312,3.1589786320869395,6.424279084384818,6.0,2026Q2,2026Q3,2027Q4,True
PHL,HeatDryF | lag1 | KF | coeff=avg4 | EM=10 | P0=fixed,HeatDryF,10,False,avg4,Good,Good,Good,Acceptable,BORDERLINE,CI expands quickly: ratio=5.4,0.7972956605120988,1.0100815150971436,0.5193483208502173,3.6733908160095172,0.8004722917420983,6.50525389153193,2.0812075002787966,1.4441114791322835,5.35752779766433,3.9311703357805747,6.490029204460846,6.0,2026Q2,2026Q3,2027Q4,True
PHL,OIL_YoY+HeatDryF | lag1 | KF | coeff=avg4 | EM=10 | P0=fixed,OIL_YoY+HeatDryF,10,False,avg4,Good,Good,Good,Acceptable,BORDERLINE,CI expands quickly: ratio=5.4,0.7196028305799851,1.4231769427725613,0.6532545201382526,1.2699082484165678,0.3687336512399093,6.57400935057656,2.3378099342889342,1.3164640884160326,5.442618006518388,3.7188880206546613,6.561553221228804,6.0,2026Q2,2026Q3,2027Q4,True
PHL,HeatDryF | lag1 | KF | coeff=avg4 | EM=10 | P0=update,HeatDryF,10,True,avg4,Good,Good,Good,Acceptable,BORDERLINE,CI expands quickly: ratio=5.6,0.7896677912471366,1.3242136932082582,0.7161370519603636,1.0404285700004927,0.4527029299384616,6.678963471515637,2.2408430696206505,1.3810012209142606,5.607119348665983,4.407151311897335,6.664795838131548,6.0,2026Q2,2026Q3,2027Q4,True
PHL,HeatDryF | lag1 | KF | coeff=avg8 | EM=10 | P0=update,HeatDryF,10,True,avg8,Good,Good,Good,Acceptable,BORDERLINE,CI expands quickly: ratio=7.4,0.8619683828324051,1.1789449345310874,0.9383297147151858,1.0404285700004927,0.4527029299384616,6.656792623685998,3.183361602262261,1.797775351481703,7.391236386017123,5.591963504778337,6.640957327867202,6.0,2026Q2,2026Q3,2027Q4,True
PHL,OIL_YoY+HeatDryF | lag1 | KF | coeff=avg8 | EM=10 | P0=update,OIL_YoY+HeatDryF,10,True,avg8,Good,Good,Good,Acceptable,BORDERLINE,CI expands quickly: ratio=6.0,0.7542012896885449,1.7025474620847625,0.6313797550452389,2.9128330351494087,0.5253297555604972,6.563865301756199,2.7885559524888737,1.45928944158723,6.048070611632232,4.014185348812973,6.55001215640361,6.0,2026Q2,2026Q3,2027Q4,True
PHL,HeatDry | lag1 | KF | coeff=avg4 | EM=10 | P0=update,HeatDry,10,True,avg4,Good,Good,Good,Acceptable,BORDERLINE,CI expands quickly: ratio=5.5,0.7883852496913205,2.101903532445094,0.5136422654360253,3.3246525847461044,1.1861593446461365,6.441311587566903,1.7559631299314464,1.1377565995409147,5.450277538933402,3.101867691200582,6.4781231827402355,6.0,2026Q2,2026Q3,2027Q4,True
PHL,HeatDryF | lag1 | KF | coeff=avg8 | EM=10 | P0=fixed,HeatDryF,10,False,avg8,Good,Good,Good,Acceptable,BORDERLINE,CI expands quickly: ratio=6.3,0.837264452350094,2.2899251550198367,0.7462937492145737,3.6733908160095172,0.8004722917420983,6.505362319557725,2.55058210361425,1.6372447032590989,6.323984217547681,4.412791981120568,6.492662606765354,6.0,2026Q2,2026Q3,2027Q4,True
PHL,HeatDry | lag1 | KF | coeff=avg8 | EM=10 | P0=update,HeatDry,10,True,avg8,Borderline,Good,Good,Acceptable,BORDERLINE,transient amplification: max ||A^k||2=3.2; CI expands quickly: ratio=6.0,0.7854557706357165,3.208167820726592,0.6123427534195632,3.3246525847461044,1.1861593446461365,6.42143615279614,1.8927601469906832,1.1764283239968778,6.021299230491062,3.323780047362583,6.456758980173728,6.0,2026Q2,2026Q3,2027Q4,True
PHL,ENSO | lag1 | KF | coeff=last | EM=30 | P0=fixed,ENSO,30,False,last,Failed,—,—,—,REJECT,no EM result / insufficient complete data,,,,,,,,,,,,,,,,
PHL,ENSO | lag1 | KF | coeff=last | EM=50 | P0=fixed,ENSO,50,False,last,Failed,—,—,—,REJECT,no EM result / insufficient complete data,,,,,,,,,,,,,,,,
PHL,ENSO+HeatDry | lag1 | KF | coeff=last | EM=30 | P0=fixed,ENSO+HeatDry,30,False,last,Failed,—,—,—,REJECT,no EM result / insufficient complete data,,,,,,,,,,,,,,,,
PHL,ENSO+HeatDry | lag1 | KF | coeff=last | EM=30 | P0=update,ENSO+HeatDry,30,True,last,Failed,—,—,—,REJECT,no EM result / insufficient complete data,,,,,,,,,,,,,,,,
PHL,ENSO+HeatDry | lag1 | KF | coeff=last | EM=50 | P0=fixed,ENSO+HeatDry,50,False,last,Failed,—,—,—,REJECT,no EM result / insufficient complete data,,,,,,,,,,,,,,,,
PHL,ENSO+HeatDry | lag1 | KF | coeff=last | EM=50 | P0=update,ENSO+HeatDry,50,True,last,Failed,—,—,—,REJECT,no EM result / insufficient complete data,,,,,,,,,,,,,,,,
PHL,ENSO+HeatDryF | lag1 | KF | coeff=last | EM=30 | P0=fixed,ENSO+HeatDryF,30,False,last,Failed,—,—,—,REJECT,no EM result / insufficient complete data,,,,,,,,,,,,,,,,
PHL,ENSO+HeatDryF | lag1 | KF | coeff=last | EM=30 | P0=update,ENSO+HeatDryF,30,True,last,Failed,—,—,—,REJECT,no EM result / insufficient complete data,,,,,,,,,,,,,,,,
PHL,ENSO+HeatDryF | lag1 | KF | coeff=last | EM=50 | P0=fixed,ENSO+HeatDryF,50,False,last,Failed,—,—,—,REJECT,no EM result / insufficient complete data,,,,,,,,,,,,,,,,
PHL,ENSO+HeatDryF | lag1 | KF | coeff=last | EM=50 | P0=update,ENSO+HeatDryF,50,True,last,Failed,—,—,—,REJECT,no EM result / insufficient complete data,,,,,,,,,,,,,,,,
PHL,HeatDry | lag1 | KF | coeff=last | EM=30 | P0=fixed,HeatDry,30,False,last,Failed,—,—,—,REJECT,no EM result / insufficient complete data,,,,,,,,,,,,,,,,
PHL,HeatDry | lag1 | KF | coeff=last | EM=30 | P0=update,HeatDry,30,True,last,Failed,—,—,—,REJECT,no EM result / insufficient complete data,,,,,,,,,,,,,,,,
PHL,HeatDry | lag1 | KF | coeff=last | EM=50 | P0=fixed,HeatDry,50,False,last,Failed,—,—,—,REJECT,no EM result / insufficient complete data,,,,,,,,,,,,,,,,
PHL,HeatDry | lag1 | KF | coeff=last | EM=50 | P0=update,HeatDry,50,True,last,Failed,—,—,—,REJECT,no EM result / insufficient complete data,,,,,,,,,,,,,,,,
PHL,HeatDryF | lag1 | KF | coeff=last | EM=30 | P0=fixed,HeatDryF,30,False,last,Failed,—,—,—,REJECT,exception: LinAlgError: SVD did not converge,,,,,,,,,,,,,,,,
PHL,HeatDryF | lag1 | KF | coeff=last | EM=30 | P0=update,HeatDryF,30,True,last,Failed,—,—,—,REJECT,no EM result / insufficient complete data,,,,,,,,,,,,,,,,
PHL,HeatDryF | lag1 | KF | coeff=last | EM=50 | P0=fixed,HeatDryF,50,False,last,Failed,—,—,—,REJECT,no EM result / insufficient complete data,,,,,,,,,,,,,,,,
PHL,HeatDryF | lag1 | KF | coeff=last | EM=50 | P0=update,HeatDryF,50,True,last,Failed,—,—,—,REJECT,no EM result / insufficient complete data,,,,,,,,,,,,,,,,
PHL,OIL_YoY+HeatDry | lag1 | KF | coeff=last | EM=20 | P0=fixed,OIL_YoY+HeatDry,20,False,last,Failed,—,—,—,REJECT,no EM result / insufficient complete data,,,,,,,,,,,,,,,,
PHL,OIL_YoY+HeatDry | lag1 | KF | coeff=last | EM=30 | P0=fixed,OIL_YoY+HeatDry,30,False,last,Failed,—,—,—,REJECT,no EM result / insufficient complete data,,,,,,,,,,,,,,,,
PHL,OIL_YoY+HeatDry | lag1 | KF | coeff=last | EM=50 | P0=fixed,OIL_YoY+HeatDry,50,False,last,Failed,—,—,—,REJECT,no EM result / insufficient complete data,,,,,,,,,,,,,,,,
PHL,OIL_YoY+HeatDryF | lag1 | KF | coeff=last | EM=20 | P0=update,OIL_YoY+HeatDryF,20,True,last,Failed,—,—,—,REJECT,no EM result / insufficient complete data,,,,,,,,,,,,,,,,
PHL,OIL_YoY+HeatDryF | lag1 | KF | coeff=last | EM=30 | P0=fixed,OIL_YoY+HeatDryF,30,False,last,Failed,—,—,—,REJECT,no EM result / insufficient complete data,,,,,,,,,,,,,,,,
PHL,OIL_YoY+HeatDryF | lag1 | KF | coeff=last | EM=30 | P0=update,OIL_YoY+HeatDryF,30,True,last,Failed,—,—,—,REJECT,no EM result / insufficient complete data,,,,,,,,,,,,,,,,
PHL,OIL_YoY+HeatDryF | lag1 | KF | coeff=last | EM=50 | P0=fixed,OIL_YoY+HeatDryF,50,False,last,Failed,—,—,—,REJECT,no EM result / insufficient complete data,,,,,,,,,,,,,,,,
PHL,OIL_YoY+HeatDryF | lag1 | KF | coeff=last | EM=50 | P0=update,OIL_YoY+HeatDryF,50,True,last,Failed,—,—,—,REJECT,no EM result / insufficient complete data,,,,,,,,,,,,,,,,
PHL,ENSO | lag1 | KF | coeff=avg4 | EM=30 | P0=fixed,ENSO,30,False,avg4,Failed,—,—,—,REJECT,no EM result / insufficient complete data,,,,,,,,,,,,,,,,
PHL,ENSO | lag1 | KF | coeff=avg4 | EM=50 | P0=fixed,ENSO,50,False,avg4,Failed,—,—,—,REJECT,no EM result / insufficient complete data,,,,,,,,,,,,,,,,
PHL,ENSO+HeatDry | lag1 | KF | coeff=avg4 | EM=30 | P0=fixed,ENSO+HeatDry,30,False,avg4,Failed,—,—,—,REJECT,no EM result / insufficient complete data,,,,,,,,,,,,,,,,
PHL,ENSO+HeatDry | lag1 | KF | coeff=avg4 | EM=30 | P0=update,ENSO+HeatDry,30,True,avg4,Failed,—,—,—,REJECT,no EM result / insufficient complete data,,,,,,,,,,,,,,,,
PHL,ENSO+HeatDry | lag1 | KF | coeff=avg4 | EM=50 | P0=fixed,ENSO+HeatDry,50,False,avg4,Failed,—,—,—,REJECT,no EM result / insufficient complete data,,,,,,,,,,,,,,,,
PHL,ENSO+HeatDry | lag1 | KF | coeff=avg4 | EM=50 | P0=update,ENSO+HeatDry,50,True,avg4,Failed,—,—,—,REJECT,no EM result / insufficient complete data,,,,,,,,,,,,,,,,
PHL,ENSO+HeatDryF | lag1 | KF | coeff=avg4 | EM=30 | P0=fixed,ENSO+HeatDryF,30,False,avg4,Failed,—,—,—,REJECT,no EM result / insufficient complete data,,,,,,,,,,,,,,,,
PHL,ENSO+HeatDryF | lag1 | KF | coeff=avg4 | EM=30 | P0=update,ENSO+HeatDryF,30,True,avg4,Failed,—,—,—,REJECT,no EM result / insufficient complete data,,,,,,,,,,,,,,,,
PHL,ENSO+HeatDryF | lag1 | KF | coeff=avg4 | EM=50 | P0=fixed,ENSO+HeatDryF,50,False,avg4,Failed,—,—,—,REJECT,no EM result / insufficient complete data,,,,,,,,,,,,,,,,
PHL,ENSO+HeatDryF | lag1 | KF | coeff=avg4 | EM=50 | P0=update,ENSO+HeatDryF,50,True,avg4,Failed,—,—,—,REJECT,no EM result / insufficient complete data,,,,,,,,,,,,,,,,
PHL,HeatDry | lag1 | KF | coeff=avg4 | EM=30 | P0=fixed,HeatDry,30,False,avg4,Failed,—,—,—,REJECT,no EM result / insufficient complete data,,,,,,,,,,,,,,,,
PHL,HeatDry | lag1 | KF | coeff=avg4 | EM=30 | P0=update,HeatDry,30,True,avg4,Failed,—,—,—,REJECT,no EM result / insufficient complete data,,,,,,,,,,,,,,,,
PHL,HeatDry | lag1 | KF | coeff=avg4 | EM=50 | P0=fixed,HeatDry,50,False,avg4,Failed,—,—,—,REJECT,no EM result / insufficient complete data,,,,,,,,,,,,,,,,
PHL,HeatDry | lag1 | KF | coeff=avg4 | EM=50 | P0=update,HeatDry,50,True,avg4,Failed,—,—,—,REJECT,no EM result / insufficient complete data,,,,,,,,,,,,,,,,
PHL,HeatDryF | lag1 | KF | coeff=avg4 | EM=30 | P0=fixed,HeatDryF,30,False,avg4,Failed,—,—,—,REJECT,exception: LinAlgError: SVD did not converge,,,,,,,,,,,,,,,,
PHL,HeatDryF | lag1 | KF | coeff=avg4 | EM=30 | P0=update,HeatDryF,30,True,avg4,Failed,—,—,—,REJECT,no EM result / insufficient complete data,,,,,,,,,,,,,,,,
PHL,HeatDryF | lag1 | KF | coeff=avg4 | EM=50 | P0=fixed,HeatDryF,50,False,avg4,Failed,—,—,—,REJECT,no EM result / insufficient complete data,,,,,,,,,,,,,,,,
PHL,HeatDryF | lag1 | KF | coeff=avg4 | EM=50 | P0=update,HeatDryF,50,True,avg4,Failed,—,—,—,REJECT,no EM result / insufficient complete data,,,,,,,,,,,,,,,,
PHL,OIL_YoY+HeatDry | lag1 | KF | coeff=avg4 | EM=20 | P0=fixed,OIL_YoY+HeatDry,20,False,avg4,Failed,—,—,—,REJECT,no EM result / insufficient complete data,,,,,,,,,,,,,,,,
PHL,OIL_YoY+HeatDry | lag1 | KF | coeff=avg4 | EM=30 | P0=fixed,OIL_YoY+HeatDry,30,False,avg4,Failed,—,—,—,REJECT,no EM result / insufficient complete data,,,,,,,,,,,,,,,,
PHL,OIL_YoY+HeatDry | lag1 | KF | coeff=avg4 | EM=50 | P0=fixed,OIL_YoY+HeatDry,50,False,avg4,Failed,—,—,—,REJECT,no EM result / insufficient complete data,,,,,,,,,,,,,,,,
PHL,OIL_YoY+HeatDryF | lag1 | KF | coeff=avg4 | EM=20 | P0=update,OIL_YoY+HeatDryF,20,True,avg4,Failed,—,—,—,REJECT,no EM result / insufficient complete data,,,,,,,,,,,,,,,,
PHL,OIL_YoY+HeatDryF | lag1 | KF | coeff=avg4 | EM=30 | P0=fixed,OIL_YoY+HeatDryF,30,False,avg4,Failed,—,—,—,REJECT,no EM result / insufficient complete data,,,,,,,,,,,,,,,,
PHL,OIL_YoY+HeatDryF | lag1 | KF | coeff=avg4 | EM=30 | P0=update,OIL_YoY+HeatDryF,30,True,avg4,Failed,—,—,—,REJECT,no EM result / insufficient complete data,,,,,,,,,,,,,,,,
PHL,OIL_YoY+HeatDryF | lag1 | KF | coeff=avg4 | EM=50 | P0=fixed,OIL_YoY+HeatDryF,50,False,avg4,Failed,—,—,—,REJECT,no EM result / insufficient complete data,,,,,,,,,,,,,,,,
PHL,OIL_YoY+HeatDryF | lag1 | KF | coeff=avg4 | EM=50 | P0=update,OIL_YoY+HeatDryF,50,True,avg4,Failed,—,—,—,REJECT,no EM result / insufficient complete data,,,,,,,,,,,,,,,,
PHL,ENSO | lag1 | KF | coeff=avg8 | EM=30 | P0=fixed,ENSO,30,False,avg8,Failed,—,—,—,REJECT,no EM result / insufficient complete data,,,,,,,,,,,,,,,,
PHL,ENSO | lag1 | KF | coeff=avg8 | EM=50 | P0=fixed,ENSO,50,False,avg8,Failed,—,—,—,REJECT,no EM result / insufficient complete data,,,,,,,,,,,,,,,,
PHL,ENSO+HeatDry | lag1 | KF | coeff=avg8 | EM=30 | P0=fixed,ENSO+HeatDry,30,False,avg8,Failed,—,—,—,REJECT,no EM result / insufficient complete data,,,,,,,,,,,,,,,,
PHL,ENSO+HeatDry | lag1 | KF | coeff=avg8 | EM=30 | P0=update,ENSO+HeatDry,30,True,avg8,Failed,—,—,—,REJECT,no EM result / insufficient complete data,,,,,,,,,,,,,,,,
PHL,ENSO+HeatDry | lag1 | KF | coeff=avg8 | EM=50 | P0=fixed,ENSO+HeatDry,50,False,avg8,Failed,—,—,—,REJECT,no EM result / insufficient complete data,,,,,,,,,,,,,,,,
PHL,ENSO+HeatDry | lag1 | KF | coeff=avg8 | EM=50 | P0=update,ENSO+HeatDry,50,True,avg8,Failed,—,—,—,REJECT,no EM result / insufficient complete data,,,,,,,,,,,,,,,,
PHL,ENSO+HeatDryF | lag1 | KF | coeff=avg8 | EM=30 | P0=fixed,ENSO+HeatDryF,30,False,avg8,Failed,—,—,—,REJECT,no EM result / insufficient complete data,,,,,,,,,,,,,,,,
PHL,ENSO+HeatDryF | lag1 | KF | coeff=avg8 | EM=30 | P0=update,ENSO+HeatDryF,30,True,avg8,Failed,—,—,—,REJECT,no EM result / insufficient complete data,,,,,,,,,,,,,,,,
PHL,ENSO+HeatDryF | lag1 | KF | coeff=avg8 | EM=50 | P0=fixed,ENSO+HeatDryF,50,False,avg8,Failed,—,—,—,REJECT,no EM result / insufficient complete data,,,,,,,,,,,,,,,,
PHL,ENSO+HeatDryF | lag1 | KF | coeff=avg8 | EM=50 | P0=update,ENSO+HeatDryF,50,True,avg8,Failed,—,—,—,REJECT,no EM result / insufficient complete data,,,,,,,,,,,,,,,,
PHL,HeatDry | lag1 | KF | coeff=avg8 | EM=30 | P0=fixed,HeatDry,30,False,avg8,Failed,—,—,—,REJECT,no EM result / insufficient complete data,,,,,,,,,,,,,,,,
PHL,HeatDry | lag1 | KF | coeff=avg8 | EM=30 | P0=update,HeatDry,30,True,avg8,Failed,—,—,—,REJECT,no EM result / insufficient complete data,,,,,,,,,,,,,,,,
PHL,HeatDry | lag1 | KF | coeff=avg8 | EM=50 | P0=fixed,HeatDry,50,False,avg8,Failed,—,—,—,REJECT,no EM result / insufficient complete data,,,,,,,,,,,,,,,,
PHL,HeatDry | lag1 | KF | coeff=avg8 | EM=50 | P0=update,HeatDry,50,True,avg8,Failed,—,—,—,REJECT,no EM result / insufficient complete data,,,,,,,,,,,,,,,,
PHL,HeatDryF | lag1 | KF | coeff=avg8 | EM=30 | P0=fixed,HeatDryF,30,False,avg8,Failed,—,—,—,REJECT,exception: LinAlgError: SVD did not converge,,,,,,,,,,,,,,,,
PHL,HeatDryF | lag1 | KF | coeff=avg8 | EM=30 | P0=update,HeatDryF,30,True,avg8,Failed,—,—,—,REJECT,no EM result / insufficient complete data,,,,,,,,,,,,,,,,
PHL,HeatDryF | lag1 | KF | coeff=avg8 | EM=50 | P0=fixed,HeatDryF,50,False,avg8,Failed,—,—,—,REJECT,no EM result / insufficient complete data,,,,,,,,,,,,,,,,
PHL,HeatDryF | lag1 | KF | coeff=avg8 | EM=50 | P0=update,HeatDryF,50,True,avg8,Failed,—,—,—,REJECT,no EM result / insufficient complete data,,,,,,,,,,,,,,,,
PHL,OIL_YoY+HeatDry | lag1 | KF | coeff=avg8 | EM=20 | P0=fixed,OIL_YoY+HeatDry,20,False,avg8,Failed,—,—,—,REJECT,no EM result / insufficient complete data,,,,,,,,,,,,,,,,
PHL,OIL_YoY+HeatDry | lag1 | KF | coeff=avg8 | EM=30 | P0=fixed,OIL_YoY+HeatDry,30,False,avg8,Failed,—,—,—,REJECT,no EM result / insufficient complete data,,,,,,,,,,,,,,,,
PHL,OIL_YoY+HeatDry | lag1 | KF | coeff=avg8 | EM=50 | P0=fixed,OIL_YoY+HeatDry,50,False,avg8,Failed,—,—,—,REJECT,no EM result / insufficient complete data,,,,,,,,,,,,,,,,
PHL,OIL_YoY+HeatDryF | lag1 | KF | coeff=avg8 | EM=20 | P0=update,OIL_YoY+HeatDryF,20,True,avg8,Failed,—,—,—,REJECT,no EM result / insufficient complete data,,,,,,,,,,,,,,,,
PHL,OIL_YoY+HeatDryF | lag1 | KF | coeff=avg8 | EM=30 | P0=fixed,OIL_YoY+HeatDryF,30,False,avg8,Failed,—,—,—,REJECT,no EM result / insufficient complete data,,,,,,,,,,,,,,,,
PHL,OIL_YoY+HeatDryF | lag1 | KF | coeff=avg8 | EM=30 | P0=update,OIL_YoY+HeatDryF,30,True,avg8,Failed,—,—,—,REJECT,no EM result / insufficient complete data,,,,,,,,,,,,,,,,
PHL,OIL_YoY+HeatDryF | lag1 | KF | coeff=avg8 | EM=50 | P0=fixed,OIL_YoY+HeatDryF,50,False,avg8,Failed,—,—,—,REJECT,no EM result / insufficient complete data,,,,,,,,,,,,,,,,
PHL,OIL_YoY+HeatDryF | lag1 | KF | coeff=avg8 | EM=50 | P0=update,OIL_YoY+HeatDryF,50,True,avg8,Failed,—,—,—,REJECT,no EM result / insufficient complete data,,,,,,,,,,,,,,,,
PHL,ENSO+HeatDryF | lag1 | KF | coeff=last | EM=20 | P0=fixed,ENSO+HeatDryF,20,False,last,Explosive,Unstable,Explosive,Extreme,REJECT,dynamic instability: rho=3362046888.52; dynamic amplification: max ||A^k||2=176619257548996944648122050584283971584.0; coefficient explosion: max |theta|=6067525031494102830259228972679168.0,3362046888.519643,1.7661925754899694e+38,1.7661925754899694e+38,6.067525031494103e+33,1.1101915355585666e+34,7.35157651432703e+35,7.351576512140392e+35,1.3119329776616533e+37,5.469085324166235e+29,5.175898891181227e+31,7.351568577274806e+35,4.0,2026Q2,2026Q3,2027Q2,True
PHL,ENSO+HeatDry | lag1 | KF | coeff=last | EM=20 | P0=fixed,ENSO+HeatDry,20,False,last,Explosive,Unstable,Explosive,Extreme,REJECT,dynamic instability: rho=327802062133028.38; dynamic amplification: max ||A^k||2=54405430273914107063548466771401968409665404039524543102976.0; coefficient explosion: max |theta|=12670632155218758.0,327802062133028.4,5.440543027391411e+58,5.440543027391411e+58,1.2670632155218758e+16,218939221962686.0,3.288362429640358e+65,3.2883624296403483e+65,1.4842860797245086e+68,4.7994581223493597e+45,4.9457215407277755e+53,3.288362429641614e+65,4.0,2026Q2,2026Q3,2027Q2,True
PHL,ENSO+HeatDry | lag1 | KF | coeff=avg4 | EM=20 | P0=fixed,ENSO+HeatDry,20,False,avg4,Explosive,Unstable,Explosive,Extreme,REJECT,dynamic instability: rho=5754719516611480.00; dynamic amplification: max ||A^k||2=3336118597606536779070689303633030859582978550392697045576056832.0; coefficient explosion: max |theta|=12670632155218758.0,5754719516611480.0,3.336118597606537e+63,3.336118597606537e+63,1.2670632155218758e+16,218939221962686.0,4.6797604447609406e+67,4.679760444760941e+67,6.268724949444493e+69,1.9777052104340206e+47,1.083881416520226e+56,4.6797604447717794e+67,4.0,2026Q2,2026Q3,2027Q2,True
PHL,ENSO+HeatDry | lag1 | KF | coeff=avg8 | EM=20 | P0=fixed,ENSO+HeatDry,20,False,avg8,Explosive,Unstable,Explosive,Extreme,REJECT,dynamic instability: rho=5848271307498299.00; dynamic amplification: max ||A^k||2=3594548137895471229571294681307541259954871992001766773319794688.0; coefficient explosion: max |theta|=12670632155218758.0,5848271307498299.0,3.594548137895471e+63,3.594548137895471e+63,1.2670632155218758e+16,218939221962686.0,6.244952412991108e+67,6.24495241299111e+67,6.596548373318825e+69,2.0802410484112927e+47,8.242192033147619e+56,6.24495241307353e+67,4.0,2026Q2,2026Q3,2027Q2,True
PHL,OIL_YoY+HeatDryF | lag1 | KF | coeff=avg4 | EM=20 | P0=fixed,OIL_YoY+HeatDryF,20,False,avg4,Explosive,Unstable,Explosive,Extreme,REJECT,dynamic instability: rho=1617224767749.36; dynamic amplification: max ||A^k||2=19231069841291213492213600980582751945301404827506869785967794525554343936.0; coefficient explosion: max |theta|=1073101160552.1,1617224767749.3591,1.9231069841291213e+73,1.9231069841291213e+73,1073101160552.0735,87372935824.15054,5.888838226764669e+75,5.888838226761028e+75,2.7316842960195508e+88,3.84197151905652e+69,9.141806256267625e+65,5.8888382258504884e+75,6.0,2026Q2,2026Q3,2027Q4,True
PHL,OIL_YoY+HeatDryF | lag1 | KF | coeff=avg8 | EM=20 | P0=fixed,OIL_YoY+HeatDryF,20,False,avg8,Explosive,Unstable,Explosive,Extreme,REJECT,dynamic instability: rho=1620857121766.25; dynamic amplification: max ||A^k||2=19579484360397993831389138096242312886470524793408935432137525313132298240.0; coefficient explosion: max |theta|=1073101160552.1,1620857121766.2466,1.9579484360397994e+73,1.9579484360397994e+73,1073101160552.0735,87372935824.15054,2.3245885072856298e+75,2.3245885072841956e+75,2.7317944600828885e+88,3.842003879906905e+69,1.2235366876066825e+66,2.324588506062093e+75,6.0,2026Q2,2026Q3,2027Q4,True
PHL,OIL_YoY+HeatDryF | lag1 | KF | coeff=last | EM=20 | P0=fixed,OIL_YoY+HeatDryF,20,False,last,Explosive,Unstable,Explosive,Extreme,REJECT,dynamic instability: rho=34320815070184.31; dynamic amplification: max ||A^k||2=1762220392511414298060807743214626402436184437066295675411425418711897757699801088.0; coefficient explosion: max |theta|=22472773633024.5,34320815070184.312,1.7622203925114143e+81,1.7622203925114143e+81,22472773633024.54,87372935824.15054,5.836189616681339e+83,5.83618961668151e+83,4.534556565741658e+88,6.1760025440089384e+69,6.032495119165359e+74,5.836189610648844e+83,6.0,2026Q2,2026Q3,2027Q4,True
PHL,ENSO+HeatDryF | lag1 | KF | coeff=last | EM=20 | P0=update,ENSO+HeatDryF,20,True,last,Explosive,Unstable,Explosive,Extreme,REJECT,dynamic instability: rho=256732724597171945472.00; dynamic amplification: max ||A^k||2=5729087325171880033400738767801273540786150454331630000970407086075254859129421824.0; coefficient explosion: max |theta|=20334182364707758800896.0,2.5673272459717195e+20,5.72908732517188e+81,5.72908732517188e+81,2.033418236470776e+22,1.51198791569473e+22,5.751691833861717e+90,5.751691833861717e+90,4.1813775476490757e+92,1.8409775449176643e+62,1.1760134063164926e+76,5.751691833861722e+90,4.0,2026Q2,2026Q3,2027Q2,True
PHL,ENSO+HeatDryF | lag1 | KF | coeff=avg8 | EM=20 | P0=update,ENSO+HeatDryF,20,True,avg8,Explosive,Unstable,Explosive,Extreme,REJECT,dynamic instability: rho=3732841423123584122880.00; dynamic amplification: max ||A^k||2=257194023168317275056743695642127897708859181230406888469796411508031627290620173746176.0; coefficient explosion: max |theta|=20334182364707758800896.0,3.732841423123584e+21,2.571940231683173e+86,2.571940231683173e+86,2.033418236470776e+22,1.51198791569473e+22,4.136863606598029e+96,4.136863606598029e+96,9.7617257089617e+95,4.0890603155964284e+65,1.8971375900641885e+82,4.136863606598033e+96,4.0,2026Q2,2026Q3,2027Q2,True
PHL,ENSO+HeatDryF | lag1 | KF | coeff=avg4 | EM=20 | P0=update,ENSO+HeatDryF,20,True,avg4,Explosive,Unstable,Explosive,Extreme,REJECT,dynamic instability: rho=8772595382134663806976.00; dynamic amplification: max ||A^k||2=7829122717220863888803868513883431290427253782063115088543974770617674851349263674245120.0; coefficient explosion: max |theta|=20334182364707758800896.0,8.772595382134664e+21,7.829122717220864e+87,7.829122717220864e+87,2.033418236470776e+22,1.51198791569473e+22,1.0557520184329758e+98,1.0557520184329758e+98,1.1585744183731703e+97,4.8900211064083734e+66,4.856672230564323e+83,1.0557520184329767e+98,4.0,2026Q2,2026Q3,2027Q2,True
PHL,HeatDryF | lag1 | KF | coeff=last | EM=20 | P0=fixed,HeatDryF,20,False,last,Explosive,Unstable,Explosive,Extreme,REJECT,dynamic instability: rho=69303722527067324416.00; dynamic amplification: max ||A^k||2=484691390880958927550351188804707484938221971414552094341985044241978791675185231713706181781395827200693127408236101632.0; coefficient explosion: max |theta|=589816112233174912530461298535880294662144.0,6.9303722527067324e+19,4.846913908809589e+119,4.846913908809589e+119,5.898161122331749e+41,2.70472262111253e+41,1.0593184986240055e+128,1.0593184986240055e+128,2.9392743595654798e+131,4.337712406786817e+100,7.695704335233297e+112,1.0593184986240048e+128,6.0,2026Q2,2026Q3,2027Q4,True
PHL,ENSO+HeatDryF | lag1 | KF | coeff=avg8 | EM=20 | P0=fixed,ENSO+HeatDryF,20,False,avg8,Explosive,Unstable,Explosive,Extreme,REJECT,dynamic instability: rho=370081356418066447472986836434944.00; dynamic amplification: max ||A^k||2=24183283609914231187448258405186130728957479065719828146464183901943819467570373269392699296982452748875403433359249482101590851584.0; coefficient explosion: max |theta|=6067525031494102830259228972679168.0,3.7008135641806645e+32,2.418328360991423e+130,2.418328360991423e+130,6.067525031494103e+33,1.1101915355585666e+34,1.213188967160411e+128,1.213188967160411e+128,1.7892512579417415e+114,9.352084448012026e+121,4.530300997384918e+125,1.217719268157796e+128,4.0,2026Q2,2026Q3,2027Q2,True
PHL,ENSO+HeatDryF | lag1 | KF | coeff=avg4 | EM=20 | P0=fixed,ENSO+HeatDryF,20,False,avg4,Explosive,Unstable,Explosive,Extreme,REJECT,dynamic instability: rho=715987175337873027643216238739456.00; dynamic amplification: max ||A^k||2=338803068124536368050594402937350052168835259100882734568558536187076587841237939618157487554782544608816452983029838799486880579584.0; coefficient explosion: max |theta|=6067525031494102830259228972679168.0,7.15987175337873e+32,3.3880306812453637e+131,3.3880306812453637e+131,6.067525031494103e+33,1.1101915355585666e+34,1.6996079038929333e+129,1.6996079038929333e+129,1.323661145660127e+115,6.839557227938592e+122,6.346858040705365e+126,1.7059547619336387e+129,4.0,2026Q2,2026Q3,2027Q2,True
PHL,ENSO | lag1 | KF | coeff=last | EM=20 | P0=fixed,ENSO,20,False,last,Explosive,Unstable,Explosive,Extreme,REJECT,dynamic instability: rho=1790837700786635909755746385920.00; dynamic amplification: max ||A^k||2=16333332372978389411343071786723124265209518419306650222117679848878937069200795328197123404455034978284997780598943645696.0; coefficient explosion: max |theta|=16562479278605780160211056590848.0,1.790837700786636e+30,1.633333237297839e+121,1.633333237297839e+121,1.656247927860578e+31,3.560595644299231e+29,1.356478423632865e+142,1.356478423632865e+142,3.8225654764597814e+142,6.884540849313897e+89,0.0,1.356478423632865e+142,4.0,2026Q2,2026Q3,2027Q2,True
PHL,ENSO | lag1 | KF | coeff=avg8 | EM=20 | P0=fixed,ENSO,20,False,avg8,Explosive,Unstable,Explosive,Extreme,REJECT,dynamic instability: rho=14219735049834777278501686870016.00; dynamic amplification: max ||A^k||2=71681355183952741402822278432937601527080003936306877868123496574746240590298488868150992781725301864927647366467145626025984.0; coefficient explosion: max |theta|=16562479278605780160211056590848.0,1.4219735049834777e+31,7.168135518395274e+124,7.168135518395274e+124,1.656247927860578e+31,3.560595644299231e+29,2.8828322125539278e+144,2.8828322125539278e+144,8.49692086728881e+144,1.8037962126504982e+92,0.0,2.8828322125539278e+144,4.0,2026Q2,2026Q3,2027Q2,True
PHL,ENSO | lag1 | KF | coeff=avg4 | EM=20 | P0=fixed,ENSO,20,False,avg4,Explosive,Unstable,Explosive,Extreme,REJECT,dynamic instability: rho=14364503641154458798895543615488.00; dynamic amplification: max ||A^k||2=74651084366001333615290963671208702109179639366509501074081140972602051952889727036916476057831137336835102116965131904614400.0; coefficient explosion: max |theta|=16562479278605780160211056590848.0,1.4364503641154459e+31,7.465108436600133e+124,7.465108436600133e+124,1.656247927860578e+31,3.560595644299231e+29,3.223155974669248e+144,3.223155974669248e+144,8.755703273772507e+144,1.8592007147194768e+92,0.0,3.223155974669248e+144,4.0,2026Q2,2026Q3,2027Q2,True
PHL,HeatDryF | lag1 | KF | coeff=last | EM=20 | P0=update,HeatDryF,20,True,last,Explosive,Unstable,Explosive,Extreme,REJECT,dynamic instability: rho=11065716359295062245376.00; dynamic amplification: max ||A^k||2=14176052507017878691074202916175077537705970999586297706311926396810668422468676086965491271410492396815421890163444360126513455038464.0; coefficient explosion: max |theta|=566296617611802103353217680297272325177344.0,1.1065716359295062e+22,1.4176052507017879e+133,1.4176052507017879e+133,5.662966176118021e+41,5.246043331310533e+41,1.135433645884544e+142,1.135433645884544e+142,3.396202101490267e+151,6.500618325144524e+115,0.0,1.135433645884544e+142,6.0,2026Q2,2026Q3,2027Q4,True
PHL,ENSO+HeatDry | lag1 | KF | coeff=avg4 | EM=20 | P0=update,ENSO+HeatDry,20,True,avg4,Explosive,Unstable,Explosive,Extreme,REJECT,dynamic instability: rho=38492195131423015621022283349018065293951303620805242455588864.00; dynamic amplification: max ||A^k||2=2404317629262056617467666296901905240750010745955681130589780063422491177815009846107690781545328833384889806783749486705308115184960746463619955574055395986203639197050134260047484980717980121757332476607562269389841376566798504648271083033591808.0; coefficient explosion: max |theta|=64376146424384274984172374241009460168162860114325956382949376.0,3.8492195131423016e+61,2.4043176292620566e+246,2.4043176292620566e+246,6.437614642438427e+61,4.175636461521534e+61,2.0524381564561197e+277,2.0524381564561197e+277,inf,,0.0,2.0524381564561197e+277,4.0,2026Q2,2026Q3,2027Q2,True
PHL,ENSO+HeatDry | lag1 | KF | coeff=avg8 | EM=20 | P0=update,ENSO+HeatDry,20,True,avg8,Explosive,Unstable,Explosive,Extreme,REJECT,dynamic instability: rho=19590188822931095603978864959384406495272192298950741962260480.00; dynamic amplification: max ||A^k||2=161307888329575260544435245523511584568365801362052134564894842031456091064577255265041683039274508491789977707378777994795059891455738127065039629632413379995816260750573544992999139215361641045159718272694257514985325026992562770268311361945600.0; coefficient explosion: max |theta|=64376146424384274984172374241009460168162860114325956382949376.0,1.9590188822931096e+61,1.6130788832957526e+245,1.6130788832957526e+245,6.437614642438427e+61,4.175636461521534e+61,1.3769999904267763e+276,1.3769999904267763e+276,inf,,0.0,1.3769999904267763e+276,4.0,2026Q2,2026Q3,2027Q2,True
PHL,ENSO+HeatDry | lag1 | KF | coeff=last | EM=20 | P0=update,ENSO+HeatDry,20,True,last,Explosive,Unstable,Explosive,Extreme,REJECT,dynamic instability: rho=20514699345073827142007301656724912472064.00; dynamic amplification: max ||A^k||2=185126953398620342326940167731366897570266667639562920752482705398903211870511354010854294995173242246994897292163891326002026042614695885379618727748520273510400.0; coefficient explosion: max |theta|=64376146424384274984172374241009460168162860114325956382949376.0,2.0514699345073827e+40,1.8512695339862034e+161,1.8512695339862034e+161,6.437614642438427e+61,4.175636461521534e+61,1.1377002976706022e+191,1.1377002976706022e+191,inf,,0.0,1.1377002976706022e+191,4.0,2026Q2,2026Q3,2027Q2,True
PHL,HeatDry | lag1 | KF | coeff=avg4 | EM=20 | P0=fixed,HeatDry,20,False,avg4,Explosive,Unstable,Explosive,Extreme,REJECT,dynamic instability: rho=90307668507977650789009525336584193310720.00; dynamic amplification: max ||A^k||2=3879960678036769196152235054628499112428056807239389948481176631605804032216862773176743535314724809417134648468648053687045877129671454810822057217230529206103216752632200177047419145214218590807811950939797538148487929057330800865312410175537152.0; coefficient explosion: max |theta|=1621675652401570984302500099439396883791872.0,9.030766850797765e+40,3.879960678036769e+246,3.879960678036769e+246,1.621675652401571e+42,3.002566874831324e+42,3.986918859207754e+271,3.986918859207754e+271,inf,,0.0,3.986918859207754e+271,6.0,2026Q2,2026Q3,2027Q4,True
PHL,HeatDry | lag1 | KF | coeff=avg4 | EM=20 | P0=update,HeatDry,20,True,avg4,Explosive,Unstable,Explosive,Extreme,REJECT,dynamic instability: rho=70353752564865060306944.00; dynamic amplification: max ||A^k||2=6033526752401200566998144791740329894098266619085126333288157126166466172053689175953575834027936434792493163723126873246121810184888123392.0; coefficient explosion: max |theta|=3008605391593347139764224.0,7.035375256486506e+22,6.0335267524012e+138,6.0335267524012e+138,3.008605391593347e+24,8.241369680310956e+23,3.0193234781167774e+157,3.0193234781167774e+157,inf,,0.0,3.0193234781167774e+157,6.0,2026Q2,2026Q3,2027Q4,True
PHL,HeatDry | lag1 | KF | coeff=avg8 | EM=20 | P0=fixed,HeatDry,20,False,avg8,Explosive,Unstable,Explosive,Extreme,REJECT,dynamic instability: rho=44861711396205548463464552111103277006848.00; dynamic amplification: max ||A^k||2=58308830568815693966250219675953364356873614874424001626650572306000857366837057780653261799986226883083501880855083064167191897475655499136432984467386850331254920097513877972444861462689626983919648444345356702716833070350512478067290336657408.0; coefficient explosion: max |theta|=1621675652401570984302500099439396883791872.0,4.486171139620555e+40,5.83088305688157e+244,5.83088305688157e+244,1.621675652401571e+42,3.002566874831324e+42,5.99163388158158e+269,5.99163388158158e+269,inf,,0.0,5.99163388158158e+269,6.0,2026Q2,2026Q3,2027Q4,True
PHL,HeatDry | lag1 | KF | coeff=avg8 | EM=20 | P0=update,HeatDry,20,True,avg8,Explosive,Unstable,Explosive,Extreme,REJECT,dynamic instability: rho=55883519544118590046208.00; dynamic amplification: max ||A^k||2=2021341302960599048493947876868793554060048037162035100018953945222291827514577511242585057676615504647024094174597675979734544459155636224.0; coefficient explosion: max |theta|=3008605391593347139764224.0,5.588351954411859e+22,2.021341302960599e+138,2.021341302960599e+138,3.008605391593347e+24,8.241369680310956e+23,1.2110243773922826e+157,1.2110243773922826e+157,inf,,0.0,1.2110243773922826e+157,6.0,2026Q2,2026Q3,2027Q4,True
PHL,HeatDry | lag1 | KF | coeff=last | EM=20 | P0=fixed,HeatDry,20,False,last,Explosive,Unstable,Explosive,Extreme,REJECT,dynamic instability: rho=4339935547667439139110021322768384.00; dynamic amplification: max ||A^k||2=42587352177786731378453450162253531876466486561032653927963706251111004988116869101957801204299950731652044976920816826405928486062664015540721830292034406576985833292153887796897086158415503544243191808.0; coefficient explosion: max |theta|=1621675652401570984302500099439396883791872.0,4.339935547667439e+33,4.258735217778673e+202,4.258735217778673e+202,1.621675652401571e+42,3.002566874831324e+42,2.060905278850787e+227,2.060905278850787e+227,inf,,0.0,2.060905278850787e+227,6.0,2026Q2,2026Q3,2027Q4,True
PHL,HeatDry | lag1 | KF | coeff=last | EM=20 | P0=update,HeatDry,20,True,last,Explosive,Unstable,Explosive,Extreme,REJECT,dynamic instability: rho=135497487774081165033472.00; dynamic amplification: max ||A^k||2=375135902604314478214879283467434958428462573674757724248089693187845154043612832110565568270858573214206852655000545625993228049335999004672.0; coefficient explosion: max |theta|=3512947938065145103646720.0,1.3549748777408117e+23,3.7513590260431448e+140,3.7513590260431448e+140,3.512947938065145e+24,8.241369680310956e+23,1.0113680934938784e+159,1.0113680934938784e+159,inf,,0.0,1.0113680934938784e+159,6.0,2026Q2,2026Q3,2027Q4,True
PHL,HeatDryF | lag1 | KF | coeff=avg4 | EM=20 | P0=fixed,HeatDryF,20,False,avg4,Explosive,Unstable,Explosive,Extreme,REJECT,dynamic instability: rho=87317364020836263507172873245949993943040.00; dynamic amplification: max ||A^k||2=1931369802079272508831352422065413183586615066210591349802093151964118236606907097217983839747148658037987148859534759043826925748472206647467220431290823849685913205311299679457510530210344554513556384145056119815923938989357594364382733353877504.0; coefficient explosion: max |theta|=589816112233174912530461298535880294662144.0,8.731736402083626e+40,1.9313698020792725e+246,1.9313698020792725e+246,5.898161122331749e+41,2.70472262111253e+41,7.952384654812284e+255,7.952384654812284e+255,inf,,2.196735251241795e+158,7.952384654812284e+255,6.0,2026Q2,2026Q3,2027Q4,True
PHL,HeatDryF | lag1 | KF | coeff=avg4 | EM=20 | P0=update,HeatDryF,20,True,avg4,Explosive,Unstable,Explosive,Extreme,REJECT,dynamic instability: rho=34242227094310804237774546598655260884992.00; dynamic amplification: max ||A^k||2=16230164803564482676526040412893902607909579780634839688983867495366748730994395586535065715711291965189266234411611656927064216810364986829407993635449127103845599194455685128710878000540557183099372511465038817774509044011289517036233390292992.0; coefficient explosion: max |theta|=566296617611802103353217680297272325177344.0,3.4242227094310804e+40,1.6230164803564483e+244,1.6230164803564483e+244,5.662966176118021e+41,5.246043331310533e+41,6.948764418305048e+255,6.948764418305048e+255,inf,,0.0,6.948764418305048e+255,6.0,2026Q2,2026Q3,2027Q4,True
PHL,HeatDryF | lag1 | KF | coeff=avg8 | EM=20 | P0=fixed,HeatDryF,20,False,avg8,Explosive,Unstable,Explosive,Extreme,REJECT,dynamic instability: rho=43533466341959446614560445802740635926528.00; dynamic amplification: max ||A^k||2=29662054339127543735151795075022543090030088584432500344978976901589127220202626845186302002204357954632928575823522967857332771609460151523834103068249157636672385699856603698808302477537908735267657195279526748359920163314686505501138180112384.0; coefficient explosion: max |theta|=589816112233174912530461298535880294662144.0,4.3533466341959447e+40,2.9662054339127544e+244,2.9662054339127544e+244,5.898161122331749e+41,2.70472262111253e+41,1.221330558191373e+254,1.221330558191373e+254,inf,,1.372959532026122e+157,1.221330558191373e+254,6.0,2026Q2,2026Q3,2027Q4,True
PHL,HeatDryF | lag1 | KF | coeff=avg8 | EM=20 | P0=update,HeatDryF,20,True,avg8,Explosive,Unstable,Explosive,Extreme,REJECT,dynamic instability: rho=17121107355518545214589490533960807088128.00; dynamic amplification: max ||A^k||2=253595774810419381229657397785365300142436255041626266422158799809488672326238922934307463989736008171983103901958927025379341040855303102536481258318750074448160374011541259656799434072723267968795412050333533730215209957263533985492893696000.0; coefficient explosion: max |theta|=566296617611802103353217680297272325177344.0,1.7121107355518545e+40,2.535957748104194e+242,2.535957748104194e+242,5.662966176118021e+41,5.246043331310533e+41,1.085742048472788e+254,1.085742048472788e+254,inf,,0.0,1.085742048472788e+254,6.0,2026Q2,2026Q3,2027Q4,True
THA,ENSO+HeatDry | lag1 | KF | coeff=last | EM=10 | P0=update,ENSO+HeatDry,10,True,last,Borderline,Good,Good,Acceptable,BORDERLINE,transient amplification: max ||A^k||2=3.1; CI expands quickly: ratio=5.1,0.5765821664745893,3.1480852113778752,0.6768199549906037,1.6859107182627946,0.24036478853992477,2.3303562929060764,1.9206520522241612,14.681566536486974,5.0966762765285205,2.7399468794542665,2.6190728137007984,4.0,2026Q2,2026Q3,2027Q2,False
THA,ENSO+HeatDry | lag1 | KF | coeff=last | EM=20 | P0=update,ENSO+HeatDry,20,True,last,Borderline,Good,Good,Acceptable,BORDERLINE,transient amplification: max ||A^k||2=3.1; CI expands quickly: ratio=5.1,0.5765821664745893,3.1480852113778752,0.6768199549906037,1.6859107182627946,0.24036478853992477,2.3303562929060764,1.9206520522241612,14.681566536486974,5.0966762765285205,2.7399468794542665,2.6190728137007984,4.0,2026Q2,2026Q3,2027Q2,False
THA,ENSO+HeatDry | lag1 | KF | coeff=last | EM=30 | P0=update,ENSO+HeatDry,30,True,last,Borderline,Good,Good,Acceptable,BORDERLINE,transient amplification: max ||A^k||2=3.1; CI expands quickly: ratio=5.1,0.5765821664745893,3.1480852113778752,0.6768199549906037,1.6859107182627946,0.24036478853992477,2.3303562929060764,1.9206520522241612,14.681566536486974,5.0966762765285205,2.7399468794542665,2.6190728137007984,4.0,2026Q2,2026Q3,2027Q2,False
THA,ENSO+HeatDry | lag1 | KF | coeff=last | EM=50 | P0=update,ENSO+HeatDry,50,True,last,Borderline,Good,Good,Acceptable,BORDERLINE,transient amplification: max ||A^k||2=3.1; CI expands quickly: ratio=5.1,0.5765821664745893,3.1480852113778752,0.6768199549906037,1.6859107182627946,0.24036478853992477,2.3303562929060764,1.9206520522241612,14.681566536486974,5.0966762765285205,2.7399468794542665,2.6190728137007984,4.0,2026Q2,2026Q3,2027Q2,False
THA,ENSO+HeatDry | lag1 | KF | coeff=avg8 | EM=10 | P0=update,ENSO+HeatDry,10,True,avg8,Borderline,Good,Good,Acceptable,BORDERLINE,transient amplification: max ||A^k||2=3.1; CI expands quickly: ratio=5.1,0.5695642006087849,3.149954280473608,0.4039989792412898,1.6859107182627946,0.24036478853992477,2.6369686778011374,1.0689302453303107,14.410173579265269,5.0872369702212845,2.3281873304298553,2.209892074500945,4.0,2026Q2,2026Q3,2027Q2,False
THA,ENSO+HeatDry | lag1 | KF | coeff=avg8 | EM=20 | P0=update,ENSO+HeatDry,20,True,avg8,Borderline,Good,Good,Acceptable,BORDERLINE,transient amplification: max ||A^k||2=3.1; CI expands quickly: ratio=5.1,0.5695642006087849,3.149954280473608,0.4039989792412898,1.6859107182627946,0.24036478853992477,2.6369686778011374,1.0689302453303107,14.410173579265269,5.0872369702212845,2.3281873304298553,2.209892074500945,4.0,2026Q2,2026Q3,2027Q2,False
THA,ENSO+HeatDry | lag1 | KF | coeff=avg8 | EM=30 | P0=update,ENSO+HeatDry,30,True,avg8,Borderline,Good,Good,Acceptable,BORDERLINE,transient amplification: max ||A^k||2=3.1; CI expands quickly: ratio=5.1,0.5695642006087849,3.149954280473608,0.4039989792412898,1.6859107182627946,0.24036478853992477,2.6369686778011374,1.0689302453303107,14.410173579265269,5.0872369702212845,2.3281873304298553,2.209892074500945,4.0,2026Q2,2026Q3,2027Q2,False
THA,ENSO+HeatDry | lag1 | KF | coeff=avg8 | EM=50 | P0=update,ENSO+HeatDry,50,True,avg8,Borderline,Good,Good,Acceptable,BORDERLINE,transient amplification: max ||A^k||2=3.1; CI expands quickly: ratio=5.1,0.5695642006087849,3.149954280473608,0.4039989792412898,1.6859107182627946,0.24036478853992477,2.6369686778011374,1.0689302453303107,14.410173579265269,5.0872369702212845,2.3281873304298553,2.209892074500945,4.0,2026Q2,2026Q3,2027Q2,False
THA,ENSO+HeatDry | lag1 | KF | coeff=avg4 | EM=10 | P0=update,ENSO+HeatDry,10,True,avg4,Borderline,Good,Good,Acceptable,BORDERLINE,transient amplification: max ||A^k||2=3.2; CI expands quickly: ratio=5.6,0.6601685724466618,3.1578762180699558,0.5317446743542442,1.6859107182627946,0.24036478853992477,3.94043953102634,1.3943538389022894,15.306823391185338,5.5863474570517235,3.1253585890597386,3.5127218359475703,4.0,2026Q2,2026Q3,2027Q2,False
THA,ENSO+HeatDry | lag1 | KF | coeff=avg4 | EM=20 | P0=update,ENSO+HeatDry,20,True,avg4,Borderline,Good,Good,Acceptable,BORDERLINE,transient amplification: max ||A^k||2=3.2; CI expands quickly: ratio=5.6,0.6601685724466618,3.1578762180699558,0.5317446743542442,1.6859107182627946,0.24036478853992477,3.94043953102634,1.3943538389022894,15.306823391185338,5.5863474570517235,3.1253585890597386,3.5127218359475703,4.0,2026Q2,2026Q3,2027Q2,False
THA,ENSO+HeatDry | lag1 | KF | coeff=avg4 | EM=30 | P0=update,ENSO+HeatDry,30,True,avg4,Borderline,Good,Good,Acceptable,BORDERLINE,transient amplification: max ||A^k||2=3.2; CI expands quickly: ratio=5.6,0.6601685724466618,3.1578762180699558,0.5317446743542442,1.6859107182627946,0.24036478853992477,3.94043953102634,1.3943538389022894,15.306823391185338,5.5863474570517235,3.1253585890597386,3.5127218359475703,4.0,2026Q2,2026Q3,2027Q2,False
THA,ENSO+HeatDry | lag1 | KF | coeff=avg4 | EM=50 | P0=update,ENSO+HeatDry,50,True,avg4,Borderline,Good,Good,Acceptable,BORDERLINE,transient amplification: max ||A^k||2=3.2; CI expands quickly: ratio=5.6,0.6601685724466618,3.1578762180699558,0.5317446743542442,1.6859107182627946,0.24036478853992477,3.94043953102634,1.3943538389022894,15.306823391185338,5.5863474570517235,3.1253585890597386,3.5127218359475703,4.0,2026Q2,2026Q3,2027Q2,False
THA,ENSO+HeatDry | lag1 | KF | coeff=last | EM=10 | P0=fixed,ENSO+HeatDry,10,False,last,Borderline,Good,Good,Acceptable,BORDERLINE,transient amplification: max ||A^k||2=3.6; CI expands quickly: ratio=5.5,0.5933215904975161,3.6461649195562438,0.6019022024252523,2.828169061500239,0.5582730410178129,2.858559999562283,2.122960224881628,15.402179083909624,5.517861562321493,2.487988515402954,2.7863013694020187,4.0,2026Q2,2026Q3,2027Q2,False
THA,HeatDry | lag1 | KF | coeff=last | EM=10 | P0=update,HeatDry,10,True,last,Good,Borderline,Good,Acceptable,REJECT,rapid CI expansion: ratio=8.8,0.8884866341138581,2.168930467817258,0.5653949510624748,21.946566999163093,7.206652712395982,3.9066090384832917,0.8721174392455842,3.7607534986128552,8.836124090627475,1.59625540168431,2.39684052588503,6.0,2026Q2,2026Q3,2027Q4,False
THA,ENSO | lag1 | KF | coeff=last | EM=10 | P0=fixed,ENSO,10,False,last,Borderline,Unstable,Good,Acceptable,REJECT,coefficient explosion: max |theta|=46.7; end-sample coefficient jump=32.3; rapid CI expansion: ratio=8.3,0.5607336448232921,4.753908113497613,1.2781605630998798,46.74627544625038,32.27542357078303,2.371265910567892,1.0959142996426663,7.446610025187203,8.321724287991227,1.7357914992232704,2.8801514837208697,4.0,2026Q2,2026Q3,2027Q2,False
THA,HeatDry | lag1 | KF | coeff=avg8 | EM=10 | P0=fixed,HeatDry,10,False,avg8,Borderline,Good,Good,Acceptable,REJECT,rapid CI expansion: ratio=12.1,0.970453864623073,3.579270944417407,3.579270944417407,2.7161904068633547,3.5349777295343836,3.8092381673280302,0.7259046885957452,5.304641628597015,12.084453900069006,1.336045924263202,2.5203049462674203,6.0,2026Q2,2026Q3,2027Q4,False
THA,HeatDry | lag1 | KF | coeff=last | EM=10 | P0=fixed,HeatDry,10,False,last,Borderline,Good,Good,Acceptable,REJECT,rapid CI expansion: ratio=9.9,0.8781733854629729,4.587523417217698,2.420262768095947,2.7161904068633547,3.5349777295343836,3.9314236817284787,0.8924451929924171,4.017431889033783,9.853924866486652,1.623137862606593,2.394541716165752,6.0,2026Q2,2026Q3,2027Q4,False
THA,ENSO | lag1 | KF | coeff=last | EM=10 | P0=update,ENSO,10,True,last,Borderline,Unstable,Good,Acceptable,REJECT,coefficient explosion: max |theta|=160.9; end-sample coefficient jump=36.0; rapid CI expansion: ratio=8.6,0.5596108563408891,5.5835974914469295,3.456940373078409,160.91949057981606,36.02742143990497,2.4714723621739103,1.1008800928927513,7.785838307072572,8.572945295671028,1.750903072467168,2.9213565544828275,4.0,2026Q2,2026Q3,2027Q2,False
THA,ENSO+HeatDryF | lag1 | KF | coeff=last | EM=10 | P0=update,ENSO+HeatDryF,10,True,last,Borderline,Unstable,Good,Acceptable,REJECT,coefficient explosion: max |theta|=115.1; end-sample coefficient jump=24.6,0.6017197152908492,5.758668307152419,0.965602505312263,115.0713834984734,24.60610902601087,2.1356937079068015,0.9364334748174595,7.914593676628247,5.893234950153859,1.5092008342034178,2.9749421918594217,4.0,2026Q2,2026Q3,2027Q2,False
THA,OIL_YoY+HeatDryF | lag1 | KF | coeff=last | EM=10 | P0=fixed,OIL_YoY+HeatDryF,10,False,last,Borderline,Unstable,Good,Acceptable,REJECT,coefficient explosion: max |theta|=39.4; end-sample coefficient jump=16.2,0.7398818918818368,5.421570963309172,0.9455199488204938,39.36566265404166,16.181636224152122,6.153931848978874,3.116756484868083,6.356382137388811,7.4907215323316185,0.991430482547659,6.120620827398829,6.0,2026Q2,2026Q3,2027Q4,False
THA,ENSO+HeatDryF | lag1 | KF | coeff=last | EM=10 | P0=fixed,ENSO+HeatDryF,10,False,last,Borderline,Unstable,Good,Acceptable,REJECT,coefficient explosion: max |theta|=60.9; end-sample coefficient jump=36.0,0.4757968506553293,7.308012490230851,0.9934549118915269,60.9412478168296,35.958186535121826,2.1492075725083986,0.8954332563517299,8.085363382575983,6.085285395988116,1.4580050985413116,2.9951055838490586,4.0,2026Q2,2026Q3,2027Q2,False
THA,HeatDryF | lag1 | KF | coeff=last | EM=10 | P0=fixed,HeatDryF,10,False,last,Borderline,Unstable,Good,Acceptable,REJECT,coefficient explosion: max |theta|=35.6; end-sample coefficient jump=11.8; rapid CI expansion: ratio=8.3,0.8047345854310067,6.570472730217795,1.0748470594754282,35.620420943633896,11.834265605202788,4.3943080879073015,1.0043917412034462,3.486289348839854,8.299224336076428,1.7904241712717357,2.603883916635566,6.0,2026Q2,2026Q3,2027Q4,False
THA,OIL_YoY+HeatDryF | lag1 | KF | coeff=last | EM=10 | P0=update,OIL_YoY+HeatDryF,10,True,last,Explosive,Unstable,Good,Acceptable,REJECT,dynamic amplification: max ||A^k||2=10.4; end-sample coefficient jump=14.0; rapid CI expansion: ratio=8.8,0.7712616114531343,10.360630704626537,5.861632771624287,16.382132243149428,14.002454115420097,6.119074754417111,3.1044281328712424,6.847531584245223,8.824394600386103,0.9588574019899463,6.088975342311317,6.0,2026Q2,2026Q3,2027Q4,False
THA,HeatDry | lag1 | KF | coeff=avg4 | EM=10 | P0=fixed,HeatDry,10,False,avg4,Explosive,Good,Good,Acceptable,REJECT,dynamic amplification: max ||A^k||2=14.3; rapid CI expansion: ratio=11.9,1.056789205731875,14.314379949039306,14.314379949039306,2.7161904068633547,3.5349777295343836,3.510452469858254,0.5837287772632269,5.292532218134336,11.904084228855695,1.0823531903646417,2.4734857462276283,6.0,2026Q2,2026Q3,2027Q4,False
THA,HeatDryF | lag1 | KF | coeff=last | EM=10 | P0=update,HeatDryF,10,True,last,Explosive,Unstable,Good,Acceptable,REJECT,dynamic instability: rho=1.18; dynamic amplification: max ||A^k||2=28.7; coefficient explosion: max |theta|=60.2,1.1807601861197476,28.681661132095854,28.681661132095854,60.15819853528029,19.569246057146522,4.343597004205973,0.9630724553091241,10.08033353680404,19.722498182984857,1.7308823556409183,2.612714648565055,6.0,2026Q2,2026Q3,2027Q4,False
THA,ENSO+HeatDry | lag1 | KF | coeff=avg4 | EM=10 | P0=fixed,ENSO+HeatDry,10,False,avg4,Explosive,Good,Good,Acceptable,REJECT,dynamic instability: rho=1.97; dynamic amplification: max ||A^k||2=27.0,1.9743598752320237,26.98761006256544,26.98761006256544,2.828169061500239,0.5582730410178129,3.7864099754428953,1.3632354136046732,15.994129970517902,6.116024104970799,3.0449854472564084,3.3638645981055015,4.0,2026Q2,2026Q3,2027Q2,False
THA,OIL_YoY+HeatDryF | lag1 | KF | coeff=avg4 | EM=10 | P0=fixed,OIL_YoY+HeatDryF,10,False,avg4,Explosive,Unstable,Good,Acceptable,REJECT,dynamic amplification: max ||A^k||2=34.7; coefficient explosion: max |theta|=39.4; end-sample coefficient jump=16.2,0.6984554503650271,34.736176332457916,10.44634629232053,39.36566265404166,16.181636224152122,4.839297372773375,2.0075291672046114,29.99836068363403,29.340102116842715,0.3401360564436535,4.978961222342989,6.0,2026Q2,2026Q3,2027Q4,False
THA,ENSO+HeatDry | lag1 | KF | coeff=avg8 | EM=10 | P0=fixed,ENSO+HeatDry,10,False,avg8,Explosive,Good,Good,Acceptable,REJECT,dynamic instability: rho=2.16; dynamic amplification: max ||A^k||2=32.7,2.163834409190055,32.691604471324624,32.691604471324624,2.828169061500239,0.5582730410178129,2.5008318218661527,1.0463352323123134,16.789418841413735,6.104598823888975,2.4007574966359413,2.163468803129264,4.0,2026Q2,2026Q3,2027Q2,False
THA,OIL_YoY+HeatDryF | lag1 | KF | coeff=avg8 | EM=10 | P0=fixed,OIL_YoY+HeatDryF,10,False,avg8,Explosive,Unstable,Good,Acceptable,REJECT,dynamic amplification: max ||A^k||2=43.7; coefficient explosion: max |theta|=39.4; end-sample coefficient jump=16.2,0.5957250999974193,43.67202172612636,1.729464617126846,39.36566265404166,16.181636224152122,5.139965169906047,2.0835476245013234,28.606052666973024,28.185331645615868,0.43615832761864226,5.039935103231391,6.0,2026Q2,2026Q3,2027Q4,False
THA,ENSO | lag1 | KF | coeff=last | EM=20 | P0=fixed,ENSO,20,False,last,Failed,—,—,—,REJECT,no EM result / insufficient complete data,,,,,,,,,,,,,,,,
THA,ENSO | lag1 | KF | coeff=last | EM=20 | P0=update,ENSO,20,True,last,Failed,—,—,—,REJECT,no EM result / insufficient complete data,,,,,,,,,,,,,,,,
THA,ENSO | lag1 | KF | coeff=last | EM=30 | P0=fixed,ENSO,30,False,last,Failed,—,—,—,REJECT,no EM result / insufficient complete data,,,,,,,,,,,,,,,,
THA,ENSO | lag1 | KF | coeff=last | EM=30 | P0=update,ENSO,30,True,last,Failed,—,—,—,REJECT,no EM result / insufficient complete data,,,,,,,,,,,,,,,,
THA,ENSO | lag1 | KF | coeff=last | EM=50 | P0=fixed,ENSO,50,False,last,Failed,—,—,—,REJECT,no EM result / insufficient complete data,,,,,,,,,,,,,,,,
THA,ENSO | lag1 | KF | coeff=last | EM=50 | P0=update,ENSO,50,True,last,Failed,—,—,—,REJECT,no EM result / insufficient complete data,,,,,,,,,,,,,,,,
THA,ENSO+HeatDry | lag1 | KF | coeff=last | EM=30 | P0=fixed,ENSO+HeatDry,30,False,last,Failed,—,—,—,REJECT,no EM result / insufficient complete data,,,,,,,,,,,,,,,,
THA,ENSO+HeatDry | lag1 | KF | coeff=last | EM=50 | P0=fixed,ENSO+HeatDry,50,False,last,Failed,—,—,—,REJECT,no EM result / insufficient complete data,,,,,,,,,,,,,,,,
THA,ENSO+HeatDryF | lag1 | KF | coeff=last | EM=20 | P0=fixed,ENSO+HeatDryF,20,False,last,Failed,—,—,—,REJECT,no EM result / insufficient complete data,,,,,,,,,,,,,,,,
THA,ENSO+HeatDryF | lag1 | KF | coeff=last | EM=30 | P0=fixed,ENSO+HeatDryF,30,False,last,Failed,—,—,—,REJECT,no EM result / insufficient complete data,,,,,,,,,,,,,,,,
THA,ENSO+HeatDryF | lag1 | KF | coeff=last | EM=50 | P0=fixed,ENSO+HeatDryF,50,False,last,Failed,—,—,—,REJECT,no EM result / insufficient complete data,,,,,,,,,,,,,,,,
THA,ENSO+HeatDryF | lag1 | KF | coeff=last | EM=50 | P0=update,ENSO+HeatDryF,50,True,last,Failed,—,—,—,REJECT,no EM result / insufficient complete data,,,,,,,,,,,,,,,,
THA,HeatDry | lag1 | KF | coeff=last | EM=20 | P0=fixed,HeatDry,20,False,last,Failed,—,—,—,REJECT,exception: LinAlgError: SVD did not converge,,,,,,,,,,,,,,,,
THA,HeatDry | lag1 | KF | coeff=last | EM=30 | P0=fixed,HeatDry,30,False,last,Failed,—,—,—,REJECT,no EM result / insufficient complete data,,,,,,,,,,,,,,,,
THA,HeatDry | lag1 | KF | coeff=last | EM=30 | P0=update,HeatDry,30,True,last,Failed,—,—,—,REJECT,no EM result / insufficient complete data,,,,,,,,,,,,,,,,
THA,HeatDry | lag1 | KF | coeff=last | EM=50 | P0=fixed,HeatDry,50,False,last,Failed,—,—,—,REJECT,no EM result / insufficient complete data,,,,,,,,,,,,,,,,
THA,HeatDry | lag1 | KF | coeff=last | EM=50 | P0=update,HeatDry,50,True,last,Failed,—,—,—,REJECT,no EM result / insufficient complete data,,,,,,,,,,,,,,,,
THA,HeatDryF | lag1 | KF | coeff=last | EM=20 | P0=fixed,HeatDryF,20,False,last,Failed,—,—,—,REJECT,no EM result / insufficient complete data,,,,,,,,,,,,,,,,
THA,HeatDryF | lag1 | KF | coeff=last | EM=30 | P0=fixed,HeatDryF,30,False,last,Failed,—,—,—,REJECT,no EM result / insufficient complete data,,,,,,,,,,,,,,,,
THA,HeatDryF | lag1 | KF | coeff=last | EM=30 | P0=update,HeatDryF,30,True,last,Failed,—,—,—,REJECT,exception: LinAlgError: SVD did not converge,,,,,,,,,,,,,,,,
THA,HeatDryF | lag1 | KF | coeff=last | EM=50 | P0=fixed,HeatDryF,50,False,last,Failed,—,—,—,REJECT,no EM result / insufficient complete data,,,,,,,,,,,,,,,,
THA,HeatDryF | lag1 | KF | coeff=last | EM=50 | P0=update,HeatDryF,50,True,last,Failed,—,—,—,REJECT,no EM result / insufficient complete data,,,,,,,,,,,,,,,,
THA,OIL_YoY+HeatDry | lag1 | KF | coeff=last | EM=20 | P0=fixed,OIL_YoY+HeatDry,20,False,last,Failed,—,—,—,REJECT,no EM result / insufficient complete data,,,,,,,,,,,,,,,,
THA,OIL_YoY+HeatDry | lag1 | KF | coeff=last | EM=20 | P0=update,OIL_YoY+HeatDry,20,True,last,Failed,—,—,—,REJECT,exception: LinAlgError: SVD did not converge,,,,,,,,,,,,,,,,
THA,OIL_YoY+HeatDry | lag1 | KF | coeff=last | EM=30 | P0=fixed,OIL_YoY+HeatDry,30,False,last,Failed,—,—,—,REJECT,no EM result / insufficient complete data,,,,,,,,,,,,,,,,
THA,OIL_YoY+HeatDry | lag1 | KF | coeff=last | EM=30 | P0=update,OIL_YoY+HeatDry,30,True,last,Failed,—,—,—,REJECT,no EM result / insufficient complete data,,,,,,,,,,,,,,,,
THA,OIL_YoY+HeatDry | lag1 | KF | coeff=last | EM=50 | P0=fixed,OIL_YoY+HeatDry,50,False,last,Failed,—,—,—,REJECT,no EM result / insufficient complete data,,,,,,,,,,,,,,,,
THA,OIL_YoY+HeatDry | lag1 | KF | coeff=last | EM=50 | P0=update,OIL_YoY+HeatDry,50,True,last,Failed,—,—,—,REJECT,no EM result / insufficient complete data,,,,,,,,,,,,,,,,
THA,OIL_YoY+HeatDryF | lag1 | KF | coeff=last | EM=20 | P0=fixed,OIL_YoY+HeatDryF,20,False,last,Failed,—,—,—,REJECT,no EM result / insufficient complete data,,,,,,,,,,,,,,,,
THA,OIL_YoY+HeatDryF | lag1 | KF | coeff=last | EM=30 | P0=fixed,OIL_YoY+HeatDryF,30,False,last,Failed,—,—,—,REJECT,no EM result / insufficient complete data,,,,,,,,,,,,,,,,
THA,OIL_YoY+HeatDryF | lag1 | KF | coeff=last | EM=30 | P0=update,OIL_YoY+HeatDryF,30,True,last,Failed,—,—,—,REJECT,no EM result / insufficient complete data,,,,,,,,,,,,,,,,
THA,OIL_YoY+HeatDryF | lag1 | KF | coeff=last | EM=50 | P0=fixed,OIL_YoY+HeatDryF,50,False,last,Failed,—,—,—,REJECT,no EM result / insufficient complete data,,,,,,,,,,,,,,,,
THA,OIL_YoY+HeatDryF | lag1 | KF | coeff=last | EM=50 | P0=update,OIL_YoY+HeatDryF,50,True,last,Failed,—,—,—,REJECT,no EM result / insufficient complete data,,,,,,,,,,,,,,,,
THA,ENSO | lag1 | KF | coeff=avg4 | EM=20 | P0=fixed,ENSO,20,False,avg4,Failed,—,—,—,REJECT,no EM result / insufficient complete data,,,,,,,,,,,,,,,,
THA,ENSO | lag1 | KF | coeff=avg4 | EM=20 | P0=update,ENSO,20,True,avg4,Failed,—,—,—,REJECT,no EM result / insufficient complete data,,,,,,,,,,,,,,,,
THA,ENSO | lag1 | KF | coeff=avg4 | EM=30 | P0=fixed,ENSO,30,False,avg4,Failed,—,—,—,REJECT,no EM result / insufficient complete data,,,,,,,,,,,,,,,,
THA,ENSO | lag1 | KF | coeff=avg4 | EM=30 | P0=update,ENSO,30,True,avg4,Failed,—,—,—,REJECT,no EM result / insufficient complete data,,,,,,,,,,,,,,,,
THA,ENSO | lag1 | KF | coeff=avg4 | EM=50 | P0=fixed,ENSO,50,False,avg4,Failed,—,—,—,REJECT,no EM result / insufficient complete data,,,,,,,,,,,,,,,,
THA,ENSO | lag1 | KF | coeff=avg4 | EM=50 | P0=update,ENSO,50,True,avg4,Failed,—,—,—,REJECT,no EM result / insufficient complete data,,,,,,,,,,,,,,,,
THA,ENSO+HeatDry | lag1 | KF | coeff=avg4 | EM=30 | P0=fixed,ENSO+HeatDry,30,False,avg4,Failed,—,—,—,REJECT,no EM result / insufficient complete data,,,,,,,,,,,,,,,,
THA,ENSO+HeatDry | lag1 | KF | coeff=avg4 | EM=50 | P0=fixed,ENSO+HeatDry,50,False,avg4,Failed,—,—,—,REJECT,no EM result / insufficient complete data,,,,,,,,,,,,,,,,
THA,ENSO+HeatDryF | lag1 | KF | coeff=avg4 | EM=20 | P0=fixed,ENSO+HeatDryF,20,False,avg4,Failed,—,—,—,REJECT,no EM result / insufficient complete data,,,,,,,,,,,,,,,,
THA,ENSO+HeatDryF | lag1 | KF | coeff=avg4 | EM=30 | P0=fixed,ENSO+HeatDryF,30,False,avg4,Failed,—,—,—,REJECT,no EM result / insufficient complete data,,,,,,,,,,,,,,,,
THA,ENSO+HeatDryF | lag1 | KF | coeff=avg4 | EM=50 | P0=fixed,ENSO+HeatDryF,50,False,avg4,Failed,—,—,—,REJECT,no EM result / insufficient complete data,,,,,,,,,,,,,,,,
THA,ENSO+HeatDryF | lag1 | KF | coeff=avg4 | EM=50 | P0=update,ENSO+HeatDryF,50,True,avg4,Failed,—,—,—,REJECT,no EM result / insufficient complete data,,,,,,,,,,,,,,,,
THA,HeatDry | lag1 | KF | coeff=avg4 | EM=20 | P0=fixed,HeatDry,20,False,avg4,Failed,—,—,—,REJECT,exception: LinAlgError: SVD did not converge,,,,,,,,,,,,,,,,
THA,HeatDry | lag1 | KF | coeff=avg4 | EM=30 | P0=fixed,HeatDry,30,False,avg4,Failed,—,—,—,REJECT,no EM result / insufficient complete data,,,,,,,,,,,,,,,,
THA,HeatDry | lag1 | KF | coeff=avg4 | EM=30 | P0=update,HeatDry,30,True,avg4,Failed,—,—,—,REJECT,no EM result / insufficient complete data,,,,,,,,,,,,,,,,
THA,HeatDry | lag1 | KF | coeff=avg4 | EM=50 | P0=fixed,HeatDry,50,False,avg4,Failed,—,—,—,REJECT,no EM result / insufficient complete data,,,,,,,,,,,,,,,,
THA,HeatDry | lag1 | KF | coeff=avg4 | EM=50 | P0=update,HeatDry,50,True,avg4,Failed,—,—,—,REJECT,no EM result / insufficient complete data,,,,,,,,,,,,,,,,
THA,HeatDryF | lag1 | KF | coeff=avg4 | EM=20 | P0=fixed,HeatDryF,20,False,avg4,Failed,—,—,—,REJECT,no EM result / insufficient complete data,,,,,,,,,,,,,,,,
THA,HeatDryF | lag1 | KF | coeff=avg4 | EM=30 | P0=fixed,HeatDryF,30,False,avg4,Failed,—,—,—,REJECT,no EM result / insufficient complete data,,,,,,,,,,,,,,,,
THA,HeatDryF | lag1 | KF | coeff=avg4 | EM=30 | P0=update,HeatDryF,30,True,avg4,Failed,—,—,—,REJECT,exception: LinAlgError: SVD did not converge,,,,,,,,,,,,,,,,
THA,HeatDryF | lag1 | KF | coeff=avg4 | EM=50 | P0=fixed,HeatDryF,50,False,avg4,Failed,—,—,—,REJECT,no EM result / insufficient complete data,,,,,,,,,,,,,,,,
THA,HeatDryF | lag1 | KF | coeff=avg4 | EM=50 | P0=update,HeatDryF,50,True,avg4,Failed,—,—,—,REJECT,no EM result / insufficient complete data,,,,,,,,,,,,,,,,
THA,OIL_YoY+HeatDry | lag1 | KF | coeff=avg4 | EM=20 | P0=fixed,OIL_YoY+HeatDry,20,False,avg4,Failed,—,—,—,REJECT,no EM result / insufficient complete data,,,,,,,,,,,,,,,,
THA,OIL_YoY+HeatDry | lag1 | KF | coeff=avg4 | EM=20 | P0=update,OIL_YoY+HeatDry,20,True,avg4,Failed,—,—,—,REJECT,exception: LinAlgError: SVD did not converge,,,,,,,,,,,,,,,,
THA,OIL_YoY+HeatDry | lag1 | KF | coeff=avg4 | EM=30 | P0=fixed,OIL_YoY+HeatDry,30,False,avg4,Failed,—,—,—,REJECT,no EM result / insufficient complete data,,,,,,,,,,,,,,,,
THA,OIL_YoY+HeatDry | lag1 | KF | coeff=avg4 | EM=30 | P0=update,OIL_YoY+HeatDry,30,True,avg4,Failed,—,—,—,REJECT,no EM result / insufficient complete data,,,,,,,,,,,,,,,,
THA,OIL_YoY+HeatDry | lag1 | KF | coeff=avg4 | EM=50 | P0=fixed,OIL_YoY+HeatDry,50,False,avg4,Failed,—,—,—,REJECT,no EM result / insufficient complete data,,,,,,,,,,,,,,,,
THA,OIL_YoY+HeatDry | lag1 | KF | coeff=avg4 | EM=50 | P0=update,OIL_YoY+HeatDry,50,True,avg4,Failed,—,—,—,REJECT,no EM result / insufficient complete data,,,,,,,,,,,,,,,,
THA,OIL_YoY+HeatDryF | lag1 | KF | coeff=avg4 | EM=20 | P0=fixed,OIL_YoY+HeatDryF,20,False,avg4,Failed,—,—,—,REJECT,no EM result / insufficient complete data,,,,,,,,,,,,,,,,
THA,OIL_YoY+HeatDryF | lag1 | KF | coeff=avg4 | EM=30 | P0=fixed,OIL_YoY+HeatDryF,30,False,avg4,Failed,—,—,—,REJECT,no EM result / insufficient complete data,,,,,,,,,,,,,,,,
THA,OIL_YoY+HeatDryF | lag1 | KF | coeff=avg4 | EM=30 | P0=update,OIL_YoY+HeatDryF,30,True,avg4,Failed,—,—,—,REJECT,no EM result / insufficient complete data,,,,,,,,,,,,,,,,
THA,OIL_YoY+HeatDryF | lag1 | KF | coeff=avg4 | EM=50 | P0=fixed,OIL_YoY+HeatDryF,50,False,avg4,Failed,—,—,—,REJECT,no EM result / insufficient complete data,,,,,,,,,,,,,,,,
THA,OIL_YoY+HeatDryF | lag1 | KF | coeff=avg4 | EM=50 | P0=update,OIL_YoY+HeatDryF,50,True,avg4,Failed,—,—,—,REJECT,no EM result / insufficient complete data,,,,,,,,,,,,,,,,
THA,ENSO | lag1 | KF | coeff=avg8 | EM=20 | P0=fixed,ENSO,20,False,avg8,Failed,—,—,—,REJECT,no EM result / insufficient complete data,,,,,,,,,,,,,,,,
THA,ENSO | lag1 | KF | coeff=avg8 | EM=20 | P0=update,ENSO,20,True,avg8,Failed,—,—,—,REJECT,no EM result / insufficient complete data,,,,,,,,,,,,,,,,
THA,ENSO | lag1 | KF | coeff=avg8 | EM=30 | P0=fixed,ENSO,30,False,avg8,Failed,—,—,—,REJECT,no EM result / insufficient complete data,,,,,,,,,,,,,,,,
THA,ENSO | lag1 | KF | coeff=avg8 | EM=30 | P0=update,ENSO,30,True,avg8,Failed,—,—,—,REJECT,no EM result / insufficient complete data,,,,,,,,,,,,,,,,
THA,ENSO | lag1 | KF | coeff=avg8 | EM=50 | P0=fixed,ENSO,50,False,avg8,Failed,—,—,—,REJECT,no EM result / insufficient complete data,,,,,,,,,,,,,,,,
THA,ENSO | lag1 | KF | coeff=avg8 | EM=50 | P0=update,ENSO,50,True,avg8,Failed,—,—,—,REJECT,no EM result / insufficient complete data,,,,,,,,,,,,,,,,
THA,ENSO+HeatDry | lag1 | KF | coeff=avg8 | EM=30 | P0=fixed,ENSO+HeatDry,30,False,avg8,Failed,—,—,—,REJECT,no EM result / insufficient complete data,,,,,,,,,,,,,,,,
THA,ENSO+HeatDry | lag1 | KF | coeff=avg8 | EM=50 | P0=fixed,ENSO+HeatDry,50,False,avg8,Failed,—,—,—,REJECT,no EM result / insufficient complete data,,,,,,,,,,,,,,,,
THA,ENSO+HeatDryF | lag1 | KF | coeff=avg8 | EM=20 | P0=fixed,ENSO+HeatDryF,20,False,avg8,Failed,—,—,—,REJECT,no EM result / insufficient complete data,,,,,,,,,,,,,,,,
THA,ENSO+HeatDryF | lag1 | KF | coeff=avg8 | EM=30 | P0=fixed,ENSO+HeatDryF,30,False,avg8,Failed,—,—,—,REJECT,no EM result / insufficient complete data,,,,,,,,,,,,,,,,
THA,ENSO+HeatDryF | lag1 | KF | coeff=avg8 | EM=50 | P0=fixed,ENSO+HeatDryF,50,False,avg8,Failed,—,—,—,REJECT,no EM result / insufficient complete data,,,,,,,,,,,,,,,,
THA,ENSO+HeatDryF | lag1 | KF | coeff=avg8 | EM=50 | P0=update,ENSO+HeatDryF,50,True,avg8,Failed,—,—,—,REJECT,no EM result / insufficient complete data,,,,,,,,,,,,,,,,
THA,HeatDry | lag1 | KF | coeff=avg8 | EM=20 | P0=fixed,HeatDry,20,False,avg8,Failed,—,—,—,REJECT,exception: LinAlgError: SVD did not converge,,,,,,,,,,,,,,,,
THA,HeatDry | lag1 | KF | coeff=avg8 | EM=30 | P0=fixed,HeatDry,30,False,avg8,Failed,—,—,—,REJECT,no EM result / insufficient complete data,,,,,,,,,,,,,,,,
THA,HeatDry | lag1 | KF | coeff=avg8 | EM=30 | P0=update,HeatDry,30,True,avg8,Failed,—,—,—,REJECT,no EM result / insufficient complete data,,,,,,,,,,,,,,,,
THA,HeatDry | lag1 | KF | coeff=avg8 | EM=50 | P0=fixed,HeatDry,50,False,avg8,Failed,—,—,—,REJECT,no EM result / insufficient complete data,,,,,,,,,,,,,,,,
THA,HeatDry | lag1 | KF | coeff=avg8 | EM=50 | P0=update,HeatDry,50,True,avg8,Failed,—,—,—,REJECT,no EM result / insufficient complete data,,,,,,,,,,,,,,,,
THA,HeatDryF | lag1 | KF | coeff=avg8 | EM=20 | P0=fixed,HeatDryF,20,False,avg8,Failed,—,—,—,REJECT,no EM result / insufficient complete data,,,,,,,,,,,,,,,,
THA,HeatDryF | lag1 | KF | coeff=avg8 | EM=30 | P0=fixed,HeatDryF,30,False,avg8,Failed,—,—,—,REJECT,no EM result / insufficient complete data,,,,,,,,,,,,,,,,
THA,HeatDryF | lag1 | KF | coeff=avg8 | EM=30 | P0=update,HeatDryF,30,True,avg8,Failed,—,—,—,REJECT,exception: LinAlgError: SVD did not converge,,,,,,,,,,,,,,,,
THA,HeatDryF | lag1 | KF | coeff=avg8 | EM=50 | P0=fixed,HeatDryF,50,False,avg8,Failed,—,—,—,REJECT,no EM result / insufficient complete data,,,,,,,,,,,,,,,,
THA,HeatDryF | lag1 | KF | coeff=avg8 | EM=50 | P0=update,HeatDryF,50,True,avg8,Failed,—,—,—,REJECT,no EM result / insufficient complete data,,,,,,,,,,,,,,,,
THA,OIL_YoY+HeatDry | lag1 | KF | coeff=avg8 | EM=20 | P0=fixed,OIL_YoY+HeatDry,20,False,avg8,Failed,—,—,—,REJECT,no EM result / insufficient complete data,,,,,,,,,,,,,,,,
THA,OIL_YoY+HeatDry | lag1 | KF | coeff=avg8 | EM=20 | P0=update,OIL_YoY+HeatDry,20,True,avg8,Failed,—,—,—,REJECT,exception: LinAlgError: SVD did not converge,,,,,,,,,,,,,,,,
THA,OIL_YoY+HeatDry | lag1 | KF | coeff=avg8 | EM=30 | P0=fixed,OIL_YoY+HeatDry,30,False,avg8,Failed,—,—,—,REJECT,no EM result / insufficient complete data,,,,,,,,,,,,,,,,
THA,OIL_YoY+HeatDry | lag1 | KF | coeff=avg8 | EM=30 | P0=update,OIL_YoY+HeatDry,30,True,avg8,Failed,—,—,—,REJECT,no EM result / insufficient complete data,,,,,,,,,,,,,,,,
THA,OIL_YoY+HeatDry | lag1 | KF | coeff=avg8 | EM=50 | P0=fixed,OIL_YoY+HeatDry,50,False,avg8,Failed,—,—,—,REJECT,no EM result / insufficient complete data,,,,,,,,,,,,,,,,
THA,OIL_YoY+HeatDry | lag1 | KF | coeff=avg8 | EM=50 | P0=update,OIL_YoY+HeatDry,50,True,avg8,Failed,—,—,—,REJECT,no EM result / insufficient complete data,,,,,,,,,,,,,,,,
THA,OIL_YoY+HeatDryF | lag1 | KF | coeff=avg8 | EM=20 | P0=fixed,OIL_YoY+HeatDryF,20,False,avg8,Failed,—,—,—,REJECT,no EM result / insufficient complete data,,,,,,,,,,,,,,,,
THA,OIL_YoY+HeatDryF | lag1 | KF | coeff=avg8 | EM=30 | P0=fixed,OIL_YoY+HeatDryF,30,False,avg8,Failed,—,—,—,REJECT,no EM result / insufficient complete data,,,,,,,,,,,,,,,,
THA,OIL_YoY+HeatDryF | lag1 | KF | coeff=avg8 | EM=30 | P0=update,OIL_YoY+HeatDryF,30,True,avg8,Failed,—,—,—,REJECT,no EM result / insufficient complete data,,,,,,,,,,,,,,,,
THA,OIL_YoY+HeatDryF | lag1 | KF | coeff=avg8 | EM=50 | P0=fixed,OIL_YoY+HeatDryF,50,False,avg8,Failed,—,—,—,REJECT,no EM result / insufficient complete data,,,,,,,,,,,,,,,,
THA,OIL_YoY+HeatDryF | lag1 | KF | coeff=avg8 | EM=50 | P0=update,OIL_YoY+HeatDryF,50,True,avg8,Failed,—,—,—,REJECT,no EM result / insufficient complete data,,,,,,,,,,,,,,,,
THA,OIL_YoY+HeatDry | lag1 | KF | coeff=last | EM=10 | P0=fixed,OIL_YoY+HeatDry,10,False,last,Explosive,Good,Explosive,Acceptable,REJECT,dynamic amplification: max ||A^k||2=12.9; confidence interval explosion: max width=6962.9; rapid CI expansion: ratio=1307.9,0.7903916519796745,12.931449657249871,1.087630084819316,6.417226508439773,2.1443714844005766,5.00982455184052,3.5828147475716894,6962.934798522401,1307.9095601958416,1.3894059240560446,5.737093011578535,6.0,2026Q2,2026Q3,2027Q4,False
THA,OIL_YoY+HeatDry | lag1 | KF | coeff=avg4 | EM=10 | P0=fixed,OIL_YoY+HeatDry,10,False,avg4,Explosive,Good,Explosive,Acceptable,REJECT,dynamic amplification: max ||A^k||2=13.1; confidence interval explosion: max width=7114.7; rapid CI expansion: ratio=1323.6,0.5442263708387349,13.067394004971094,0.5746487720571708,6.417226508439773,2.1443714844005766,5.34223590116245,3.6028264996759436,7114.678688821839,1323.6088917765892,1.6466988258938615,6.449666109616237,6.0,2026Q2,2026Q3,2027Q4,False
THA,OIL_YoY+HeatDry | lag1 | KF | coeff=avg8 | EM=10 | P0=fixed,OIL_YoY+HeatDry,10,False,avg8,Explosive,Good,Explosive,Acceptable,REJECT,dynamic amplification: max ||A^k||2=13.0; confidence interval explosion: max width=7215.4; rapid CI expansion: ratio=1341.0,0.6433138776134462,13.002039092434138,1.3233001758626595,6.417226508439773,2.1443714844005766,5.4417628189788125,3.263019667217324,7215.357245086134,1340.9554274281065,1.4673342645051113,6.494760253723654,6.0,2026Q2,2026Q3,2027Q4,False
THA,OIL_YoY+HeatDry | lag1 | KF | coeff=last | EM=10 | P0=update,OIL_YoY+HeatDry,10,True,last,Explosive,Good,Explosive,Acceptable,REJECT,dynamic amplification: max ||A^k||2=13.1; confidence interval explosion: max width=8600.3; rapid CI expansion: ratio=1752.9,0.7940584034544942,13.13448155615622,1.4515426997581762,6.4101150205374156,2.138741895446386,4.970519758303158,3.5718139046590154,8600.280151187137,1752.937904666281,1.420231134021504,5.735268712720625,6.0,2026Q2,2026Q3,2027Q4,False
THA,OIL_YoY+HeatDry | lag1 | KF | coeff=avg4 | EM=10 | P0=update,OIL_YoY+HeatDry,10,True,avg4,Explosive,Good,Explosive,Acceptable,REJECT,dynamic amplification: max ||A^k||2=13.1; confidence interval explosion: max width=8805.7; rapid CI expansion: ratio=1773.8,0.5398743806275668,13.148950509563045,0.5174186057631787,6.4101150205374156,2.138741895446386,5.310892902771754,3.580918121798792,8805.703681494471,1773.7652983037742,1.6664046676894846,6.434504113205145,6.0,2026Q2,2026Q3,2027Q4,False
THA,OIL_YoY+HeatDry | lag1 | KF | coeff=avg8 | EM=10 | P0=update,OIL_YoY+HeatDry,10,True,avg8,Explosive,Good,Explosive,Acceptable,REJECT,dynamic amplification: max ||A^k||2=13.1; confidence interval explosion: max width=8985.6; rapid CI expansion: ratio=1805.1,0.6445351798830871,13.072954579815207,1.4049193286649446,6.4101150205374156,2.138741895446386,5.402348614520843,3.2344878402617967,8985.576746498753,1805.1300326043802,1.4819682394491327,6.461597995865709,6.0,2026Q2,2026Q3,2027Q4,False
THA,ENSO+HeatDryF | lag1 | KF | coeff=avg8 | EM=10 | P0=fixed,ENSO+HeatDryF,10,False,avg8,Explosive,Unstable,Explosive,Acceptable,REJECT,dynamic instability: rho=6.34; dynamic amplification: max ||A^k||2=11087.7; coefficient explosion: max |theta|=60.9,6.33586332457696,11087.715702739823,11087.715702739823,60.9412478168296,35.958186535121826,2.7501344258063134,3.098622251005798,626.2042545548759,386.74063235112015,1.524869521359467,3.319678660070126,4.0,2026Q2,2026Q3,2027Q2,False
THA,ENSO | lag1 | KF | coeff=avg8 | EM=10 | P0=fixed,ENSO,10,False,avg8,Explosive,Unstable,Explosive,Acceptable,REJECT,dynamic instability: rho=11.57; dynamic amplification: max ||A^k||2=76515.4; coefficient explosion: max |theta|=46.7,11.565697600124285,76515.37188922263,76515.37188922263,46.74627544625038,32.27542357078303,15.790922002568845,15.411199518090042,992.2713177819637,836.9945916593388,1.497880511285876,15.001007483594162,4.0,2026Q2,2026Q3,2027Q2,False
THA,ENSO+HeatDryF | lag1 | KF | coeff=avg4 | EM=10 | P0=fixed,ENSO+HeatDryF,10,False,avg4,Explosive,Unstable,Explosive,Acceptable,REJECT,dynamic instability: rho=12.25; dynamic amplification: max ||A^k||2=129498.8; coefficient explosion: max |theta|=60.9,12.250907176006441,129498.80276963963,129498.80276963963,60.9412478168296,35.958186535121826,47.50322486089198,43.94490002553358,3489.547112286003,2186.1834269445,1.9897846443768157,47.853610797533285,4.0,2026Q2,2026Q3,2027Q2,False
THA,ENSO | lag1 | KF | coeff=avg4 | EM=10 | P0=fixed,ENSO,10,False,avg4,Explosive,Unstable,Explosive,Acceptable,REJECT,dynamic instability: rho=18.19; dynamic amplification: max ||A^k||2=200601.1; coefficient explosion: max |theta|=46.7,18.192274570783244,200601.06585973303,200601.06585973303,46.74627544625038,32.27542357078303,59.5642739721906,56.74487638075143,2217.701915714593,1858.74610993215,1.9144625003584572,60.45781215399347,4.0,2026Q2,2026Q3,2027Q2,False
THA,HeatDryF | lag1 | KF | coeff=avg8 | EM=10 | P0=fixed,HeatDryF,10,False,avg8,Explosive,Unstable,Explosive,Acceptable,REJECT,dynamic instability: rho=6.67; dynamic amplification: max ||A^k||2=618139.6; coefficient explosion: max |theta|=35.6,6.674508829757536,618139.577071829,618139.577071829,35.620420943633896,11.834265605202788,24.31646962528573,30.043778904164054,430.35412281119943,1229.5121486443404,1.7546737997871666,23.734543532320785,6.0,2026Q2,2026Q3,2027Q4,False
THA,ENSO+HeatDryF | lag1 | KF | coeff=avg4 | EM=10 | P0=update,ENSO+HeatDryF,10,True,avg4,Explosive,Unstable,Explosive,Extreme,REJECT,dynamic instability: rho=21.96; dynamic amplification: max ||A^k||2=2118727.6; coefficient explosion: max |theta|=115.1,21.955931372185987,2118727.6081134365,2118727.6081134365,115.0713834984734,24.60610902601087,571.2531925850928,597.2891282305118,21078.3298183568,13790.709018831318,3.9763018488167745,571.9270156490577,4.0,2026Q2,2026Q3,2027Q2,False
THA,ENSO+HeatDryF | lag1 | KF | coeff=avg8 | EM=10 | P0=update,ENSO+HeatDryF,10,True,avg8,Explosive,Unstable,Explosive,Extreme,REJECT,dynamic instability: rho=23.66; dynamic amplification: max ||A^k||2=2506295.4; coefficient explosion: max |theta|=115.1,23.65651132459551,2506295.429902209,2506295.429902209,115.0713834984734,24.60610902601087,703.1649481917814,733.8519193683131,24007.644306190057,15346.368365851993,6.640765650937624,704.0551548716604,4.0,2026Q2,2026Q3,2027Q2,False
THA,ENSO | lag1 | KF | coeff=avg8 | EM=10 | P0=update,ENSO,10,True,avg8,Explosive,Unstable,Explosive,Extreme,REJECT,dynamic instability: rho=23.02; dynamic amplification: max ||A^k||2=3102511.1; coefficient explosion: max |theta|=160.9,23.022159558344963,3102511.106801725,3102511.106801725,160.91949057981606,36.02742143990497,962.7297433334936,920.7356634211134,27923.552843788213,22563.29678595054,20.45698545752964,983.1867287910233,4.0,2026Q2,2026Q3,2027Q2,False
THA,ENSO | lag1 | KF | coeff=avg4 | EM=10 | P0=update,ENSO,10,True,avg4,Explosive,Unstable,Explosive,Extreme,REJECT,dynamic instability: rho=27.84; dynamic amplification: max ||A^k||2=4954322.5; coefficient explosion: max |theta|=160.9,27.835640683296948,4954322.505067953,4954322.505067953,160.91949057981606,36.02742143990497,1499.6112013731895,1445.223354264901,35905.996917311604,28726.409963218426,38.876648779885954,1538.4878501530754,4.0,2026Q2,2026Q3,2027Q2,False
THA,HeatDryF | lag1 | KF | coeff=avg4 | EM=10 | P0=fixed,HeatDryF,10,False,avg4,Explosive,Unstable,Explosive,Extreme,REJECT,dynamic instability: rho=11.13; dynamic amplification: max ||A^k||2=9284456.3; coefficient explosion: max |theta|=35.6,11.12656760891538,9284456.27571264,9284456.27571264,35.620420943633896,11.834265605202788,295.6172651261316,320.19845611206597,2317.263473248252,7837.502407070692,1.3761884777312474,295.1902022619683,6.0,2026Q2,2026Q3,2027Q4,False
THA,HeatDryF | lag1 | KF | coeff=avg4 | EM=10 | P0=update,HeatDryF,10,True,avg4,Explosive,Unstable,Explosive,Extreme,REJECT,dynamic instability: rho=11.16; dynamic amplification: max ||A^k||2=21654387.5; coefficient explosion: max |theta|=60.2,11.162421904863228,21654387.480136823,21654387.480136823,60.15819853528029,19.569246057146522,5733.893159196152,5223.755337053761,50017.23050610229,89000.14352972023,1.2885851563863753,5733.721370159522,6.0,2026Q2,2026Q3,2027Q4,False
THA,OIL_YoY+HeatDryF | lag1 | KF | coeff=avg4 | EM=10 | P0=update,OIL_YoY+HeatDryF,10,True,avg4,Explosive,Unstable,Explosive,Extreme,REJECT,dynamic instability: rho=15.97; dynamic amplification: max ||A^k||2=27126212.7; end-sample coefficient jump=14.0,15.96712693345788,27126212.65112823,27126212.65112823,16.382132243149428,14.002454115420097,4947.996606091261,4634.435150897838,106734.17387678413,168960.3287585324,0.2869999535567409,4948.042592081815,6.0,2026Q2,2026Q3,2027Q4,False
THA,OIL_YoY+HeatDryF | lag1 | KF | coeff=avg8 | EM=10 | P0=update,OIL_YoY+HeatDryF,10,True,avg8,Explosive,Unstable,Explosive,Extreme,REJECT,dynamic instability: rho=16.26; dynamic amplification: max ||A^k||2=29442316.4; end-sample coefficient jump=14.0,16.261222424359463,29442316.42252216,29442316.42252216,16.382132243149428,14.002454115420097,5001.680662539053,4693.782731842263,99020.64957135596,125661.70617001556,0.7250550800608835,5002.405717619114,6.0,2026Q2,2026Q3,2027Q4,False
THA,HeatDryF | lag1 | KF | coeff=avg8 | EM=10 | P0=update,HeatDryF,10,True,avg8,Explosive,Unstable,Explosive,Extreme,REJECT,dynamic instability: rho=12.84; dynamic amplification: max ||A^k||2=43885770.7; coefficient explosion: max |theta|=60.2,12.838838284916378,43885770.71528222,43885770.71528222,60.15819853528029,19.569246057146522,10982.50214358306,10130.967022434448,81621.09210982484,146790.71623251445,1.6511893646786575,10984.049990692776,6.0,2026Q2,2026Q3,2027Q4,False
THA,HeatDry | lag1 | KF | coeff=avg4 | EM=10 | P0=update,HeatDry,10,True,avg4,Explosive,Borderline,Explosive,Extreme,REJECT,dynamic instability: rho=23.95; dynamic amplification: max ||A^k||2=243980606.7; unrealistic GDP/CPI level: max abs=65319.2,23.952250119910886,243980606.74768767,243980606.74768767,21.946566999163093,7.206652712395982,65319.23315900715,68049.9894896822,364029.70470641466,670599.1167165791,32.92709887526871,65286.30606013188,6.0,2026Q2,2026Q3,2027Q4,False
THA,HeatDry | lag1 | KF | coeff=avg8 | EM=10 | P0=update,HeatDry,10,True,avg8,Explosive,Borderline,Explosive,Extreme,REJECT,dynamic instability: rho=27.29; dynamic amplification: max ||A^k||2=518539455.7; unrealistic GDP/CPI level: max abs=131996.6,27.288099726033895,518539455.6655574,518539455.6655574,21.946566999163093,7.206652712395982,131996.5664933693,136837.7233239633,646304.0627307822,1214520.451975328,169.18089783296455,131827.38559553633,6.0,2026Q2,2026Q3,2027Q4,False
THA,ENSO+HeatDry | lag1 | KF | coeff=last | EM=20 | P0=fixed,ENSO+HeatDry,20,False,last,Explosive,Unstable,Explosive,Extreme,REJECT,dynamic instability: rho=5312011567259941888.00; dynamic amplification: max ||A^k||2=2300950635508723569807781253757197515517506623437726435460863172091140112384.0; coefficient explosion: max |theta|=12854334058361578493807479424930507897436715351289563709440.0,5.312011567259942e+18,2.3009506355087236e+75,2.3009506355087236e+75,1.2854334058361578e+58,1.548451816050659e+58,6.670068923969103e+71,6.670068923969103e+71,9.516131940867543e+76,1.4990881054506407e+60,3.920220279005124e+69,6.709271126759154e+71,4.0,2026Q2,2026Q3,2027Q2,False
THA,ENSO+HeatDryF | lag1 | KF | coeff=last | EM=20 | P0=update,ENSO+HeatDryF,20,True,last,Explosive,Unstable,Explosive,Extreme,REJECT,dynamic instability: rho=1241673329671219606130640711319552.00; dynamic amplification: max ||A^k||2=19983985688425357574311232328756002591521145807007289395762363668715056697486873934887358651270707434159889774611718543175537437704192.0; coefficient explosion: max |theta|=51996351843743475389063276183683072.0,1.2416733296712196e+33,1.9983985688425358e+133,1.9983985688425358e+133,5.199635184374348e+34,3.361740510991436e+33,1.9617717237119667e+130,1.9617717237119667e+130,2.675224141873572e+135,3.813324737356282e+103,5.046605891781172e+129,1.987031889446758e+130,4.0,2026Q2,2026Q3,2027Q2,False
THA,ENSO+HeatDryF | lag1 | KF | coeff=avg4 | EM=20 | P0=update,ENSO+HeatDryF,20,True,avg4,Explosive,Unstable,Explosive,Extreme,REJECT,dynamic instability: rho=12258419967760556424827705696976896.00; dynamic amplification: max ||A^k||2=163083019660814271745062650760148877624909151742050811037168327202703570838836033119013447671603662096779286499537691579485633687559602176.0; coefficient explosion: max |theta|=51996351843743475389063276183683072.0,1.2258419967760556e+34,1.6308301966081427e+137,1.6308301966081427e+137,5.199635184374348e+34,3.361740510991436e+33,1.7849970384811788e+133,1.7849970384811788e+133,4.5075381158779813e+135,6.42670369367213e+103,1.5895779306431077e+133,3.3745749691242865e+133,4.0,2026Q2,2026Q3,2027Q2,False
THA,ENSO+HeatDryF | lag1 | KF | coeff=avg8 | EM=20 | P0=update,ENSO+HeatDryF,20,True,avg8,Explosive,Unstable,Explosive,Extreme,REJECT,dynamic instability: rho=12857627452959725633875691446468608.00; dynamic amplification: max ||A^k||2=197984712748255675287834513332062708151174348805631505373668763449739393238203202203039109112962266289246284399623474484331183029478227968.0; coefficient explosion: max |theta|=51996351843743475389063276183683072.0,1.2857627452959726e+34,1.9798471274825568e+137,1.9798471274825568e+137,5.199635184374348e+34,3.361740510991436e+33,2.4238413340813455e+133,2.4238413340813455e+133,4.772623479714048e+135,6.8054246606597875e+103,1.8824775566137326e+133,4.306318890695078e+133,4.0,2026Q2,2026Q3,2027Q2,False
THA,ENSO+HeatDry | lag1 | KF | coeff=avg4 | EM=20 | P0=fixed,ENSO+HeatDry,20,False,avg4,Explosive,Unstable,Explosive,Extreme,REJECT,dynamic instability: rho=3350522154131608038681833771886085254856348662469782142976.00; dynamic amplification: max ||A^k||2=185042814207310240129610872578559045763766283056833608639910980489584082200641697127791475745082764663696027661248242625830928758311854375067193452241531293213039239658129662911393021506518038041353693467232394961606457772939935744.0; coefficient explosion: max |theta|=12854334058361578493807479424930507897436715351289563709440.0,3.350522154131608e+57,1.8504281420731024e+230,1.8504281420731024e+230,1.2854334058361578e+58,1.548451816050659e+58,6.954889631707783e+226,6.954889631707783e+226,inf,,1.3234521320568575e+225,6.956889160326459e+226,4.0,2026Q2,2026Q3,2027Q2,False
THA,ENSO+HeatDry | lag1 | KF | coeff=avg8 | EM=20 | P0=fixed,ENSO+HeatDry,20,False,avg8,Explosive,Unstable,Explosive,Extreme,REJECT,dynamic instability: rho=1676274098188212543878474214013746353146101255598235451392.00; dynamic amplification: max ||A^k||2=11593174879674720385633354998988421665852550815894337521090170411497422647280226234045819951142104680119779083193097069927454016231547664509394652509390106577135585328000856066709285512155062135710699597138844582647454349414891520.0; coefficient explosion: max |theta|=12854334058361578493807479424930507897436715351289563709440.0,1.6762740981882125e+57,1.159317487967472e+229,1.159317487967472e+229,1.2854334058361578e+58,1.548451816050659e+58,4.357344516111501e+225,4.357344516111501e+225,inf,,8.291601103158688e+223,4.3585972470088316e+225,4.0,2026Q2,2026Q3,2027Q2,False
THA,ENSO+HeatDryF | lag1 | KF | coeff=avg4 | EM=30 | P0=update,ENSO+HeatDryF,30,True,avg4,Explosive,Unstable,Explosive,Extreme,REJECT,dynamic instability: rho=3337176447510595956870734246456375375670013454312650926640862585826574336.00; dynamic amplification: max ||A^k||2=30858923958227841184832088289992084022686713777189338989035696774222648573258360166125824169303127080832543301647654820167343231488957935496499697210122029547113331827186065564269129949243292535076373350858499616751557436165197619264712452625019218220098915427587960077991577003315288430608384.0; coefficient explosion: max |theta|=526837390002706396310482068767488064467554064060907653719738932425333407744.0,3.337176447510596e+72,3.085892395822784e+292,3.085892395822784e+292,5.268373900027064e+74,2.5294127353842097e+74,9.227866129035639e+288,9.227866129035639e+288,inf,,7.750059972574745e+288,9.614837382791341e+288,4.0,2026Q2,2026Q3,2027Q2,False
THA,ENSO+HeatDryF | lag1 | KF | coeff=avg8 | EM=30 | P0=update,ENSO+HeatDryF,30,True,avg8,Explosive,Unstable,Explosive,Extreme,REJECT,dynamic instability: rho=23225636101070631582014872900906324948457514330247923854305354230481813504.00; dynamic amplification: max ||A^k||2=12048576308602600627310872424289983414586354201203589654680533867982143521558449460255679670532967079978237982192928166019443334809718684762452071019344044633270531790190189513372474748827006420158908109654494513853450439947443575905439816998735573372120072910561183049550222432471605621548908544.0; coefficient explosion: max |theta|=526837390002706396310482068767488064467554064060907653719738932425333407744.0,2.3225636101070632e+73,1.20485763086026e+295,1.20485763086026e+295,5.268373900027064e+74,2.5294127353842097e+74,3.413418210084414e+291,3.413418210084414e+291,inf,,9.301464926807352e+289,3.401437681362338e+291,4.0,2026Q2,2026Q3,2027Q2,False
THA,ENSO+HeatDryF | lag1 | KF | coeff=last | EM=30 | P0=update,ENSO+HeatDryF,30,True,last,Explosive,Unstable,Explosive,Extreme,REJECT,dynamic instability: rho=11523833133623976803527091743465551891965117566504408555500677712813490176.00; dynamic amplification: max ||A^k||2=716906416797490257789936217842021153140407915721165388677101347852274251478641980512194414012937729747370751269832703692524273467762923656078639851461214245614313942944882019591233104413499748006492684409738532163439914874682541044742187198948661324195088527230181345463105967238068269010124800.0; coefficient explosion: max |theta|=526837390002706396310482068767488064467554064060907653719738932425333407744.0,1.1523833133623977e+73,7.169064167974903e+293,7.169064167974903e+293,5.268373900027064e+74,2.5294127353842097e+74,9.337758776364843e+290,9.337758776364843e+290,inf,,2.6034676530546214e+290,9.364137592874944e+290,4.0,2026Q2,2026Q3,2027Q2,False
THA,HeatDry | lag1 | KF | coeff=avg4 | EM=20 | P0=update,HeatDry,20,True,avg4,Explosive,Unstable,Explosive,Extreme,REJECT,dynamic instability: rho=14801811433163798804356394592313430247473152.00; dynamic amplification: max ||A^k||2=78863491504429340761448133548649665445413535497251595548715345143413560301832167310115572986536273403165134413201385392757354685494989370860954454209253782825024819880647408136772362563726321170472361611010978691525564263268111588506242850428077016396639240192.0; coefficient explosion: max |theta|=171290123440311046431257750180430474905649152.0,1.48018114331638e+43,7.886349150442934e+259,7.886349150442934e+259,1.7129012344031105e+44,1.0908484086835286e+44,2.037593707296381e+256,2.037593707296381e+256,inf,,8.833287287394625e+253,2.0464269945837757e+256,6.0,2026Q2,2026Q3,2027Q4,False
THA,HeatDry | lag1 | KF | coeff=avg8 | EM=20 | P0=update,HeatDry,20,True,avg8,Explosive,Unstable,Explosive,Extreme,REJECT,dynamic instability: rho=7131542679953356331155378482817601831436288.00; dynamic amplification: max ||A^k||2=986402319124701339942105301017825156435233496220147059488870700720438160909805199363793611296515421733893826310390427145248267092613155999749618183359256199187883698528232919317245045250289996057464327682168982748869332983538802560533496760368353968232857600.0; coefficient explosion: max |theta|=171290123440311046431257750180430474905649152.0,7.131542679953356e+42,9.864023191247013e+257,9.864023191247013e+257,1.7129012344031105e+44,1.0908484086835286e+44,2.566098290282545e+254,2.566098290282545e+254,inf,,1.1046831695499086e+252,2.577145121978044e+254,6.0,2026Q2,2026Q3,2027Q4,False
THA,HeatDry | lag1 | KF | coeff=last | EM=20 | P0=update,HeatDry,20,True,last,Explosive,Unstable,Explosive,Extreme,REJECT,dynamic instability: rho=12637472519533704878371891052544.00; dynamic amplification: max ||A^k||2=12264766889136164894821783587016218238469637662568582434545253396759813027034778543262420894580186757377130096385086278757451226565723225517513628151493264831630409531561255223391403638784.0; coefficient explosion: max |theta|=171290123440311046431257750180430474905649152.0,1.2637472519533705e+31,1.2264766889136165e+187,1.2264766889136165e+187,1.7129012344031105e+44,1.0908484086835286e+44,4.8811354241629705e+183,4.8811354241629705e+183,inf,,1.1793197233311165e+182,4.763203451829859e+183,6.0,2026Q2,2026Q3,2027Q4,False
THA,HeatDryF | lag1 | KF | coeff=avg4 | EM=20 | P0=update,HeatDryF,20,True,avg4,Explosive,Unstable,Explosive,Extreme,REJECT,dynamic instability: rho=2029504577722211896138355098826422878208.00; dynamic amplification: max ||A^k||2=198261201452640968105191728021980579000059171018003369569075139005111726867205364971190961961526117835725557299250806948458653140850931150711516300681218354875063855535177424436718463465971312715552047670918963728604517701419534250934272.0; coefficient explosion: max |theta|=3339243983862999032399838063379462750208.0,2.029504577722212e+39,1.9826120145264097e+236,1.9826120145264097e+236,3.339243983862999e+39,3.245576355019167e+38,5.956497018502379e+232,5.956497018502379e+232,inf,,1.694924924810504e+229,5.958191943427189e+232,6.0,2026Q2,2026Q3,2027Q4,False
THA,HeatDryF | lag1 | KF | coeff=avg8 | EM=20 | P0=update,HeatDryF,20,True,avg8,Explosive,Unstable,Explosive,Extreme,REJECT,dynamic instability: rho=1995532215458587427281173309111366844416.00; dynamic amplification: max ||A^k||2=195460428620502154568831587079495011919973754597514168026409229591630368403815538476257885985602981237999670625211356974601721276081830495978240397658212226868286791433787066714669810551423033238596391490907646130848909273559331548168192.0; coefficient explosion: max |theta|=3339243983862999032399838063379462750208.0,1.9955322154585874e+39,1.9546042862050215e+236,1.9546042862050215e+236,3.339243983862999e+39,3.245576355019167e+38,5.96316618299514e+232,5.96316618299514e+232,inf,,1.7042670430894858e+229,5.964870450038229e+232,6.0,2026Q2,2026Q3,2027Q4,False
THA,HeatDryF | lag1 | KF | coeff=last | EM=20 | P0=update,HeatDryF,20,True,last,Explosive,Unstable,Explosive,Extreme,REJECT,dynamic instability: rho=276275227066477861670257898306098167808.00; dynamic amplification: max ||A^k||2=10608818869158688968901433413134502608282912552003728725449636048695975240011947040154972822475136521276264637669631372351278173941550946534853419470751742599720997234976518766877130905775450415176303731944005656212182305317901565952.0; coefficient explosion: max |theta|=3746643975368658899044528319208471134208.0,2.7627522706647786e+38,1.0608818869158689e+232,1.0608818869158689e+232,3.746643975368659e+39,3.245576355019167e+38,3.509702201784983e+228,3.509702201784983e+228,inf,,5.302500355965387e+225,3.5043997014290176e+228,6.0,2026Q2,2026Q3,2027Q4,False
THA,OIL_YoY+HeatDryF | lag1 | KF | coeff=avg4 | EM=20 | P0=update,OIL_YoY+HeatDryF,20,True,avg4,Explosive,Unstable,Explosive,Extreme,REJECT,dynamic instability: rho=1062283596325382836646313984.00; dynamic amplification: max ||A^k||2=6359110753855193079495532938244203153587392587931406920403997892005800809803209711684822491492919275292886595902889940983819305102441784736522262520008394147889152.0; coefficient explosion: max |theta|=2967415444307471901883629568.0,1.0622835963253828e+27,6.359110753855193e+162,6.359110753855193e+162,2.967415444307472e+27,3.459332756298177e+26,2.3789102018744966e+159,2.3789102018744966e+159,inf,,7.540182884547843e+155,2.3796642201629514e+159,6.0,2026Q2,2026Q3,2027Q4,False
THA,OIL_YoY+HeatDryF | lag1 | KF | coeff=avg8 | EM=20 | P0=update,OIL_YoY+HeatDryF,20,True,avg8,Explosive,Unstable,Explosive,Extreme,REJECT,dynamic instability: rho=858473439901708824579407872.00; dynamic amplification: max ||A^k||2=2009928879052342911974787958806399034030334674680522666678185166401773681955371866751054382655873008198445007092892457237363734569182882337006499801725815889068032.0; coefficient explosion: max |theta|=2967415444307471901883629568.0,8.584734399017088e+26,2.009928879052343e+162,2.009928879052343e+162,2.967415444307472e+27,3.459332756298177e+26,7.105163473994626e+158,7.105163473994626e+158,inf,,4.367091424926709e+155,7.109530565419552e+158,6.0,2026Q2,2026Q3,2027Q4,False
THA,OIL_YoY+HeatDryF | lag1 | KF | coeff=last | EM=20 | P0=update,OIL_YoY+HeatDryF,20,True,last,Explosive,Unstable,Explosive,Extreme,REJECT,dynamic instability: rho=4069384390018377791542657024.00; dynamic amplification: max ||A^k||2=12925986628611277085448252876902296588693528803504024465241750538475197768469274472406449954681343435427192090086509966751526736587457335007305595034509492129418444800.0; coefficient explosion: max |theta|=7377991937401298495826034688.0,4.069384390018378e+27,1.2925986628611277e+166,1.2925986628611277e+166,7.377991937401298e+27,3.459332756298177e+26,5.071690969167473e+162,5.071690969167473e+162,inf,,1.1955924739854446e+159,5.0704953766934875e+162,6.0,2026Q2,2026Q3,2027Q4,False
ZAF,ENSO+HeatDryF | lag1 | KF | coeff=avg4 | EM=10 | P0=update,ENSO+HeatDryF,10,True,avg4,Good,Good,Good,Acceptable,KEEP,stable/coherent by coarse thresholds,0.7617637364968268,0.9085107389109935,0.4970586463988938,0.8193740179772949,0.1514881705926598,5.082511903697577,1.2695723133403631,1.600815660929368,2.96117877111907,0.6428901813058525,5.109803669815981,4.0,2026Q2,2026Q3,2027Q2,True
ZAF,ENSO+HeatDryF | lag1 | KF | coeff=avg4 | EM=20 | P0=update,ENSO+HeatDryF,20,True,avg4,Good,Good,Good,Acceptable,KEEP,stable/coherent by coarse thresholds,0.7617637364968268,0.9085107389109935,0.4970586463988938,0.8193740179772949,0.1514881705926598,5.082511903697577,1.2695723133403631,1.600815660929368,2.96117877111907,0.6428901813058525,5.109803669815981,4.0,2026Q2,2026Q3,2027Q2,True
ZAF,ENSO+HeatDryF | lag1 | KF | coeff=avg4 | EM=30 | P0=update,ENSO+HeatDryF,30,True,avg4,Good,Good,Good,Acceptable,KEEP,stable/coherent by coarse thresholds,0.7617637364968268,0.9085107389109935,0.4970586463988938,0.8193740179772949,0.1514881705926598,5.082511903697577,1.2695723133403631,1.600815660929368,2.96117877111907,0.6428901813058525,5.109803669815981,4.0,2026Q2,2026Q3,2027Q2,True
ZAF,ENSO+HeatDryF | lag1 | KF | coeff=avg4 | EM=50 | P0=update,ENSO+HeatDryF,50,True,avg4,Good,Good,Good,Acceptable,KEEP,stable/coherent by coarse thresholds,0.7617637364968268,0.9085107389109935,0.4970586463988938,0.8193740179772949,0.1514881705926598,5.082511903697577,1.2695723133403631,1.600815660929368,2.96117877111907,0.6428901813058525,5.109803669815981,4.0,2026Q2,2026Q3,2027Q2,True
ZAF,ENSO+HeatDryF | lag1 | KF | coeff=last | EM=10 | P0=update,ENSO+HeatDryF,10,True,last,Good,Good,Good,Acceptable,KEEP,stable/coherent by coarse thresholds,0.7608830026813215,0.9831772825652498,0.5604351227313817,0.8193740179772949,0.1514881705926598,5.1714845202576125,1.2362599343204057,1.6030118096709334,2.962592851338529,0.6146913508153338,5.178492207128026,4.0,2026Q2,2026Q3,2027Q2,True
ZAF,ENSO+HeatDryF | lag1 | KF | coeff=last | EM=20 | P0=update,ENSO+HeatDryF,20,True,last,Good,Good,Good,Acceptable,KEEP,stable/coherent by coarse thresholds,0.7608830026813215,0.9831772825652498,0.5604351227313817,0.8193740179772949,0.1514881705926598,5.1714845202576125,1.2362599343204057,1.6030118096709334,2.962592851338529,0.6146913508153338,5.178492207128026,4.0,2026Q2,2026Q3,2027Q2,True
ZAF,ENSO+HeatDryF | lag1 | KF | coeff=last | EM=30 | P0=update,ENSO+HeatDryF,30,True,last,Good,Good,Good,Acceptable,KEEP,stable/coherent by coarse thresholds,0.7608830026813215,0.9831772825652498,0.5604351227313817,0.8193740179772949,0.1514881705926598,5.1714845202576125,1.2362599343204057,1.6030118096709334,2.962592851338529,0.6146913508153338,5.178492207128026,4.0,2026Q2,2026Q3,2027Q2,True
ZAF,ENSO+HeatDryF | lag1 | KF | coeff=last | EM=50 | P0=update,ENSO+HeatDryF,50,True,last,Good,Good,Good,Acceptable,KEEP,stable/coherent by coarse thresholds,0.7608830026813215,0.9831772825652498,0.5604351227313817,0.8193740179772949,0.1514881705926598,5.1714845202576125,1.2362599343204057,1.6030118096709334,2.962592851338529,0.6146913508153338,5.178492207128026,4.0,2026Q2,2026Q3,2027Q2,True
ZAF,ENSO+HeatDryF | lag1 | KF | coeff=avg8 | EM=10 | P0=update,ENSO+HeatDryF,10,True,avg8,Good,Good,Good,Acceptable,KEEP,stable/coherent by coarse thresholds,0.7587222263592166,0.8972275073759785,0.48343429054317844,0.8193740179772949,0.1514881705926598,4.914403876648808,1.2916054726645556,1.6142049206442266,2.994789505873938,0.6541898304959606,5.138713007283304,4.0,2026Q2,2026Q3,2027Q2,True
ZAF,ENSO+HeatDryF | lag1 | KF | coeff=avg8 | EM=20 | P0=update,ENSO+HeatDryF,20,True,avg8,Good,Good,Good,Acceptable,KEEP,stable/coherent by coarse thresholds,0.7587222263592166,0.8972275073759785,0.48343429054317844,0.8193740179772949,0.1514881705926598,4.914403876648808,1.2916054726645556,1.6142049206442266,2.994789505873938,0.6541898304959606,5.138713007283304,4.0,2026Q2,2026Q3,2027Q2,True
ZAF,ENSO+HeatDryF | lag1 | KF | coeff=avg8 | EM=30 | P0=update,ENSO+HeatDryF,30,True,avg8,Good,Good,Good,Acceptable,KEEP,stable/coherent by coarse thresholds,0.7587222263592166,0.8972275073759785,0.48343429054317844,0.8193740179772949,0.1514881705926598,4.914403876648808,1.2916054726645556,1.6142049206442266,2.994789505873938,0.6541898304959606,5.138713007283304,4.0,2026Q2,2026Q3,2027Q2,True
ZAF,ENSO+HeatDryF | lag1 | KF | coeff=avg8 | EM=50 | P0=update,ENSO+HeatDryF,50,True,avg8,Good,Good,Good,Acceptable,KEEP,stable/coherent by coarse thresholds,0.7587222263592166,0.8972275073759785,0.48343429054317844,0.8193740179772949,0.1514881705926598,4.914403876648808,1.2916054726645556,1.6142049206442266,2.994789505873938,0.6541898304959606,5.138713007283304,4.0,2026Q2,2026Q3,2027Q2,True
ZAF,HeatDryF | lag1 | KF | coeff=last | EM=10 | P0=fixed,HeatDryF,10,False,last,Good,Borderline,Good,Acceptable,BORDERLINE,large coefficients: max |theta|=16.8,0.8209588165740921,0.9049015015105126,0.4964602907706919,16.79234573584447,1.9702196694675962,4.928780687890102,1.1981694926157962,0.3905504045627497,2.157885771926601,0.84658766068693,4.7759396517525134,6.0,2026Q2,2026Q3,2027Q4,True
ZAF,OIL_YoY+HeatDryF | lag1 | KF | coeff=avg4 | EM=10 | P0=update,OIL_YoY+HeatDryF,10,True,avg4,Good,Good,Good,Acceptable,BORDERLINE,CI expands quickly: ratio=4.0,0.8280991609903934,0.8535791739981725,0.3435810756148928,0.6786231472131887,0.09711679491199562,4.650894599182156,1.2684845925187256,3.4606625715316355,4.000242804147901,0.8857748379643051,4.672735564596512,6.0,2026Q2,2026Q3,2027Q4,True
ZAF,OIL_YoY+HeatDryF | lag1 | KF | coeff=avg4 | EM=20 | P0=update,OIL_YoY+HeatDryF,20,True,avg4,Good,Good,Good,Acceptable,BORDERLINE,CI expands quickly: ratio=4.0,0.8280991609903934,0.8535791739981725,0.3435810756148928,0.6786231472131887,0.09711679491199562,4.650894599182156,1.2684845925187256,3.4606625715316355,4.000242804147901,0.8857748379643051,4.672735564596512,6.0,2026Q2,2026Q3,2027Q4,True
ZAF,OIL_YoY+HeatDryF | lag1 | KF | coeff=avg4 | EM=30 | P0=update,OIL_YoY+HeatDryF,30,True,avg4,Good,Good,Good,Acceptable,BORDERLINE,CI expands quickly: ratio=4.0,0.8280991609903934,0.8535791739981725,0.3435810756148928,0.6786231472131887,0.09711679491199562,4.650894599182156,1.2684845925187256,3.4606625715316355,4.000242804147901,0.8857748379643051,4.672735564596512,6.0,2026Q2,2026Q3,2027Q4,True
ZAF,OIL_YoY+HeatDryF | lag1 | KF | coeff=avg4 | EM=50 | P0=update,OIL_YoY+HeatDryF,50,True,avg4,Good,Good,Good,Acceptable,BORDERLINE,CI expands quickly: ratio=4.0,0.8280991609903934,0.8535791739981725,0.3435810756148928,0.6786231472131887,0.09711679491199562,4.650894599182156,1.2684845925187256,3.4606625715316355,4.000242804147901,0.8857748379643051,4.672735564596512,6.0,2026Q2,2026Q3,2027Q4,True
ZAF,OIL_YoY+HeatDryF | lag1 | KF | coeff=avg4 | EM=10 | P0=fixed,OIL_YoY+HeatDryF,10,False,avg4,Good,Good,Good,Acceptable,BORDERLINE,CI expands quickly: ratio=4.1,0.8320152352305626,0.8555004813569197,0.3509114594158056,0.6826084559584026,0.09590620595641713,4.649983804447196,1.2668876895867043,3.4813612557808944,4.061348694256804,0.8894880621497081,4.669137786909498,6.0,2026Q2,2026Q3,2027Q4,True
ZAF,OIL_YoY+HeatDryF | lag1 | KF | coeff=avg4 | EM=20 | P0=fixed,OIL_YoY+HeatDryF,20,False,avg4,Good,Good,Good,Acceptable,BORDERLINE,CI expands quickly: ratio=4.1,0.8320152352305626,0.8555004813569197,0.3509114594158056,0.6826084559584026,0.09590620595641713,4.649983804447196,1.2668876895867043,3.4813612557808944,4.061348694256804,0.8894880621497081,4.669137786909498,6.0,2026Q2,2026Q3,2027Q4,True
ZAF,OIL_YoY+HeatDryF | lag1 | KF | coeff=avg4 | EM=30 | P0=fixed,OIL_YoY+HeatDryF,30,False,avg4,Good,Good,Good,Acceptable,BORDERLINE,CI expands quickly: ratio=4.1,0.8320152352305626,0.8555004813569197,0.3509114594158056,0.6826084559584026,0.09590620595641713,4.649983804447196,1.2668876895867043,3.4813612557808944,4.061348694256804,0.8894880621497081,4.669137786909498,6.0,2026Q2,2026Q3,2027Q4,True
ZAF,OIL_YoY+HeatDryF | lag1 | KF | coeff=avg4 | EM=50 | P0=fixed,OIL_YoY+HeatDryF,50,False,avg4,Good,Good,Good,Acceptable,BORDERLINE,CI expands quickly: ratio=4.1,0.8320152352305626,0.8555004813569197,0.3509114594158056,0.6826084559584026,0.09590620595641713,4.649983804447196,1.2668876895867043,3.4813612557808944,4.061348694256804,0.8894880621497081,4.669137786909498,6.0,2026Q2,2026Q3,2027Q4,True
ZAF,OIL_YoY+HeatDryF | lag1 | KF | coeff=last | EM=10 | P0=update,OIL_YoY+HeatDryF,10,True,last,Good,Good,Good,Acceptable,BORDERLINE,CI expands quickly: ratio=4.2,0.8611998480705901,0.9070918623263345,0.4493213921990422,0.6786231472131887,0.09711679491199562,4.664168547275814,1.2376980183669404,3.647679797149216,4.193591556375314,0.8547750585104323,4.703687016534688,6.0,2026Q2,2026Q3,2027Q4,True
ZAF,OIL_YoY+HeatDryF | lag1 | KF | coeff=last | EM=20 | P0=update,OIL_YoY+HeatDryF,20,True,last,Good,Good,Good,Acceptable,BORDERLINE,CI expands quickly: ratio=4.2,0.8611998480705901,0.9070918623263345,0.4493213921990422,0.6786231472131887,0.09711679491199562,4.664168547275814,1.2376980183669404,3.647679797149216,4.193591556375314,0.8547750585104323,4.703687016534688,6.0,2026Q2,2026Q3,2027Q4,True
ZAF,OIL_YoY+HeatDryF | lag1 | KF | coeff=last | EM=30 | P0=update,OIL_YoY+HeatDryF,30,True,last,Good,Good,Good,Acceptable,BORDERLINE,CI expands quickly: ratio=4.2,0.8611998480705901,0.9070918623263345,0.4493213921990422,0.6786231472131887,0.09711679491199562,4.664168547275814,1.2376980183669404,3.647679797149216,4.193591556375314,0.8547750585104323,4.703687016534688,6.0,2026Q2,2026Q3,2027Q4,True
ZAF,OIL_YoY+HeatDryF | lag1 | KF | coeff=last | EM=50 | P0=update,OIL_YoY+HeatDryF,50,True,last,Good,Good,Good,Acceptable,BORDERLINE,CI expands quickly: ratio=4.2,0.8611998480705901,0.9070918623263345,0.4493213921990422,0.6786231472131887,0.09711679491199562,4.664168547275814,1.2376980183669404,3.647679797149216,4.193591556375314,0.8547750585104323,4.703687016534688,6.0,2026Q2,2026Q3,2027Q4,True
ZAF,OIL_YoY+HeatDryF | lag1 | KF | coeff=last | EM=10 | P0=fixed,OIL_YoY+HeatDryF,10,False,last,Good,Good,Good,Acceptable,BORDERLINE,CI expands quickly: ratio=4.3,0.8650536528290688,0.9081139484146654,0.4577403161126692,0.6826084559584026,0.09590620595641713,4.663222264366423,1.235717445368027,3.6773018260520445,4.265290185211023,0.859018974905821,4.7006623868606905,6.0,2026Q2,2026Q3,2027Q4,True
ZAF,OIL_YoY+HeatDryF | lag1 | KF | coeff=last | EM=20 | P0=fixed,OIL_YoY+HeatDryF,20,False,last,Good,Good,Good,Acceptable,BORDERLINE,CI expands quickly: ratio=4.3,0.8650536528290688,0.9081139484146654,0.4577403161126692,0.6826084559584026,0.09590620595641713,4.663222264366423,1.235717445368027,3.6773018260520445,4.265290185211023,0.859018974905821,4.7006623868606905,6.0,2026Q2,2026Q3,2027Q4,True
ZAF,OIL_YoY+HeatDryF | lag1 | KF | coeff=last | EM=30 | P0=fixed,OIL_YoY+HeatDryF,30,False,last,Good,Good,Good,Acceptable,BORDERLINE,CI expands quickly: ratio=4.3,0.8650536528290688,0.9081139484146654,0.4577403161126692,0.6826084559584026,0.09590620595641713,4.663222264366423,1.235717445368027,3.6773018260520445,4.265290185211023,0.859018974905821,4.7006623868606905,6.0,2026Q2,2026Q3,2027Q4,True
ZAF,OIL_YoY+HeatDryF | lag1 | KF | coeff=last | EM=50 | P0=fixed,OIL_YoY+HeatDryF,50,False,last,Good,Good,Good,Acceptable,BORDERLINE,CI expands quickly: ratio=4.3,0.8650536528290688,0.9081139484146654,0.4577403161126692,0.6826084559584026,0.09590620595641713,4.663222264366423,1.235717445368027,3.6773018260520445,4.265290185211023,0.859018974905821,4.7006623868606905,6.0,2026Q2,2026Q3,2027Q4,True
ZAF,OIL_YoY+HeatDryF | lag1 | KF | coeff=avg8 | EM=10 | P0=update,OIL_YoY+HeatDryF,10,True,avg8,Good,Good,Good,Acceptable,BORDERLINE,CI expands quickly: ratio=4.2,0.8446738014225372,0.8657418238004658,0.37755627782669604,0.6786231472131887,0.09711679491199562,4.618794744857613,1.2580767767882124,3.622055591195637,4.188863136017056,0.8806015606254636,4.683008477258053,6.0,2026Q2,2026Q3,2027Q4,True
ZAF,OIL_YoY+HeatDryF | lag1 | KF | coeff=avg8 | EM=20 | P0=update,OIL_YoY+HeatDryF,20,True,avg8,Good,Good,Good,Acceptable,BORDERLINE,CI expands quickly: ratio=4.2,0.8446738014225372,0.8657418238004658,0.37755627782669604,0.6786231472131887,0.09711679491199562,4.618794744857613,1.2580767767882124,3.622055591195637,4.188863136017056,0.8806015606254636,4.683008477258053,6.0,2026Q2,2026Q3,2027Q4,True
ZAF,OIL_YoY+HeatDryF | lag1 | KF | coeff=avg8 | EM=30 | P0=update,OIL_YoY+HeatDryF,30,True,avg8,Good,Good,Good,Acceptable,BORDERLINE,CI expands quickly: ratio=4.2,0.8446738014225372,0.8657418238004658,0.37755627782669604,0.6786231472131887,0.09711679491199562,4.618794744857613,1.2580767767882124,3.622055591195637,4.188863136017056,0.8806015606254636,4.683008477258053,6.0,2026Q2,2026Q3,2027Q4,True
ZAF,OIL_YoY+HeatDryF | lag1 | KF | coeff=avg8 | EM=50 | P0=update,OIL_YoY+HeatDryF,50,True,avg8,Good,Good,Good,Acceptable,BORDERLINE,CI expands quickly: ratio=4.2,0.8446738014225372,0.8657418238004658,0.37755627782669604,0.6786231472131887,0.09711679491199562,4.618794744857613,1.2580767767882124,3.622055591195637,4.188863136017056,0.8806015606254636,4.683008477258053,6.0,2026Q2,2026Q3,2027Q4,True
ZAF,OIL_YoY+HeatDryF | lag1 | KF | coeff=avg8 | EM=10 | P0=fixed,OIL_YoY+HeatDryF,10,False,avg8,Good,Good,Good,Acceptable,BORDERLINE,CI expands quickly: ratio=4.3,0.8492491549994412,0.8686832223645093,0.3878765128094061,0.6826084559584026,0.09590620595641713,4.617461986301659,1.2560378082745678,3.653366172233124,4.26365861412745,0.8841626720979905,4.678945003142068,6.0,2026Q2,2026Q3,2027Q4,True
ZAF,OIL_YoY+HeatDryF | lag1 | KF | coeff=avg8 | EM=20 | P0=fixed,OIL_YoY+HeatDryF,20,False,avg8,Good,Good,Good,Acceptable,BORDERLINE,CI expands quickly: ratio=4.3,0.8492491549994412,0.8686832223645093,0.3878765128094061,0.6826084559584026,0.09590620595641713,4.617461986301659,1.2560378082745678,3.653366172233124,4.26365861412745,0.8841626720979905,4.678945003142068,6.0,2026Q2,2026Q3,2027Q4,True
ZAF,OIL_YoY+HeatDryF | lag1 | KF | coeff=avg8 | EM=30 | P0=fixed,OIL_YoY+HeatDryF,30,False,avg8,Good,Good,Good,Acceptable,BORDERLINE,CI expands quickly: ratio=4.3,0.8492491549994412,0.8686832223645093,0.3878765128094061,0.6826084559584026,0.09590620595641713,4.617461986301659,1.2560378082745678,3.653366172233124,4.26365861412745,0.8841626720979905,4.678945003142068,6.0,2026Q2,2026Q3,2027Q4,True
ZAF,OIL_YoY+HeatDryF | lag1 | KF | coeff=avg8 | EM=50 | P0=fixed,OIL_YoY+HeatDryF,50,False,avg8,Good,Good,Good,Acceptable,BORDERLINE,CI expands quickly: ratio=4.3,0.8492491549994412,0.8686832223645093,0.3878765128094061,0.6826084559584026,0.09590620595641713,4.617461986301659,1.2560378082745678,3.653366172233124,4.26365861412745,0.8841626720979905,4.678945003142068,6.0,2026Q2,2026Q3,2027Q4,True
ZAF,HeatDryF | lag1 | KF | coeff=last | EM=10 | P0=update,HeatDryF,10,True,last,Good,Borderline,Good,Acceptable,BORDERLINE,large coefficients: max |theta|=21.1,0.8194704829111397,1.9933248582152014,0.6340860646334574,21.139300729761167,3.457379113178199,5.013650648830211,1.1705962221036463,0.38153598060996075,1.1814330912847781,0.8403040274305078,4.848794977434951,6.0,2026Q2,2026Q3,2027Q4,True
ZAF,HeatDry | lag1 | KF | coeff=last | EM=10 | P0=fixed,HeatDry,10,False,last,Good,Unstable,Good,Acceptable,REJECT,coefficient explosion: max |theta|=38.6,0.814116610427374,0.9145337499169948,0.45968735672029787,38.55169121637971,6.190570535242081,5.184480105585135,2.6033224867976483,0.5185689893485419,3.144173555836472,1.734612052259866,4.797708527927535,6.0,2026Q2,2026Q3,2027Q4,True
ZAF,OIL_YoY+HeatDry | lag1 | KF | coeff=last | EM=10 | P0=fixed,OIL_YoY+HeatDry,10,False,last,Good,Unstable,Good,Acceptable,REJECT,coefficient explosion: max |theta|=33.9,0.8395926503714868,1.2449011846270728,1.0625761771275088,33.89699096364672,3.9981496346357908,4.335995303320925,2.210404447436371,0.9801084803577043,6.0721469740559,1.50137904871153,4.293378366871837,6.0,2026Q2,2026Q3,2027Q4,True
ZAF,ENSO | lag1 | KF | coeff=last | EM=10 | P0=fixed,ENSO,10,False,last,Good,Unstable,Good,Acceptable,REJECT,coefficient explosion: max |theta|=51.0; end-sample coefficient jump=23.8; rapid CI expansion: ratio=12.6,0.8352538006698578,1.8401616501917564,1.0730819288868314,51.008093840741104,23.816766114273026,4.19678760834021,0.6038909023491452,8.952081230576834,12.571626362738748,0.7142170144599729,4.7431072678643345,4.0,2026Q2,2026Q3,2027Q2,True
ZAF,HeatDry | lag1 | KF | coeff=last | EM=10 | P0=update,HeatDry,10,True,last,Good,Unstable,Good,Acceptable,REJECT,coefficient explosion: max |theta|=54.5; rapid CI expansion: ratio=75.2,0.8242255312961745,1.4260093386684178,1.3340956676247204,54.49170785514719,3.2293281644831175,4.991481731644124,2.3178508880006583,22.15640896268043,75.18383046761981,1.5531685256793568,4.632840663742656,6.0,2026Q2,2026Q3,2027Q4,True
ZAF,ENSO+HeatDry | lag1 | KF | coeff=avg8 | EM=10 | P0=update,ENSO+HeatDry,10,True,avg8,Good,Good,Good,Acceptable,REJECT,rapid CI expansion: ratio=9.7,0.7670860258226384,1.2854214017781544,0.5178864420670626,1.0020903310520486,0.561579575902641,7.8080060569318945,3.458462085627535,26.11793349184747,9.742069709911295,2.792376308863812,8.4851411079337,4.0,2026Q2,2026Q3,2027Q2,True
ZAF,ENSO+HeatDry | lag1 | KF | coeff=avg8 | EM=10 | P0=fixed,ENSO+HeatDry,10,False,avg8,Good,Good,Good,Acceptable,REJECT,rapid CI expansion: ratio=9.7,0.7670116172765322,1.2857151823563129,0.5162433908923334,1.001150559509786,0.5653655445066035,7.826162693163202,3.4590110904883993,26.429648782185577,9.65087009401944,2.7896507600949185,8.504738251024847,4.0,2026Q2,2026Q3,2027Q2,True
ZAF,ENSO+HeatDry | lag1 | KF | coeff=avg4 | EM=10 | P0=update,ENSO+HeatDry,10,True,avg4,Good,Good,Good,Acceptable,REJECT,rapid CI expansion: ratio=12.9,0.8521700889127666,1.1704420811296066,0.7525371233894096,1.0020903310520486,0.561579575902641,9.155908699410054,2.7573041185890226,35.93496277992634,12.932451672336937,2.710292983318139,9.718797308513572,4.0,2026Q2,2026Q3,2027Q2,True
ZAF,ENSO+HeatDry | lag1 | KF | coeff=avg4 | EM=10 | P0=fixed,ENSO+HeatDry,10,False,avg4,Good,Good,Good,Acceptable,REJECT,rapid CI expansion: ratio=12.9,0.8509790609827945,1.1695158641483818,0.7489183682187466,1.001150559509786,0.5653655445066035,9.166202067130051,2.758503723932998,36.34104723511703,12.892814511577363,2.708225297359463,9.72883398221286,4.0,2026Q2,2026Q3,2027Q2,True
ZAF,OIL_YoY+HeatDry | lag1 | KF | coeff=last | EM=10 | P0=update,OIL_YoY+HeatDry,10,True,last,Borderline,Unstable,Good,Acceptable,REJECT,coefficient explosion: max |theta|=41.0; rapid CI expansion: ratio=100.5,1.0679541021966354,1.7058732316986993,1.7058732316986993,41.005371499865994,2.6541331928442915,4.39550269420947,2.0459082956972026,26.76915792143652,100.48897256711132,1.3826101564533633,4.449127129914909,6.0,2026Q2,2026Q3,2027Q4,True
ZAF,ENSO+HeatDry | lag1 | KF | coeff=last | EM=10 | P0=update,ENSO+HeatDry,10,True,last,Borderline,Good,Good,Acceptable,REJECT,rapid CI expansion: ratio=14.8,1.0074987431729296,2.1384958803237204,2.032849206306805,1.0020903310520486,0.561579575902641,10.842165216427826,2.462413795604052,39.76694016865828,14.842285198113645,3.423136835503027,11.609171242422605,4.0,2026Q2,2026Q3,2027Q2,True
ZAF,ENSO+HeatDry | lag1 | KF | coeff=last | EM=10 | P0=fixed,ENSO+HeatDry,10,False,last,Borderline,Good,Good,Acceptable,REJECT,rapid CI expansion: ratio=14.8,1.0068535308071034,2.137662170251483,2.026474558084006,1.001150559509786,0.5653655445066035,10.85596212400137,2.474501822497476,40.19104711183923,14.84778686617811,3.445567127753005,11.627259574189365,4.0,2026Q2,2026Q3,2027Q2,True
ZAF,ENSO | lag1 | KF | coeff=last | EM=10 | P0=update,ENSO,10,True,last,Good,Unstable,Explosive,Acceptable,REJECT,coefficient explosion: max |theta|=291.0; confidence interval explosion: max width=137.4; rapid CI expansion: ratio=102.8,0.8362877861477094,2.624632467285533,1.3408429647705236,291.0379061148529,6.982894984029542,4.093344910310282,0.8244029417120111,137.42563292527294,102.83590777186171,0.6676262018346457,4.647929712658532,4.0,2026Q2,2026Q3,2027Q2,True
ZAF,ENSO+HeatDryF | lag1 | KF | coeff=last | EM=10 | P0=fixed,ENSO+HeatDryF,10,False,last,Explosive,Unstable,Good,Acceptable,REJECT,dynamic amplification: max ||A^k||2=11.1; coefficient explosion: max |theta|=195.4; end-sample coefficient jump=11.9,0.7587875762667029,11.05821018805762,3.3691857435068275,195.35306050061237,11.934667430396871,10.213391366449356,4.369357676715792,10.979814014546129,5.2658911048229,0.699011626701934,10.16824809345733,4.0,2026Q2,2026Q3,2027Q2,True
ZAF,ENSO | lag1 | KF | coeff=last | EM=20 | P0=fixed,ENSO,20,False,last,Failed,—,—,—,REJECT,exception: LinAlgError: SVD did not converge,,,,,,,,,,,,,,,,
ZAF,ENSO | lag1 | KF | coeff=last | EM=20 | P0=update,ENSO,20,True,last,Failed,—,—,—,REJECT,no EM result / insufficient complete data,,,,,,,,,,,,,,,,
ZAF,ENSO | lag1 | KF | coeff=last | EM=30 | P0=fixed,ENSO,30,False,last,Failed,—,—,—,REJECT,no EM result / insufficient complete data,,,,,,,,,,,,,,,,
ZAF,ENSO | lag1 | KF | coeff=last | EM=30 | P0=update,ENSO,30,True,last,Failed,—,—,—,REJECT,no EM result / insufficient complete data,,,,,,,,,,,,,,,,
ZAF,ENSO | lag1 | KF | coeff=last | EM=50 | P0=fixed,ENSO,50,False,last,Failed,—,—,—,REJECT,no EM result / insufficient complete data,,,,,,,,,,,,,,,,
ZAF,ENSO | lag1 | KF | coeff=last | EM=50 | P0=update,ENSO,50,True,last,Failed,—,—,—,REJECT,no EM result / insufficient complete data,,,,,,,,,,,,,,,,
ZAF,ENSO+HeatDry | lag1 | KF | coeff=last | EM=20 | P0=update,ENSO+HeatDry,20,True,last,Failed,—,—,—,REJECT,no EM result / insufficient complete data,,,,,,,,,,,,,,,,
ZAF,ENSO+HeatDry | lag1 | KF | coeff=last | EM=30 | P0=fixed,ENSO+HeatDry,30,False,last,Failed,—,—,—,REJECT,no EM result / insufficient complete data,,,,,,,,,,,,,,,,
ZAF,ENSO+HeatDry | lag1 | KF | coeff=last | EM=30 | P0=update,ENSO+HeatDry,30,True,last,Failed,—,—,—,REJECT,no EM result / insufficient complete data,,,,,,,,,,,,,,,,
ZAF,ENSO+HeatDry | lag1 | KF | coeff=last | EM=50 | P0=fixed,ENSO+HeatDry,50,False,last,Failed,—,—,—,REJECT,no EM result / insufficient complete data,,,,,,,,,,,,,,,,
ZAF,ENSO+HeatDry | lag1 | KF | coeff=last | EM=50 | P0=update,ENSO+HeatDry,50,True,last,Failed,—,—,—,REJECT,no EM result / insufficient complete data,,,,,,,,,,,,,,,,
ZAF,ENSO+HeatDryF | lag1 | KF | coeff=last | EM=20 | P0=fixed,ENSO+HeatDryF,20,False,last,Failed,—,—,—,REJECT,no EM result / insufficient complete data,,,,,,,,,,,,,,,,
ZAF,ENSO+HeatDryF | lag1 | KF | coeff=last | EM=30 | P0=fixed,ENSO+HeatDryF,30,False,last,Failed,—,—,—,REJECT,no EM result / insufficient complete data,,,,,,,,,,,,,,,,
ZAF,ENSO+HeatDryF | lag1 | KF | coeff=last | EM=50 | P0=fixed,ENSO+HeatDryF,50,False,last,Failed,—,—,—,REJECT,no EM result / insufficient complete data,,,,,,,,,,,,,,,,
ZAF,HeatDry | lag1 | KF | coeff=last | EM=20 | P0=fixed,HeatDry,20,False,last,Failed,—,—,—,REJECT,no EM result / insufficient complete data,,,,,,,,,,,,,,,,
ZAF,HeatDry | lag1 | KF | coeff=last | EM=20 | P0=update,HeatDry,20,True,last,Failed,—,—,—,REJECT,no EM result / insufficient complete data,,,,,,,,,,,,,,,,
ZAF,HeatDry | lag1 | KF | coeff=last | EM=30 | P0=fixed,HeatDry,30,False,last,Failed,—,—,—,REJECT,no EM result / insufficient complete data,,,,,,,,,,,,,,,,
ZAF,HeatDry | lag1 | KF | coeff=last | EM=30 | P0=update,HeatDry,30,True,last,Failed,—,—,—,REJECT,no EM result / insufficient complete data,,,,,,,,,,,,,,,,
ZAF,HeatDry | lag1 | KF | coeff=last | EM=50 | P0=fixed,HeatDry,50,False,last,Failed,—,—,—,REJECT,no EM result / insufficient complete data,,,,,,,,,,,,,,,,
ZAF,HeatDry | lag1 | KF | coeff=last | EM=50 | P0=update,HeatDry,50,True,last,Failed,—,—,—,REJECT,no EM result / insufficient complete data,,,,,,,,,,,,,,,,
ZAF,HeatDryF | lag1 | KF | coeff=last | EM=20 | P0=fixed,HeatDryF,20,False,last,Failed,—,—,—,REJECT,exception: LinAlgError: SVD did not converge,,,,,,,,,,,,,,,,
ZAF,HeatDryF | lag1 | KF | coeff=last | EM=20 | P0=update,HeatDryF,20,True,last,Failed,—,—,—,REJECT,exception: LinAlgError: SVD did not converge,,,,,,,,,,,,,,,,
ZAF,HeatDryF | lag1 | KF | coeff=last | EM=30 | P0=fixed,HeatDryF,30,False,last,Failed,—,—,—,REJECT,no EM result / insufficient complete data,,,,,,,,,,,,,,,,
ZAF,HeatDryF | lag1 | KF | coeff=last | EM=30 | P0=update,HeatDryF,30,True,last,Failed,—,—,—,REJECT,no EM result / insufficient complete data,,,,,,,,,,,,,,,,
ZAF,HeatDryF | lag1 | KF | coeff=last | EM=50 | P0=fixed,HeatDryF,50,False,last,Failed,—,—,—,REJECT,no EM result / insufficient complete data,,,,,,,,,,,,,,,,
ZAF,HeatDryF | lag1 | KF | coeff=last | EM=50 | P0=update,HeatDryF,50,True,last,Failed,—,—,—,REJECT,no EM result / insufficient complete data,,,,,,,,,,,,,,,,
ZAF,OIL_YoY+HeatDry | lag1 | KF | coeff=last | EM=20 | P0=fixed,OIL_YoY+HeatDry,20,False,last,Failed,—,—,—,REJECT,exception: LinAlgError: SVD did not converge,,,,,,,,,,,,,,,,
ZAF,OIL_YoY+HeatDry | lag1 | KF | coeff=last | EM=20 | P0=update,OIL_YoY+HeatDry,20,True,last,Failed,—,—,—,REJECT,exception: LinAlgError: SVD did not converge,,,,,,,,,,,,,,,,
ZAF,OIL_YoY+HeatDry | lag1 | KF | coeff=last | EM=30 | P0=fixed,OIL_YoY+HeatDry,30,False,last,Failed,—,—,—,REJECT,no EM result / insufficient complete data,,,,,,,,,,,,,,,,
ZAF,OIL_YoY+HeatDry | lag1 | KF | coeff=last | EM=30 | P0=update,OIL_YoY+HeatDry,30,True,last,Failed,—,—,—,REJECT,no EM result / insufficient complete data,,,,,,,,,,,,,,,,
ZAF,OIL_YoY+HeatDry | lag1 | KF | coeff=last | EM=50 | P0=fixed,OIL_YoY+HeatDry,50,False,last,Failed,—,—,—,REJECT,no EM result / insufficient complete data,,,,,,,,,,,,,,,,
ZAF,OIL_YoY+HeatDry | lag1 | KF | coeff=last | EM=50 | P0=update,OIL_YoY+HeatDry,50,True,last,Failed,—,—,—,REJECT,no EM result / insufficient complete data,,,,,,,,,,,,,,,,
ZAF,ENSO | lag1 | KF | coeff=avg4 | EM=20 | P0=fixed,ENSO,20,False,avg4,Failed,—,—,—,REJECT,exception: LinAlgError: SVD did not converge,,,,,,,,,,,,,,,,
ZAF,ENSO | lag1 | KF | coeff=avg4 | EM=20 | P0=update,ENSO,20,True,avg4,Failed,—,—,—,REJECT,no EM result / insufficient complete data,,,,,,,,,,,,,,,,
ZAF,ENSO | lag1 | KF | coeff=avg4 | EM=30 | P0=fixed,ENSO,30,False,avg4,Failed,—,—,—,REJECT,no EM result / insufficient complete data,,,,,,,,,,,,,,,,
ZAF,ENSO | lag1 | KF | coeff=avg4 | EM=30 | P0=update,ENSO,30,True,avg4,Failed,—,—,—,REJECT,no EM result / insufficient complete data,,,,,,,,,,,,,,,,
ZAF,ENSO | lag1 | KF | coeff=avg4 | EM=50 | P0=fixed,ENSO,50,False,avg4,Failed,—,—,—,REJECT,no EM result / insufficient complete data,,,,,,,,,,,,,,,,
ZAF,ENSO | lag1 | KF | coeff=avg4 | EM=50 | P0=update,ENSO,50,True,avg4,Failed,—,—,—,REJECT,no EM result / insufficient complete data,,,,,,,,,,,,,,,,
ZAF,ENSO+HeatDry | lag1 | KF | coeff=avg4 | EM=20 | P0=update,ENSO+HeatDry,20,True,avg4,Failed,—,—,—,REJECT,no EM result / insufficient complete data,,,,,,,,,,,,,,,,
ZAF,ENSO+HeatDry | lag1 | KF | coeff=avg4 | EM=30 | P0=fixed,ENSO+HeatDry,30,False,avg4,Failed,—,—,—,REJECT,no EM result / insufficient complete data,,,,,,,,,,,,,,,,
ZAF,ENSO+HeatDry | lag1 | KF | coeff=avg4 | EM=30 | P0=update,ENSO+HeatDry,30,True,avg4,Failed,—,—,—,REJECT,no EM result / insufficient complete data,,,,,,,,,,,,,,,,
ZAF,ENSO+HeatDry | lag1 | KF | coeff=avg4 | EM=50 | P0=fixed,ENSO+HeatDry,50,False,avg4,Failed,—,—,—,REJECT,no EM result / insufficient complete data,,,,,,,,,,,,,,,,
ZAF,ENSO+HeatDry | lag1 | KF | coeff=avg4 | EM=50 | P0=update,ENSO+HeatDry,50,True,avg4,Failed,—,—,—,REJECT,no EM result / insufficient complete data,,,,,,,,,,,,,,,,
ZAF,ENSO+HeatDryF | lag1 | KF | coeff=avg4 | EM=20 | P0=fixed,ENSO+HeatDryF,20,False,avg4,Failed,—,—,—,REJECT,no EM result / insufficient complete data,,,,,,,,,,,,,,,,
ZAF,ENSO+HeatDryF | lag1 | KF | coeff=avg4 | EM=30 | P0=fixed,ENSO+HeatDryF,30,False,avg4,Failed,—,—,—,REJECT,no EM result / insufficient complete data,,,,,,,,,,,,,,,,
ZAF,ENSO+HeatDryF | lag1 | KF | coeff=avg4 | EM=50 | P0=fixed,ENSO+HeatDryF,50,False,avg4,Failed,—,—,—,REJECT,no EM result / insufficient complete data,,,,,,,,,,,,,,,,
ZAF,HeatDry | lag1 | KF | coeff=avg4 | EM=20 | P0=fixed,HeatDry,20,False,avg4,Failed,—,—,—,REJECT,no EM result / insufficient complete data,,,,,,,,,,,,,,,,
ZAF,HeatDry | lag1 | KF | coeff=avg4 | EM=20 | P0=update,HeatDry,20,True,avg4,Failed,—,—,—,REJECT,no EM result / insufficient complete data,,,,,,,,,,,,,,,,
ZAF,HeatDry | lag1 | KF | coeff=avg4 | EM=30 | P0=fixed,HeatDry,30,False,avg4,Failed,—,—,—,REJECT,no EM result / insufficient complete data,,,,,,,,,,,,,,,,
ZAF,HeatDry | lag1 | KF | coeff=avg4 | EM=30 | P0=update,HeatDry,30,True,avg4,Failed,—,—,—,REJECT,no EM result / insufficient complete data,,,,,,,,,,,,,,,,
ZAF,HeatDry | lag1 | KF | coeff=avg4 | EM=50 | P0=fixed,HeatDry,50,False,avg4,Failed,—,—,—,REJECT,no EM result / insufficient complete data,,,,,,,,,,,,,,,,
ZAF,HeatDry | lag1 | KF | coeff=avg4 | EM=50 | P0=update,HeatDry,50,True,avg4,Failed,—,—,—,REJECT,no EM result / insufficient complete data,,,,,,,,,,,,,,,,
ZAF,HeatDryF | lag1 | KF | coeff=avg4 | EM=20 | P0=fixed,HeatDryF,20,False,avg4,Failed,—,—,—,REJECT,exception: LinAlgError: SVD did not converge,,,,,,,,,,,,,,,,
ZAF,HeatDryF | lag1 | KF | coeff=avg4 | EM=20 | P0=update,HeatDryF,20,True,avg4,Failed,—,—,—,REJECT,exception: LinAlgError: SVD did not converge,,,,,,,,,,,,,,,,
ZAF,HeatDryF | lag1 | KF | coeff=avg4 | EM=30 | P0=fixed,HeatDryF,30,False,avg4,Failed,—,—,—,REJECT,no EM result / insufficient complete data,,,,,,,,,,,,,,,,
ZAF,HeatDryF | lag1 | KF | coeff=avg4 | EM=30 | P0=update,HeatDryF,30,True,avg4,Failed,—,—,—,REJECT,no EM result / insufficient complete data,,,,,,,,,,,,,,,,
ZAF,HeatDryF | lag1 | KF | coeff=avg4 | EM=50 | P0=fixed,HeatDryF,50,False,avg4,Failed,—,—,—,REJECT,no EM result / insufficient complete data,,,,,,,,,,,,,,,,
ZAF,HeatDryF | lag1 | KF | coeff=avg4 | EM=50 | P0=update,HeatDryF,50,True,avg4,Failed,—,—,—,REJECT,no EM result / insufficient complete data,,,,,,,,,,,,,,,,
ZAF,OIL_YoY+HeatDry | lag1 | KF | coeff=avg4 | EM=20 | P0=fixed,OIL_YoY+HeatDry,20,False,avg4,Failed,—,—,—,REJECT,exception: LinAlgError: SVD did not converge,,,,,,,,,,,,,,,,
ZAF,OIL_YoY+HeatDry | lag1 | KF | coeff=avg4 | EM=20 | P0=update,OIL_YoY+HeatDry,20,True,avg4,Failed,—,—,—,REJECT,exception: LinAlgError: SVD did not converge,,,,,,,,,,,,,,,,
ZAF,OIL_YoY+HeatDry | lag1 | KF | coeff=avg4 | EM=30 | P0=fixed,OIL_YoY+HeatDry,30,False,avg4,Failed,—,—,—,REJECT,no EM result / insufficient complete data,,,,,,,,,,,,,,,,
ZAF,OIL_YoY+HeatDry | lag1 | KF | coeff=avg4 | EM=30 | P0=update,OIL_YoY+HeatDry,30,True,avg4,Failed,—,—,—,REJECT,no EM result / insufficient complete data,,,,,,,,,,,,,,,,
ZAF,OIL_YoY+HeatDry | lag1 | KF | coeff=avg4 | EM=50 | P0=fixed,OIL_YoY+HeatDry,50,False,avg4,Failed,—,—,—,REJECT,no EM result / insufficient complete data,,,,,,,,,,,,,,,,
ZAF,OIL_YoY+HeatDry | lag1 | KF | coeff=avg4 | EM=50 | P0=update,OIL_YoY+HeatDry,50,True,avg4,Failed,—,—,—,REJECT,no EM result / insufficient complete data,,,,,,,,,,,,,,,,
ZAF,ENSO | lag1 | KF | coeff=avg8 | EM=20 | P0=fixed,ENSO,20,False,avg8,Failed,—,—,—,REJECT,exception: LinAlgError: SVD did not converge,,,,,,,,,,,,,,,,
ZAF,ENSO | lag1 | KF | coeff=avg8 | EM=20 | P0=update,ENSO,20,True,avg8,Failed,—,—,—,REJECT,no EM result / insufficient complete data,,,,,,,,,,,,,,,,
ZAF,ENSO | lag1 | KF | coeff=avg8 | EM=30 | P0=fixed,ENSO,30,False,avg8,Failed,—,—,—,REJECT,no EM result / insufficient complete data,,,,,,,,,,,,,,,,
ZAF,ENSO | lag1 | KF | coeff=avg8 | EM=30 | P0=update,ENSO,30,True,avg8,Failed,—,—,—,REJECT,no EM result / insufficient complete data,,,,,,,,,,,,,,,,
ZAF,ENSO | lag1 | KF | coeff=avg8 | EM=50 | P0=fixed,ENSO,50,False,avg8,Failed,—,—,—,REJECT,no EM result / insufficient complete data,,,,,,,,,,,,,,,,
ZAF,ENSO | lag1 | KF | coeff=avg8 | EM=50 | P0=update,ENSO,50,True,avg8,Failed,—,—,—,REJECT,no EM result / insufficient complete data,,,,,,,,,,,,,,,,
ZAF,ENSO+HeatDry | lag1 | KF | coeff=avg8 | EM=20 | P0=update,ENSO+HeatDry,20,True,avg8,Failed,—,—,—,REJECT,no EM result / insufficient complete data,,,,,,,,,,,,,,,,
ZAF,ENSO+HeatDry | lag1 | KF | coeff=avg8 | EM=30 | P0=fixed,ENSO+HeatDry,30,False,avg8,Failed,—,—,—,REJECT,no EM result / insufficient complete data,,,,,,,,,,,,,,,,
ZAF,ENSO+HeatDry | lag1 | KF | coeff=avg8 | EM=30 | P0=update,ENSO+HeatDry,30,True,avg8,Failed,—,—,—,REJECT,no EM result / insufficient complete data,,,,,,,,,,,,,,,,
ZAF,ENSO+HeatDry | lag1 | KF | coeff=avg8 | EM=50 | P0=fixed,ENSO+HeatDry,50,False,avg8,Failed,—,—,—,REJECT,no EM result / insufficient complete data,,,,,,,,,,,,,,,,
ZAF,ENSO+HeatDry | lag1 | KF | coeff=avg8 | EM=50 | P0=update,ENSO+HeatDry,50,True,avg8,Failed,—,—,—,REJECT,no EM result / insufficient complete data,,,,,,,,,,,,,,,,
ZAF,ENSO+HeatDryF | lag1 | KF | coeff=avg8 | EM=20 | P0=fixed,ENSO+HeatDryF,20,False,avg8,Failed,—,—,—,REJECT,no EM result / insufficient complete data,,,,,,,,,,,,,,,,
ZAF,ENSO+HeatDryF | lag1 | KF | coeff=avg8 | EM=30 | P0=fixed,ENSO+HeatDryF,30,False,avg8,Failed,—,—,—,REJECT,no EM result / insufficient complete data,,,,,,,,,,,,,,,,
ZAF,ENSO+HeatDryF | lag1 | KF | coeff=avg8 | EM=50 | P0=fixed,ENSO+HeatDryF,50,False,avg8,Failed,—,—,—,REJECT,no EM result / insufficient complete data,,,,,,,,,,,,,,,,
ZAF,HeatDry | lag1 | KF | coeff=avg8 | EM=20 | P0=fixed,HeatDry,20,False,avg8,Failed,—,—,—,REJECT,no EM result / insufficient complete data,,,,,,,,,,,,,,,,
ZAF,HeatDry | lag1 | KF | coeff=avg8 | EM=20 | P0=update,HeatDry,20,True,avg8,Failed,—,—,—,REJECT,no EM result / insufficient complete data,,,,,,,,,,,,,,,,
ZAF,HeatDry | lag1 | KF | coeff=avg8 | EM=30 | P0=fixed,HeatDry,30,False,avg8,Failed,—,—,—,REJECT,no EM result / insufficient complete data,,,,,,,,,,,,,,,,
ZAF,HeatDry | lag1 | KF | coeff=avg8 | EM=30 | P0=update,HeatDry,30,True,avg8,Failed,—,—,—,REJECT,no EM result / insufficient complete data,,,,,,,,,,,,,,,,
ZAF,HeatDry | lag1 | KF | coeff=avg8 | EM=50 | P0=fixed,HeatDry,50,False,avg8,Failed,—,—,—,REJECT,no EM result / insufficient complete data,,,,,,,,,,,,,,,,
ZAF,HeatDry | lag1 | KF | coeff=avg8 | EM=50 | P0=update,HeatDry,50,True,avg8,Failed,—,—,—,REJECT,no EM result / insufficient complete data,,,,,,,,,,,,,,,,
ZAF,HeatDryF | lag1 | KF | coeff=avg8 | EM=20 | P0=fixed,HeatDryF,20,False,avg8,Failed,—,—,—,REJECT,exception: LinAlgError: SVD did not converge,,,,,,,,,,,,,,,,
ZAF,HeatDryF | lag1 | KF | coeff=avg8 | EM=20 | P0=update,HeatDryF,20,True,avg8,Failed,—,—,—,REJECT,exception: LinAlgError: SVD did not converge,,,,,,,,,,,,,,,,
ZAF,HeatDryF | lag1 | KF | coeff=avg8 | EM=30 | P0=fixed,HeatDryF,30,False,avg8,Failed,—,—,—,REJECT,no EM result / insufficient complete data,,,,,,,,,,,,,,,,
ZAF,HeatDryF | lag1 | KF | coeff=avg8 | EM=30 | P0=update,HeatDryF,30,True,avg8,Failed,—,—,—,REJECT,no EM result / insufficient complete data,,,,,,,,,,,,,,,,
ZAF,HeatDryF | lag1 | KF | coeff=avg8 | EM=50 | P0=fixed,HeatDryF,50,False,avg8,Failed,—,—,—,REJECT,no EM result / insufficient complete data,,,,,,,,,,,,,,,,
ZAF,HeatDryF | lag1 | KF | coeff=avg8 | EM=50 | P0=update,HeatDryF,50,True,avg8,Failed,—,—,—,REJECT,no EM result / insufficient complete data,,,,,,,,,,,,,,,,
ZAF,OIL_YoY+HeatDry | lag1 | KF | coeff=avg8 | EM=20 | P0=fixed,OIL_YoY+HeatDry,20,False,avg8,Failed,—,—,—,REJECT,exception: LinAlgError: SVD did not converge,,,,,,,,,,,,,,,,
ZAF,OIL_YoY+HeatDry | lag1 | KF | coeff=avg8 | EM=20 | P0=update,OIL_YoY+HeatDry,20,True,avg8,Failed,—,—,—,REJECT,exception: LinAlgError: SVD did not converge,,,,,,,,,,,,,,,,
ZAF,OIL_YoY+HeatDry | lag1 | KF | coeff=avg8 | EM=30 | P0=fixed,OIL_YoY+HeatDry,30,False,avg8,Failed,—,—,—,REJECT,no EM result / insufficient complete data,,,,,,,,,,,,,,,,
ZAF,OIL_YoY+HeatDry | lag1 | KF | coeff=avg8 | EM=30 | P0=update,OIL_YoY+HeatDry,30,True,avg8,Failed,—,—,—,REJECT,no EM result / insufficient complete data,,,,,,,,,,,,,,,,
ZAF,OIL_YoY+HeatDry | lag1 | KF | coeff=avg8 | EM=50 | P0=fixed,OIL_YoY+HeatDry,50,False,avg8,Failed,—,—,—,REJECT,no EM result / insufficient complete data,,,,,,,,,,,,,,,,
ZAF,OIL_YoY+HeatDry | lag1 | KF | coeff=avg8 | EM=50 | P0=update,OIL_YoY+HeatDry,50,True,avg8,Failed,—,—,—,REJECT,no EM result / insufficient complete data,,,,,,,,,,,,,,,,
ZAF,ENSO | lag1 | KF | coeff=avg8 | EM=10 | P0=fixed,ENSO,10,False,avg8,Explosive,Unstable,Explosive,Extreme,REJECT,dynamic instability: rho=12.42; dynamic amplification: max ||A^k||2=52941.4; coefficient explosion: max |theta|=51.0,12.416240534570143,52941.42594865221,52941.42594865221,51.008093840741104,23.816766114273026,14662.001532203943,15841.772556417764,7657.235328478149,10995.146364081646,1.3845066010929514,14663.265113069769,4.0,2026Q2,2026Q3,2027Q2,True
ZAF,HeatDryF | lag1 | KF | coeff=avg8 | EM=10 | P0=fixed,HeatDryF,10,False,avg8,Explosive,Borderline,Explosive,Extreme,REJECT,dynamic instability: rho=11.57; dynamic amplification: max ||A^k||2=4731939.7; unrealistic GDP/CPI level: max abs=1060196.0,11.570861423313996,4731939.733029835,4731939.733029835,16.79234573584447,1.9702196694675962,1060195.9679888438,1151816.8350694221,99488.50579589361,500300.86351813417,0.935563786615603,1060195.8756784974,6.0,2026Q2,2026Q3,2027Q4,True
ZAF,ENSO | lag1 | KF | coeff=avg4 | EM=10 | P0=fixed,ENSO,10,False,avg4,Explosive,Unstable,Explosive,Extreme,REJECT,dynamic instability: rho=43.75; dynamic amplification: max ||A^k||2=7385755.8; coefficient explosion: max |theta|=51.0,43.747249484875546,7385755.842729098,7385755.842729098,51.008093840741104,23.816766114273026,1826538.8103675852,1868290.0621655954,282880.29021108896,427385.06449355447,1.4396819166695423,1826540.2217521104,4.0,2026Q2,2026Q3,2027Q2,True
ZAF,ENSO+HeatDryF | lag1 | KF | coeff=avg4 | EM=10 | P0=fixed,ENSO+HeatDryF,10,False,avg4,Explosive,Unstable,Explosive,Extreme,REJECT,dynamic instability: rho=31.37; dynamic amplification: max ||A^k||2=8617049.8; coefficient explosion: max |theta|=195.4,31.3682318488418,8617049.752778562,8617049.752778562,195.35306050061237,11.934667430396871,3973546.233996579,3846878.866176012,377298.0002331883,203716.69612142298,0.9568871162493906,3973546.8917164057,4.0,2026Q2,2026Q3,2027Q2,True
ZAF,HeatDryF | lag1 | KF | coeff=avg4 | EM=10 | P0=fixed,HeatDryF,10,False,avg4,Explosive,Borderline,Explosive,Extreme,REJECT,dynamic instability: rho=13.29; dynamic amplification: max ||A^k||2=9178688.6; unrealistic GDP/CPI level: max abs=1905839.1,13.291948287044653,9178688.560723782,9178688.560723782,16.79234573584447,1.9702196694675962,1905839.1280368082,2049216.6983275728,164311.2451861233,821018.0208235481,0.9599527367563496,1905839.0233473233,6.0,2026Q2,2026Q3,2027Q4,True
ZAF,ENSO+HeatDryF | lag1 | KF | coeff=avg8 | EM=10 | P0=fixed,ENSO+HeatDryF,10,False,avg8,Explosive,Unstable,Explosive,Extreme,REJECT,dynamic instability: rho=35.04; dynamic amplification: max ||A^k||2=11933107.1; coefficient explosion: max |theta|=195.4,35.04358751880758,11933107.09334932,11933107.09334932,195.35306050061237,11.934667430396871,5471042.06663537,5314927.455505874,470173.5892929919,257143.1966548232,0.9420302035287023,5471042.337552428,4.0,2026Q2,2026Q3,2027Q2,True
ZAF,HeatDryF | lag1 | KF | coeff=avg4 | EM=10 | P0=update,HeatDryF,10,True,avg4,Explosive,Borderline,Explosive,Extreme,REJECT,dynamic instability: rho=15.64; dynamic amplification: max ||A^k||2=35648429.6; unrealistic GDP/CPI level: max abs=5602754.7,15.636076998461066,35648429.5998732,35648429.5998732,21.139300729761167,3.457379113178199,5602754.703466943,5244436.187974584,842297.5418344787,3477499.8835321963,1.1427178640733473,5602754.352216146,6.0,2026Q2,2026Q3,2027Q4,True
ZAF,HeatDryF | lag1 | KF | coeff=avg8 | EM=10 | P0=update,HeatDryF,10,True,avg8,Explosive,Borderline,Explosive,Extreme,REJECT,dynamic instability: rho=16.14; dynamic amplification: max ||A^k||2=39946237.9; unrealistic GDP/CPI level: max abs=6106962.9,16.1406966107314,39946237.94864236,39946237.94864236,21.139300729761167,3.457379113178199,6106962.911035961,5728608.691122369,900871.2028939612,3725895.515334114,1.028140798676759,6106962.590398988,6.0,2026Q2,2026Q3,2027Q4,True
ZAF,HeatDry | lag1 | KF | coeff=avg8 | EM=10 | P0=fixed,HeatDry,10,False,avg8,Explosive,Unstable,Explosive,Extreme,REJECT,dynamic instability: rho=26.37; dynamic amplification: max ||A^k||2=462780369.9; coefficient explosion: max |theta|=38.6,26.36828415437675,462780369.88483655,462780369.88483655,38.55169121637971,6.190570535242081,10346503.916361194,9954124.652424367,1903836.9211058796,12511404.442586353,1.9128774877972319,10346503.992854808,6.0,2026Q2,2026Q3,2027Q4,True
ZAF,HeatDry | lag1 | KF | coeff=avg4 | EM=10 | P0=fixed,HeatDry,10,False,avg4,Explosive,Unstable,Explosive,Extreme,REJECT,dynamic instability: rho=32.45; dynamic amplification: max ||A^k||2=1663033404.3; coefficient explosion: max |theta|=38.6,32.44733689820652,1663033404.2612276,1663033404.2612276,38.55169121637971,6.190570535242081,41308071.04609425,40034995.70508,5210970.264109588,36389376.511950955,1.7651056572030939,41308071.12861115,6.0,2026Q2,2026Q3,2027Q4,True
ZAF,OIL_YoY+HeatDry | lag1 | KF | coeff=avg8 | EM=10 | P0=fixed,OIL_YoY+HeatDry,10,False,avg8,Explosive,Unstable,Explosive,Extreme,REJECT,dynamic instability: rho=35.38; dynamic amplification: max ||A^k||2=2779562394.0; coefficient explosion: max |theta|=33.9,35.376843368058665,2779562394.01368,2779562394.01368,33.89699096364672,3.9981496346357908,533072427.94951457,518004033.5736393,75227007.84270215,436784787.98391247,2.287780961021781,533072426.5579012,6.0,2026Q2,2026Q3,2027Q4,True
ZAF,OIL_YoY+HeatDry | lag1 | KF | coeff=avg4 | EM=10 | P0=fixed,OIL_YoY+HeatDry,10,False,avg4,Explosive,Unstable,Explosive,Extreme,REJECT,dynamic instability: rho=40.35; dynamic amplification: max ||A^k||2=5875950490.0; coefficient explosion: max |theta|=33.9,40.34902586901659,5875950489.955566,5875950489.955566,33.89699096364672,3.9981496346357908,1091881083.0077424,1064820184.6509628,136887344.1655643,775398426.7665892,2.115354932844639,1091881081.53475,6.0,2026Q2,2026Q3,2027Q4,True
ZAF,ENSO | lag1 | KF | coeff=avg4 | EM=10 | P0=update,ENSO,10,True,avg4,Explosive,Unstable,Explosive,Extreme,REJECT,dynamic instability: rho=333.66; dynamic amplification: max ||A^k||2=21028752867.3; coefficient explosion: max |theta|=291.0,333.6647520206933,21028752867.307095,21028752867.307095,291.0379061148529,6.982894984029542,4869278865.9040365,4854685534.593976,246537933.82180405,169191145.20761737,0.4035530090332031,4869278866.30759,4.0,2026Q2,2026Q3,2027Q2,True
ZAF,OIL_YoY+HeatDry | lag1 | KF | coeff=avg8 | EM=10 | P0=update,OIL_YoY+HeatDry,10,True,avg8,Explosive,Unstable,Explosive,Extreme,REJECT,dynamic instability: rho=48.20; dynamic amplification: max ||A^k||2=22295846971.7; coefficient explosion: max |theta|=41.0,48.197786846924096,22295846971.74884,22295846971.74884,41.005371499865994,2.6541331928442915,4477142600.644404,4570033636.855258,689939976.2558236,2620480665.035381,1.7997244745492935,4477142601.687236,6.0,2026Q2,2026Q3,2027Q4,True
ZAF,ENSO | lag1 | KF | coeff=avg8 | EM=10 | P0=update,ENSO,10,True,avg8,Explosive,Unstable,Explosive,Extreme,REJECT,dynamic instability: rho=337.67; dynamic amplification: max ||A^k||2=22316254998.6; coefficient explosion: max |theta|=291.0,337.67395173249747,22316254998.553596,22316254998.553596,291.0379061148529,6.982894984029542,5162849425.003383,5147559969.67157,257304747.42704582,178235651.6816974,0.7059907913208008,5162849425.709373,4.0,2026Q2,2026Q3,2027Q2,True
ZAF,OIL_YoY+HeatDry | lag1 | KF | coeff=avg4 | EM=10 | P0=update,OIL_YoY+HeatDry,10,True,avg4,Explosive,Unstable,Explosive,Extreme,REJECT,dynamic instability: rho=49.01; dynamic amplification: max ||A^k||2=23726114290.1; coefficient explosion: max |theta|=41.0,49.00776377235233,23726114290.063118,23726114290.063118,41.005371499865994,2.6541331928442915,4784604617.173398,4882234136.749737,724824633.3775282,2700983417.5540295,1.434236854314804,4784604618.232483,6.0,2026Q2,2026Q3,2027Q4,True
ZAF,HeatDry | lag1 | KF | coeff=avg8 | EM=10 | P0=update,HeatDry,10,True,avg8,Explosive,Unstable,Explosive,Extreme,REJECT,dynamic instability: rho=73.57; dynamic amplification: max ||A^k||2=173513999132.6; coefficient explosion: max |theta|=54.5,73.56688224181995,173513999132.60355,173513999132.60355,54.49170785514719,3.2293281644831175,2848567696.967869,2887288481.192573,1335912324.4790087,4855631560.688197,1.6660864651203156,2848567697.727082,6.0,2026Q2,2026Q3,2027Q4,True
ZAF,HeatDry | lag1 | KF | coeff=avg4 | EM=10 | P0=update,HeatDry,10,True,avg4,Explosive,Unstable,Explosive,Extreme,REJECT,dynamic instability: rho=74.29; dynamic amplification: max ||A^k||2=182556986498.9; coefficient explosion: max |theta|=54.5,74.2903338517906,182556986498.87155,182556986498.87155,54.49170785514719,3.2293281644831175,3094460213.000252,3136113813.536464,1409091905.8556666,5152163234.670281,1.7398522049188614,3094460213.785863,6.0,2026Q2,2026Q3,2027Q4,True
ZAF,ENSO+HeatDry | lag1 | KF | coeff=avg4 | EM=20 | P0=fixed,ENSO+HeatDry,20,False,avg4,Explosive,Unstable,Explosive,Extreme,REJECT,dynamic instability: rho=21597678946648378425682486848140966774117562599866368.00; dynamic amplification: max ||A^k||2=983044515012781724320348575723244613809405367055365848225612535615430951042901503446659202048022219908452199166205957943775900853143313693809214666847041843056559129473343103146345249743632080890042696482160640.0; coefficient explosion: max |theta|=48374494537940724629726603366394298883255284344553472.0,2.1597678946648378e+52,9.830445150127817e+209,9.830445150127817e+209,4.837449453794072e+52,2.5978864466653565e+51,4.042191883343928e+259,4.042191883343928e+259,inf,,0.0,4.042191883343928e+259,4.0,2026Q2,2026Q3,2027Q2,True
ZAF,ENSO+HeatDry | lag1 | KF | coeff=avg8 | EM=20 | P0=fixed,ENSO+HeatDry,20,False,avg8,Explosive,Unstable,Explosive,Extreme,REJECT,dynamic instability: rho=22594425201029647256457942392173391763823904927252480.00; dynamic amplification: max ||A^k||2=1128628583708667121460056492377154361890596063477105481787162653408692912045538413719721129223284237710986472981159870685045382628744732708480228379429618289610596389953342331406881513844998631499159168834600960.0; coefficient explosion: max |theta|=48374494537940724629726603366394298883255284344553472.0,2.2594425201029647e+52,1.1286285837086671e+210,1.1286285837086671e+210,4.837449453794072e+52,2.5978864466653565e+51,4.620451420290689e+259,4.620451420290689e+259,inf,,0.0,4.620451420290689e+259,4.0,2026Q2,2026Q3,2027Q2,True
ZAF,ENSO+HeatDry | lag1 | KF | coeff=last | EM=20 | P0=fixed,ENSO+HeatDry,20,False,last,Explosive,Unstable,Explosive,Extreme,REJECT,dynamic instability: rho=42153823369811932851810863909710205804524856827445248.00; dynamic amplification: max ||A^k||2=10080337987372236306293594822171332008657668192979601327072016591367434913491549103129052775938087458412189932983933917540398416257617981728148103238455650561591963563442633797331518235219178066519969686771204096.0; coefficient explosion: max |theta|=67452424797750666523075161349210442103648277753757696.0,4.2153823369811933e+52,1.0080337987372236e+211,1.0080337987372236e+211,6.745242479775067e+52,2.5978864466653565e+51,6.026723119001558e+260,6.026723119001558e+260,inf,,0.0,6.026723119001558e+260,4.0,2026Q2,2026Q3,2027Q2,True
