Domain Code,Domain,Area Code (M49),Area,Element Code,Element,Item Code (CPC),Item,Year Code,Year,Unit,Value,Flag,Flag Description
"QV","Value of Agricultural Production","008","Albania","58","Gross Production Value (constant 2014-2016 thousand US$)","0112","Maize (corn)","2014","2014","1000 USD","118799","E","Estimated value"
"QV","Value of Agricultural Production","008","Albania","58","Gross Production Value (constant 2014-2016 thousand US$)","0112","Maize (corn)","2015","2015","1000 USD","118799","E","Estimated value"
"QV","Value of Agricultural Production","008","Albania","58","Gross Production Value (constant 2014-2016 thousand US$)","0112","Maize (corn)","2016","2016","1000 USD","118710","E","Estimated value"
"QV","Value of Agricultural Production","008","Albania","58","Gross Production Value (constant 2014-2016 thousand US$)","0112","Maize (corn)","2017","2017","1000 USD","119130","E","Estimated value"
"QV","Value of Agricultural Production","008","Albania","58","Gross Production Value (constant 2014-2016 thousand US$)","0112","Maize (corn)","2018","2018","1000 USD","122271","E","Estimated value"
"QV","Value of Agricultural Production","008","Albania","58","Gross Production Value (constant 2014-2016 thousand US$)","0112","Maize (corn)","2019","2019","1000 USD","121598","E","Estimated value"
"QV","Value of Agricultural Production","008","Albania","58","Gross Production Value (constant 2014-2016 thousand US$)","0112","Maize (corn)","2020","2020","1000 USD","124778","E","Estimated value"
"QV","Value of Agricultural Production","008","Albania","58","Gross Production Value (constant 2014-2016 thousand US$)","0112","Maize (corn)","2021","2021","1000 USD","129513","E","Estimated value"
"QV","Value of Agricultural Production","008","Albania","58","Gross Production Value (constant 2014-2016 thousand US$)","0112","Maize (corn)","2022","2022","1000 USD","125496","E","Estimated value"
"QV","Value of Agricultural Production","008","Albania","58","Gross Production Value (constant 2014-2016 thousand US$)","0112","Maize (corn)","2023","2023","1000 USD","127902","E","Estimated value"
"QV","Value of Agricultural Production","008","Albania","58","Gross Production Value (constant 2014-2016 thousand US$)","0112","Maize (corn)","2024","2024","1000 USD","128315","E","Estimated value"
"QV","Value of Agricultural Production","008","Albania","58","Gross Production Value (constant 2014-2016 thousand US$)","0141","Soya beans","2014","2014","1000 USD","265","E","Estimated value"
"QV","Value of Agricultural Production","008","Albania","58","Gross Production Value (constant 2014-2016 thousand US$)","0141","Soya beans","2015","2015","1000 USD","379","E","Estimated value"
"QV","Value of Agricultural Production","008","Albania","58","Gross Production Value (constant 2014-2016 thousand US$)","0141","Soya beans","2016","2016","1000 USD","504","E","Estimated value"
"QV","Value of Agricultural Production","008","Albania","58","Gross Production Value (constant 2014-2016 thousand US$)","0141","Soya beans","2017","2017","1000 USD","379","E","Estimated value"
"QV","Value of Agricultural Production","008","Albania","58","Gross Production Value (constant 2014-2016 thousand US$)","0141","Soya beans","2018","2018","1000 USD","564","E","Estimated value"
"QV","Value of Agricultural Production","008","Albania","58","Gross Production Value (constant 2014-2016 thousand US$)","0141","Soya beans","2019","2019","1000 USD","459","E","Estimated value"
"QV","Value of Agricultural Production","008","Albania","58","Gross Production Value (constant 2014-2016 thousand US$)","0141","Soya beans","2020","2020","1000 USD","334","E","Estimated value"
"QV","Value of Agricultural Production","008","Albania","58","Gross Production Value (constant 2014-2016 thousand US$)","0141","Soya beans","2021","2021","1000 USD","283","E","Estimated value"
"QV","Value of Agricultural Production","008","Albania","58","Gross Production Value (constant 2014-2016 thousand US$)","0141","Soya beans","2022","2022","1000 USD","520","E","Estimated value"
"QV","Value of Agricultural Production","008","Albania","58","Gross Production Value (constant 2014-2016 thousand US$)","0141","Soya beans","2023","2023","1000 USD","394","E","Estimated value"
"QV","Value of Agricultural Production","008","Albania","58","Gross Production Value (constant 2014-2016 thousand US$)","0141","Soya beans","2024","2024","1000 USD","617","E","Estimated value"
"QV","Value of Agricultural Production","008","Albania","58","Gross Production Value (constant 2014-2016 thousand US$)","0111","Wheat","2014","2014","1000 USD","89491","E","Estimated value"
"QV","Value of Agricultural Production","008","Albania","58","Gross Production Value (constant 2014-2016 thousand US$)","0111","Wheat","2015","2015","1000 USD","87893","E","Estimated value"
"QV","Value of Agricultural Production","008","Albania","58","Gross Production Value (constant 2014-2016 thousand US$)","0111","Wheat","2016","2016","1000 USD","87893","E","Estimated value"
"QV","Value of Agricultural Production","008","Albania","58","Gross Production Value (constant 2014-2016 thousand US$)","0111","Wheat","2017","2017","1000 USD","87853","E","Estimated value"
"QV","Value of Agricultural Production","008","Albania","58","Gross Production Value (constant 2014-2016 thousand US$)","0111","Wheat","2018","2018","1000 USD","76800","E","Estimated value"
"QV","Value of Agricultural Production","008","Albania","58","Gross Production Value (constant 2014-2016 thousand US$)","0111","Wheat","2019","2019","1000 USD","74539","E","Estimated value"
"QV","Value of Agricultural Production","008","Albania","58","Gross Production Value (constant 2014-2016 thousand US$)","0111","Wheat","2020","2020","1000 USD","74607","E","Estimated value"
"QV","Value of Agricultural Production","008","Albania","58","Gross Production Value (constant 2014-2016 thousand US$)","0111","Wheat","2021","2021","1000 USD","71967","E","Estimated value"
"QV","Value of Agricultural Production","008","Albania","58","Gross Production Value (constant 2014-2016 thousand US$)","0111","Wheat","2022","2022","1000 USD","74515","E","Estimated value"
"QV","Value of Agricultural Production","008","Albania","58","Gross Production Value (constant 2014-2016 thousand US$)","0111","Wheat","2023","2023","1000 USD","74656","E","Estimated value"
"QV","Value of Agricultural Production","008","Albania","58","Gross Production Value (constant 2014-2016 thousand US$)","0111","Wheat","2024","2024","1000 USD","57789","E","Estimated value"
"QV","Value of Agricultural Production","012","Algeria","58","Gross Production Value (constant 2014-2016 thousand US$)","0112","Maize (corn)","2014","2014","1000 USD","701","E","Estimated value"
"QV","Value of Agricultural Production","012","Algeria","58","Gross Production Value (constant 2014-2016 thousand US$)","0112","Maize (corn)","2015","2015","1000 USD","761","E","Estimated value"
"QV","Value of Agricultural Production","012","Algeria","58","Gross Production Value (constant 2014-2016 thousand US$)","0112","Maize (corn)","2016","2016","1000 USD","1005","E","Estimated value"
"QV","Value of Agricultural Production","012","Algeria","58","Gross Production Value (constant 2014-2016 thousand US$)","0112","Maize (corn)","2017","2017","1000 USD","718","E","Estimated value"
"QV","Value of Agricultural Production","012","Algeria","58","Gross Production Value (constant 2014-2016 thousand US$)","0112","Maize (corn)","2018","2018","1000 USD","1502","E","Estimated value"
"QV","Value of Agricultural Production","012","Algeria","58","Gross Production Value (constant 2014-2016 thousand US$)","0112","Maize (corn)","2019","2019","1000 USD","1735","E","Estimated value"
"QV","Value of Agricultural Production","012","Algeria","58","Gross Production Value (constant 2014-2016 thousand US$)","0112","Maize (corn)","2020","2020","1000 USD","878","E","Estimated value"
"QV","Value of Agricultural Production","012","Algeria","58","Gross Production Value (constant 2014-2016 thousand US$)","0112","Maize (corn)","2021","2021","1000 USD","5039","E","Estimated value"
"QV","Value of Agricultural Production","012","Algeria","58","Gross Production Value (constant 2014-2016 thousand US$)","0112","Maize (corn)","2022","2022","1000 USD","2998","E","Estimated value"
"QV","Value of Agricultural Production","012","Algeria","58","Gross Production Value (constant 2014-2016 thousand US$)","0112","Maize (corn)","2023","2023","1000 USD","3270","E","Estimated value"
"QV","Value of Agricultural Production","012","Algeria","58","Gross Production Value (constant 2014-2016 thousand US$)","0112","Maize (corn)","2024","2024","1000 USD","3270","E","Estimated value"
"QV","Value of Agricultural Production","012","Algeria","58","Gross Production Value (constant 2014-2016 thousand US$)","0113","Rice","2014","2014","1000 USD","140","E","Estimated value"
"QV","Value of Agricultural Production","012","Algeria","58","Gross Production Value (constant 2014-2016 thousand US$)","0113","Rice","2015","2015","1000 USD","123","E","Estimated value"
"QV","Value of Agricultural Production","012","Algeria","58","Gross Production Value (constant 2014-2016 thousand US$)","0113","Rice","2016","2016","1000 USD","135","E","Estimated value"
"QV","Value of Agricultural Production","012","Algeria","58","Gross Production Value (constant 2014-2016 thousand US$)","0113","Rice","2017","2017","1000 USD","139","E","Estimated value"
"QV","Value of Agricultural Production","012","Algeria","58","Gross Production Value (constant 2014-2016 thousand US$)","0113","Rice","2018","2018","1000 USD","132","E","Estimated value"
"QV","Value of Agricultural Production","012","Algeria","58","Gross Production Value (constant 2014-2016 thousand US$)","0113","Rice","2019","2019","1000 USD","135","E","Estimated value"
"QV","Value of Agricultural Production","012","Algeria","58","Gross Production Value (constant 2014-2016 thousand US$)","0113","Rice","2020","2020","1000 USD","136","E","Estimated value"
"QV","Value of Agricultural Production","012","Algeria","58","Gross Production Value (constant 2014-2016 thousand US$)","0113","Rice","2021","2021","1000 USD","138","E","Estimated value"
"QV","Value of Agricultural Production","012","Algeria","58","Gross Production Value (constant 2014-2016 thousand US$)","0113","Rice","2022","2022","1000 USD","137","E","Estimated value"
"QV","Value of Agricultural Production","012","Algeria","58","Gross Production Value (constant 2014-2016 thousand US$)","0113","Rice","2023","2023","1000 USD","137","E","Estimated value"
"QV","Value of Agricultural Production","012","Algeria","58","Gross Production Value (constant 2014-2016 thousand US$)","0113","Rice","2024","2024","1000 USD","137","E","Estimated value"
"QV","Value of Agricultural Production","012","Algeria","58","Gross Production Value (constant 2014-2016 thousand US$)","0111","Wheat","2014","2014","1000 USD","1150324","E","Estimated value"
"QV","Value of Agricultural Production","012","Algeria","58","Gross Production Value (constant 2014-2016 thousand US$)","0111","Wheat","2015","2015","1000 USD","1254456","E","Estimated value"
"QV","Value of Agricultural Production","012","Algeria","58","Gross Production Value (constant 2014-2016 thousand US$)","0111","Wheat","2016","2016","1000 USD","1152166","E","Estimated value"
"QV","Value of Agricultural Production","012","Algeria","58","Gross Production Value (constant 2014-2016 thousand US$)","0111","Wheat","2017","2017","1000 USD","1150469","E","Estimated value"
"QV","Value of Agricultural Production","012","Algeria","58","Gross Production Value (constant 2014-2016 thousand US$)","0111","Wheat","2018","2018","1000 USD","1879853","E","Estimated value"
"QV","Value of Agricultural Production","012","Algeria","58","Gross Production Value (constant 2014-2016 thousand US$)","0111","Wheat","2019","2019","1000 USD","1830584","E","Estimated value"
"QV","Value of Agricultural Production","012","Algeria","58","Gross Production Value (constant 2014-2016 thousand US$)","0111","Wheat","2020","2020","1000 USD","1466948","E","Estimated value"
"QV","Value of Agricultural Production","012","Algeria","58","Gross Production Value (constant 2014-2016 thousand US$)","0111","Wheat","2021","2021","1000 USD","1023869","E","Estimated value"
"QV","Value of Agricultural Production","012","Algeria","58","Gross Production Value (constant 2014-2016 thousand US$)","0111","Wheat","2022","2022","1000 USD","1416541","E","Estimated value"
"QV","Value of Agricultural Production","012","Algeria","58","Gross Production Value (constant 2014-2016 thousand US$)","0111","Wheat","2023","2023","1000 USD","1180451","E","Estimated value"
"QV","Value of Agricultural Production","012","Algeria","58","Gross Production Value (constant 2014-2016 thousand US$)","0111","Wheat","2024","2024","1000 USD","1416541","E","Estimated value"
"QV","Value of Agricultural Production","024","Angola","58","Gross Production Value (constant 2014-2016 thousand US$)","0112","Maize (corn)","2014","2014","1000 USD","551854","E","Estimated value"
"QV","Value of Agricultural Production","024","Angola","58","Gross Production Value (constant 2014-2016 thousand US$)","0112","Maize (corn)","2015","2015","1000 USD","614482","E","Estimated value"
"QV","Value of Agricultural Production","024","Angola","58","Gross Production Value (constant 2014-2016 thousand US$)","0112","Maize (corn)","2016","2016","1000 USD","732305","E","Estimated value"
"QV","Value of Agricultural Production","024","Angola","58","Gross Production Value (constant 2014-2016 thousand US$)","0112","Maize (corn)","2017","2017","1000 USD","778781","E","Estimated value"
"QV","Value of Agricultural Production","024","Angola","58","Gross Production Value (constant 2014-2016 thousand US$)","0112","Maize (corn)","2018","2018","1000 USD","904665","E","Estimated value"
"QV","Value of Agricultural Production","024","Angola","58","Gross Production Value (constant 2014-2016 thousand US$)","0112","Maize (corn)","2019","2019","1000 USD","922125","E","Estimated value"
"QV","Value of Agricultural Production","024","Angola","58","Gross Production Value (constant 2014-2016 thousand US$)","0112","Maize (corn)","2020","2020","1000 USD","972339","E","Estimated value"
"QV","Value of Agricultural Production","024","Angola","58","Gross Production Value (constant 2014-2016 thousand US$)","0112","Maize (corn)","2021","2021","1000 USD","971695","E","Estimated value"
"QV","Value of Agricultural Production","024","Angola","58","Gross Production Value (constant 2014-2016 thousand US$)","0112","Maize (corn)","2022","2022","1000 USD","1010853","E","Estimated value"
"QV","Value of Agricultural Production","024","Angola","58","Gross Production Value (constant 2014-2016 thousand US$)","0112","Maize (corn)","2023","2023","1000 USD","1051679","E","Estimated value"
"QV","Value of Agricultural Production","024","Angola","58","Gross Production Value (constant 2014-2016 thousand US$)","0112","Maize (corn)","2024","2024","1000 USD","1096748","E","Estimated value"
"QV","Value of Agricultural Production","024","Angola","58","Gross Production Value (constant 2014-2016 thousand US$)","0113","Rice","2014","2014","1000 USD","15813","E","Estimated value"
"QV","Value of Agricultural Production","024","Angola","58","Gross Production Value (constant 2014-2016 thousand US$)","0113","Rice","2015","2015","1000 USD","16948","E","Estimated value"
"QV","Value of Agricultural Production","024","Angola","58","Gross Production Value (constant 2014-2016 thousand US$)","0113","Rice","2016","2016","1000 USD","9190","E","Estimated value"
"QV","Value of Agricultural Production","024","Angola","58","Gross Production Value (constant 2014-2016 thousand US$)","0113","Rice","2017","2017","1000 USD","3525","E","Estimated value"
"QV","Value of Agricultural Production","024","Angola","58","Gross Production Value (constant 2014-2016 thousand US$)","0113","Rice","2018","2018","1000 USD","3627","E","Estimated value"
"QV","Value of Agricultural Production","024","Angola","58","Gross Production Value (constant 2014-2016 thousand US$)","0113","Rice","2019","2019","1000 USD","3778","E","Estimated value"
"QV","Value of Agricultural Production","024","Angola","58","Gross Production Value (constant 2014-2016 thousand US$)","0113","Rice","2020","2020","1000 USD","3951","E","Estimated value"
"QV","Value of Agricultural Production","024","Angola","58","Gross Production Value (constant 2014-2016 thousand US$)","0113","Rice","2021","2021","1000 USD","3932","E","Estimated value"
"QV","Value of Agricultural Production","024","Angola","58","Gross Production Value (constant 2014-2016 thousand US$)","0113","Rice","2022","2022","1000 USD","3950","E","Estimated value"
"QV","Value of Agricultural Production","024","Angola","58","Gross Production Value (constant 2014-2016 thousand US$)","0113","Rice","2023","2023","1000 USD","14894","E","Estimated value"
"QV","Value of Agricultural Production","024","Angola","58","Gross Production Value (constant 2014-2016 thousand US$)","0113","Rice","2024","2024","1000 USD","18076","E","Estimated value"
"QV","Value of Agricultural Production","024","Angola","58","Gross Production Value (constant 2014-2016 thousand US$)","0141","Soya beans","2014","2014","1000 USD","11605","E","Estimated value"
"QV","Value of Agricultural Production","024","Angola","58","Gross Production Value (constant 2014-2016 thousand US$)","0141","Soya beans","2015","2015","1000 USD","12509","E","Estimated value"
"QV","Value of Agricultural Production","024","Angola","58","Gross Production Value (constant 2014-2016 thousand US$)","0141","Soya beans","2016","2016","1000 USD","13272","E","Estimated value"
"QV","Value of Agricultural Production","024","Angola","58","Gross Production Value (constant 2014-2016 thousand US$)","0141","Soya beans","2017","2017","1000 USD","30356","E","Estimated value"
"QV","Value of Agricultural Production","024","Angola","58","Gross Production Value (constant 2014-2016 thousand US$)","0141","Soya beans","2018","2018","1000 USD","29736","E","Estimated value"
"QV","Value of Agricultural Production","024","Angola","58","Gross Production Value (constant 2014-2016 thousand US$)","0141","Soya beans","2019","2019","1000 USD","31493","E","Estimated value"
"QV","Value of Agricultural Production","024","Angola","58","Gross Production Value (constant 2014-2016 thousand US$)","0141","Soya beans","2020","2020","1000 USD","32008","E","Estimated value"
"QV","Value of Agricultural Production","024","Angola","58","Gross Production Value (constant 2014-2016 thousand US$)","0141","Soya beans","2021","2021","1000 USD","31465","E","Estimated value"
"QV","Value of Agricultural Production","024","Angola","58","Gross Production Value (constant 2014-2016 thousand US$)","0141","Soya beans","2022","2022","1000 USD","31513","E","Estimated value"
"QV","Value of Agricultural Production","024","Angola","58","Gross Production Value (constant 2014-2016 thousand US$)","0141","Soya beans","2023","2023","1000 USD","37640","E","Estimated value"
"QV","Value of Agricultural Production","024","Angola","58","Gross Production Value (constant 2014-2016 thousand US$)","0141","Soya beans","2024","2024","1000 USD","39509","E","Estimated value"
"QV","Value of Agricultural Production","028","Antigua and Barbuda","58","Gross Production Value (constant 2014-2016 thousand US$)","0112","Maize (corn)","2014","2014","1000 USD","101","E","Estimated value"
"QV","Value of Agricultural Production","028","Antigua and Barbuda","58","Gross Production Value (constant 2014-2016 thousand US$)","0112","Maize (corn)","2015","2015","1000 USD","105","E","Estimated value"
"QV","Value of Agricultural Production","028","Antigua and Barbuda","58","Gross Production Value (constant 2014-2016 thousand US$)","0112","Maize (corn)","2016","2016","1000 USD","91","E","Estimated value"
"QV","Value of Agricultural Production","028","Antigua and Barbuda","58","Gross Production Value (constant 2014-2016 thousand US$)","0112","Maize (corn)","2017","2017","1000 USD","72","E","Estimated value"
"QV","Value of Agricultural Production","028","Antigua and Barbuda","58","Gross Production Value (constant 2014-2016 thousand US$)","0112","Maize (corn)","2018","2018","1000 USD","52","E","Estimated value"
"QV","Value of Agricultural Production","028","Antigua and Barbuda","58","Gross Production Value (constant 2014-2016 thousand US$)","0112","Maize (corn)","2019","2019","1000 USD","72","E","Estimated value"
"QV","Value of Agricultural Production","028","Antigua and Barbuda","58","Gross Production Value (constant 2014-2016 thousand US$)","0112","Maize (corn)","2020","2020","1000 USD","78","E","Estimated value"
"QV","Value of Agricultural Production","028","Antigua and Barbuda","58","Gross Production Value (constant 2014-2016 thousand US$)","0112","Maize (corn)","2021","2021","1000 USD","67","E","Estimated value"
"QV","Value of Agricultural Production","028","Antigua and Barbuda","58","Gross Production Value (constant 2014-2016 thousand US$)","0112","Maize (corn)","2022","2022","1000 USD","72","E","Estimated value"
"QV","Value of Agricultural Production","028","Antigua and Barbuda","58","Gross Production Value (constant 2014-2016 thousand US$)","0112","Maize (corn)","2023","2023","1000 USD","73","E","Estimated value"
"QV","Value of Agricultural Production","028","Antigua and Barbuda","58","Gross Production Value (constant 2014-2016 thousand US$)","0112","Maize (corn)","2024","2024","1000 USD","71","E","Estimated value"
"QV","Value of Agricultural Production","032","Argentina","58","Gross Production Value (constant 2014-2016 thousand US$)","0112","Maize (corn)","2014","2014","1000 USD","4769718","E","Estimated value"
"QV","Value of Agricultural Production","032","Argentina","58","Gross Production Value (constant 2014-2016 thousand US$)","0112","Maize (corn)","2015","2015","1000 USD","4875035","E","Estimated value"
"QV","Value of Agricultural Production","032","Argentina","58","Gross Production Value (constant 2014-2016 thousand US$)","0112","Maize (corn)","2016","2016","1000 USD","5736384","E","Estimated value"
"QV","Value of Agricultural Production","032","Argentina","58","Gross Production Value (constant 2014-2016 thousand US$)","0112","Maize (corn)","2017","2017","1000 USD","7132254","E","Estimated value"
"QV","Value of Agricultural Production","032","Argentina","58","Gross Production Value (constant 2014-2016 thousand US$)","0112","Maize (corn)","2018","2018","1000 USD","6265360","E","Estimated value"
"QV","Value of Agricultural Production","032","Argentina","58","Gross Production Value (constant 2014-2016 thousand US$)","0112","Maize (corn)","2019","2019","1000 USD","8196819","E","Estimated value"
"QV","Value of Agricultural Production","032","Argentina","58","Gross Production Value (constant 2014-2016 thousand US$)","0112","Maize (corn)","2020","2020","1000 USD","8418114","E","Estimated value"
"QV","Value of Agricultural Production","032","Argentina","58","Gross Production Value (constant 2014-2016 thousand US$)","0112","Maize (corn)","2021","2021","1000 USD","8725166","E","Estimated value"
"QV","Value of Agricultural Production","032","Argentina","58","Gross Production Value (constant 2014-2016 thousand US$)","0112","Maize (corn)","2022","2022","1000 USD","8510571","E","Estimated value"
"QV","Value of Agricultural Production","032","Argentina","58","Gross Production Value (constant 2014-2016 thousand US$)","0112","Maize (corn)","2023","2023","1000 USD","5969426","E","Estimated value"
"QV","Value of Agricultural Production","032","Argentina","58","Gross Production Value (constant 2014-2016 thousand US$)","0112","Maize (corn)","2024","2024","1000 USD","8288185","E","Estimated value"
"QV","Value of Agricultural Production","032","Argentina","58","Gross Production Value (constant 2014-2016 thousand US$)","0113","Rice","2014","2014","1000 USD","346810","E","Estimated value"
"QV","Value of Agricultural Production","032","Argentina","58","Gross Production Value (constant 2014-2016 thousand US$)","0113","Rice","2015","2015","1000 USD","341612","E","Estimated value"
"QV","Value of Agricultural Production","032","Argentina","58","Gross Production Value (constant 2014-2016 thousand US$)","0113","Rice","2016","2016","1000 USD","308040","E","Estimated value"
"QV","Value of Agricultural Production","032","Argentina","58","Gross Production Value (constant 2014-2016 thousand US$)","0113","Rice","2017","2017","1000 USD","291237","E","Estimated value"
"QV","Value of Agricultural Production","032","Argentina","58","Gross Production Value (constant 2014-2016 thousand US$)","0113","Rice","2018","2018","1000 USD","299926","E","Estimated value"
"QV","Value of Agricultural Production","032","Argentina","58","Gross Production Value (constant 2014-2016 thousand US$)","0113","Rice","2019","2019","1000 USD","260877","E","Estimated value"
"QV","Value of Agricultural Production","032","Argentina","58","Gross Production Value (constant 2014-2016 thousand US$)","0113","Rice","2020","2020","1000 USD","268122","E","Estimated value"
"QV","Value of Agricultural Production","032","Argentina","58","Gross Production Value (constant 2014-2016 thousand US$)","0113","Rice","2021","2021","1000 USD","318610","E","Estimated value"
"QV","Value of Agricultural Production","032","Argentina","58","Gross Production Value (constant 2014-2016 thousand US$)","0113","Rice","2022","2022","1000 USD","268016","E","Estimated value"
"QV","Value of Agricultural Production","032","Argentina","58","Gross Production Value (constant 2014-2016 thousand US$)","0113","Rice","2023","2023","1000 USD","255032","E","Estimated value"
"QV","Value of Agricultural Production","032","Argentina","58","Gross Production Value (constant 2014-2016 thousand US$)","0113","Rice","2024","2024","1000 USD","277300","E","Estimated value"
"QV","Value of Agricultural Production","032","Argentina","58","Gross Production Value (constant 2014-2016 thousand US$)","0141","Soya beans","2014","2014","1000 USD","16144664","E","Estimated value"
"QV","Value of Agricultural Production","032","Argentina","58","Gross Production Value (constant 2014-2016 thousand US$)","0141","Soya beans","2015","2015","1000 USD","18578210","E","Estimated value"
"QV","Value of Agricultural Production","032","Argentina","58","Gross Production Value (constant 2014-2016 thousand US$)","0141","Soya beans","2016","2016","1000 USD","17777807","E","Estimated value"
"QV","Value of Agricultural Production","032","Argentina","58","Gross Production Value (constant 2014-2016 thousand US$)","0141","Soya beans","2017","2017","1000 USD","16620532","E","Estimated value"
"QV","Value of Agricultural Production","032","Argentina","58","Gross Production Value (constant 2014-2016 thousand US$)","0141","Soya beans","2018","2018","1000 USD","11425084","E","Estimated value"
"QV","Value of Agricultural Production","032","Argentina","58","Gross Production Value (constant 2014-2016 thousand US$)","0141","Soya beans","2019","2019","1000 USD","16708897","E","Estimated value"
"QV","Value of Agricultural Production","032","Argentina","58","Gross Production Value (constant 2014-2016 thousand US$)","0141","Soya beans","2020","2020","1000 USD","14748632","E","Estimated value"
"QV","Value of Agricultural Production","032","Argentina","58","Gross Production Value (constant 2014-2016 thousand US$)","0141","Soya beans","2021","2021","1000 USD","13973868","E","Estimated value"
"QV","Value of Agricultural Production","032","Argentina","58","Gross Production Value (constant 2014-2016 thousand US$)","0141","Soya beans","2022","2022","1000 USD","13261282","E","Estimated value"
"QV","Value of Agricultural Production","032","Argentina","58","Gross Production Value (constant 2014-2016 thousand US$)","0141","Soya beans","2023","2023","1000 USD","7572286","E","Estimated value"
"QV","Value of Agricultural Production","032","Argentina","58","Gross Production Value (constant 2014-2016 thousand US$)","0141","Soya beans","2024","2024","1000 USD","14577141","E","Estimated value"
"QV","Value of Agricultural Production","032","Argentina","58","Gross Production Value (constant 2014-2016 thousand US$)","0111","Wheat","2014","2014","1000 USD","2655752","E","Estimated value"
"QV","Value of Agricultural Production","032","Argentina","58","Gross Production Value (constant 2014-2016 thousand US$)","0111","Wheat","2015","2015","1000 USD","2157181","E","Estimated value"
"QV","Value of Agricultural Production","032","Argentina","58","Gross Production Value (constant 2014-2016 thousand US$)","0111","Wheat","2016","2016","1000 USD","3507004","E","Estimated value"
"QV","Value of Agricultural Production","032","Argentina","58","Gross Production Value (constant 2014-2016 thousand US$)","0111","Wheat","2017","2017","1000 USD","3530442","E","Estimated value"
"QV","Value of Agricultural Production","032","Argentina","58","Gross Production Value (constant 2014-2016 thousand US$)","0111","Wheat","2018","2018","1000 USD","3709972","E","Estimated value"
"QV","Value of Agricultural Production","032","Argentina","58","Gross Production Value (constant 2014-2016 thousand US$)","0111","Wheat","2019","2019","1000 USD","3770449","E","Estimated value"
"QV","Value of Agricultural Production","032","Argentina","58","Gross Production Value (constant 2014-2016 thousand US$)","0111","Wheat","2020","2020","1000 USD","3363859","E","Estimated value"
"QV","Value of Agricultural Production","032","Argentina","58","Gross Production Value (constant 2014-2016 thousand US$)","0111","Wheat","2021","2021","1000 USD","4222924","E","Estimated value"
"QV","Value of Agricultural Production","032","Argentina","58","Gross Production Value (constant 2014-2016 thousand US$)","0111","Wheat","2022","2022","1000 USD","2393759","E","Estimated value"
"QV","Value of Agricultural Production","032","Argentina","58","Gross Production Value (constant 2014-2016 thousand US$)","0111","Wheat","2023","2023","1000 USD","3022384","E","Estimated value"
"QV","Value of Agricultural Production","032","Argentina","58","Gross Production Value (constant 2014-2016 thousand US$)","0111","Wheat","2024","2024","1000 USD","3528962","E","Estimated value"
"QV","Value of Agricultural Production","051","Armenia","58","Gross Production Value (constant 2014-2016 thousand US$)","0112","Maize (corn)","2014","2014","1000 USD","5507","E","Estimated value"
"QV","Value of Agricultural Production","051","Armenia","58","Gross Production Value (constant 2014-2016 thousand US$)","0112","Maize (corn)","2015","2015","1000 USD","5934","E","Estimated value"
"QV","Value of Agricultural Production","051","Armenia","58","Gross Production Value (constant 2014-2016 thousand US$)","0112","Maize (corn)","2016","2016","1000 USD","5744","E","Estimated value"
"QV","Value of Agricultural Production","051","Armenia","58","Gross Production Value (constant 2014-2016 thousand US$)","0112","Maize (corn)","2017","2017","1000 USD","2845","E","Estimated value"
"QV","Value of Agricultural Production","051","Armenia","58","Gross Production Value (constant 2014-2016 thousand US$)","0112","Maize (corn)","2018","2018","1000 USD","2080","E","Estimated value"
"QV","Value of Agricultural Production","051","Armenia","58","Gross Production Value (constant 2014-2016 thousand US$)","0112","Maize (corn)","2019","2019","1000 USD","1300","E","Estimated value"
"QV","Value of Agricultural Production","051","Armenia","58","Gross Production Value (constant 2014-2016 thousand US$)","0112","Maize (corn)","2020","2020","1000 USD","1767","E","Estimated value"
"QV","Value of Agricultural Production","051","Armenia","58","Gross Production Value (constant 2014-2016 thousand US$)","0112","Maize (corn)","2021","2021","1000 USD","1719","E","Estimated value"
"QV","Value of Agricultural Production","051","Armenia","58","Gross Production Value (constant 2014-2016 thousand US$)","0112","Maize (corn)","2022","2022","1000 USD","1408","E","Estimated value"
"QV","Value of Agricultural Production","051","Armenia","58","Gross Production Value (constant 2014-2016 thousand US$)","0112","Maize (corn)","2023","2023","1000 USD","1772","E","Estimated value"
"QV","Value of Agricultural Production","051","Armenia","58","Gross Production Value (constant 2014-2016 thousand US$)","0112","Maize (corn)","2024","2024","1000 USD","1721","E","Estimated value"
"QV","Value of Agricultural Production","051","Armenia","58","Gross Production Value (constant 2014-2016 thousand US$)","0111","Wheat","2014","2014","1000 USD","92388","E","Estimated value"
"QV","Value of Agricultural Production","051","Armenia","58","Gross Production Value (constant 2014-2016 thousand US$)","0111","Wheat","2015","2015","1000 USD","99106","E","Estimated value"
"QV","Value of Agricultural Production","051","Armenia","58","Gross Production Value (constant 2014-2016 thousand US$)","0111","Wheat","2016","2016","1000 USD","95724","E","Estimated value"
"QV","Value of Agricultural Production","051","Armenia","58","Gross Production Value (constant 2014-2016 thousand US$)","0111","Wheat","2017","2017","1000 USD","48202","E","Estimated value"
"QV","Value of Agricultural Production","051","Armenia","58","Gross Production Value (constant 2014-2016 thousand US$)","0111","Wheat","2018","2018","1000 USD","51214","E","Estimated value"
"QV","Value of Agricultural Production","051","Armenia","58","Gross Production Value (constant 2014-2016 thousand US$)","0111","Wheat","2019","2019","1000 USD","30769","E","Estimated value"
"QV","Value of Agricultural Production","051","Armenia","58","Gross Production Value (constant 2014-2016 thousand US$)","0111","Wheat","2020","2020","1000 USD","36050","E","Estimated value"
"QV","Value of Agricultural Production","051","Armenia","58","Gross Production Value (constant 2014-2016 thousand US$)","0111","Wheat","2021","2021","1000 USD","26545","E","Estimated value"
"QV","Value of Agricultural Production","051","Armenia","58","Gross Production Value (constant 2014-2016 thousand US$)","0111","Wheat","2022","2022","1000 USD","37870","E","Estimated value"
"QV","Value of Agricultural Production","051","Armenia","58","Gross Production Value (constant 2014-2016 thousand US$)","0111","Wheat","2023","2023","1000 USD","48593","E","Estimated value"
"QV","Value of Agricultural Production","051","Armenia","58","Gross Production Value (constant 2014-2016 thousand US$)","0111","Wheat","2024","2024","1000 USD","32861","E","Estimated value"
"QV","Value of Agricultural Production","036","Australia","58","Gross Production Value (constant 2014-2016 thousand US$)","0112","Maize (corn)","2014","2014","1000 USD","98629","E","Estimated value"
"QV","Value of Agricultural Production","036","Australia","58","Gross Production Value (constant 2014-2016 thousand US$)","0112","Maize (corn)","2015","2015","1000 USD","124963","E","Estimated value"
"QV","Value of Agricultural Production","036","Australia","58","Gross Production Value (constant 2014-2016 thousand US$)","0112","Maize (corn)","2016","2016","1000 USD","101072","E","Estimated value"
"QV","Value of Agricultural Production","036","Australia","58","Gross Production Value (constant 2014-2016 thousand US$)","0112","Maize (corn)","2017","2017","1000 USD","110209","E","Estimated value"
"QV","Value of Agricultural Production","036","Australia","58","Gross Production Value (constant 2014-2016 thousand US$)","0112","Maize (corn)","2018","2018","1000 USD","97840","E","Estimated value"
"QV","Value of Agricultural Production","036","Australia","58","Gross Production Value (constant 2014-2016 thousand US$)","0112","Maize (corn)","2019","2019","1000 USD","82672","E","Estimated value"
"QV","Value of Agricultural Production","036","Australia","58","Gross Production Value (constant 2014-2016 thousand US$)","0112","Maize (corn)","2020","2020","1000 USD","67599","E","Estimated value"
"QV","Value of Agricultural Production","036","Australia","58","Gross Production Value (constant 2014-2016 thousand US$)","0112","Maize (corn)","2021","2021","1000 USD","77227","E","Estimated value"
"QV","Value of Agricultural Production","036","Australia","58","Gross Production Value (constant 2014-2016 thousand US$)","0112","Maize (corn)","2022","2022","1000 USD","108644","E","Estimated value"
"QV","Value of Agricultural Production","036","Australia","58","Gross Production Value (constant 2014-2016 thousand US$)","0112","Maize (corn)","2023","2023","1000 USD","97653","E","Estimated value"
"QV","Value of Agricultural Production","036","Australia","58","Gross Production Value (constant 2014-2016 thousand US$)","0112","Maize (corn)","2024","2024","1000 USD","112946","E","Estimated value"
"QV","Value of Agricultural Production","036","Australia","58","Gross Production Value (constant 2014-2016 thousand US$)","0113","Rice","2014","2014","1000 USD","249799","E","Estimated value"
"QV","Value of Agricultural Production","036","Australia","58","Gross Production Value (constant 2014-2016 thousand US$)","0113","Rice","2015","2015","1000 USD","210501","E","Estimated value"
"QV","Value of Agricultural Production","036","Australia","58","Gross Production Value (constant 2014-2016 thousand US$)","0113","Rice","2016","2016","1000 USD","83525","E","Estimated value"
"QV","Value of Agricultural Production","036","Australia","58","Gross Production Value (constant 2014-2016 thousand US$)","0113","Rice","2017","2017","1000 USD","246149","E","Estimated value"
"QV","Value of Agricultural Production","036","Australia","58","Gross Production Value (constant 2014-2016 thousand US$)","0113","Rice","2018","2018","1000 USD","193647","E","Estimated value"
"QV","Value of Agricultural Production","036","Australia","58","Gross Production Value (constant 2014-2016 thousand US$)","0113","Rice","2019","2019","1000 USD","20378","E","Estimated value"
"QV","Value of Agricultural Production","036","Australia","58","Gross Production Value (constant 2014-2016 thousand US$)","0113","Rice","2020","2020","1000 USD","15314","E","Estimated value"
"QV","Value of Agricultural Production","036","Australia","58","Gross Production Value (constant 2014-2016 thousand US$)","0113","Rice","2021","2021","1000 USD","128967","E","Estimated value"
"QV","Value of Agricultural Production","036","Australia","58","Gross Production Value (constant 2014-2016 thousand US$)","0113","Rice","2022","2022","1000 USD","210823","E","Estimated value"
"QV","Value of Agricultural Production","036","Australia","58","Gross Production Value (constant 2014-2016 thousand US$)","0113","Rice","2023","2023","1000 USD","151424","E","Estimated value"
"QV","Value of Agricultural Production","036","Australia","58","Gross Production Value (constant 2014-2016 thousand US$)","0113","Rice","2024","2024","1000 USD","188789","E","Estimated value"
"QV","Value of Agricultural Production","036","Australia","58","Gross Production Value (constant 2014-2016 thousand US$)","0141","Soya beans","2014","2014","1000 USD","14292","E","Estimated value"
"QV","Value of Agricultural Production","036","Australia","58","Gross Production Value (constant 2014-2016 thousand US$)","0141","Soya beans","2015","2015","1000 USD","16748","E","Estimated value"
"QV","Value of Agricultural Production","036","Australia","58","Gross Production Value (constant 2014-2016 thousand US$)","0141","Soya beans","2016","2016","1000 USD","13153","E","Estimated value"
"QV","Value of Agricultural Production","036","Australia","58","Gross Production Value (constant 2014-2016 thousand US$)","0141","Soya beans","2017","2017","1000 USD","14017","E","Estimated value"
"QV","Value of Agricultural Production","036","Australia","58","Gross Production Value (constant 2014-2016 thousand US$)","0141","Soya beans","2018","2018","1000 USD","12930","E","Estimated value"
"QV","Value of Agricultural Production","036","Australia","58","Gross Production Value (constant 2014-2016 thousand US$)","0141","Soya beans","2019","2019","1000 USD","6771","E","Estimated value"
"QV","Value of Agricultural Production","036","Australia","58","Gross Production Value (constant 2014-2016 thousand US$)","0141","Soya beans","2020","2020","1000 USD","7749","E","Estimated value"
"QV","Value of Agricultural Production","036","Australia","58","Gross Production Value (constant 2014-2016 thousand US$)","0141","Soya beans","2021","2021","1000 USD","17992","E","Estimated value"
"QV","Value of Agricultural Production","036","Australia","58","Gross Production Value (constant 2014-2016 thousand US$)","0141","Soya beans","2022","2022","1000 USD","25588","E","Estimated value"
"QV","Value of Agricultural Production","036","Australia","58","Gross Production Value (constant 2014-2016 thousand US$)","0141","Soya beans","2023","2023","1000 USD","23262","E","Estimated value"
"QV","Value of Agricultural Production","036","Australia","58","Gross Production Value (constant 2014-2016 thousand US$)","0141","Soya beans","2024","2024","1000 USD","29211","E","Estimated value"
"QV","Value of Agricultural Production","036","Australia","58","Gross Production Value (constant 2014-2016 thousand US$)","0111","Wheat","2014","2014","1000 USD","5667685","E","Estimated value"
"QV","Value of Agricultural Production","036","Australia","58","Gross Production Value (constant 2014-2016 thousand US$)","0111","Wheat","2015","2015","1000 USD","5317242","E","Estimated value"
"QV","Value of Agricultural Production","036","Australia","58","Gross Production Value (constant 2014-2016 thousand US$)","0111","Wheat","2016","2016","1000 USD","7595584","E","Estimated value"
"QV","Value of Agricultural Production","036","Australia","58","Gross Production Value (constant 2014-2016 thousand US$)","0111","Wheat","2017","2017","1000 USD","4998945","E","Estimated value"
"QV","Value of Agricultural Production","036","Australia","58","Gross Production Value (constant 2014-2016 thousand US$)","0111","Wheat","2018","2018","1000 USD","4200787","E","Estimated value"
"QV","Value of Agricultural Production","036","Australia","58","Gross Production Value (constant 2014-2016 thousand US$)","0111","Wheat","2019","2019","1000 USD","3456633","E","Estimated value"
"QV","Value of Agricultural Production","036","Australia","58","Gross Production Value (constant 2014-2016 thousand US$)","0111","Wheat","2020","2020","1000 USD","7620365","E","Estimated value"
"QV","Value of Agricultural Production","036","Australia","58","Gross Production Value (constant 2014-2016 thousand US$)","0111","Wheat","2021","2021","1000 USD","8650398","E","Estimated value"
"QV","Value of Agricultural Production","036","Australia","58","Gross Production Value (constant 2014-2016 thousand US$)","0111","Wheat","2022","2022","1000 USD","9834900","E","Estimated value"
"QV","Value of Agricultural Production","036","Australia","58","Gross Production Value (constant 2014-2016 thousand US$)","0111","Wheat","2023","2023","1000 USD","6690782","E","Estimated value"
"QV","Value of Agricultural Production","036","Australia","58","Gross Production Value (constant 2014-2016 thousand US$)","0111","Wheat","2024","2024","1000 USD","8142539","E","Estimated value"
"QV","Value of Agricultural Production","040","Austria","58","Gross Production Value (constant 2014-2016 thousand US$)","0112","Maize (corn)","2014","2014","1000 USD","349042","E","Estimated value"
"QV","Value of Agricultural Production","040","Austria","58","Gross Production Value (constant 2014-2016 thousand US$)","0112","Maize (corn)","2015","2015","1000 USD","244903","E","Estimated value"
"QV","Value of Agricultural Production","040","Austria","58","Gross Production Value (constant 2014-2016 thousand US$)","0112","Maize (corn)","2016","2016","1000 USD","325896","E","Estimated value"
"QV","Value of Agricultural Production","040","Austria","58","Gross Production Value (constant 2014-2016 thousand US$)","0112","Maize (corn)","2017","2017","1000 USD","310405","E","Estimated value"
"QV","Value of Agricultural Production","040","Austria","58","Gross Production Value (constant 2014-2016 thousand US$)","0141","Soya beans","2014","2014","1000 USD","46564","E","Estimated value"
"QV","Value of Agricultural Production","040","Austria","58","Gross Production Value (constant 2014-2016 thousand US$)","0141","Soya beans","2015","2015","1000 USD","53684","E","Estimated value"
"QV","Value of Agricultural Production","040","Austria","58","Gross Production Value (constant 2014-2016 thousand US$)","0141","Soya beans","2016","2016","1000 USD","60150","E","Estimated value"
"QV","Value of Agricultural Production","040","Austria","58","Gross Production Value (constant 2014-2016 thousand US$)","0141","Soya beans","2017","2017","1000 USD","76239","E","Estimated value"
"QV","Value of Agricultural Production","040","Austria","58","Gross Production Value (constant 2014-2016 thousand US$)","0111","Wheat","2014","2014","1000 USD","275569","E","Estimated value"
"QV","Value of Agricultural Production","040","Austria","58","Gross Production Value (constant 2014-2016 thousand US$)","0111","Wheat","2015","2015","1000 USD","263611","E","Estimated value"
"QV","Value of Agricultural Production","040","Austria","58","Gross Production Value (constant 2014-2016 thousand US$)","0111","Wheat","2016","2016","1000 USD","300979","E","Estimated value"
"QV","Value of Agricultural Production","040","Austria","58","Gross Production Value (constant 2014-2016 thousand US$)","0111","Wheat","2017","2017","1000 USD","219528","E","Estimated value"
"QV","Value of Agricultural Production","031","Azerbaijan","58","Gross Production Value (constant 2014-2016 thousand US$)","0112","Maize (corn)","2014","2014","1000 USD","55934","E","Estimated value"
"QV","Value of Agricultural Production","031","Azerbaijan","58","Gross Production Value (constant 2014-2016 thousand US$)","0112","Maize (corn)","2015","2015","1000 USD","58817","E","Estimated value"
"QV","Value of Agricultural Production","031","Azerbaijan","58","Gross Production Value (constant 2014-2016 thousand US$)","0112","Maize (corn)","2016","2016","1000 USD","61537","E","Estimated value"
"QV","Value of Agricultural Production","031","Azerbaijan","58","Gross Production Value (constant 2014-2016 thousand US$)","0112","Maize (corn)","2017","2017","1000 USD","64745","E","Estimated value"
"QV","Value of Agricultural Production","031","Azerbaijan","58","Gross Production Value (constant 2014-2016 thousand US$)","0112","Maize (corn)","2018","2018","1000 USD","68116","E","Estimated value"
"QV","Value of Agricultural Production","031","Azerbaijan","58","Gross Production Value (constant 2014-2016 thousand US$)","0112","Maize (corn)","2019","2019","1000 USD","77905","E","Estimated value"
"QV","Value of Agricultural Production","031","Azerbaijan","58","Gross Production Value (constant 2014-2016 thousand US$)","0112","Maize (corn)","2020","2020","1000 USD","86406","E","Estimated value"
"QV","Value of Agricultural Production","031","Azerbaijan","58","Gross Production Value (constant 2014-2016 thousand US$)","0112","Maize (corn)","2021","2021","1000 USD","76718","E","Estimated value"
"QV","Value of Agricultural Production","031","Azerbaijan","58","Gross Production Value (constant 2014-2016 thousand US$)","0112","Maize (corn)","2022","2022","1000 USD","74067","E","Estimated value"
"QV","Value of Agricultural Production","031","Azerbaijan","58","Gross Production Value (constant 2014-2016 thousand US$)","0112","Maize (corn)","2023","2023","1000 USD","78848","E","Estimated value"
"QV","Value of Agricultural Production","031","Azerbaijan","58","Gross Production Value (constant 2014-2016 thousand US$)","0112","Maize (corn)","2024","2024","1000 USD","83158","E","Estimated value"
"QV","Value of Agricultural Production","031","Azerbaijan","58","Gross Production Value (constant 2014-2016 thousand US$)","0113","Rice","2014","2014","1000 USD","2318","E","Estimated value"
"QV","Value of Agricultural Production","031","Azerbaijan","58","Gross Production Value (constant 2014-2016 thousand US$)","0113","Rice","2015","2015","1000 USD","2452","E","Estimated value"
"QV","Value of Agricultural Production","031","Azerbaijan","58","Gross Production Value (constant 2014-2016 thousand US$)","0113","Rice","2016","2016","1000 USD","4678","E","Estimated value"
"QV","Value of Agricultural Production","031","Azerbaijan","58","Gross Production Value (constant 2014-2016 thousand US$)","0113","Rice","2017","2017","1000 USD","13772","E","Estimated value"
"QV","Value of Agricultural Production","031","Azerbaijan","58","Gross Production Value (constant 2014-2016 thousand US$)","0113","Rice","2018","2018","1000 USD","10362","E","Estimated value"
"QV","Value of Agricultural Production","031","Azerbaijan","58","Gross Production Value (constant 2014-2016 thousand US$)","0113","Rice","2019","2019","1000 USD","9579","E","Estimated value"
"QV","Value of Agricultural Production","031","Azerbaijan","58","Gross Production Value (constant 2014-2016 thousand US$)","0113","Rice","2020","2020","1000 USD","8131","E","Estimated value"
"QV","Value of Agricultural Production","031","Azerbaijan","58","Gross Production Value (constant 2014-2016 thousand US$)","0113","Rice","2021","2021","1000 USD","8707","E","Estimated value"
"QV","Value of Agricultural Production","031","Azerbaijan","58","Gross Production Value (constant 2014-2016 thousand US$)","0113","Rice","2022","2022","1000 USD","9272","E","Estimated value"
"QV","Value of Agricultural Production","031","Azerbaijan","58","Gross Production Value (constant 2014-2016 thousand US$)","0113","Rice","2023","2023","1000 USD","12090","E","Estimated value"
"QV","Value of Agricultural Production","031","Azerbaijan","58","Gross Production Value (constant 2014-2016 thousand US$)","0113","Rice","2024","2024","1000 USD","13231","E","Estimated value"
"QV","Value of Agricultural Production","031","Azerbaijan","58","Gross Production Value (constant 2014-2016 thousand US$)","0141","Soya beans","2014","2014","1000 USD","14","E","Estimated value"
"QV","Value of Agricultural Production","031","Azerbaijan","58","Gross Production Value (constant 2014-2016 thousand US$)","0141","Soya beans","2015","2015","1000 USD","13","E","Estimated value"
"QV","Value of Agricultural Production","031","Azerbaijan","58","Gross Production Value (constant 2014-2016 thousand US$)","0141","Soya beans","2016","2016","1000 USD","17","E","Estimated value"
"QV","Value of Agricultural Production","031","Azerbaijan","58","Gross Production Value (constant 2014-2016 thousand US$)","0141","Soya beans","2017","2017","1000 USD","14","E","Estimated value"
"QV","Value of Agricultural Production","031","Azerbaijan","58","Gross Production Value (constant 2014-2016 thousand US$)","0141","Soya beans","2018","2018","1000 USD","15","E","Estimated value"
"QV","Value of Agricultural Production","031","Azerbaijan","58","Gross Production Value (constant 2014-2016 thousand US$)","0141","Soya beans","2019","2019","1000 USD","15","E","Estimated value"
"QV","Value of Agricultural Production","031","Azerbaijan","58","Gross Production Value (constant 2014-2016 thousand US$)","0141","Soya beans","2020","2020","1000 USD","15","E","Estimated value"
"QV","Value of Agricultural Production","031","Azerbaijan","58","Gross Production Value (constant 2014-2016 thousand US$)","0141","Soya beans","2021","2021","1000 USD","15","E","Estimated value"
"QV","Value of Agricultural Production","031","Azerbaijan","58","Gross Production Value (constant 2014-2016 thousand US$)","0141","Soya beans","2022","2022","1000 USD","15","E","Estimated value"
"QV","Value of Agricultural Production","031","Azerbaijan","58","Gross Production Value (constant 2014-2016 thousand US$)","0141","Soya beans","2023","2023","1000 USD","15","E","Estimated value"
"QV","Value of Agricultural Production","031","Azerbaijan","58","Gross Production Value (constant 2014-2016 thousand US$)","0141","Soya beans","2024","2024","1000 USD","15","E","Estimated value"
"QV","Value of Agricultural Production","031","Azerbaijan","58","Gross Production Value (constant 2014-2016 thousand US$)","0111","Wheat","2014","2014","1000 USD","377423","E","Estimated value"
"QV","Value of Agricultural Production","031","Azerbaijan","58","Gross Production Value (constant 2014-2016 thousand US$)","0111","Wheat","2015","2015","1000 USD","439753","E","Estimated value"
"QV","Value of Agricultural Production","031","Azerbaijan","58","Gross Production Value (constant 2014-2016 thousand US$)","0111","Wheat","2016","2016","1000 USD","482668","E","Estimated value"
"QV","Value of Agricultural Production","031","Azerbaijan","58","Gross Production Value (constant 2014-2016 thousand US$)","0111","Wheat","2017","2017","1000 USD","474546","E","Estimated value"
"QV","Value of Agricultural Production","031","Azerbaijan","58","Gross Production Value (constant 2014-2016 thousand US$)","0111","Wheat","2018","2018","1000 USD","534109","E","Estimated value"
"QV","Value of Agricultural Production","031","Azerbaijan","58","Gross Production Value (constant 2014-2016 thousand US$)","0111","Wheat","2019","2019","1000 USD","566948","E","Estimated value"
"QV","Value of Agricultural Production","031","Azerbaijan","58","Gross Production Value (constant 2014-2016 thousand US$)","0111","Wheat","2020","2020","1000 USD","487711","E","Estimated value"
"QV","Value of Agricultural Production","031","Azerbaijan","58","Gross Production Value (constant 2014-2016 thousand US$)","0111","Wheat","2021","2021","1000 USD","492678","E","Estimated value"
"QV","Value of Agricultural Production","031","Azerbaijan","58","Gross Production Value (constant 2014-2016 thousand US$)","0111","Wheat","2022","2022","1000 USD","453430","E","Estimated value"
"QV","Value of Agricultural Production","031","Azerbaijan","58","Gross Production Value (constant 2014-2016 thousand US$)","0111","Wheat","2023","2023","1000 USD","480672","E","Estimated value"
"QV","Value of Agricultural Production","031","Azerbaijan","58","Gross Production Value (constant 2014-2016 thousand US$)","0111","Wheat","2024","2024","1000 USD","509803","E","Estimated value"
"QV","Value of Agricultural Production","050","Bangladesh","58","Gross Production Value (constant 2014-2016 thousand US$)","0112","Maize (corn)","2014","2014","1000 USD","444381","E","Estimated value"
"QV","Value of Agricultural Production","050","Bangladesh","58","Gross Production Value (constant 2014-2016 thousand US$)","0112","Maize (corn)","2015","2015","1000 USD","475345","E","Estimated value"
"QV","Value of Agricultural Production","050","Bangladesh","58","Gross Production Value (constant 2014-2016 thousand US$)","0112","Maize (corn)","2016","2016","1000 USD","511661","E","Estimated value"
"QV","Value of Agricultural Production","050","Bangladesh","58","Gross Production Value (constant 2014-2016 thousand US$)","0112","Maize (corn)","2017","2017","1000 USD","632970","E","Estimated value"
"QV","Value of Agricultural Production","050","Bangladesh","58","Gross Production Value (constant 2014-2016 thousand US$)","0112","Maize (corn)","2018","2018","1000 USD","687934","E","Estimated value"
"QV","Value of Agricultural Production","050","Bangladesh","58","Gross Production Value (constant 2014-2016 thousand US$)","0112","Maize (corn)","2019","2019","1000 USD","746770","E","Estimated value"
"QV","Value of Agricultural Production","050","Bangladesh","58","Gross Production Value (constant 2014-2016 thousand US$)","0112","Maize (corn)","2020","2020","1000 USD","840079","E","Estimated value"
"QV","Value of Agricultural Production","050","Bangladesh","58","Gross Production Value (constant 2014-2016 thousand US$)","0112","Maize (corn)","2021","2021","1000 USD","861238","E","Estimated value"
"QV","Value of Agricultural Production","050","Bangladesh","58","Gross Production Value (constant 2014-2016 thousand US$)","0112","Maize (corn)","2022","2022","1000 USD","891659","E","Estimated value"
"QV","Value of Agricultural Production","050","Bangladesh","58","Gross Production Value (constant 2014-2016 thousand US$)","0112","Maize (corn)","2023","2023","1000 USD","960840","E","Estimated value"
"QV","Value of Agricultural Production","050","Bangladesh","58","Gross Production Value (constant 2014-2016 thousand US$)","0112","Maize (corn)","2024","2024","1000 USD","960840","E","Estimated value"
"QV","Value of Agricultural Production","050","Bangladesh","58","Gross Production Value (constant 2014-2016 thousand US$)","0113","Rice","2014","2014","1000 USD","11745937","E","Estimated value"
"QV","Value of Agricultural Production","050","Bangladesh","58","Gross Production Value (constant 2014-2016 thousand US$)","0113","Rice","2015","2015","1000 USD","11895360","E","Estimated value"
"QV","Value of Agricultural Production","050","Bangladesh","58","Gross Production Value (constant 2014-2016 thousand US$)","0113","Rice","2016","2016","1000 USD","11814753","E","Estimated value"
"QV","Value of Agricultural Production","050","Bangladesh","58","Gross Production Value (constant 2014-2016 thousand US$)","0113","Rice","2017","2017","1000 USD","11811009","E","Estimated value"
"QV","Value of Agricultural Production","050","Bangladesh","58","Gross Production Value (constant 2014-2016 thousand US$)","0113","Rice","2018","2018","1000 USD","12385940","E","Estimated value"
"QV","Value of Agricultural Production","050","Bangladesh","58","Gross Production Value (constant 2014-2016 thousand US$)","0113","Rice","2019","2019","1000 USD","12424374","E","Estimated value"
"QV","Value of Agricultural Production","050","Bangladesh","58","Gross Production Value (constant 2014-2016 thousand US$)","0113","Rice","2020","2020","1000 USD","12712990","E","Estimated value"
"QV","Value of Agricultural Production","050","Bangladesh","58","Gross Production Value (constant 2014-2016 thousand US$)","0113","Rice","2021","2021","1000 USD","12875292","E","Estimated value"
"QV","Value of Agricultural Production","050","Bangladesh","58","Gross Production Value (constant 2014-2016 thousand US$)","0113","Rice","2022","2022","1000 USD","13102885","E","Estimated value"
"QV","Value of Agricultural Production","050","Bangladesh","58","Gross Production Value (constant 2014-2016 thousand US$)","0113","Rice","2023","2023","1000 USD","13743596","E","Estimated value"
"QV","Value of Agricultural Production","050","Bangladesh","58","Gross Production Value (constant 2014-2016 thousand US$)","0113","Rice","2024","2024","1000 USD","13736627","E","Estimated value"
"QV","Value of Agricultural Production","050","Bangladesh","58","Gross Production Value (constant 2014-2016 thousand US$)","0141","Soya beans","2014","2014","1000 USD","50909","E","Estimated value"
"QV","Value of Agricultural Production","050","Bangladesh","58","Gross Production Value (constant 2014-2016 thousand US$)","0141","Soya beans","2015","2015","1000 USD","41580","E","Estimated value"
"QV","Value of Agricultural Production","050","Bangladesh","58","Gross Production Value (constant 2014-2016 thousand US$)","0141","Soya beans","2016","2016","1000 USD","41892","E","Estimated value"
"QV","Value of Agricultural Production","050","Bangladesh","58","Gross Production Value (constant 2014-2016 thousand US$)","0141","Soya beans","2017","2017","1000 USD","44046","E","Estimated value"
"QV","Value of Agricultural Production","050","Bangladesh","58","Gross Production Value (constant 2014-2016 thousand US$)","0141","Soya beans","2018","2018","1000 USD","44854","E","Estimated value"
"QV","Value of Agricultural Production","050","Bangladesh","58","Gross Production Value (constant 2014-2016 thousand US$)","0141","Soya beans","2019","2019","1000 USD","50346","E","Estimated value"
"QV","Value of Agricultural Production","050","Bangladesh","58","Gross Production Value (constant 2014-2016 thousand US$)","0141","Soya beans","2020","2020","1000 USD","47609","E","Estimated value"
"QV","Value of Agricultural Production","050","Bangladesh","58","Gross Production Value (constant 2014-2016 thousand US$)","0141","Soya beans","2021","2021","1000 USD","41435","E","Estimated value"
"QV","Value of Agricultural Production","050","Bangladesh","58","Gross Production Value (constant 2014-2016 thousand US$)","0141","Soya beans","2022","2022","1000 USD","44830","E","Estimated value"
"QV","Value of Agricultural Production","050","Bangladesh","58","Gross Production Value (constant 2014-2016 thousand US$)","0141","Soya beans","2023","2023","1000 USD","48766","E","Estimated value"
"QV","Value of Agricultural Production","050","Bangladesh","58","Gross Production Value (constant 2014-2016 thousand US$)","0141","Soya beans","2024","2024","1000 USD","48550","E","Estimated value"
"QV","Value of Agricultural Production","050","Bangladesh","58","Gross Production Value (constant 2014-2016 thousand US$)","0111","Wheat","2014","2014","1000 USD","352406","E","Estimated value"
"QV","Value of Agricultural Production","050","Bangladesh","58","Gross Production Value (constant 2014-2016 thousand US$)","0111","Wheat","2015","2015","1000 USD","364576","E","Estimated value"
"QV","Value of Agricultural Production","050","Bangladesh","58","Gross Production Value (constant 2014-2016 thousand US$)","0111","Wheat","2016","2016","1000 USD","364627","E","Estimated value"
"QV","Value of Agricultural Production","050","Bangladesh","58","Gross Production Value (constant 2014-2016 thousand US$)","0111","Wheat","2017","2017","1000 USD","354697","E","Estimated value"
"QV","Value of Agricultural Production","050","Bangladesh","58","Gross Production Value (constant 2014-2016 thousand US$)","0111","Wheat","2018","2018","1000 USD","297333","E","Estimated value"
"QV","Value of Agricultural Production","050","Bangladesh","58","Gross Production Value (constant 2014-2016 thousand US$)","0111","Wheat","2019","2019","1000 USD","275004","E","Estimated value"
"QV","Value of Agricultural Production","050","Bangladesh","58","Gross Production Value (constant 2014-2016 thousand US$)","0111","Wheat","2020","2020","1000 USD","278301","E","Estimated value"
"QV","Value of Agricultural Production","050","Bangladesh","58","Gross Production Value (constant 2014-2016 thousand US$)","0111","Wheat","2021","2021","1000 USD","293546","E","Estimated value"
"QV","Value of Agricultural Production","050","Bangladesh","58","Gross Production Value (constant 2014-2016 thousand US$)","0111","Wheat","2022","2022","1000 USD","293672","E","Estimated value"
"QV","Value of Agricultural Production","050","Bangladesh","58","Gross Production Value (constant 2014-2016 thousand US$)","0111","Wheat","2023","2023","1000 USD","299449","E","Estimated value"
"QV","Value of Agricultural Production","050","Bangladesh","58","Gross Production Value (constant 2014-2016 thousand US$)","0111","Wheat","2024","2024","1000 USD","317041","E","Estimated value"
"QV","Value of Agricultural Production","052","Barbados","58","Gross Production Value (constant 2014-2016 thousand US$)","0112","Maize (corn)","2014","2014","1000 USD","80","E","Estimated value"
"QV","Value of Agricultural Production","052","Barbados","58","Gross Production Value (constant 2014-2016 thousand US$)","0112","Maize (corn)","2015","2015","1000 USD","121","E","Estimated value"
"QV","Value of Agricultural Production","052","Barbados","58","Gross Production Value (constant 2014-2016 thousand US$)","0112","Maize (corn)","2016","2016","1000 USD","95","E","Estimated value"
"QV","Value of Agricultural Production","052","Barbados","58","Gross Production Value (constant 2014-2016 thousand US$)","0112","Maize (corn)","2017","2017","1000 USD","73","E","Estimated value"
"QV","Value of Agricultural Production","052","Barbados","58","Gross Production Value (constant 2014-2016 thousand US$)","0112","Maize (corn)","2018","2018","1000 USD","108","E","Estimated value"
"QV","Value of Agricultural Production","052","Barbados","58","Gross Production Value (constant 2014-2016 thousand US$)","0112","Maize (corn)","2019","2019","1000 USD","42","E","Estimated value"
"QV","Value of Agricultural Production","052","Barbados","58","Gross Production Value (constant 2014-2016 thousand US$)","0112","Maize (corn)","2020","2020","1000 USD","85","E","Estimated value"
"QV","Value of Agricultural Production","052","Barbados","58","Gross Production Value (constant 2014-2016 thousand US$)","0112","Maize (corn)","2021","2021","1000 USD","49","E","Estimated value"
"QV","Value of Agricultural Production","052","Barbados","58","Gross Production Value (constant 2014-2016 thousand US$)","0112","Maize (corn)","2022","2022","1000 USD","51","E","Estimated value"
"QV","Value of Agricultural Production","052","Barbados","58","Gross Production Value (constant 2014-2016 thousand US$)","0112","Maize (corn)","2023","2023","1000 USD","42","E","Estimated value"
"QV","Value of Agricultural Production","052","Barbados","58","Gross Production Value (constant 2014-2016 thousand US$)","0112","Maize (corn)","2024","2024","1000 USD","1","E","Estimated value"
"QV","Value of Agricultural Production","112","Belarus","58","Gross Production Value (constant 2014-2016 thousand US$)","0112","Maize (corn)","2014","2014","1000 USD","197867","E","Estimated value"
"QV","Value of Agricultural Production","112","Belarus","58","Gross Production Value (constant 2014-2016 thousand US$)","0112","Maize (corn)","2015","2015","1000 USD","73604","E","Estimated value"
"QV","Value of Agricultural Production","112","Belarus","58","Gross Production Value (constant 2014-2016 thousand US$)","0112","Maize (corn)","2016","2016","1000 USD","244426","E","Estimated value"
"QV","Value of Agricultural Production","112","Belarus","58","Gross Production Value (constant 2014-2016 thousand US$)","0112","Maize (corn)","2017","2017","1000 USD","229153","E","Estimated value"
"QV","Value of Agricultural Production","112","Belarus","58","Gross Production Value (constant 2014-2016 thousand US$)","0112","Maize (corn)","2018","2018","1000 USD","375577","E","Estimated value"
"QV","Value of Agricultural Production","112","Belarus","58","Gross Production Value (constant 2014-2016 thousand US$)","0112","Maize (corn)","2019","2019","1000 USD","361545","E","Estimated value"
"QV","Value of Agricultural Production","112","Belarus","58","Gross Production Value (constant 2014-2016 thousand US$)","0112","Maize (corn)","2020","2020","1000 USD","355109","E","Estimated value"
"QV","Value of Agricultural Production","112","Belarus","58","Gross Production Value (constant 2014-2016 thousand US$)","0112","Maize (corn)","2021","2021","1000 USD","378929","E","Estimated value"
"QV","Value of Agricultural Production","112","Belarus","58","Gross Production Value (constant 2014-2016 thousand US$)","0112","Maize (corn)","2022","2022","1000 USD","321826","E","Estimated value"
"QV","Value of Agricultural Production","112","Belarus","58","Gross Production Value (constant 2014-2016 thousand US$)","0112","Maize (corn)","2023","2023","1000 USD","330078","E","Estimated value"
"QV","Value of Agricultural Production","112","Belarus","58","Gross Production Value (constant 2014-2016 thousand US$)","0112","Maize (corn)","2024","2024","1000 USD","561132","E","Estimated value"
"QV","Value of Agricultural Production","112","Belarus","58","Gross Production Value (constant 2014-2016 thousand US$)","0111","Wheat","2014","2014","1000 USD","449904","E","Estimated value"
"QV","Value of Agricultural Production","112","Belarus","58","Gross Production Value (constant 2014-2016 thousand US$)","0111","Wheat","2015","2015","1000 USD","445495","E","Estimated value"
"QV","Value of Agricultural Production","112","Belarus","58","Gross Production Value (constant 2014-2016 thousand US$)","0111","Wheat","2016","2016","1000 USD","359887","E","Estimated value"
"QV","Value of Agricultural Production","112","Belarus","58","Gross Production Value (constant 2014-2016 thousand US$)","0111","Wheat","2017","2017","1000 USD","403016","E","Estimated value"
"QV","Value of Agricultural Production","112","Belarus","58","Gross Production Value (constant 2014-2016 thousand US$)","0111","Wheat","2018","2018","1000 USD","279128","E","Estimated value"
"QV","Value of Agricultural Production","112","Belarus","58","Gross Production Value (constant 2014-2016 thousand US$)","0111","Wheat","2019","2019","1000 USD","355093","E","Estimated value"
"QV","Value of Agricultural Production","112","Belarus","58","Gross Production Value (constant 2014-2016 thousand US$)","0111","Wheat","2020","2020","1000 USD","438109","E","Estimated value"
"QV","Value of Agricultural Production","112","Belarus","58","Gross Production Value (constant 2014-2016 thousand US$)","0111","Wheat","2021","2021","1000 USD","375448","E","Estimated value"
"QV","Value of Agricultural Production","112","Belarus","58","Gross Production Value (constant 2014-2016 thousand US$)","0111","Wheat","2022","2022","1000 USD","446047","E","Estimated value"
"QV","Value of Agricultural Production","112","Belarus","58","Gross Production Value (constant 2014-2016 thousand US$)","0111","Wheat","2023","2023","1000 USD","369142","E","Estimated value"
"QV","Value of Agricultural Production","112","Belarus","58","Gross Production Value (constant 2014-2016 thousand US$)","0111","Wheat","2024","2024","1000 USD","422975","E","Estimated value"
"QV","Value of Agricultural Production","056","Belgium","58","Gross Production Value (constant 2014-2016 thousand US$)","0112","Maize (corn)","2014","2014","1000 USD","94829","E","Estimated value"
"QV","Value of Agricultural Production","056","Belgium","58","Gross Production Value (constant 2014-2016 thousand US$)","0112","Maize (corn)","2015","2015","1000 USD","85452","E","Estimated value"
"QV","Value of Agricultural Production","056","Belgium","58","Gross Production Value (constant 2014-2016 thousand US$)","0112","Maize (corn)","2016","2016","1000 USD","68757","E","Estimated value"
"QV","Value of Agricultural Production","056","Belgium","58","Gross Production Value (constant 2014-2016 thousand US$)","0112","Maize (corn)","2017","2017","1000 USD","87098","E","Estimated value"
"QV","Value of Agricultural Production","056","Belgium","58","Gross Production Value (constant 2014-2016 thousand US$)","0111","Wheat","2014","2014","1000 USD","357349","E","Estimated value"
"QV","Value of Agricultural Production","056","Belgium","58","Gross Production Value (constant 2014-2016 thousand US$)","0111","Wheat","2015","2015","1000 USD","361783","E","Estimated value"
"QV","Value of Agricultural Production","056","Belgium","58","Gross Production Value (constant 2014-2016 thousand US$)","0111","Wheat","2016","2016","1000 USD","250835","E","Estimated value"
"QV","Value of Agricultural Production","056","Belgium","58","Gross Production Value (constant 2014-2016 thousand US$)","0111","Wheat","2017","2017","1000 USD","305057","E","Estimated value"
"QV","Value of Agricultural Production","084","Belize","58","Gross Production Value (constant 2014-2016 thousand US$)","0112","Maize (corn)","2014","2014","1000 USD","18269","E","Estimated value"
"QV","Value of Agricultural Production","084","Belize","58","Gross Production Value (constant 2014-2016 thousand US$)","0112","Maize (corn)","2015","2015","1000 USD","15241","E","Estimated value"
"QV","Value of Agricultural Production","084","Belize","58","Gross Production Value (constant 2014-2016 thousand US$)","0112","Maize (corn)","2016","2016","1000 USD","17369","E","Estimated value"
"QV","Value of Agricultural Production","084","Belize","58","Gross Production Value (constant 2014-2016 thousand US$)","0112","Maize (corn)","2017","2017","1000 USD","23649","E","Estimated value"
"QV","Value of Agricultural Production","084","Belize","58","Gross Production Value (constant 2014-2016 thousand US$)","0112","Maize (corn)","2018","2018","1000 USD","20540","E","Estimated value"
"QV","Value of Agricultural Production","084","Belize","58","Gross Production Value (constant 2014-2016 thousand US$)","0112","Maize (corn)","2019","2019","1000 USD","15332","E","Estimated value"
"QV","Value of Agricultural Production","084","Belize","58","Gross Production Value (constant 2014-2016 thousand US$)","0112","Maize (corn)","2020","2020","1000 USD","22012","E","Estimated value"
"QV","Value of Agricultural Production","084","Belize","58","Gross Production Value (constant 2014-2016 thousand US$)","0112","Maize (corn)","2021","2021","1000 USD","28722","E","Estimated value"
"QV","Value of Agricultural Production","084","Belize","58","Gross Production Value (constant 2014-2016 thousand US$)","0112","Maize (corn)","2022","2022","1000 USD","29226","E","Estimated value"
"QV","Value of Agricultural Production","084","Belize","58","Gross Production Value (constant 2014-2016 thousand US$)","0112","Maize (corn)","2023","2023","1000 USD","29691","E","Estimated value"
"QV","Value of Agricultural Production","084","Belize","58","Gross Production Value (constant 2014-2016 thousand US$)","0112","Maize (corn)","2024","2024","1000 USD","27704","E","Estimated value"
"QV","Value of Agricultural Production","084","Belize","58","Gross Production Value (constant 2014-2016 thousand US$)","0113","Rice","2014","2014","1000 USD","4788","E","Estimated value"
"QV","Value of Agricultural Production","084","Belize","58","Gross Production Value (constant 2014-2016 thousand US$)","0113","Rice","2015","2015","1000 USD","3729","E","Estimated value"
"QV","Value of Agricultural Production","084","Belize","58","Gross Production Value (constant 2014-2016 thousand US$)","0113","Rice","2016","2016","1000 USD","4772","E","Estimated value"
"QV","Value of Agricultural Production","084","Belize","58","Gross Production Value (constant 2014-2016 thousand US$)","0113","Rice","2017","2017","1000 USD","5522","E","Estimated value"
"QV","Value of Agricultural Production","084","Belize","58","Gross Production Value (constant 2014-2016 thousand US$)","0113","Rice","2018","2018","1000 USD","3939","E","Estimated value"
"QV","Value of Agricultural Production","084","Belize","58","Gross Production Value (constant 2014-2016 thousand US$)","0113","Rice","2019","2019","1000 USD","4094","E","Estimated value"
"QV","Value of Agricultural Production","084","Belize","58","Gross Production Value (constant 2014-2016 thousand US$)","0113","Rice","2020","2020","1000 USD","4106","E","Estimated value"
"QV","Value of Agricultural Production","084","Belize","58","Gross Production Value (constant 2014-2016 thousand US$)","0113","Rice","2021","2021","1000 USD","4415","E","Estimated value"
"QV","Value of Agricultural Production","084","Belize","58","Gross Production Value (constant 2014-2016 thousand US$)","0113","Rice","2022","2022","1000 USD","4525","E","Estimated value"
"QV","Value of Agricultural Production","084","Belize","58","Gross Production Value (constant 2014-2016 thousand US$)","0113","Rice","2023","2023","1000 USD","5213","E","Estimated value"
"QV","Value of Agricultural Production","084","Belize","58","Gross Production Value (constant 2014-2016 thousand US$)","0113","Rice","2024","2024","1000 USD","4941","E","Estimated value"
"QV","Value of Agricultural Production","084","Belize","58","Gross Production Value (constant 2014-2016 thousand US$)","0141","Soya beans","2014","2014","1000 USD","1569","E","Estimated value"
"QV","Value of Agricultural Production","084","Belize","58","Gross Production Value (constant 2014-2016 thousand US$)","0141","Soya beans","2015","2015","1000 USD","2064","E","Estimated value"
"QV","Value of Agricultural Production","084","Belize","58","Gross Production Value (constant 2014-2016 thousand US$)","0141","Soya beans","2016","2016","1000 USD","3149","E","Estimated value"
"QV","Value of Agricultural Production","084","Belize","58","Gross Production Value (constant 2014-2016 thousand US$)","0141","Soya beans","2017","2017","1000 USD","5277","E","Estimated value"
"QV","Value of Agricultural Production","084","Belize","58","Gross Production Value (constant 2014-2016 thousand US$)","0141","Soya beans","2018","2018","1000 USD","4767","E","Estimated value"
"QV","Value of Agricultural Production","084","Belize","58","Gross Production Value (constant 2014-2016 thousand US$)","0141","Soya beans","2019","2019","1000 USD","3165","E","Estimated value"
"QV","Value of Agricultural Production","084","Belize","58","Gross Production Value (constant 2014-2016 thousand US$)","0141","Soya beans","2020","2020","1000 USD","5533","E","Estimated value"
"QV","Value of Agricultural Production","084","Belize","58","Gross Production Value (constant 2014-2016 thousand US$)","0141","Soya beans","2021","2021","1000 USD","7006","E","Estimated value"
"QV","Value of Agricultural Production","084","Belize","58","Gross Production Value (constant 2014-2016 thousand US$)","0141","Soya beans","2022","2022","1000 USD","10983","E","Estimated value"
"QV","Value of Agricultural Production","084","Belize","58","Gross Production Value (constant 2014-2016 thousand US$)","0141","Soya beans","2023","2023","1000 USD","11779","E","Estimated value"
"QV","Value of Agricultural Production","084","Belize","58","Gross Production Value (constant 2014-2016 thousand US$)","0141","Soya beans","2024","2024","1000 USD","10687","E","Estimated value"
"QV","Value of Agricultural Production","204","Benin","58","Gross Production Value (constant 2014-2016 thousand US$)","0112","Maize (corn)","2014","2014","1000 USD","386274","E","Estimated value"
"QV","Value of Agricultural Production","204","Benin","58","Gross Production Value (constant 2014-2016 thousand US$)","0112","Maize (corn)","2015","2015","1000 USD","366798","E","Estimated value"
"QV","Value of Agricultural Production","204","Benin","58","Gross Production Value (constant 2014-2016 thousand US$)","0112","Maize (corn)","2016","2016","1000 USD","392645","E","Estimated value"
"QV","Value of Agricultural Production","204","Benin","58","Gross Production Value (constant 2014-2016 thousand US$)","0112","Maize (corn)","2017","2017","1000 USD","414778","E","Estimated value"
"QV","Value of Agricultural Production","204","Benin","58","Gross Production Value (constant 2014-2016 thousand US$)","0112","Maize (corn)","2018","2018","1000 USD","430600","E","Estimated value"
"QV","Value of Agricultural Production","204","Benin","58","Gross Production Value (constant 2014-2016 thousand US$)","0112","Maize (corn)","2019","2019","1000 USD","450847","E","Estimated value"
"QV","Value of Agricultural Production","204","Benin","58","Gross Production Value (constant 2014-2016 thousand US$)","0112","Maize (corn)","2020","2020","1000 USD","459650","E","Estimated value"
"QV","Value of Agricultural Production","204","Benin","58","Gross Production Value (constant 2014-2016 thousand US$)","0112","Maize (corn)","2021","2021","1000 USD","464366","E","Estimated value"
"QV","Value of Agricultural Production","204","Benin","58","Gross Production Value (constant 2014-2016 thousand US$)","0112","Maize (corn)","2022","2022","1000 USD","461929","E","Estimated value"
"QV","Value of Agricultural Production","204","Benin","58","Gross Production Value (constant 2014-2016 thousand US$)","0112","Maize (corn)","2023","2023","1000 USD","587322","E","Estimated value"
"QV","Value of Agricultural Production","204","Benin","58","Gross Production Value (constant 2014-2016 thousand US$)","0112","Maize (corn)","2024","2024","1000 USD","597467","E","Estimated value"
"QV","Value of Agricultural Production","204","Benin","58","Gross Production Value (constant 2014-2016 thousand US$)","0113","Rice","2014","2014","1000 USD","154042","E","Estimated value"
"QV","Value of Agricultural Production","204","Benin","58","Gross Production Value (constant 2014-2016 thousand US$)","0113","Rice","2015","2015","1000 USD","134414","E","Estimated value"
"QV","Value of Agricultural Production","204","Benin","58","Gross Production Value (constant 2014-2016 thousand US$)","0113","Rice","2016","2016","1000 USD","185150","E","Estimated value"
"QV","Value of Agricultural Production","204","Benin","58","Gross Production Value (constant 2014-2016 thousand US$)","0113","Rice","2017","2017","1000 USD","183367","E","Estimated value"
"QV","Value of Agricultural Production","204","Benin","58","Gross Production Value (constant 2014-2016 thousand US$)","0113","Rice","2018","2018","1000 USD","302179","E","Estimated value"
"QV","Value of Agricultural Production","204","Benin","58","Gross Production Value (constant 2014-2016 thousand US$)","0113","Rice","2019","2019","1000 USD","267160","E","Estimated value"
"QV","Value of Agricultural Production","204","Benin","58","Gross Production Value (constant 2014-2016 thousand US$)","0113","Rice","2020","2020","1000 USD","270775","E","Estimated value"
"QV","Value of Agricultural Production","204","Benin","58","Gross Production Value (constant 2014-2016 thousand US$)","0113","Rice","2021","2021","1000 USD","341886","E","Estimated value"
"QV","Value of Agricultural Production","204","Benin","58","Gross Production Value (constant 2014-2016 thousand US$)","0113","Rice","2022","2022","1000 USD","345404","E","Estimated value"
"QV","Value of Agricultural Production","204","Benin","58","Gross Production Value (constant 2014-2016 thousand US$)","0113","Rice","2023","2023","1000 USD","324096","E","Estimated value"
"QV","Value of Agricultural Production","204","Benin","58","Gross Production Value (constant 2014-2016 thousand US$)","0113","Rice","2024","2024","1000 USD","329345","E","Estimated value"
"QV","Value of Agricultural Production","064","Bhutan","58","Gross Production Value (constant 2014-2016 thousand US$)","0112","Maize (corn)","2014","2014","1000 USD","36582","E","Estimated value"
"QV","Value of Agricultural Production","064","Bhutan","58","Gross Production Value (constant 2014-2016 thousand US$)","0112","Maize (corn)","2015","2015","1000 USD","39647","E","Estimated value"
"QV","Value of Agricultural Production","064","Bhutan","58","Gross Production Value (constant 2014-2016 thousand US$)","0112","Maize (corn)","2016","2016","1000 USD","38852","E","Estimated value"
"QV","Value of Agricultural Production","064","Bhutan","58","Gross Production Value (constant 2014-2016 thousand US$)","0112","Maize (corn)","2017","2017","1000 USD","44543","E","Estimated value"
"QV","Value of Agricultural Production","064","Bhutan","58","Gross Production Value (constant 2014-2016 thousand US$)","0112","Maize (corn)","2018","2018","1000 USD","26171","E","Estimated value"
"QV","Value of Agricultural Production","064","Bhutan","58","Gross Production Value (constant 2014-2016 thousand US$)","0112","Maize (corn)","2019","2019","1000 USD","21897","E","Estimated value"
"QV","Value of Agricultural Production","064","Bhutan","58","Gross Production Value (constant 2014-2016 thousand US$)","0112","Maize (corn)","2020","2020","1000 USD","19401","E","Estimated value"
"QV","Value of Agricultural Production","064","Bhutan","58","Gross Production Value (constant 2014-2016 thousand US$)","0112","Maize (corn)","2021","2021","1000 USD","14652","E","Estimated value"
"QV","Value of Agricultural Production","064","Bhutan","58","Gross Production Value (constant 2014-2016 thousand US$)","0112","Maize (corn)","2022","2022","1000 USD","12305","E","Estimated value"
"QV","Value of Agricultural Production","064","Bhutan","58","Gross Production Value (constant 2014-2016 thousand US$)","0112","Maize (corn)","2023","2023","1000 USD","11896","E","Estimated value"
"QV","Value of Agricultural Production","064","Bhutan","58","Gross Production Value (constant 2014-2016 thousand US$)","0112","Maize (corn)","2024","2024","1000 USD","13088","E","Estimated value"
"QV","Value of Agricultural Production","064","Bhutan","58","Gross Production Value (constant 2014-2016 thousand US$)","0113","Rice","2014","2014","1000 USD","49068","E","Estimated value"
"QV","Value of Agricultural Production","064","Bhutan","58","Gross Production Value (constant 2014-2016 thousand US$)","0113","Rice","2015","2015","1000 USD","51399","E","Estimated value"
"QV","Value of Agricultural Production","064","Bhutan","58","Gross Production Value (constant 2014-2016 thousand US$)","0113","Rice","2016","2016","1000 USD","53366","E","Estimated value"
"QV","Value of Agricultural Production","064","Bhutan","58","Gross Production Value (constant 2014-2016 thousand US$)","0113","Rice","2017","2017","1000 USD","55321","E","Estimated value"
"QV","Value of Agricultural Production","064","Bhutan","58","Gross Production Value (constant 2014-2016 thousand US$)","0113","Rice","2018","2018","1000 USD","40915","E","Estimated value"
"QV","Value of Agricultural Production","064","Bhutan","58","Gross Production Value (constant 2014-2016 thousand US$)","0113","Rice","2019","2019","1000 USD","31987","E","Estimated value"
"QV","Value of Agricultural Production","064","Bhutan","58","Gross Production Value (constant 2014-2016 thousand US$)","0113","Rice","2020","2020","1000 USD","34638","E","Estimated value"
"QV","Value of Agricultural Production","064","Bhutan","58","Gross Production Value (constant 2014-2016 thousand US$)","0113","Rice","2021","2021","1000 USD","25941","E","Estimated value"
"QV","Value of Agricultural Production","064","Bhutan","58","Gross Production Value (constant 2014-2016 thousand US$)","0113","Rice","2022","2022","1000 USD","26288","E","Estimated value"
"QV","Value of Agricultural Production","064","Bhutan","58","Gross Production Value (constant 2014-2016 thousand US$)","0113","Rice","2023","2023","1000 USD","26131","E","Estimated value"
"QV","Value of Agricultural Production","064","Bhutan","58","Gross Production Value (constant 2014-2016 thousand US$)","0113","Rice","2024","2024","1000 USD","26600","E","Estimated value"
"QV","Value of Agricultural Production","064","Bhutan","58","Gross Production Value (constant 2014-2016 thousand US$)","0141","Soya beans","2014","2014","1000 USD","347","E","Estimated value"
"QV","Value of Agricultural Production","064","Bhutan","58","Gross Production Value (constant 2014-2016 thousand US$)","0141","Soya beans","2015","2015","1000 USD","253","E","Estimated value"
"QV","Value of Agricultural Production","064","Bhutan","58","Gross Production Value (constant 2014-2016 thousand US$)","0141","Soya beans","2016","2016","1000 USD","292","E","Estimated value"
"QV","Value of Agricultural Production","064","Bhutan","58","Gross Production Value (constant 2014-2016 thousand US$)","0141","Soya beans","2017","2017","1000 USD","234","E","Estimated value"
"QV","Value of Agricultural Production","064","Bhutan","58","Gross Production Value (constant 2014-2016 thousand US$)","0141","Soya beans","2018","2018","1000 USD","123","E","Estimated value"
"QV","Value of Agricultural Production","064","Bhutan","58","Gross Production Value (constant 2014-2016 thousand US$)","0141","Soya beans","2019","2019","1000 USD","197","E","Estimated value"
"QV","Value of Agricultural Production","064","Bhutan","58","Gross Production Value (constant 2014-2016 thousand US$)","0141","Soya beans","2020","2020","1000 USD","268","E","Estimated value"
"QV","Value of Agricultural Production","064","Bhutan","58","Gross Production Value (constant 2014-2016 thousand US$)","0141","Soya beans","2021","2021","1000 USD","104","E","Estimated value"
"QV","Value of Agricultural Production","064","Bhutan","58","Gross Production Value (constant 2014-2016 thousand US$)","0141","Soya beans","2022","2022","1000 USD","66","E","Estimated value"
"QV","Value of Agricultural Production","064","Bhutan","58","Gross Production Value (constant 2014-2016 thousand US$)","0141","Soya beans","2023","2023","1000 USD","76","E","Estimated value"
"QV","Value of Agricultural Production","064","Bhutan","58","Gross Production Value (constant 2014-2016 thousand US$)","0141","Soya beans","2024","2024","1000 USD","92","E","Estimated value"
"QV","Value of Agricultural Production","064","Bhutan","58","Gross Production Value (constant 2014-2016 thousand US$)","0111","Wheat","2014","2014","1000 USD","2821","E","Estimated value"
"QV","Value of Agricultural Production","064","Bhutan","58","Gross Production Value (constant 2014-2016 thousand US$)","0111","Wheat","2015","2015","1000 USD","2034","E","Estimated value"
"QV","Value of Agricultural Production","064","Bhutan","58","Gross Production Value (constant 2014-2016 thousand US$)","0111","Wheat","2016","2016","1000 USD","1375","E","Estimated value"
"QV","Value of Agricultural Production","064","Bhutan","58","Gross Production Value (constant 2014-2016 thousand US$)","0111","Wheat","2017","2017","1000 USD","2118","E","Estimated value"
"QV","Value of Agricultural Production","064","Bhutan","58","Gross Production Value (constant 2014-2016 thousand US$)","0111","Wheat","2018","2018","1000 USD","788","E","Estimated value"
"QV","Value of Agricultural Production","064","Bhutan","58","Gross Production Value (constant 2014-2016 thousand US$)","0111","Wheat","2019","2019","1000 USD","719","E","Estimated value"
"QV","Value of Agricultural Production","064","Bhutan","58","Gross Production Value (constant 2014-2016 thousand US$)","0111","Wheat","2020","2020","1000 USD","885","E","Estimated value"
"QV","Value of Agricultural Production","064","Bhutan","58","Gross Production Value (constant 2014-2016 thousand US$)","0111","Wheat","2021","2021","1000 USD","638","E","Estimated value"
"QV","Value of Agricultural Production","064","Bhutan","58","Gross Production Value (constant 2014-2016 thousand US$)","0111","Wheat","2022","2022","1000 USD","420","E","Estimated value"
"QV","Value of Agricultural Production","064","Bhutan","58","Gross Production Value (constant 2014-2016 thousand US$)","0111","Wheat","2023","2023","1000 USD","457","E","Estimated value"
"QV","Value of Agricultural Production","064","Bhutan","58","Gross Production Value (constant 2014-2016 thousand US$)","0111","Wheat","2024","2024","1000 USD","457","E","Estimated value"
"QV","Value of Agricultural Production","068","Bolivia (Plurinational State of)","58","Gross Production Value (constant 2014-2016 thousand US$)","0112","Maize (corn)","2014","2014","1000 USD","314895","E","Estimated value"
"QV","Value of Agricultural Production","068","Bolivia (Plurinational State of)","58","Gross Production Value (constant 2014-2016 thousand US$)","0112","Maize (corn)","2015","2015","1000 USD","330516","E","Estimated value"
"QV","Value of Agricultural Production","068","Bolivia (Plurinational State of)","58","Gross Production Value (constant 2014-2016 thousand US$)","0112","Maize (corn)","2016","2016","1000 USD","308015","E","Estimated value"
"QV","Value of Agricultural Production","068","Bolivia (Plurinational State of)","58","Gross Production Value (constant 2014-2016 thousand US$)","0112","Maize (corn)","2017","2017","1000 USD","298718","E","Estimated value"
"QV","Value of Agricultural Production","068","Bolivia (Plurinational State of)","58","Gross Production Value (constant 2014-2016 thousand US$)","0112","Maize (corn)","2018","2018","1000 USD","394447","E","Estimated value"
"QV","Value of Agricultural Production","068","Bolivia (Plurinational State of)","58","Gross Production Value (constant 2014-2016 thousand US$)","0112","Maize (corn)","2019","2019","1000 USD","308914","E","Estimated value"
"QV","Value of Agricultural Production","068","Bolivia (Plurinational State of)","58","Gross Production Value (constant 2014-2016 thousand US$)","0112","Maize (corn)","2020","2020","1000 USD","298694","E","Estimated value"
"QV","Value of Agricultural Production","068","Bolivia (Plurinational State of)","58","Gross Production Value (constant 2014-2016 thousand US$)","0112","Maize (corn)","2021","2021","1000 USD","391132","E","Estimated value"
"QV","Value of Agricultural Production","068","Bolivia (Plurinational State of)","58","Gross Production Value (constant 2014-2016 thousand US$)","0112","Maize (corn)","2022","2022","1000 USD","308325","E","Estimated value"
"QV","Value of Agricultural Production","068","Bolivia (Plurinational State of)","58","Gross Production Value (constant 2014-2016 thousand US$)","0112","Maize (corn)","2023","2023","1000 USD","349466","E","Estimated value"
"QV","Value of Agricultural Production","068","Bolivia (Plurinational State of)","58","Gross Production Value (constant 2014-2016 thousand US$)","0112","Maize (corn)","2024","2024","1000 USD","349868","E","Estimated value"
"QV","Value of Agricultural Production","068","Bolivia (Plurinational State of)","58","Gross Production Value (constant 2014-2016 thousand US$)","0113","Rice","2014","2014","1000 USD","166095","E","Estimated value"
"QV","Value of Agricultural Production","068","Bolivia (Plurinational State of)","58","Gross Production Value (constant 2014-2016 thousand US$)","0113","Rice","2015","2015","1000 USD","180948","E","Estimated value"
"QV","Value of Agricultural Production","068","Bolivia (Plurinational State of)","58","Gross Production Value (constant 2014-2016 thousand US$)","0113","Rice","2016","2016","1000 USD","139639","E","Estimated value"
"QV","Value of Agricultural Production","068","Bolivia (Plurinational State of)","58","Gross Production Value (constant 2014-2016 thousand US$)","0113","Rice","2017","2017","1000 USD","164216","E","Estimated value"
"QV","Value of Agricultural Production","068","Bolivia (Plurinational State of)","58","Gross Production Value (constant 2014-2016 thousand US$)","0113","Rice","2018","2018","1000 USD","185688","E","Estimated value"
"QV","Value of Agricultural Production","068","Bolivia (Plurinational State of)","58","Gross Production Value (constant 2014-2016 thousand US$)","0113","Rice","2019","2019","1000 USD","205894","E","Estimated value"
"QV","Value of Agricultural Production","068","Bolivia (Plurinational State of)","58","Gross Production Value (constant 2014-2016 thousand US$)","0113","Rice","2020","2020","1000 USD","167252","E","Estimated value"
"QV","Value of Agricultural Production","068","Bolivia (Plurinational State of)","58","Gross Production Value (constant 2014-2016 thousand US$)","0113","Rice","2021","2021","1000 USD","188785","E","Estimated value"
"QV","Value of Agricultural Production","068","Bolivia (Plurinational State of)","58","Gross Production Value (constant 2014-2016 thousand US$)","0113","Rice","2022","2022","1000 USD","208858","E","Estimated value"
"QV","Value of Agricultural Production","068","Bolivia (Plurinational State of)","58","Gross Production Value (constant 2014-2016 thousand US$)","0113","Rice","2023","2023","1000 USD","239693","E","Estimated value"
"QV","Value of Agricultural Production","068","Bolivia (Plurinational State of)","58","Gross Production Value (constant 2014-2016 thousand US$)","0113","Rice","2024","2024","1000 USD","148929","E","Estimated value"
"QV","Value of Agricultural Production","068","Bolivia (Plurinational State of)","58","Gross Production Value (constant 2014-2016 thousand US$)","0141","Soya beans","2014","2014","1000 USD","866512","E","Estimated value"
"QV","Value of Agricultural Production","068","Bolivia (Plurinational State of)","58","Gross Production Value (constant 2014-2016 thousand US$)","0141","Soya beans","2015","2015","1000 USD","956299","E","Estimated value"
"QV","Value of Agricultural Production","068","Bolivia (Plurinational State of)","58","Gross Production Value (constant 2014-2016 thousand US$)","0141","Soya beans","2016","2016","1000 USD","986490","E","Estimated value"
"QV","Value of Agricultural Production","068","Bolivia (Plurinational State of)","58","Gross Production Value (constant 2014-2016 thousand US$)","0141","Soya beans","2017","2017","1000 USD","822399","E","Estimated value"
"QV","Value of Agricultural Production","068","Bolivia (Plurinational State of)","58","Gross Production Value (constant 2014-2016 thousand US$)","0141","Soya beans","2018","2018","1000 USD","905864","E","Estimated value"
"QV","Value of Agricultural Production","068","Bolivia (Plurinational State of)","58","Gross Production Value (constant 2014-2016 thousand US$)","0141","Soya beans","2019","2019","1000 USD","920863","E","Estimated value"
"QV","Value of Agricultural Production","068","Bolivia (Plurinational State of)","58","Gross Production Value (constant 2014-2016 thousand US$)","0141","Soya beans","2020","2020","1000 USD","871142","E","Estimated value"
"QV","Value of Agricultural Production","068","Bolivia (Plurinational State of)","58","Gross Production Value (constant 2014-2016 thousand US$)","0141","Soya beans","2021","2021","1000 USD","1021644","E","Estimated value"
"QV","Value of Agricultural Production","068","Bolivia (Plurinational State of)","58","Gross Production Value (constant 2014-2016 thousand US$)","0141","Soya beans","2022","2022","1000 USD","1064434","E","Estimated value"
"QV","Value of Agricultural Production","068","Bolivia (Plurinational State of)","58","Gross Production Value (constant 2014-2016 thousand US$)","0141","Soya beans","2023","2023","1000 USD","1130114","E","Estimated value"
"QV","Value of Agricultural Production","068","Bolivia (Plurinational State of)","58","Gross Production Value (constant 2014-2016 thousand US$)","0141","Soya beans","2024","2024","1000 USD","990322","E","Estimated value"
"QV","Value of Agricultural Production","068","Bolivia (Plurinational State of)","58","Gross Production Value (constant 2014-2016 thousand US$)","0111","Wheat","2014","2014","1000 USD","54741","E","Estimated value"
"QV","Value of Agricultural Production","068","Bolivia (Plurinational State of)","58","Gross Production Value (constant 2014-2016 thousand US$)","0111","Wheat","2015","2015","1000 USD","115741","E","Estimated value"
"QV","Value of Agricultural Production","068","Bolivia (Plurinational State of)","58","Gross Production Value (constant 2014-2016 thousand US$)","0111","Wheat","2016","2016","1000 USD","112943","E","Estimated value"
"QV","Value of Agricultural Production","068","Bolivia (Plurinational State of)","58","Gross Production Value (constant 2014-2016 thousand US$)","0111","Wheat","2017","2017","1000 USD","52897","E","Estimated value"
"QV","Value of Agricultural Production","068","Bolivia (Plurinational State of)","58","Gross Production Value (constant 2014-2016 thousand US$)","0111","Wheat","2018","2018","1000 USD","103430","E","Estimated value"
"QV","Value of Agricultural Production","068","Bolivia (Plurinational State of)","58","Gross Production Value (constant 2014-2016 thousand US$)","0111","Wheat","2019","2019","1000 USD","81296","E","Estimated value"
"QV","Value of Agricultural Production","068","Bolivia (Plurinational State of)","58","Gross Production Value (constant 2014-2016 thousand US$)","0111","Wheat","2020","2020","1000 USD","106728","E","Estimated value"
"QV","Value of Agricultural Production","068","Bolivia (Plurinational State of)","58","Gross Production Value (constant 2014-2016 thousand US$)","0111","Wheat","2021","2021","1000 USD","115569","E","Estimated value"
"QV","Value of Agricultural Production","068","Bolivia (Plurinational State of)","58","Gross Production Value (constant 2014-2016 thousand US$)","0111","Wheat","2022","2022","1000 USD","106529","E","Estimated value"
"QV","Value of Agricultural Production","068","Bolivia (Plurinational State of)","58","Gross Production Value (constant 2014-2016 thousand US$)","0111","Wheat","2023","2023","1000 USD","93528","E","Estimated value"
"QV","Value of Agricultural Production","068","Bolivia (Plurinational State of)","58","Gross Production Value (constant 2014-2016 thousand US$)","0111","Wheat","2024","2024","1000 USD","100352","E","Estimated value"
"QV","Value of Agricultural Production","070","Bosnia and Herzegovina","58","Gross Production Value (constant 2014-2016 thousand US$)","0112","Maize (corn)","2014","2014","1000 USD","135384","E","Estimated value"
"QV","Value of Agricultural Production","070","Bosnia and Herzegovina","58","Gross Production Value (constant 2014-2016 thousand US$)","0112","Maize (corn)","2015","2015","1000 USD","133049","E","Estimated value"
"QV","Value of Agricultural Production","070","Bosnia and Herzegovina","58","Gross Production Value (constant 2014-2016 thousand US$)","0112","Maize (corn)","2016","2016","1000 USD","199552","E","Estimated value"
"QV","Value of Agricultural Production","070","Bosnia and Herzegovina","58","Gross Production Value (constant 2014-2016 thousand US$)","0112","Maize (corn)","2017","2017","1000 USD","120160","E","Estimated value"
"QV","Value of Agricultural Production","070","Bosnia and Herzegovina","58","Gross Production Value (constant 2014-2016 thousand US$)","0112","Maize (corn)","2018","2018","1000 USD","215456","E","Estimated value"
"QV","Value of Agricultural Production","070","Bosnia and Herzegovina","58","Gross Production Value (constant 2014-2016 thousand US$)","0112","Maize (corn)","2019","2019","1000 USD","209234","E","Estimated value"
"QV","Value of Agricultural Production","070","Bosnia and Herzegovina","58","Gross Production Value (constant 2014-2016 thousand US$)","0112","Maize (corn)","2020","2020","1000 USD","241537","E","Estimated value"
"QV","Value of Agricultural Production","070","Bosnia and Herzegovina","58","Gross Production Value (constant 2014-2016 thousand US$)","0112","Maize (corn)","2021","2021","1000 USD","151240","E","Estimated value"
"QV","Value of Agricultural Production","070","Bosnia and Herzegovina","58","Gross Production Value (constant 2014-2016 thousand US$)","0112","Maize (corn)","2022","2022","1000 USD","167173","E","Estimated value"
"QV","Value of Agricultural Production","070","Bosnia and Herzegovina","58","Gross Production Value (constant 2014-2016 thousand US$)","0112","Maize (corn)","2023","2023","1000 USD","121361","E","Estimated value"
"QV","Value of Agricultural Production","070","Bosnia and Herzegovina","58","Gross Production Value (constant 2014-2016 thousand US$)","0112","Maize (corn)","2024","2024","1000 USD","129085","E","Estimated value"
"QV","Value of Agricultural Production","070","Bosnia and Herzegovina","58","Gross Production Value (constant 2014-2016 thousand US$)","0141","Soya beans","2014","2014","1000 USD","3312","E","Estimated value"
"QV","Value of Agricultural Production","070","Bosnia and Herzegovina","58","Gross Production Value (constant 2014-2016 thousand US$)","0141","Soya beans","2015","2015","1000 USD","3855","E","Estimated value"
"QV","Value of Agricultural Production","070","Bosnia and Herzegovina","58","Gross Production Value (constant 2014-2016 thousand US$)","0141","Soya beans","2016","2016","1000 USD","6853","E","Estimated value"
"QV","Value of Agricultural Production","070","Bosnia and Herzegovina","58","Gross Production Value (constant 2014-2016 thousand US$)","0141","Soya beans","2017","2017","1000 USD","4311","E","Estimated value"
"QV","Value of Agricultural Production","070","Bosnia and Herzegovina","58","Gross Production Value (constant 2014-2016 thousand US$)","0141","Soya beans","2018","2018","1000 USD","8568","E","Estimated value"
"QV","Value of Agricultural Production","070","Bosnia and Herzegovina","58","Gross Production Value (constant 2014-2016 thousand US$)","0141","Soya beans","2019","2019","1000 USD","8723","E","Estimated value"
"QV","Value of Agricultural Production","070","Bosnia and Herzegovina","58","Gross Production Value (constant 2014-2016 thousand US$)","0141","Soya beans","2020","2020","1000 USD","13662","E","Estimated value"
"QV","Value of Agricultural Production","070","Bosnia and Herzegovina","58","Gross Production Value (constant 2014-2016 thousand US$)","0141","Soya beans","2021","2021","1000 USD","9138","E","Estimated value"
"QV","Value of Agricultural Production","070","Bosnia and Herzegovina","58","Gross Production Value (constant 2014-2016 thousand US$)","0141","Soya beans","2022","2022","1000 USD","13033","E","Estimated value"
"QV","Value of Agricultural Production","070","Bosnia and Herzegovina","58","Gross Production Value (constant 2014-2016 thousand US$)","0141","Soya beans","2023","2023","1000 USD","10329","E","Estimated value"
"QV","Value of Agricultural Production","070","Bosnia and Herzegovina","58","Gross Production Value (constant 2014-2016 thousand US$)","0141","Soya beans","2024","2024","1000 USD","11597","E","Estimated value"
"QV","Value of Agricultural Production","070","Bosnia and Herzegovina","58","Gross Production Value (constant 2014-2016 thousand US$)","0111","Wheat","2014","2014","1000 USD","34535","E","Estimated value"
"QV","Value of Agricultural Production","070","Bosnia and Herzegovina","58","Gross Production Value (constant 2014-2016 thousand US$)","0111","Wheat","2015","2015","1000 USD","43134","E","Estimated value"
"QV","Value of Agricultural Production","070","Bosnia and Herzegovina","58","Gross Production Value (constant 2014-2016 thousand US$)","0111","Wheat","2016","2016","1000 USD","62085","E","Estimated value"
"QV","Value of Agricultural Production","070","Bosnia and Herzegovina","58","Gross Production Value (constant 2014-2016 thousand US$)","0111","Wheat","2017","2017","1000 USD","59202","E","Estimated value"
"QV","Value of Agricultural Production","070","Bosnia and Herzegovina","58","Gross Production Value (constant 2014-2016 thousand US$)","0111","Wheat","2018","2018","1000 USD","59899","E","Estimated value"
"QV","Value of Agricultural Production","070","Bosnia and Herzegovina","58","Gross Production Value (constant 2014-2016 thousand US$)","0111","Wheat","2019","2019","1000 USD","53613","E","Estimated value"
"QV","Value of Agricultural Production","070","Bosnia and Herzegovina","58","Gross Production Value (constant 2014-2016 thousand US$)","0111","Wheat","2020","2020","1000 USD","65162","E","Estimated value"
"QV","Value of Agricultural Production","070","Bosnia and Herzegovina","58","Gross Production Value (constant 2014-2016 thousand US$)","0111","Wheat","2021","2021","1000 USD","63659","E","Estimated value"
"QV","Value of Agricultural Production","070","Bosnia and Herzegovina","58","Gross Production Value (constant 2014-2016 thousand US$)","0111","Wheat","2022","2022","1000 USD","56984","E","Estimated value"
"QV","Value of Agricultural Production","070","Bosnia and Herzegovina","58","Gross Production Value (constant 2014-2016 thousand US$)","0111","Wheat","2023","2023","1000 USD","49917","E","Estimated value"
"QV","Value of Agricultural Production","070","Bosnia and Herzegovina","58","Gross Production Value (constant 2014-2016 thousand US$)","0111","Wheat","2024","2024","1000 USD","56550","E","Estimated value"
"QV","Value of Agricultural Production","072","Botswana","58","Gross Production Value (constant 2014-2016 thousand US$)","0112","Maize (corn)","2014","2014","1000 USD","5950","E","Estimated value"
"QV","Value of Agricultural Production","072","Botswana","58","Gross Production Value (constant 2014-2016 thousand US$)","0112","Maize (corn)","2015","2015","1000 USD","790","E","Estimated value"
"QV","Value of Agricultural Production","072","Botswana","58","Gross Production Value (constant 2014-2016 thousand US$)","0112","Maize (corn)","2016","2016","1000 USD","3146","E","Estimated value"
"QV","Value of Agricultural Production","072","Botswana","58","Gross Production Value (constant 2014-2016 thousand US$)","0112","Maize (corn)","2017","2017","1000 USD","2556","E","Estimated value"
"QV","Value of Agricultural Production","072","Botswana","58","Gross Production Value (constant 2014-2016 thousand US$)","0112","Maize (corn)","2018","2018","1000 USD","5133","E","Estimated value"
"QV","Value of Agricultural Production","072","Botswana","58","Gross Production Value (constant 2014-2016 thousand US$)","0112","Maize (corn)","2019","2019","1000 USD","1517","E","Estimated value"
"QV","Value of Agricultural Production","072","Botswana","58","Gross Production Value (constant 2014-2016 thousand US$)","0112","Maize (corn)","2020","2020","1000 USD","12909","E","Estimated value"
"QV","Value of Agricultural Production","072","Botswana","58","Gross Production Value (constant 2014-2016 thousand US$)","0112","Maize (corn)","2021","2021","1000 USD","14053","E","Estimated value"
"QV","Value of Agricultural Production","072","Botswana","58","Gross Production Value (constant 2014-2016 thousand US$)","0112","Maize (corn)","2022","2022","1000 USD","6207","E","Estimated value"
"QV","Value of Agricultural Production","072","Botswana","58","Gross Production Value (constant 2014-2016 thousand US$)","0112","Maize (corn)","2023","2023","1000 USD","6823","E","Estimated value"
"QV","Value of Agricultural Production","072","Botswana","58","Gross Production Value (constant 2014-2016 thousand US$)","0112","Maize (corn)","2024","2024","1000 USD","3751","E","Estimated value"
"QV","Value of Agricultural Production","076","Brazil","58","Gross Production Value (constant 2014-2016 thousand US$)","0112","Maize (corn)","2014","2014","1000 USD","13519818","E","Estimated value"
"QV","Value of Agricultural Production","076","Brazil","58","Gross Production Value (constant 2014-2016 thousand US$)","0112","Maize (corn)","2015","2015","1000 USD","14434006","E","Estimated value"
"QV","Value of Agricultural Production","076","Brazil","58","Gross Production Value (constant 2014-2016 thousand US$)","0112","Maize (corn)","2016","2016","1000 USD","10863756","E","Estimated value"
"QV","Value of Agricultural Production","076","Brazil","58","Gross Production Value (constant 2014-2016 thousand US$)","0112","Maize (corn)","2017","2017","1000 USD","16571201","E","Estimated value"
"QV","Value of Agricultural Production","076","Brazil","58","Gross Production Value (constant 2014-2016 thousand US$)","0112","Maize (corn)","2018","2018","1000 USD","13940386","E","Estimated value"
"QV","Value of Agricultural Production","076","Brazil","58","Gross Production Value (constant 2014-2016 thousand US$)","0112","Maize (corn)","2019","2019","1000 USD","17115461","E","Estimated value"
"QV","Value of Agricultural Production","076","Brazil","58","Gross Production Value (constant 2014-2016 thousand US$)","0112","Maize (corn)","2020","2020","1000 USD","17600277","E","Estimated value"
"QV","Value of Agricultural Production","076","Brazil","58","Gross Production Value (constant 2014-2016 thousand US$)","0112","Maize (corn)","2021","2021","1000 USD","14939896","E","Estimated value"
"QV","Value of Agricultural Production","076","Brazil","58","Gross Production Value (constant 2014-2016 thousand US$)","0112","Maize (corn)","2022","2022","1000 USD","18573627","E","Estimated value"
"QV","Value of Agricultural Production","076","Brazil","58","Gross Production Value (constant 2014-2016 thousand US$)","0112","Maize (corn)","2023","2023","1000 USD","22332249","E","Estimated value"
"QV","Value of Agricultural Production","076","Brazil","58","Gross Production Value (constant 2014-2016 thousand US$)","0112","Maize (corn)","2024","2024","1000 USD","19455638","E","Estimated value"
"QV","Value of Agricultural Production","076","Brazil","58","Gross Production Value (constant 2014-2016 thousand US$)","0113","Rice","2014","2014","1000 USD","3430968","E","Estimated value"
"QV","Value of Agricultural Production","076","Brazil","58","Gross Production Value (constant 2014-2016 thousand US$)","0113","Rice","2015","2015","1000 USD","3466361","E","Estimated value"
"QV","Value of Agricultural Production","076","Brazil","58","Gross Production Value (constant 2014-2016 thousand US$)","0113","Rice","2016","2016","1000 USD","2993231","E","Estimated value"
"QV","Value of Agricultural Production","076","Brazil","58","Gross Production Value (constant 2014-2016 thousand US$)","0113","Rice","2017","2017","1000 USD","3512452","E","Estimated value"
"QV","Value of Agricultural Production","076","Brazil","58","Gross Production Value (constant 2014-2016 thousand US$)","0113","Rice","2018","2018","1000 USD","3327497","E","Estimated value"
"QV","Value of Agricultural Production","076","Brazil","58","Gross Production Value (constant 2014-2016 thousand US$)","0113","Rice","2019","2019","1000 USD","2921783","E","Estimated value"
"QV","Value of Agricultural Production","076","Brazil","58","Gross Production Value (constant 2014-2016 thousand US$)","0113","Rice","2020","2020","1000 USD","3125341","E","Estimated value"
"QV","Value of Agricultural Production","076","Brazil","58","Gross Production Value (constant 2014-2016 thousand US$)","0113","Rice","2021","2021","1000 USD","3285847","E","Estimated value"
"QV","Value of Agricultural Production","076","Brazil","58","Gross Production Value (constant 2014-2016 thousand US$)","0113","Rice","2022","2022","1000 USD","3036007","E","Estimated value"
"QV","Value of Agricultural Production","076","Brazil","58","Gross Production Value (constant 2014-2016 thousand US$)","0113","Rice","2023","2023","1000 USD","2898401","E","Estimated value"
"QV","Value of Agricultural Production","076","Brazil","58","Gross Production Value (constant 2014-2016 thousand US$)","0113","Rice","2024","2024","1000 USD","3007124","E","Estimated value"
"QV","Value of Agricultural Production","076","Brazil","58","Gross Production Value (constant 2014-2016 thousand US$)","0141","Soya beans","2014","2014","1000 USD","31504482","E","Estimated value"
"QV","Value of Agricultural Production","076","Brazil","58","Gross Production Value (constant 2014-2016 thousand US$)","0141","Soya beans","2015","2015","1000 USD","35391470","E","Estimated value"
"QV","Value of Agricultural Production","076","Brazil","58","Gross Production Value (constant 2014-2016 thousand US$)","0141","Soya beans","2016","2016","1000 USD","35002890","E","Estimated value"
"QV","Value of Agricultural Production","076","Brazil","58","Gross Production Value (constant 2014-2016 thousand US$)","0141","Soya beans","2017","2017","1000 USD","41661524","E","Estimated value"
"QV","Value of Agricultural Production","076","Brazil","58","Gross Production Value (constant 2014-2016 thousand US$)","0141","Soya beans","2018","2018","1000 USD","42816372","E","Estimated value"
"QV","Value of Agricultural Production","076","Brazil","58","Gross Production Value (constant 2014-2016 thousand US$)","0141","Soya beans","2019","2019","1000 USD","41510730","E","Estimated value"
"QV","Value of Agricultural Production","076","Brazil","58","Gross Production Value (constant 2014-2016 thousand US$)","0141","Soya beans","2020","2020","1000 USD","44235626","E","Estimated value"
"QV","Value of Agricultural Production","076","Brazil","58","Gross Production Value (constant 2014-2016 thousand US$)","0141","Soya beans","2021","2021","1000 USD","48948282","E","Estimated value"
"QV","Value of Agricultural Production","076","Brazil","58","Gross Production Value (constant 2014-2016 thousand US$)","0141","Soya beans","2022","2022","1000 USD","44042866","E","Estimated value"
"QV","Value of Agricultural Production","076","Brazil","58","Gross Production Value (constant 2014-2016 thousand US$)","0141","Soya beans","2023","2023","1000 USD","55246620","E","Estimated value"
"QV","Value of Agricultural Production","076","Brazil","58","Gross Production Value (constant 2014-2016 thousand US$)","0141","Soya beans","2024","2024","1000 USD","52461319","E","Estimated value"
"QV","Value of Agricultural Production","076","Brazil","58","Gross Production Value (constant 2014-2016 thousand US$)","0111","Wheat","2014","2014","1000 USD","1252617","E","Estimated value"
"QV","Value of Agricultural Production","076","Brazil","58","Gross Production Value (constant 2014-2016 thousand US$)","0111","Wheat","2015","2015","1000 USD","1101900","E","Estimated value"
"QV","Value of Agricultural Production","076","Brazil","58","Gross Production Value (constant 2014-2016 thousand US$)","0111","Wheat","2016","2016","1000 USD","1367144","E","Estimated value"
"QV","Value of Agricultural Production","076","Brazil","58","Gross Production Value (constant 2014-2016 thousand US$)","0111","Wheat","2017","2017","1000 USD","868728","E","Estimated value"
"QV","Value of Agricultural Production","076","Brazil","58","Gross Production Value (constant 2014-2016 thousand US$)","0111","Wheat","2018","2018","1000 USD","1094055","E","Estimated value"
"QV","Value of Agricultural Production","076","Brazil","58","Gross Production Value (constant 2014-2016 thousand US$)","0111","Wheat","2019","2019","1000 USD","1118376","E","Estimated value"
"QV","Value of Agricultural Production","076","Brazil","58","Gross Production Value (constant 2014-2016 thousand US$)","0111","Wheat","2020","2020","1000 USD","1269057","E","Estimated value"
"QV","Value of Agricultural Production","076","Brazil","58","Gross Production Value (constant 2014-2016 thousand US$)","0111","Wheat","2021","2021","1000 USD","1575982","E","Estimated value"
"QV","Value of Agricultural Production","076","Brazil","58","Gross Production Value (constant 2014-2016 thousand US$)","0111","Wheat","2022","2022","1000 USD","2069030","E","Estimated value"
"QV","Value of Agricultural Production","076","Brazil","58","Gross Production Value (constant 2014-2016 thousand US$)","0111","Wheat","2023","2023","1000 USD","1546332","E","Estimated value"
"QV","Value of Agricultural Production","076","Brazil","58","Gross Production Value (constant 2014-2016 thousand US$)","0111","Wheat","2024","2024","1000 USD","1526926","E","Estimated value"
"QV","Value of Agricultural Production","096","Brunei Darussalam","58","Gross Production Value (constant 2014-2016 thousand US$)","0113","Rice","2014","2014","1000 USD","2064","E","Estimated value"
"QV","Value of Agricultural Production","096","Brunei Darussalam","58","Gross Production Value (constant 2014-2016 thousand US$)","0113","Rice","2015","2015","1000 USD","3047","E","Estimated value"
"QV","Value of Agricultural Production","096","Brunei Darussalam","58","Gross Production Value (constant 2014-2016 thousand US$)","0113","Rice","2016","2016","1000 USD","2359","E","Estimated value"
"QV","Value of Agricultural Production","096","Brunei Darussalam","58","Gross Production Value (constant 2014-2016 thousand US$)","0113","Rice","2017","2017","1000 USD","2261","E","Estimated value"
"QV","Value of Agricultural Production","096","Brunei Darussalam","58","Gross Production Value (constant 2014-2016 thousand US$)","0113","Rice","2018","2018","1000 USD","2359","E","Estimated value"
"QV","Value of Agricultural Production","096","Brunei Darussalam","58","Gross Production Value (constant 2014-2016 thousand US$)","0113","Rice","2019","2019","1000 USD","2261","E","Estimated value"
"QV","Value of Agricultural Production","096","Brunei Darussalam","58","Gross Production Value (constant 2014-2016 thousand US$)","0113","Rice","2020","2020","1000 USD","3833","E","Estimated value"
"QV","Value of Agricultural Production","096","Brunei Darussalam","58","Gross Production Value (constant 2014-2016 thousand US$)","0113","Rice","2021","2021","1000 USD","4030","E","Estimated value"
"QV","Value of Agricultural Production","096","Brunei Darussalam","58","Gross Production Value (constant 2014-2016 thousand US$)","0113","Rice","2022","2022","1000 USD","3501","E","Estimated value"
"QV","Value of Agricultural Production","096","Brunei Darussalam","58","Gross Production Value (constant 2014-2016 thousand US$)","0113","Rice","2023","2023","1000 USD","3662","E","Estimated value"
"QV","Value of Agricultural Production","096","Brunei Darussalam","58","Gross Production Value (constant 2014-2016 thousand US$)","0113","Rice","2024","2024","1000 USD","3550","E","Estimated value"
"QV","Value of Agricultural Production","100","Bulgaria","58","Gross Production Value (constant 2014-2016 thousand US$)","0112","Maize (corn)","2014","2014","1000 USD","524244","E","Estimated value"
"QV","Value of Agricultural Production","100","Bulgaria","58","Gross Production Value (constant 2014-2016 thousand US$)","0112","Maize (corn)","2015","2015","1000 USD","450631","E","Estimated value"
"QV","Value of Agricultural Production","100","Bulgaria","58","Gross Production Value (constant 2014-2016 thousand US$)","0112","Maize (corn)","2016","2016","1000 USD","371960","E","Estimated value"
"QV","Value of Agricultural Production","100","Bulgaria","58","Gross Production Value (constant 2014-2016 thousand US$)","0112","Maize (corn)","2017","2017","1000 USD","428182","E","Estimated value"
"QV","Value of Agricultural Production","100","Bulgaria","58","Gross Production Value (constant 2014-2016 thousand US$)","0113","Rice","2014","2014","1000 USD","21669","E","Estimated value"
"QV","Value of Agricultural Production","100","Bulgaria","58","Gross Production Value (constant 2014-2016 thousand US$)","0113","Rice","2015","2015","1000 USD","27083","E","Estimated value"
"QV","Value of Agricultural Production","100","Bulgaria","58","Gross Production Value (constant 2014-2016 thousand US$)","0113","Rice","2016","2016","1000 USD","25918","E","Estimated value"
"QV","Value of Agricultural Production","100","Bulgaria","58","Gross Production Value (constant 2014-2016 thousand US$)","0113","Rice","2017","2017","1000 USD","23417","E","Estimated value"
"QV","Value of Agricultural Production","100","Bulgaria","58","Gross Production Value (constant 2014-2016 thousand US$)","0141","Soya beans","2014","2014","1000 USD","432","E","Estimated value"
"QV","Value of Agricultural Production","100","Bulgaria","58","Gross Production Value (constant 2014-2016 thousand US$)","0141","Soya beans","2015","2015","1000 USD","23655","E","Estimated value"
"QV","Value of Agricultural Production","100","Bulgaria","58","Gross Production Value (constant 2014-2016 thousand US$)","0141","Soya beans","2016","2016","1000 USD","10747","E","Estimated value"
"QV","Value of Agricultural Production","100","Bulgaria","58","Gross Production Value (constant 2014-2016 thousand US$)","0141","Soya beans","2017","2017","1000 USD","11745","E","Estimated value"
"QV","Value of Agricultural Production","100","Bulgaria","58","Gross Production Value (constant 2014-2016 thousand US$)","0111","Wheat","2014","2014","1000 USD","964912","E","Estimated value"
"QV","Value of Agricultural Production","100","Bulgaria","58","Gross Production Value (constant 2014-2016 thousand US$)","0111","Wheat","2015","2015","1000 USD","904373","E","Estimated value"
"QV","Value of Agricultural Production","100","Bulgaria","58","Gross Production Value (constant 2014-2016 thousand US$)","0111","Wheat","2016","2016","1000 USD","1021872","E","Estimated value"
"QV","Value of Agricultural Production","100","Bulgaria","58","Gross Production Value (constant 2014-2016 thousand US$)","0111","Wheat","2017","2017","1000 USD","1106677","E","Estimated value"
"QV","Value of Agricultural Production","854","Burkina Faso","58","Gross Production Value (constant 2014-2016 thousand US$)","0112","Maize (corn)","2014","2014","1000 USD","345325","E","Estimated value"
"QV","Value of Agricultural Production","854","Burkina Faso","58","Gross Production Value (constant 2014-2016 thousand US$)","0112","Maize (corn)","2015","2015","1000 USD","354127","E","Estimated value"
"QV","Value of Agricultural Production","854","Burkina Faso","58","Gross Production Value (constant 2014-2016 thousand US$)","0112","Maize (corn)","2016","2016","1000 USD","386155","E","Estimated value"
"QV","Value of Agricultural Production","854","Burkina Faso","58","Gross Production Value (constant 2014-2016 thousand US$)","0112","Maize (corn)","2017","2017","1000 USD","369505","E","Estimated value"
"QV","Value of Agricultural Production","854","Burkina Faso","58","Gross Production Value (constant 2014-2016 thousand US$)","0112","Maize (corn)","2018","2018","1000 USD","409673","E","Estimated value"
"QV","Value of Agricultural Production","854","Burkina Faso","58","Gross Production Value (constant 2014-2016 thousand US$)","0112","Maize (corn)","2019","2019","1000 USD","412269","E","Estimated value"
"QV","Value of Agricultural Production","854","Burkina Faso","58","Gross Production Value (constant 2014-2016 thousand US$)","0112","Maize (corn)","2020","2020","1000 USD","462680","E","Estimated value"
"QV","Value of Agricultural Production","854","Burkina Faso","58","Gross Production Value (constant 2014-2016 thousand US$)","0112","Maize (corn)","2021","2021","1000 USD","446633","E","Estimated value"
"QV","Value of Agricultural Production","854","Burkina Faso","58","Gross Production Value (constant 2014-2016 thousand US$)","0112","Maize (corn)","2022","2022","1000 USD","436216","E","Estimated value"
"QV","Value of Agricultural Production","854","Burkina Faso","58","Gross Production Value (constant 2014-2016 thousand US$)","0112","Maize (corn)","2023","2023","1000 USD","480814","E","Estimated value"
"QV","Value of Agricultural Production","854","Burkina Faso","58","Gross Production Value (constant 2014-2016 thousand US$)","0112","Maize (corn)","2024","2024","1000 USD","445788","E","Estimated value"
"QV","Value of Agricultural Production","854","Burkina Faso","58","Gross Production Value (constant 2014-2016 thousand US$)","0113","Rice","2014","2014","1000 USD","166633","E","Estimated value"
"QV","Value of Agricultural Production","854","Burkina Faso","58","Gross Production Value (constant 2014-2016 thousand US$)","0113","Rice","2015","2015","1000 USD","155910","E","Estimated value"
"QV","Value of Agricultural Production","854","Burkina Faso","58","Gross Production Value (constant 2014-2016 thousand US$)","0113","Rice","2016","2016","1000 USD","184466","E","Estimated value"
"QV","Value of Agricultural Production","854","Burkina Faso","58","Gross Production Value (constant 2014-2016 thousand US$)","0113","Rice","2017","2017","1000 USD","156115","E","Estimated value"
"QV","Value of Agricultural Production","854","Burkina Faso","58","Gross Production Value (constant 2014-2016 thousand US$)","0113","Rice","2018","2018","1000 USD","168019","E","Estimated value"
"QV","Value of Agricultural Production","854","Burkina Faso","58","Gross Production Value (constant 2014-2016 thousand US$)","0113","Rice","2019","2019","1000 USD","180552","E","Estimated value"
"QV","Value of Agricultural Production","854","Burkina Faso","58","Gross Production Value (constant 2014-2016 thousand US$)","0113","Rice","2020","2020","1000 USD","216465","E","Estimated value"
"QV","Value of Agricultural Production","854","Burkina Faso","58","Gross Production Value (constant 2014-2016 thousand US$)","0113","Rice","2021","2021","1000 USD","216270","E","Estimated value"
"QV","Value of Agricultural Production","854","Burkina Faso","58","Gross Production Value (constant 2014-2016 thousand US$)","0113","Rice","2022","2022","1000 USD","210500","E","Estimated value"
"QV","Value of Agricultural Production","854","Burkina Faso","58","Gross Production Value (constant 2014-2016 thousand US$)","0113","Rice","2023","2023","1000 USD","241799","E","Estimated value"
"QV","Value of Agricultural Production","854","Burkina Faso","58","Gross Production Value (constant 2014-2016 thousand US$)","0113","Rice","2024","2024","1000 USD","246105","E","Estimated value"
"QV","Value of Agricultural Production","854","Burkina Faso","58","Gross Production Value (constant 2014-2016 thousand US$)","0141","Soya beans","2014","2014","1000 USD","3948","E","Estimated value"
"QV","Value of Agricultural Production","854","Burkina Faso","58","Gross Production Value (constant 2014-2016 thousand US$)","0141","Soya beans","2015","2015","1000 USD","5250","E","Estimated value"
"QV","Value of Agricultural Production","854","Burkina Faso","58","Gross Production Value (constant 2014-2016 thousand US$)","0141","Soya beans","2016","2016","1000 USD","6779","E","Estimated value"
"QV","Value of Agricultural Production","854","Burkina Faso","58","Gross Production Value (constant 2014-2016 thousand US$)","0141","Soya beans","2017","2017","1000 USD","4851","E","Estimated value"
"QV","Value of Agricultural Production","854","Burkina Faso","58","Gross Production Value (constant 2014-2016 thousand US$)","0141","Soya beans","2018","2018","1000 USD","8212","E","Estimated value"
"QV","Value of Agricultural Production","854","Burkina Faso","58","Gross Production Value (constant 2014-2016 thousand US$)","0141","Soya beans","2019","2019","1000 USD","13560","E","Estimated value"
"QV","Value of Agricultural Production","854","Burkina Faso","58","Gross Production Value (constant 2014-2016 thousand US$)","0141","Soya beans","2020","2020","1000 USD","25833","E","Estimated value"
"QV","Value of Agricultural Production","854","Burkina Faso","58","Gross Production Value (constant 2014-2016 thousand US$)","0141","Soya beans","2021","2021","1000 USD","27974","E","Estimated value"
"QV","Value of Agricultural Production","854","Burkina Faso","58","Gross Production Value (constant 2014-2016 thousand US$)","0141","Soya beans","2022","2022","1000 USD","40001","E","Estimated value"
"QV","Value of Agricultural Production","854","Burkina Faso","58","Gross Production Value (constant 2014-2016 thousand US$)","0141","Soya beans","2023","2023","1000 USD","33887","E","Estimated value"
"QV","Value of Agricultural Production","854","Burkina Faso","58","Gross Production Value (constant 2014-2016 thousand US$)","0141","Soya beans","2024","2024","1000 USD","36202","E","Estimated value"
"QV","Value of Agricultural Production","108","Burundi","58","Gross Production Value (constant 2014-2016 thousand US$)","0112","Maize (corn)","2014","2014","1000 USD","49414","E","Estimated value"
"QV","Value of Agricultural Production","108","Burundi","58","Gross Production Value (constant 2014-2016 thousand US$)","0112","Maize (corn)","2015","2015","1000 USD","62126","E","Estimated value"
"QV","Value of Agricultural Production","108","Burundi","58","Gross Production Value (constant 2014-2016 thousand US$)","0112","Maize (corn)","2016","2016","1000 USD","94221","E","Estimated value"
"QV","Value of Agricultural Production","108","Burundi","58","Gross Production Value (constant 2014-2016 thousand US$)","0112","Maize (corn)","2017","2017","1000 USD","88274","E","Estimated value"
"QV","Value of Agricultural Production","108","Burundi","58","Gross Production Value (constant 2014-2016 thousand US$)","0112","Maize (corn)","2018","2018","1000 USD","112296","E","Estimated value"
"QV","Value of Agricultural Production","108","Burundi","58","Gross Production Value (constant 2014-2016 thousand US$)","0112","Maize (corn)","2019","2019","1000 USD","104686","E","Estimated value"
"QV","Value of Agricultural Production","108","Burundi","58","Gross Production Value (constant 2014-2016 thousand US$)","0112","Maize (corn)","2020","2020","1000 USD","156809","E","Estimated value"
"QV","Value of Agricultural Production","108","Burundi","58","Gross Production Value (constant 2014-2016 thousand US$)","0112","Maize (corn)","2021","2021","1000 USD","235978","E","Estimated value"
"QV","Value of Agricultural Production","108","Burundi","58","Gross Production Value (constant 2014-2016 thousand US$)","0112","Maize (corn)","2022","2022","1000 USD","302185","E","Estimated value"
"QV","Value of Agricultural Production","108","Burundi","58","Gross Production Value (constant 2014-2016 thousand US$)","0112","Maize (corn)","2023","2023","1000 USD","232954","E","Estimated value"
"QV","Value of Agricultural Production","108","Burundi","58","Gross Production Value (constant 2014-2016 thousand US$)","0112","Maize (corn)","2024","2024","1000 USD","228072","E","Estimated value"
"QV","Value of Agricultural Production","108","Burundi","58","Gross Production Value (constant 2014-2016 thousand US$)","0113","Rice","2014","2014","1000 USD","19765","E","Estimated value"
"QV","Value of Agricultural Production","108","Burundi","58","Gross Production Value (constant 2014-2016 thousand US$)","0113","Rice","2015","2015","1000 USD","11345","E","Estimated value"
"QV","Value of Agricultural Production","108","Burundi","58","Gross Production Value (constant 2014-2016 thousand US$)","0113","Rice","2016","2016","1000 USD","43014","E","Estimated value"
"QV","Value of Agricultural Production","108","Burundi","58","Gross Production Value (constant 2014-2016 thousand US$)","0113","Rice","2017","2017","1000 USD","25901","E","Estimated value"
"QV","Value of Agricultural Production","108","Burundi","58","Gross Production Value (constant 2014-2016 thousand US$)","0113","Rice","2018","2018","1000 USD","26194","E","Estimated value"
"QV","Value of Agricultural Production","108","Burundi","58","Gross Production Value (constant 2014-2016 thousand US$)","0113","Rice","2019","2019","1000 USD","70757","E","Estimated value"
"QV","Value of Agricultural Production","108","Burundi","58","Gross Production Value (constant 2014-2016 thousand US$)","0113","Rice","2020","2020","1000 USD","44001","E","Estimated value"
"QV","Value of Agricultural Production","108","Burundi","58","Gross Production Value (constant 2014-2016 thousand US$)","0113","Rice","2021","2021","1000 USD","35201","E","Estimated value"
"QV","Value of Agricultural Production","108","Burundi","58","Gross Production Value (constant 2014-2016 thousand US$)","0113","Rice","2022","2022","1000 USD","33734","E","Estimated value"
"QV","Value of Agricultural Production","108","Burundi","58","Gross Production Value (constant 2014-2016 thousand US$)","0113","Rice","2023","2023","1000 USD","36668","E","Estimated value"
"QV","Value of Agricultural Production","108","Burundi","58","Gross Production Value (constant 2014-2016 thousand US$)","0113","Rice","2024","2024","1000 USD","39895","E","Estimated value"
"QV","Value of Agricultural Production","108","Burundi","58","Gross Production Value (constant 2014-2016 thousand US$)","0141","Soya beans","2014","2014","1000 USD","1765","E","Estimated value"
"QV","Value of Agricultural Production","108","Burundi","58","Gross Production Value (constant 2014-2016 thousand US$)","0141","Soya beans","2015","2015","1000 USD","848","E","Estimated value"
"QV","Value of Agricultural Production","108","Burundi","58","Gross Production Value (constant 2014-2016 thousand US$)","0141","Soya beans","2016","2016","1000 USD","1159","E","Estimated value"
"QV","Value of Agricultural Production","108","Burundi","58","Gross Production Value (constant 2014-2016 thousand US$)","0141","Soya beans","2017","2017","1000 USD","1048","E","Estimated value"
"QV","Value of Agricultural Production","108","Burundi","58","Gross Production Value (constant 2014-2016 thousand US$)","0141","Soya beans","2018","2018","1000 USD","1155","E","Estimated value"
"QV","Value of Agricultural Production","108","Burundi","58","Gross Production Value (constant 2014-2016 thousand US$)","0141","Soya beans","2019","2019","1000 USD","1121","E","Estimated value"
"QV","Value of Agricultural Production","108","Burundi","58","Gross Production Value (constant 2014-2016 thousand US$)","0141","Soya beans","2020","2020","1000 USD","1108","E","Estimated value"
"QV","Value of Agricultural Production","108","Burundi","58","Gross Production Value (constant 2014-2016 thousand US$)","0141","Soya beans","2021","2021","1000 USD","1118","E","Estimated value"
"QV","Value of Agricultural Production","108","Burundi","58","Gross Production Value (constant 2014-2016 thousand US$)","0141","Soya beans","2022","2022","1000 USD","1083","E","Estimated value"
"QV","Value of Agricultural Production","108","Burundi","58","Gross Production Value (constant 2014-2016 thousand US$)","0141","Soya beans","2023","2023","1000 USD","1065","E","Estimated value"
"QV","Value of Agricultural Production","108","Burundi","58","Gross Production Value (constant 2014-2016 thousand US$)","0141","Soya beans","2024","2024","1000 USD","1047","E","Estimated value"
"QV","Value of Agricultural Production","108","Burundi","58","Gross Production Value (constant 2014-2016 thousand US$)","0111","Wheat","2014","2014","1000 USD","4142","E","Estimated value"
"QV","Value of Agricultural Production","108","Burundi","58","Gross Production Value (constant 2014-2016 thousand US$)","0111","Wheat","2015","2015","1000 USD","4899","E","Estimated value"
"QV","Value of Agricultural Production","108","Burundi","58","Gross Production Value (constant 2014-2016 thousand US$)","0111","Wheat","2016","2016","1000 USD","5873","E","Estimated value"
"QV","Value of Agricultural Production","108","Burundi","58","Gross Production Value (constant 2014-2016 thousand US$)","0111","Wheat","2017","2017","1000 USD","5932","E","Estimated value"
"QV","Value of Agricultural Production","108","Burundi","58","Gross Production Value (constant 2014-2016 thousand US$)","0111","Wheat","2018","2018","1000 USD","16745","E","Estimated value"
"QV","Value of Agricultural Production","108","Burundi","58","Gross Production Value (constant 2014-2016 thousand US$)","0111","Wheat","2019","2019","1000 USD","3602","E","Estimated value"
"QV","Value of Agricultural Production","108","Burundi","58","Gross Production Value (constant 2014-2016 thousand US$)","0111","Wheat","2020","2020","1000 USD","3001","E","Estimated value"
"QV","Value of Agricultural Production","108","Burundi","58","Gross Production Value (constant 2014-2016 thousand US$)","0111","Wheat","2021","2021","1000 USD","6841","E","Estimated value"
"QV","Value of Agricultural Production","108","Burundi","58","Gross Production Value (constant 2014-2016 thousand US$)","0111","Wheat","2022","2022","1000 USD","7071","E","Estimated value"
"QV","Value of Agricultural Production","108","Burundi","58","Gross Production Value (constant 2014-2016 thousand US$)","0111","Wheat","2023","2023","1000 USD","6601","E","Estimated value"
"QV","Value of Agricultural Production","108","Burundi","58","Gross Production Value (constant 2014-2016 thousand US$)","0111","Wheat","2024","2024","1000 USD","6157","E","Estimated value"
"QV","Value of Agricultural Production","132","Cabo Verde","58","Gross Production Value (constant 2014-2016 thousand US$)","0112","Maize (corn)","2014","2014","1000 USD","804","E","Estimated value"
"QV","Value of Agricultural Production","132","Cabo Verde","58","Gross Production Value (constant 2014-2016 thousand US$)","0112","Maize (corn)","2015","2015","1000 USD","6547","E","Estimated value"
"QV","Value of Agricultural Production","132","Cabo Verde","58","Gross Production Value (constant 2014-2016 thousand US$)","0112","Maize (corn)","2016","2016","1000 USD","4257","E","Estimated value"
"QV","Value of Agricultural Production","132","Cabo Verde","58","Gross Production Value (constant 2014-2016 thousand US$)","0112","Maize (corn)","2017","2017","1000 USD","3","E","Estimated value"
"QV","Value of Agricultural Production","132","Cabo Verde","58","Gross Production Value (constant 2014-2016 thousand US$)","0112","Maize (corn)","2018","2018","1000 USD","543","E","Estimated value"
"QV","Value of Agricultural Production","132","Cabo Verde","58","Gross Production Value (constant 2014-2016 thousand US$)","0112","Maize (corn)","2019","2019","1000 USD","483","E","Estimated value"
"QV","Value of Agricultural Production","132","Cabo Verde","58","Gross Production Value (constant 2014-2016 thousand US$)","0112","Maize (corn)","2020","2020","1000 USD","326","E","Estimated value"
"QV","Value of Agricultural Production","132","Cabo Verde","58","Gross Production Value (constant 2014-2016 thousand US$)","0112","Maize (corn)","2021","2021","1000 USD","339","E","Estimated value"
"QV","Value of Agricultural Production","132","Cabo Verde","58","Gross Production Value (constant 2014-2016 thousand US$)","0112","Maize (corn)","2022","2022","1000 USD","167","E","Estimated value"
"QV","Value of Agricultural Production","132","Cabo Verde","58","Gross Production Value (constant 2014-2016 thousand US$)","0112","Maize (corn)","2023","2023","1000 USD","350","E","Estimated value"
"QV","Value of Agricultural Production","132","Cabo Verde","58","Gross Production Value (constant 2014-2016 thousand US$)","0112","Maize (corn)","2024","2024","1000 USD","4","E","Estimated value"
"QV","Value of Agricultural Production","116","Cambodia","58","Gross Production Value (constant 2014-2016 thousand US$)","0112","Maize (corn)","2014","2014","1000 USD","151649","E","Estimated value"
"QV","Value of Agricultural Production","116","Cambodia","58","Gross Production Value (constant 2014-2016 thousand US$)","0112","Maize (corn)","2015","2015","1000 USD","106571","E","Estimated value"
"QV","Value of Agricultural Production","116","Cambodia","58","Gross Production Value (constant 2014-2016 thousand US$)","0112","Maize (corn)","2016","2016","1000 USD","173501","E","Estimated value"
"QV","Value of Agricultural Production","116","Cambodia","58","Gross Production Value (constant 2014-2016 thousand US$)","0112","Maize (corn)","2017","2017","1000 USD","394001","E","Estimated value"
"QV","Value of Agricultural Production","116","Cambodia","58","Gross Production Value (constant 2014-2016 thousand US$)","0112","Maize (corn)","2018","2018","1000 USD","394001","E","Estimated value"
"QV","Value of Agricultural Production","116","Cambodia","58","Gross Production Value (constant 2014-2016 thousand US$)","0112","Maize (corn)","2019","2019","1000 USD","286342","E","Estimated value"
"QV","Value of Agricultural Production","116","Cambodia","58","Gross Production Value (constant 2014-2016 thousand US$)","0112","Maize (corn)","2020","2020","1000 USD","287942","E","Estimated value"
"QV","Value of Agricultural Production","116","Cambodia","58","Gross Production Value (constant 2014-2016 thousand US$)","0112","Maize (corn)","2021","2021","1000 USD","223635","E","Estimated value"
"QV","Value of Agricultural Production","116","Cambodia","58","Gross Production Value (constant 2014-2016 thousand US$)","0112","Maize (corn)","2022","2022","1000 USD","372085","E","Estimated value"
"QV","Value of Agricultural Production","116","Cambodia","58","Gross Production Value (constant 2014-2016 thousand US$)","0112","Maize (corn)","2023","2023","1000 USD","484063","E","Estimated value"
"QV","Value of Agricultural Production","116","Cambodia","58","Gross Production Value (constant 2014-2016 thousand US$)","0112","Maize (corn)","2024","2024","1000 USD","441511","E","Estimated value"
"QV","Value of Agricultural Production","116","Cambodia","58","Gross Production Value (constant 2014-2016 thousand US$)","0113","Rice","2014","2014","1000 USD","2368486","E","Estimated value"
"QV","Value of Agricultural Production","116","Cambodia","58","Gross Production Value (constant 2014-2016 thousand US$)","0113","Rice","2015","2015","1000 USD","2371280","E","Estimated value"
"QV","Value of Agricultural Production","116","Cambodia","58","Gross Production Value (constant 2014-2016 thousand US$)","0113","Rice","2016","2016","1000 USD","2528011","E","Estimated value"
"QV","Value of Agricultural Production","116","Cambodia","58","Gross Production Value (constant 2014-2016 thousand US$)","0113","Rice","2017","2017","1000 USD","2671786","E","Estimated value"
"QV","Value of Agricultural Production","116","Cambodia","58","Gross Production Value (constant 2014-2016 thousand US$)","0113","Rice","2018","2018","1000 USD","2766790","E","Estimated value"
"QV","Value of Agricultural Production","116","Cambodia","58","Gross Production Value (constant 2014-2016 thousand US$)","0113","Rice","2019","2019","1000 USD","2765190","E","Estimated value"
"QV","Value of Agricultural Production","116","Cambodia","58","Gross Production Value (constant 2014-2016 thousand US$)","0113","Rice","2020","2020","1000 USD","2777967","E","Estimated value"
"QV","Value of Agricultural Production","116","Cambodia","58","Gross Production Value (constant 2014-2016 thousand US$)","0113","Rice","2021","2021","1000 USD","3100827","E","Estimated value"
"QV","Value of Agricultural Production","116","Cambodia","58","Gross Production Value (constant 2014-2016 thousand US$)","0113","Rice","2022","2022","1000 USD","3010573","E","Estimated value"
"QV","Value of Agricultural Production","116","Cambodia","58","Gross Production Value (constant 2014-2016 thousand US$)","0113","Rice","2023","2023","1000 USD","3349614","E","Estimated value"
"QV","Value of Agricultural Production","116","Cambodia","58","Gross Production Value (constant 2014-2016 thousand US$)","0113","Rice","2024","2024","1000 USD","3607089","E","Estimated value"
"QV","Value of Agricultural Production","116","Cambodia","58","Gross Production Value (constant 2014-2016 thousand US$)","0141","Soya beans","2014","2014","1000 USD","102863","E","Estimated value"
"QV","Value of Agricultural Production","116","Cambodia","58","Gross Production Value (constant 2014-2016 thousand US$)","0141","Soya beans","2015","2015","1000 USD","95657","E","Estimated value"
"QV","Value of Agricultural Production","116","Cambodia","58","Gross Production Value (constant 2014-2016 thousand US$)","0141","Soya beans","2016","2016","1000 USD","68510","E","Estimated value"
"QV","Value of Agricultural Production","116","Cambodia","58","Gross Production Value (constant 2014-2016 thousand US$)","0141","Soya beans","2017","2017","1000 USD","72360","E","Estimated value"
"QV","Value of Agricultural Production","116","Cambodia","58","Gross Production Value (constant 2014-2016 thousand US$)","0141","Soya beans","2018","2018","1000 USD","90622","E","Estimated value"
"QV","Value of Agricultural Production","116","Cambodia","58","Gross Production Value (constant 2014-2016 thousand US$)","0141","Soya beans","2019","2019","1000 USD","41560","E","Estimated value"
"QV","Value of Agricultural Production","116","Cambodia","58","Gross Production Value (constant 2014-2016 thousand US$)","0141","Soya beans","2020","2020","1000 USD","54294","E","Estimated value"
"QV","Value of Agricultural Production","116","Cambodia","58","Gross Production Value (constant 2014-2016 thousand US$)","0141","Soya beans","2021","2021","1000 USD","46397","E","Estimated value"
"QV","Value of Agricultural Production","116","Cambodia","58","Gross Production Value (constant 2014-2016 thousand US$)","0141","Soya beans","2022","2022","1000 USD","47384","E","Estimated value"
"QV","Value of Agricultural Production","116","Cambodia","58","Gross Production Value (constant 2014-2016 thousand US$)","0141","Soya beans","2023","2023","1000 USD","48371","E","Estimated value"
"QV","Value of Agricultural Production","116","Cambodia","58","Gross Production Value (constant 2014-2016 thousand US$)","0141","Soya beans","2024","2024","1000 USD","50346","E","Estimated value"
"QV","Value of Agricultural Production","120","Cameroon","58","Gross Production Value (constant 2014-2016 thousand US$)","0112","Maize (corn)","2014","2014","1000 USD","763107","E","Estimated value"
"QV","Value of Agricultural Production","120","Cameroon","58","Gross Production Value (constant 2014-2016 thousand US$)","0112","Maize (corn)","2015","2015","1000 USD","806461","E","Estimated value"
"QV","Value of Agricultural Production","120","Cameroon","58","Gross Production Value (constant 2014-2016 thousand US$)","0112","Maize (corn)","2016","2016","1000 USD","855290","E","Estimated value"
"QV","Value of Agricultural Production","120","Cameroon","58","Gross Production Value (constant 2014-2016 thousand US$)","0112","Maize (corn)","2017","2017","1000 USD","844885","E","Estimated value"
"QV","Value of Agricultural Production","120","Cameroon","58","Gross Production Value (constant 2014-2016 thousand US$)","0112","Maize (corn)","2018","2018","1000 USD","934238","E","Estimated value"
"QV","Value of Agricultural Production","120","Cameroon","58","Gross Production Value (constant 2014-2016 thousand US$)","0112","Maize (corn)","2019","2019","1000 USD","863576","E","Estimated value"
"QV","Value of Agricultural Production","120","Cameroon","58","Gross Production Value (constant 2014-2016 thousand US$)","0112","Maize (corn)","2020","2020","1000 USD","813232","E","Estimated value"
"QV","Value of Agricultural Production","120","Cameroon","58","Gross Production Value (constant 2014-2016 thousand US$)","0112","Maize (corn)","2021","2021","1000 USD","817923","E","Estimated value"
"QV","Value of Agricultural Production","120","Cameroon","58","Gross Production Value (constant 2014-2016 thousand US$)","0112","Maize (corn)","2022","2022","1000 USD","856871","E","Estimated value"
"QV","Value of Agricultural Production","120","Cameroon","58","Gross Production Value (constant 2014-2016 thousand US$)","0112","Maize (corn)","2023","2023","1000 USD","856871","E","Estimated value"
"QV","Value of Agricultural Production","120","Cameroon","58","Gross Production Value (constant 2014-2016 thousand US$)","0112","Maize (corn)","2024","2024","1000 USD","856871","E","Estimated value"
"QV","Value of Agricultural Production","120","Cameroon","58","Gross Production Value (constant 2014-2016 thousand US$)","0113","Rice","2014","2014","1000 USD","57652","E","Estimated value"
"QV","Value of Agricultural Production","120","Cameroon","58","Gross Production Value (constant 2014-2016 thousand US$)","0113","Rice","2015","2015","1000 USD","104691","E","Estimated value"
"QV","Value of Agricultural Production","120","Cameroon","58","Gross Production Value (constant 2014-2016 thousand US$)","0113","Rice","2016","2016","1000 USD","104509","E","Estimated value"
"QV","Value of Agricultural Production","120","Cameroon","58","Gross Production Value (constant 2014-2016 thousand US$)","0113","Rice","2017","2017","1000 USD","108009","E","Estimated value"
"QV","Value of Agricultural Production","120","Cameroon","58","Gross Production Value (constant 2014-2016 thousand US$)","0113","Rice","2018","2018","1000 USD","123157","E","Estimated value"
"QV","Value of Agricultural Production","120","Cameroon","58","Gross Production Value (constant 2014-2016 thousand US$)","0113","Rice","2019","2019","1000 USD","110172","E","Estimated value"
"QV","Value of Agricultural Production","120","Cameroon","58","Gross Production Value (constant 2014-2016 thousand US$)","0113","Rice","2020","2020","1000 USD","109269","E","Estimated value"
"QV","Value of Agricultural Production","120","Cameroon","58","Gross Production Value (constant 2014-2016 thousand US$)","0113","Rice","2021","2021","1000 USD","118618","E","Estimated value"
"QV","Value of Agricultural Production","120","Cameroon","58","Gross Production Value (constant 2014-2016 thousand US$)","0113","Rice","2022","2022","1000 USD","129077","E","Estimated value"
"QV","Value of Agricultural Production","120","Cameroon","58","Gross Production Value (constant 2014-2016 thousand US$)","0113","Rice","2023","2023","1000 USD","128208","E","Estimated value"
"QV","Value of Agricultural Production","120","Cameroon","58","Gross Production Value (constant 2014-2016 thousand US$)","0113","Rice","2024","2024","1000 USD","130011","E","Estimated value"
"QV","Value of Agricultural Production","120","Cameroon","58","Gross Production Value (constant 2014-2016 thousand US$)","0141","Soya beans","2014","2014","1000 USD","854","E","Estimated value"
"QV","Value of Agricultural Production","120","Cameroon","58","Gross Production Value (constant 2014-2016 thousand US$)","0141","Soya beans","2015","2015","1000 USD","1408","E","Estimated value"
"QV","Value of Agricultural Production","120","Cameroon","58","Gross Production Value (constant 2014-2016 thousand US$)","0141","Soya beans","2016","2016","1000 USD","2716","E","Estimated value"
"QV","Value of Agricultural Production","120","Cameroon","58","Gross Production Value (constant 2014-2016 thousand US$)","0141","Soya beans","2017","2017","1000 USD","3780","E","Estimated value"
"QV","Value of Agricultural Production","120","Cameroon","58","Gross Production Value (constant 2014-2016 thousand US$)","0141","Soya beans","2018","2018","1000 USD","3927","E","Estimated value"
"QV","Value of Agricultural Production","120","Cameroon","58","Gross Production Value (constant 2014-2016 thousand US$)","0141","Soya beans","2019","2019","1000 USD","4289","E","Estimated value"
"QV","Value of Agricultural Production","120","Cameroon","58","Gross Production Value (constant 2014-2016 thousand US$)","0141","Soya beans","2020","2020","1000 USD","6131","E","Estimated value"
"QV","Value of Agricultural Production","120","Cameroon","58","Gross Production Value (constant 2014-2016 thousand US$)","0141","Soya beans","2021","2021","1000 USD","7730","E","Estimated value"
"QV","Value of Agricultural Production","120","Cameroon","58","Gross Production Value (constant 2014-2016 thousand US$)","0141","Soya beans","2022","2022","1000 USD","6381","E","Estimated value"
"QV","Value of Agricultural Production","120","Cameroon","58","Gross Production Value (constant 2014-2016 thousand US$)","0141","Soya beans","2023","2023","1000 USD","7071","E","Estimated value"
"QV","Value of Agricultural Production","120","Cameroon","58","Gross Production Value (constant 2014-2016 thousand US$)","0141","Soya beans","2024","2024","1000 USD","7677","E","Estimated value"
"QV","Value of Agricultural Production","120","Cameroon","58","Gross Production Value (constant 2014-2016 thousand US$)","0111","Wheat","2014","2014","1000 USD","132","E","Estimated value"
"QV","Value of Agricultural Production","120","Cameroon","58","Gross Production Value (constant 2014-2016 thousand US$)","0111","Wheat","2015","2015","1000 USD","132","E","Estimated value"
"QV","Value of Agricultural Production","120","Cameroon","58","Gross Production Value (constant 2014-2016 thousand US$)","0111","Wheat","2016","2016","1000 USD","124","E","Estimated value"
"QV","Value of Agricultural Production","120","Cameroon","58","Gross Production Value (constant 2014-2016 thousand US$)","0111","Wheat","2017","2017","1000 USD","124","E","Estimated value"
"QV","Value of Agricultural Production","120","Cameroon","58","Gross Production Value (constant 2014-2016 thousand US$)","0111","Wheat","2018","2018","1000 USD","108","E","Estimated value"
"QV","Value of Agricultural Production","120","Cameroon","58","Gross Production Value (constant 2014-2016 thousand US$)","0111","Wheat","2019","2019","1000 USD","77","E","Estimated value"
"QV","Value of Agricultural Production","120","Cameroon","58","Gross Production Value (constant 2014-2016 thousand US$)","0111","Wheat","2020","2020","1000 USD","103","E","Estimated value"
"QV","Value of Agricultural Production","120","Cameroon","58","Gross Production Value (constant 2014-2016 thousand US$)","0111","Wheat","2021","2021","1000 USD","96","E","Estimated value"
"QV","Value of Agricultural Production","120","Cameroon","58","Gross Production Value (constant 2014-2016 thousand US$)","0111","Wheat","2022","2022","1000 USD","92","E","Estimated value"
"QV","Value of Agricultural Production","120","Cameroon","58","Gross Production Value (constant 2014-2016 thousand US$)","0111","Wheat","2023","2023","1000 USD","97","E","Estimated value"
"QV","Value of Agricultural Production","120","Cameroon","58","Gross Production Value (constant 2014-2016 thousand US$)","0111","Wheat","2024","2024","1000 USD","95","E","Estimated value"
"QV","Value of Agricultural Production","124","Canada","58","Gross Production Value (constant 2014-2016 thousand US$)","0112","Maize (corn)","2014","2014","1000 USD","1796924","E","Estimated value"
"QV","Value of Agricultural Production","124","Canada","58","Gross Production Value (constant 2014-2016 thousand US$)","0112","Maize (corn)","2015","2015","1000 USD","2117886","E","Estimated value"
"QV","Value of Agricultural Production","124","Canada","58","Gross Production Value (constant 2014-2016 thousand US$)","0112","Maize (corn)","2016","2016","1000 USD","2150321","E","Estimated value"
"QV","Value of Agricultural Production","124","Canada","58","Gross Production Value (constant 2014-2016 thousand US$)","0112","Maize (corn)","2017","2017","1000 USD","2182291","E","Estimated value"
"QV","Value of Agricultural Production","124","Canada","58","Gross Production Value (constant 2014-2016 thousand US$)","0112","Maize (corn)","2018","2018","1000 USD","2149671","E","Estimated value"
"QV","Value of Agricultural Production","124","Canada","58","Gross Production Value (constant 2014-2016 thousand US$)","0112","Maize (corn)","2019","2019","1000 USD","2075217","E","Estimated value"
"QV","Value of Agricultural Production","124","Canada","58","Gross Production Value (constant 2014-2016 thousand US$)","0112","Maize (corn)","2020","2020","1000 USD","2099895","E","Estimated value"
"QV","Value of Agricultural Production","124","Canada","58","Gross Production Value (constant 2014-2016 thousand US$)","0112","Maize (corn)","2021","2021","1000 USD","2262070","E","Estimated value"
"QV","Value of Agricultural Production","124","Canada","58","Gross Production Value (constant 2014-2016 thousand US$)","0112","Maize (corn)","2022","2022","1000 USD","2250936","E","Estimated value"
"QV","Value of Agricultural Production","124","Canada","58","Gross Production Value (constant 2014-2016 thousand US$)","0112","Maize (corn)","2023","2023","1000 USD","2387494","E","Estimated value"
"QV","Value of Agricultural Production","124","Canada","58","Gross Production Value (constant 2014-2016 thousand US$)","0112","Maize (corn)","2024","2024","1000 USD","2375732","E","Estimated value"
"QV","Value of Agricultural Production","124","Canada","58","Gross Production Value (constant 2014-2016 thousand US$)","0141","Soya beans","2014","2014","1000 USD","2187362","E","Estimated value"
"QV","Value of Agricultural Production","124","Canada","58","Gross Production Value (constant 2014-2016 thousand US$)","0141","Soya beans","2015","2015","1000 USD","2336267","E","Estimated value"
"QV","Value of Agricultural Production","124","Canada","58","Gross Production Value (constant 2014-2016 thousand US$)","0141","Soya beans","2016","2016","1000 USD","2387000","E","Estimated value"
"QV","Value of Agricultural Production","124","Canada","58","Gross Production Value (constant 2014-2016 thousand US$)","0141","Soya beans","2017","2017","1000 USD","2792317","E","Estimated value"
"QV","Value of Agricultural Production","124","Canada","58","Gross Production Value (constant 2014-2016 thousand US$)","0141","Soya beans","2018","2018","1000 USD","2683760","E","Estimated value"
"QV","Value of Agricultural Production","124","Canada","58","Gross Production Value (constant 2014-2016 thousand US$)","0141","Soya beans","2019","2019","1000 USD","2223620","E","Estimated value"
"QV","Value of Agricultural Production","124","Canada","58","Gross Production Value (constant 2014-2016 thousand US$)","0141","Soya beans","2020","2020","1000 USD","2300877","E","Estimated value"
"QV","Value of Agricultural Production","124","Canada","58","Gross Production Value (constant 2014-2016 thousand US$)","0141","Soya beans","2021","2021","1000 USD","2252218","E","Estimated value"
"QV","Value of Agricultural Production","124","Canada","58","Gross Production Value (constant 2014-2016 thousand US$)","0141","Soya beans","2022","2022","1000 USD","2367697","E","Estimated value"
"QV","Value of Agricultural Production","124","Canada","58","Gross Production Value (constant 2014-2016 thousand US$)","0141","Soya beans","2023","2023","1000 USD","2525962","E","Estimated value"
"QV","Value of Agricultural Production","124","Canada","58","Gross Production Value (constant 2014-2016 thousand US$)","0141","Soya beans","2024","2024","1000 USD","2738550","E","Estimated value"
"QV","Value of Agricultural Production","124","Canada","58","Gross Production Value (constant 2014-2016 thousand US$)","0111","Wheat","2014","2014","1000 USD","5378567","E","Estimated value"
"QV","Value of Agricultural Production","124","Canada","58","Gross Production Value (constant 2014-2016 thousand US$)","0111","Wheat","2015","2015","1000 USD","5050706","E","Estimated value"
"QV","Value of Agricultural Production","124","Canada","58","Gross Production Value (constant 2014-2016 thousand US$)","0111","Wheat","2016","2016","1000 USD","5871409","E","Estimated value"
"QV","Value of Agricultural Production","124","Canada","58","Gross Production Value (constant 2014-2016 thousand US$)","0111","Wheat","2017","2017","1000 USD","5549400","E","Estimated value"
"QV","Value of Agricultural Production","124","Canada","58","Gross Production Value (constant 2014-2016 thousand US$)","0111","Wheat","2018","2018","1000 USD","5910138","E","Estimated value"
"QV","Value of Agricultural Production","124","Canada","58","Gross Production Value (constant 2014-2016 thousand US$)","0111","Wheat","2019","2019","1000 USD","5968212","E","Estimated value"
"QV","Value of Agricultural Production","124","Canada","58","Gross Production Value (constant 2014-2016 thousand US$)","0111","Wheat","2020","2020","1000 USD","6473769","E","Estimated value"
"QV","Value of Agricultural Production","124","Canada","58","Gross Production Value (constant 2014-2016 thousand US$)","0111","Wheat","2021","2021","1000 USD","4096133","E","Estimated value"
"QV","Value of Agricultural Production","124","Canada","58","Gross Production Value (constant 2014-2016 thousand US$)","0111","Wheat","2022","2022","1000 USD","6370659","E","Estimated value"
"QV","Value of Agricultural Production","124","Canada","58","Gross Production Value (constant 2014-2016 thousand US$)","0111","Wheat","2023","2023","1000 USD","6104092","E","Estimated value"
"QV","Value of Agricultural Production","124","Canada","58","Gross Production Value (constant 2014-2016 thousand US$)","0111","Wheat","2024","2024","1000 USD","6565410","E","Estimated value"
"QV","Value of Agricultural Production","140","Central African Republic","58","Gross Production Value (constant 2014-2016 thousand US$)","0112","Maize (corn)","2014","2014","1000 USD","46229","E","Estimated value"
"QV","Value of Agricultural Production","140","Central African Republic","58","Gross Production Value (constant 2014-2016 thousand US$)","0112","Maize (corn)","2015","2015","1000 USD","46728","E","Estimated value"
"QV","Value of Agricultural Production","140","Central African Republic","58","Gross Production Value (constant 2014-2016 thousand US$)","0112","Maize (corn)","2016","2016","1000 USD","55896","E","Estimated value"
"QV","Value of Agricultural Production","140","Central African Republic","58","Gross Production Value (constant 2014-2016 thousand US$)","0112","Maize (corn)","2017","2017","1000 USD","55594","E","Estimated value"
"QV","Value of Agricultural Production","140","Central African Republic","58","Gross Production Value (constant 2014-2016 thousand US$)","0112","Maize (corn)","2018","2018","1000 USD","57818","E","Estimated value"
"QV","Value of Agricultural Production","140","Central African Republic","58","Gross Production Value (constant 2014-2016 thousand US$)","0112","Maize (corn)","2019","2019","1000 USD","60131","E","Estimated value"
"QV","Value of Agricultural Production","140","Central African Republic","58","Gross Production Value (constant 2014-2016 thousand US$)","0112","Maize (corn)","2020","2020","1000 USD","117367","E","Estimated value"
"QV","Value of Agricultural Production","140","Central African Republic","58","Gross Production Value (constant 2014-2016 thousand US$)","0112","Maize (corn)","2021","2021","1000 USD","120888","E","Estimated value"
"QV","Value of Agricultural Production","140","Central African Republic","58","Gross Production Value (constant 2014-2016 thousand US$)","0112","Maize (corn)","2022","2022","1000 USD","124514","E","Estimated value"
"QV","Value of Agricultural Production","140","Central African Republic","58","Gross Production Value (constant 2014-2016 thousand US$)","0112","Maize (corn)","2023","2023","1000 USD","128250","E","Estimated value"
"QV","Value of Agricultural Production","140","Central African Republic","58","Gross Production Value (constant 2014-2016 thousand US$)","0112","Maize (corn)","2024","2024","1000 USD","116160","E","Estimated value"
"QV","Value of Agricultural Production","140","Central African Republic","58","Gross Production Value (constant 2014-2016 thousand US$)","0113","Rice","2014","2014","1000 USD","15329","E","Estimated value"
"QV","Value of Agricultural Production","140","Central African Republic","58","Gross Production Value (constant 2014-2016 thousand US$)","0113","Rice","2015","2015","1000 USD","12171","E","Estimated value"
"QV","Value of Agricultural Production","140","Central African Republic","58","Gross Production Value (constant 2014-2016 thousand US$)","0113","Rice","2016","2016","1000 USD","13878","E","Estimated value"
"QV","Value of Agricultural Production","140","Central African Republic","58","Gross Production Value (constant 2014-2016 thousand US$)","0113","Rice","2017","2017","1000 USD","13874","E","Estimated value"
"QV","Value of Agricultural Production","140","Central African Republic","58","Gross Production Value (constant 2014-2016 thousand US$)","0113","Rice","2018","2018","1000 USD","14430","E","Estimated value"
"QV","Value of Agricultural Production","140","Central African Republic","58","Gross Production Value (constant 2014-2016 thousand US$)","0113","Rice","2019","2019","1000 USD","15006","E","Estimated value"
"QV","Value of Agricultural Production","140","Central African Republic","58","Gross Production Value (constant 2014-2016 thousand US$)","0113","Rice","2020","2020","1000 USD","58344","E","Estimated value"
"QV","Value of Agricultural Production","140","Central African Republic","58","Gross Production Value (constant 2014-2016 thousand US$)","0113","Rice","2021","2021","1000 USD","60094","E","Estimated value"
"QV","Value of Agricultural Production","140","Central African Republic","58","Gross Production Value (constant 2014-2016 thousand US$)","0113","Rice","2022","2022","1000 USD","61897","E","Estimated value"
"QV","Value of Agricultural Production","140","Central African Republic","58","Gross Production Value (constant 2014-2016 thousand US$)","0113","Rice","2023","2023","1000 USD","63754","E","Estimated value"
"QV","Value of Agricultural Production","140","Central African Republic","58","Gross Production Value (constant 2014-2016 thousand US$)","0113","Rice","2024","2024","1000 USD","63206","E","Estimated value"
"QV","Value of Agricultural Production","148","Chad","58","Gross Production Value (constant 2014-2016 thousand US$)","0112","Maize (corn)","2014","2014","1000 USD","129815","E","Estimated value"
"QV","Value of Agricultural Production","148","Chad","58","Gross Production Value (constant 2014-2016 thousand US$)","0112","Maize (corn)","2015","2015","1000 USD","136293","E","Estimated value"
"QV","Value of Agricultural Production","148","Chad","58","Gross Production Value (constant 2014-2016 thousand US$)","0112","Maize (corn)","2016","2016","1000 USD","173058","E","Estimated value"
"QV","Value of Agricultural Production","148","Chad","58","Gross Production Value (constant 2014-2016 thousand US$)","0112","Maize (corn)","2017","2017","1000 USD","154623","E","Estimated value"
"QV","Value of Agricultural Production","148","Chad","58","Gross Production Value (constant 2014-2016 thousand US$)","0112","Maize (corn)","2018","2018","1000 USD","170765","E","Estimated value"
"QV","Value of Agricultural Production","148","Chad","58","Gross Production Value (constant 2014-2016 thousand US$)","0112","Maize (corn)","2019","2019","1000 USD","161682","E","Estimated value"
"QV","Value of Agricultural Production","148","Chad","58","Gross Production Value (constant 2014-2016 thousand US$)","0112","Maize (corn)","2020","2020","1000 USD","158860","E","Estimated value"
"QV","Value of Agricultural Production","148","Chad","58","Gross Production Value (constant 2014-2016 thousand US$)","0112","Maize (corn)","2021","2021","1000 USD","142193","E","Estimated value"
"QV","Value of Agricultural Production","148","Chad","58","Gross Production Value (constant 2014-2016 thousand US$)","0112","Maize (corn)","2022","2022","1000 USD","141941","E","Estimated value"
"QV","Value of Agricultural Production","148","Chad","58","Gross Production Value (constant 2014-2016 thousand US$)","0112","Maize (corn)","2023","2023","1000 USD","138141","E","Estimated value"
"QV","Value of Agricultural Production","148","Chad","58","Gross Production Value (constant 2014-2016 thousand US$)","0112","Maize (corn)","2024","2024","1000 USD","153664","E","Estimated value"
"QV","Value of Agricultural Production","148","Chad","58","Gross Production Value (constant 2014-2016 thousand US$)","0113","Rice","2014","2014","1000 USD","255501","E","Estimated value"
"QV","Value of Agricultural Production","148","Chad","58","Gross Production Value (constant 2014-2016 thousand US$)","0113","Rice","2015","2015","1000 USD","204559","E","Estimated value"
"QV","Value of Agricultural Production","148","Chad","58","Gross Production Value (constant 2014-2016 thousand US$)","0113","Rice","2016","2016","1000 USD","216508","E","Estimated value"
"QV","Value of Agricultural Production","148","Chad","58","Gross Production Value (constant 2014-2016 thousand US$)","0113","Rice","2017","2017","1000 USD","221426","E","Estimated value"
"QV","Value of Agricultural Production","148","Chad","58","Gross Production Value (constant 2014-2016 thousand US$)","0113","Rice","2018","2018","1000 USD","218053","E","Estimated value"
"QV","Value of Agricultural Production","148","Chad","58","Gross Production Value (constant 2014-2016 thousand US$)","0113","Rice","2019","2019","1000 USD","244117","E","Estimated value"
"QV","Value of Agricultural Production","148","Chad","58","Gross Production Value (constant 2014-2016 thousand US$)","0113","Rice","2020","2020","1000 USD","233607","E","Estimated value"
"QV","Value of Agricultural Production","148","Chad","58","Gross Production Value (constant 2014-2016 thousand US$)","0113","Rice","2021","2021","1000 USD","203860","E","Estimated value"
"QV","Value of Agricultural Production","148","Chad","58","Gross Production Value (constant 2014-2016 thousand US$)","0113","Rice","2022","2022","1000 USD","194886","E","Estimated value"
"QV","Value of Agricultural Production","148","Chad","58","Gross Production Value (constant 2014-2016 thousand US$)","0113","Rice","2023","2023","1000 USD","188154","E","Estimated value"
"QV","Value of Agricultural Production","148","Chad","58","Gross Production Value (constant 2014-2016 thousand US$)","0113","Rice","2024","2024","1000 USD","291690","E","Estimated value"
"QV","Value of Agricultural Production","148","Chad","58","Gross Production Value (constant 2014-2016 thousand US$)","0111","Wheat","2014","2014","1000 USD","603","E","Estimated value"
"QV","Value of Agricultural Production","148","Chad","58","Gross Production Value (constant 2014-2016 thousand US$)","0111","Wheat","2015","2015","1000 USD","719","E","Estimated value"
"QV","Value of Agricultural Production","148","Chad","58","Gross Production Value (constant 2014-2016 thousand US$)","0111","Wheat","2016","2016","1000 USD","1298","E","Estimated value"
"QV","Value of Agricultural Production","148","Chad","58","Gross Production Value (constant 2014-2016 thousand US$)","0111","Wheat","2017","2017","1000 USD","1393","E","Estimated value"
"QV","Value of Agricultural Production","148","Chad","58","Gross Production Value (constant 2014-2016 thousand US$)","0111","Wheat","2018","2018","1000 USD","1339","E","Estimated value"
"QV","Value of Agricultural Production","148","Chad","58","Gross Production Value (constant 2014-2016 thousand US$)","0111","Wheat","2019","2019","1000 USD","1201","E","Estimated value"
"QV","Value of Agricultural Production","148","Chad","58","Gross Production Value (constant 2014-2016 thousand US$)","0111","Wheat","2020","2020","1000 USD","1352","E","Estimated value"
"QV","Value of Agricultural Production","148","Chad","58","Gross Production Value (constant 2014-2016 thousand US$)","0111","Wheat","2021","2021","1000 USD","1147","E","Estimated value"
"QV","Value of Agricultural Production","148","Chad","58","Gross Production Value (constant 2014-2016 thousand US$)","0111","Wheat","2022","2022","1000 USD","898","E","Estimated value"
"QV","Value of Agricultural Production","148","Chad","58","Gross Production Value (constant 2014-2016 thousand US$)","0111","Wheat","2023","2023","1000 USD","1042","E","Estimated value"
"QV","Value of Agricultural Production","148","Chad","58","Gross Production Value (constant 2014-2016 thousand US$)","0111","Wheat","2024","2024","1000 USD","1008","E","Estimated value"
"QV","Value of Agricultural Production","152","Chile","58","Gross Production Value (constant 2014-2016 thousand US$)","0112","Maize (corn)","2014","2014","1000 USD","186067","E","Estimated value"
"QV","Value of Agricultural Production","152","Chile","58","Gross Production Value (constant 2014-2016 thousand US$)","0112","Maize (corn)","2015","2015","1000 USD","241384","E","Estimated value"
"QV","Value of Agricultural Production","152","Chile","58","Gross Production Value (constant 2014-2016 thousand US$)","0112","Maize (corn)","2016","2016","1000 USD","184241","E","Estimated value"
"QV","Value of Agricultural Production","152","Chile","58","Gross Production Value (constant 2014-2016 thousand US$)","0112","Maize (corn)","2017","2017","1000 USD","166688","E","Estimated value"
"QV","Value of Agricultural Production","152","Chile","58","Gross Production Value (constant 2014-2016 thousand US$)","0112","Maize (corn)","2018","2018","1000 USD","174221","E","Estimated value"
"QV","Value of Agricultural Production","152","Chile","58","Gross Production Value (constant 2014-2016 thousand US$)","0112","Maize (corn)","2019","2019","1000 USD","152662","E","Estimated value"
"QV","Value of Agricultural Production","152","Chile","58","Gross Production Value (constant 2014-2016 thousand US$)","0112","Maize (corn)","2020","2020","1000 USD","93022","E","Estimated value"
"QV","Value of Agricultural Production","152","Chile","58","Gross Production Value (constant 2014-2016 thousand US$)","0112","Maize (corn)","2021","2021","1000 USD","124527","E","Estimated value"
"QV","Value of Agricultural Production","152","Chile","58","Gross Production Value (constant 2014-2016 thousand US$)","0112","Maize (corn)","2022","2022","1000 USD","95378","E","Estimated value"
"QV","Value of Agricultural Production","152","Chile","58","Gross Production Value (constant 2014-2016 thousand US$)","0112","Maize (corn)","2023","2023","1000 USD","85200","E","Estimated value"
"QV","Value of Agricultural Production","152","Chile","58","Gross Production Value (constant 2014-2016 thousand US$)","0112","Maize (corn)","2024","2024","1000 USD","83288","E","Estimated value"
"QV","Value of Agricultural Production","152","Chile","58","Gross Production Value (constant 2014-2016 thousand US$)","0113","Rice","2014","2014","1000 USD","27043","E","Estimated value"
"QV","Value of Agricultural Production","152","Chile","58","Gross Production Value (constant 2014-2016 thousand US$)","0113","Rice","2015","2015","1000 USD","32793","E","Estimated value"
"QV","Value of Agricultural Production","152","Chile","58","Gross Production Value (constant 2014-2016 thousand US$)","0113","Rice","2016","2016","1000 USD","34887","E","Estimated value"
"QV","Value of Agricultural Production","152","Chile","58","Gross Production Value (constant 2014-2016 thousand US$)","0113","Rice","2017","2017","1000 USD","25636","E","Estimated value"
"QV","Value of Agricultural Production","152","Chile","58","Gross Production Value (constant 2014-2016 thousand US$)","0113","Rice","2018","2018","1000 USD","38657","E","Estimated value"
"QV","Value of Agricultural Production","152","Chile","58","Gross Production Value (constant 2014-2016 thousand US$)","0113","Rice","2019","2019","1000 USD","35066","E","Estimated value"
"QV","Value of Agricultural Production","152","Chile","58","Gross Production Value (constant 2014-2016 thousand US$)","0113","Rice","2020","2020","1000 USD","34023","E","Estimated value"
"QV","Value of Agricultural Production","152","Chile","58","Gross Production Value (constant 2014-2016 thousand US$)","0113","Rice","2021","2021","1000 USD","29289","E","Estimated value"
"QV","Value of Agricultural Production","152","Chile","58","Gross Production Value (constant 2014-2016 thousand US$)","0113","Rice","2022","2022","1000 USD","20161","E","Estimated value"
"QV","Value of Agricultural Production","152","Chile","58","Gross Production Value (constant 2014-2016 thousand US$)","0113","Rice","2023","2023","1000 USD","21900","E","Estimated value"
"QV","Value of Agricultural Production","152","Chile","58","Gross Production Value (constant 2014-2016 thousand US$)","0113","Rice","2024","2024","1000 USD","23793","E","Estimated value"
"QV","Value of Agricultural Production","152","Chile","58","Gross Production Value (constant 2014-2016 thousand US$)","0111","Wheat","2014","2014","1000 USD","274546","E","Estimated value"
"QV","Value of Agricultural Production","152","Chile","58","Gross Production Value (constant 2014-2016 thousand US$)","0111","Wheat","2015","2015","1000 USD","299649","E","Estimated value"
"QV","Value of Agricultural Production","152","Chile","58","Gross Production Value (constant 2014-2016 thousand US$)","0111","Wheat","2016","2016","1000 USD","350111","E","Estimated value"
"QV","Value of Agricultural Production","152","Chile","58","Gross Production Value (constant 2014-2016 thousand US$)","0111","Wheat","2017","2017","1000 USD","272800","E","Estimated value"
"QV","Value of Agricultural Production","152","Chile","58","Gross Production Value (constant 2014-2016 thousand US$)","0111","Wheat","2018","2018","1000 USD","296959","E","Estimated value"
"QV","Value of Agricultural Production","152","Chile","58","Gross Production Value (constant 2014-2016 thousand US$)","0111","Wheat","2019","2019","1000 USD","282994","E","Estimated value"
"QV","Value of Agricultural Production","152","Chile","58","Gross Production Value (constant 2014-2016 thousand US$)","0111","Wheat","2020","2020","1000 USD","248844","E","Estimated value"
"QV","Value of Agricultural Production","152","Chile","58","Gross Production Value (constant 2014-2016 thousand US$)","0111","Wheat","2021","2021","1000 USD","273632","E","Estimated value"
"QV","Value of Agricultural Production","152","Chile","58","Gross Production Value (constant 2014-2016 thousand US$)","0111","Wheat","2022","2022","1000 USD","223765","E","Estimated value"
"QV","Value of Agricultural Production","152","Chile","58","Gross Production Value (constant 2014-2016 thousand US$)","0111","Wheat","2023","2023","1000 USD","260728","E","Estimated value"
"QV","Value of Agricultural Production","152","Chile","58","Gross Production Value (constant 2014-2016 thousand US$)","0111","Wheat","2024","2024","1000 USD","240313","E","Estimated value"
"QV","Value of Agricultural Production","159","China","58","Gross Production Value (constant 2014-2016 thousand US$)","0112","Maize (corn)","2014","2014","1000 USD","81848726","E","Estimated value"
"QV","Value of Agricultural Production","159","China","58","Gross Production Value (constant 2014-2016 thousand US$)","0112","Maize (corn)","2015","2015","1000 USD","100577926","E","Estimated value"
"QV","Value of Agricultural Production","159","China","58","Gross Production Value (constant 2014-2016 thousand US$)","0112","Maize (corn)","2016","2016","1000 USD","100054525","E","Estimated value"
"QV","Value of Agricultural Production","159","China","58","Gross Production Value (constant 2014-2016 thousand US$)","0112","Maize (corn)","2017","2017","1000 USD","98330606","E","Estimated value"
"QV","Value of Agricultural Production","159","China","58","Gross Production Value (constant 2014-2016 thousand US$)","0112","Maize (corn)","2018","2018","1000 USD","97610560","E","Estimated value"
"QV","Value of Agricultural Production","159","China","58","Gross Production Value (constant 2014-2016 thousand US$)","0112","Maize (corn)","2019","2019","1000 USD","98978840","E","Estimated value"
"QV","Value of Agricultural Production","159","China","58","Gross Production Value (constant 2014-2016 thousand US$)","0112","Maize (corn)","2020","2020","1000 USD","98937507","E","Estimated value"
"QV","Value of Agricultural Production","159","China","58","Gross Production Value (constant 2014-2016 thousand US$)","0112","Maize (corn)","2021","2021","1000 USD","103447330","E","Estimated value"
"QV","Value of Agricultural Production","159","China","58","Gross Production Value (constant 2014-2016 thousand US$)","0112","Maize (corn)","2022","2022","1000 USD","105212621","E","Estimated value"
"QV","Value of Agricultural Production","159","China","58","Gross Production Value (constant 2014-2016 thousand US$)","0112","Maize (corn)","2023","2023","1000 USD","109630326","E","Estimated value"
"QV","Value of Agricultural Production","159","China","58","Gross Production Value (constant 2014-2016 thousand US$)","0112","Maize (corn)","2024","2024","1000 USD","111937122","E","Estimated value"
"QV","Value of Agricultural Production","159","China","58","Gross Production Value (constant 2014-2016 thousand US$)","0113","Rice","2014","2014","1000 USD","105832626","E","Estimated value"
"QV","Value of Agricultural Production","159","China","58","Gross Production Value (constant 2014-2016 thousand US$)","0113","Rice","2015","2015","1000 USD","107111499","E","Estimated value"
"QV","Value of Agricultural Production","159","China","58","Gross Production Value (constant 2014-2016 thousand US$)","0113","Rice","2016","2016","1000 USD","106582359","E","Estimated value"
"QV","Value of Agricultural Production","159","China","58","Gross Production Value (constant 2014-2016 thousand US$)","0113","Rice","2017","2017","1000 USD","107381068","E","Estimated value"
"QV","Value of Agricultural Production","159","China","58","Gross Production Value (constant 2014-2016 thousand US$)","0113","Rice","2018","2018","1000 USD","107104935","E","Estimated value"
"QV","Value of Agricultural Production","159","China","58","Gross Production Value (constant 2014-2016 thousand US$)","0113","Rice","2019","2019","1000 USD","105835100","E","Estimated value"
"QV","Value of Agricultural Production","159","China","58","Gross Production Value (constant 2014-2016 thousand US$)","0113","Rice","2020","2020","1000 USD","106969116","E","Estimated value"
"QV","Value of Agricultural Production","159","China","58","Gross Production Value (constant 2014-2016 thousand US$)","0113","Rice","2021","2021","1000 USD","107465437","E","Estimated value"
"QV","Value of Agricultural Production","159","China","58","Gross Production Value (constant 2014-2016 thousand US$)","0113","Rice","2022","2022","1000 USD","105270011","E","Estimated value"
"QV","Value of Agricultural Production","159","China","58","Gross Production Value (constant 2014-2016 thousand US$)","0113","Rice","2023","2023","1000 USD","104314933","E","Estimated value"
"QV","Value of Agricultural Production","159","China","58","Gross Production Value (constant 2014-2016 thousand US$)","0113","Rice","2024","2024","1000 USD","104782879","E","Estimated value"
"QV","Value of Agricultural Production","159","China","58","Gross Production Value (constant 2014-2016 thousand US$)","0141","Soya beans","2014","2014","1000 USD","9153726","E","Estimated value"
"QV","Value of Agricultural Production","159","China","58","Gross Production Value (constant 2014-2016 thousand US$)","0141","Soya beans","2015","2015","1000 USD","8875816","E","Estimated value"
"QV","Value of Agricultural Production","159","China","58","Gross Production Value (constant 2014-2016 thousand US$)","0141","Soya beans","2016","2016","1000 USD","9631894","E","Estimated value"
"QV","Value of Agricultural Production","159","China","58","Gross Production Value (constant 2014-2016 thousand US$)","0141","Soya beans","2017","2017","1000 USD","11509941","E","Estimated value"
"QV","Value of Agricultural Production","159","China","58","Gross Production Value (constant 2014-2016 thousand US$)","0141","Soya beans","2018","2018","1000 USD","12025544","E","Estimated value"
"QV","Value of Agricultural Production","159","China","58","Gross Production Value (constant 2014-2016 thousand US$)","0141","Soya beans","2019","2019","1000 USD","13631928","E","Estimated value"
"QV","Value of Agricultural Production","159","China","58","Gross Production Value (constant 2014-2016 thousand US$)","0141","Soya beans","2020","2020","1000 USD","14761645","E","Estimated value"
"QV","Value of Agricultural Production","159","China","58","Gross Production Value (constant 2014-2016 thousand US$)","0141","Soya beans","2021","2021","1000 USD","12348116","E","Estimated value"
"QV","Value of Agricultural Production","159","China","58","Gross Production Value (constant 2014-2016 thousand US$)","0141","Soya beans","2022","2022","1000 USD","15276420","E","Estimated value"
"QV","Value of Agricultural Production","159","China","58","Gross Production Value (constant 2014-2016 thousand US$)","0141","Soya beans","2023","2023","1000 USD","15696826","E","Estimated value"
"QV","Value of Agricultural Production","159","China","58","Gross Production Value (constant 2014-2016 thousand US$)","0141","Soya beans","2024","2024","1000 USD","15552448","E","Estimated value"
"QV","Value of Agricultural Production","159","China","58","Gross Production Value (constant 2014-2016 thousand US$)","0111","Wheat","2014","2014","1000 USD","48253320","E","Estimated value"
"QV","Value of Agricultural Production","159","China","58","Gross Production Value (constant 2014-2016 thousand US$)","0111","Wheat","2015","2015","1000 USD","50711934","E","Estimated value"
"QV","Value of Agricultural Production","159","China","58","Gross Production Value (constant 2014-2016 thousand US$)","0111","Wheat","2016","2016","1000 USD","50953567","E","Estimated value"
"QV","Value of Agricultural Production","159","China","58","Gross Production Value (constant 2014-2016 thousand US$)","0111","Wheat","2017","2017","1000 USD","51324542","E","Estimated value"
"QV","Value of Agricultural Production","159","China","58","Gross Production Value (constant 2014-2016 thousand US$)","0111","Wheat","2018","2018","1000 USD","50253711","E","Estimated value"
"QV","Value of Agricultural Production","159","China","58","Gross Production Value (constant 2014-2016 thousand US$)","0111","Wheat","2019","2019","1000 USD","51077939","E","Estimated value"
"QV","Value of Agricultural Production","159","China","58","Gross Production Value (constant 2014-2016 thousand US$)","0111","Wheat","2020","2020","1000 USD","51327869","E","Estimated value"
"QV","Value of Agricultural Production","159","China","58","Gross Production Value (constant 2014-2016 thousand US$)","0111","Wheat","2021","2021","1000 USD","52358632","E","Estimated value"
"QV","Value of Agricultural Production","159","China","58","Gross Production Value (constant 2014-2016 thousand US$)","0111","Wheat","2022","2022","1000 USD","52654555","E","Estimated value"
"QV","Value of Agricultural Production","159","China","58","Gross Production Value (constant 2014-2016 thousand US$)","0111","Wheat","2023","2023","1000 USD","52222560","E","Estimated value"
"QV","Value of Agricultural Production","159","China","58","Gross Production Value (constant 2014-2016 thousand US$)","0111","Wheat","2024","2024","1000 USD","53564502","E","Estimated value"
"QV","Value of Agricultural Production","156","China, mainland","58","Gross Production Value (constant 2014-2016 thousand US$)","0112","Maize (corn)","2014","2014","1000 USD","81848726","E","Estimated value"
"QV","Value of Agricultural Production","156","China, mainland","58","Gross Production Value (constant 2014-2016 thousand US$)","0112","Maize (corn)","2015","2015","1000 USD","100577926","E","Estimated value"
"QV","Value of Agricultural Production","156","China, mainland","58","Gross Production Value (constant 2014-2016 thousand US$)","0112","Maize (corn)","2016","2016","1000 USD","100054525","E","Estimated value"
"QV","Value of Agricultural Production","156","China, mainland","58","Gross Production Value (constant 2014-2016 thousand US$)","0112","Maize (corn)","2017","2017","1000 USD","98330606","E","Estimated value"
"QV","Value of Agricultural Production","156","China, mainland","58","Gross Production Value (constant 2014-2016 thousand US$)","0112","Maize (corn)","2018","2018","1000 USD","97610560","E","Estimated value"
"QV","Value of Agricultural Production","156","China, mainland","58","Gross Production Value (constant 2014-2016 thousand US$)","0112","Maize (corn)","2019","2019","1000 USD","98978840","E","Estimated value"
"QV","Value of Agricultural Production","156","China, mainland","58","Gross Production Value (constant 2014-2016 thousand US$)","0112","Maize (corn)","2020","2020","1000 USD","98937507","E","Estimated value"
"QV","Value of Agricultural Production","156","China, mainland","58","Gross Production Value (constant 2014-2016 thousand US$)","0112","Maize (corn)","2021","2021","1000 USD","103447330","E","Estimated value"
"QV","Value of Agricultural Production","156","China, mainland","58","Gross Production Value (constant 2014-2016 thousand US$)","0112","Maize (corn)","2022","2022","1000 USD","105212621","E","Estimated value"
"QV","Value of Agricultural Production","156","China, mainland","58","Gross Production Value (constant 2014-2016 thousand US$)","0112","Maize (corn)","2023","2023","1000 USD","109630326","E","Estimated value"
"QV","Value of Agricultural Production","156","China, mainland","58","Gross Production Value (constant 2014-2016 thousand US$)","0112","Maize (corn)","2024","2024","1000 USD","111937122","E","Estimated value"
"QV","Value of Agricultural Production","156","China, mainland","58","Gross Production Value (constant 2014-2016 thousand US$)","0113","Rice","2014","2014","1000 USD","105832626","E","Estimated value"
"QV","Value of Agricultural Production","156","China, mainland","58","Gross Production Value (constant 2014-2016 thousand US$)","0113","Rice","2015","2015","1000 USD","107111499","E","Estimated value"
"QV","Value of Agricultural Production","156","China, mainland","58","Gross Production Value (constant 2014-2016 thousand US$)","0113","Rice","2016","2016","1000 USD","106582359","E","Estimated value"
"QV","Value of Agricultural Production","156","China, mainland","58","Gross Production Value (constant 2014-2016 thousand US$)","0113","Rice","2017","2017","1000 USD","107381068","E","Estimated value"
"QV","Value of Agricultural Production","156","China, mainland","58","Gross Production Value (constant 2014-2016 thousand US$)","0113","Rice","2018","2018","1000 USD","107104935","E","Estimated value"
"QV","Value of Agricultural Production","156","China, mainland","58","Gross Production Value (constant 2014-2016 thousand US$)","0113","Rice","2019","2019","1000 USD","105835100","E","Estimated value"
"QV","Value of Agricultural Production","156","China, mainland","58","Gross Production Value (constant 2014-2016 thousand US$)","0113","Rice","2020","2020","1000 USD","106969116","E","Estimated value"
"QV","Value of Agricultural Production","156","China, mainland","58","Gross Production Value (constant 2014-2016 thousand US$)","0113","Rice","2021","2021","1000 USD","107465437","E","Estimated value"
"QV","Value of Agricultural Production","156","China, mainland","58","Gross Production Value (constant 2014-2016 thousand US$)","0113","Rice","2022","2022","1000 USD","105270011","E","Estimated value"
"QV","Value of Agricultural Production","156","China, mainland","58","Gross Production Value (constant 2014-2016 thousand US$)","0113","Rice","2023","2023","1000 USD","104314933","E","Estimated value"
"QV","Value of Agricultural Production","156","China, mainland","58","Gross Production Value (constant 2014-2016 thousand US$)","0113","Rice","2024","2024","1000 USD","104782879","E","Estimated value"
"QV","Value of Agricultural Production","156","China, mainland","58","Gross Production Value (constant 2014-2016 thousand US$)","0141","Soya beans","2014","2014","1000 USD","9153726","E","Estimated value"
"QV","Value of Agricultural Production","156","China, mainland","58","Gross Production Value (constant 2014-2016 thousand US$)","0141","Soya beans","2015","2015","1000 USD","8875816","E","Estimated value"
"QV","Value of Agricultural Production","156","China, mainland","58","Gross Production Value (constant 2014-2016 thousand US$)","0141","Soya beans","2016","2016","1000 USD","9631894","E","Estimated value"
"QV","Value of Agricultural Production","156","China, mainland","58","Gross Production Value (constant 2014-2016 thousand US$)","0141","Soya beans","2017","2017","1000 USD","11509941","E","Estimated value"
"QV","Value of Agricultural Production","156","China, mainland","58","Gross Production Value (constant 2014-2016 thousand US$)","0141","Soya beans","2018","2018","1000 USD","12025544","E","Estimated value"
"QV","Value of Agricultural Production","156","China, mainland","58","Gross Production Value (constant 2014-2016 thousand US$)","0141","Soya beans","2019","2019","1000 USD","13631928","E","Estimated value"
"QV","Value of Agricultural Production","156","China, mainland","58","Gross Production Value (constant 2014-2016 thousand US$)","0141","Soya beans","2020","2020","1000 USD","14761645","E","Estimated value"
"QV","Value of Agricultural Production","156","China, mainland","58","Gross Production Value (constant 2014-2016 thousand US$)","0141","Soya beans","2021","2021","1000 USD","12348116","E","Estimated value"
"QV","Value of Agricultural Production","156","China, mainland","58","Gross Production Value (constant 2014-2016 thousand US$)","0141","Soya beans","2022","2022","1000 USD","15276420","E","Estimated value"
"QV","Value of Agricultural Production","156","China, mainland","58","Gross Production Value (constant 2014-2016 thousand US$)","0141","Soya beans","2023","2023","1000 USD","15696826","E","Estimated value"
"QV","Value of Agricultural Production","156","China, mainland","58","Gross Production Value (constant 2014-2016 thousand US$)","0141","Soya beans","2024","2024","1000 USD","15552448","E","Estimated value"
"QV","Value of Agricultural Production","156","China, mainland","58","Gross Production Value (constant 2014-2016 thousand US$)","0111","Wheat","2014","2014","1000 USD","48253320","E","Estimated value"
"QV","Value of Agricultural Production","156","China, mainland","58","Gross Production Value (constant 2014-2016 thousand US$)","0111","Wheat","2015","2015","1000 USD","50711934","E","Estimated value"
"QV","Value of Agricultural Production","156","China, mainland","58","Gross Production Value (constant 2014-2016 thousand US$)","0111","Wheat","2016","2016","1000 USD","50953567","E","Estimated value"
"QV","Value of Agricultural Production","156","China, mainland","58","Gross Production Value (constant 2014-2016 thousand US$)","0111","Wheat","2017","2017","1000 USD","51324542","E","Estimated value"
"QV","Value of Agricultural Production","156","China, mainland","58","Gross Production Value (constant 2014-2016 thousand US$)","0111","Wheat","2018","2018","1000 USD","50253711","E","Estimated value"
"QV","Value of Agricultural Production","156","China, mainland","58","Gross Production Value (constant 2014-2016 thousand US$)","0111","Wheat","2019","2019","1000 USD","51077939","E","Estimated value"
"QV","Value of Agricultural Production","156","China, mainland","58","Gross Production Value (constant 2014-2016 thousand US$)","0111","Wheat","2020","2020","1000 USD","51327869","E","Estimated value"
"QV","Value of Agricultural Production","156","China, mainland","58","Gross Production Value (constant 2014-2016 thousand US$)","0111","Wheat","2021","2021","1000 USD","52358632","E","Estimated value"
"QV","Value of Agricultural Production","156","China, mainland","58","Gross Production Value (constant 2014-2016 thousand US$)","0111","Wheat","2022","2022","1000 USD","52654555","E","Estimated value"
"QV","Value of Agricultural Production","156","China, mainland","58","Gross Production Value (constant 2014-2016 thousand US$)","0111","Wheat","2023","2023","1000 USD","52222560","E","Estimated value"
"QV","Value of Agricultural Production","156","China, mainland","58","Gross Production Value (constant 2014-2016 thousand US$)","0111","Wheat","2024","2024","1000 USD","53564502","E","Estimated value"
"QV","Value of Agricultural Production","170","Colombia","58","Gross Production Value (constant 2014-2016 thousand US$)","0112","Maize (corn)","2014","2014","1000 USD","568073","E","Estimated value"
"QV","Value of Agricultural Production","170","Colombia","58","Gross Production Value (constant 2014-2016 thousand US$)","0112","Maize (corn)","2015","2015","1000 USD","463468","E","Estimated value"
"QV","Value of Agricultural Production","170","Colombia","58","Gross Production Value (constant 2014-2016 thousand US$)","0112","Maize (corn)","2016","2016","1000 USD","408036","E","Estimated value"
"QV","Value of Agricultural Production","170","Colombia","58","Gross Production Value (constant 2014-2016 thousand US$)","0112","Maize (corn)","2017","2017","1000 USD","418990","E","Estimated value"
"QV","Value of Agricultural Production","170","Colombia","58","Gross Production Value (constant 2014-2016 thousand US$)","0112","Maize (corn)","2018","2018","1000 USD","434274","E","Estimated value"
"QV","Value of Agricultural Production","170","Colombia","58","Gross Production Value (constant 2014-2016 thousand US$)","0112","Maize (corn)","2019","2019","1000 USD","439471","E","Estimated value"
"QV","Value of Agricultural Production","170","Colombia","58","Gross Production Value (constant 2014-2016 thousand US$)","0112","Maize (corn)","2020","2020","1000 USD","438852","E","Estimated value"
"QV","Value of Agricultural Production","170","Colombia","58","Gross Production Value (constant 2014-2016 thousand US$)","0112","Maize (corn)","2021","2021","1000 USD","488670","E","Estimated value"
"QV","Value of Agricultural Production","170","Colombia","58","Gross Production Value (constant 2014-2016 thousand US$)","0112","Maize (corn)","2022","2022","1000 USD","605294","E","Estimated value"
"QV","Value of Agricultural Production","170","Colombia","58","Gross Production Value (constant 2014-2016 thousand US$)","0112","Maize (corn)","2023","2023","1000 USD","543729","E","Estimated value"
"QV","Value of Agricultural Production","170","Colombia","58","Gross Production Value (constant 2014-2016 thousand US$)","0112","Maize (corn)","2024","2024","1000 USD","469314","E","Estimated value"
"QV","Value of Agricultural Production","170","Colombia","58","Gross Production Value (constant 2014-2016 thousand US$)","0113","Rice","2014","2014","1000 USD","789288","E","Estimated value"
"QV","Value of Agricultural Production","170","Colombia","58","Gross Production Value (constant 2014-2016 thousand US$)","0113","Rice","2015","2015","1000 USD","891318","E","Estimated value"
"QV","Value of Agricultural Production","170","Colombia","58","Gross Production Value (constant 2014-2016 thousand US$)","0113","Rice","2016","2016","1000 USD","1126465","E","Estimated value"
"QV","Value of Agricultural Production","170","Colombia","58","Gross Production Value (constant 2014-2016 thousand US$)","0113","Rice","2017","2017","1000 USD","1151079","E","Estimated value"
"QV","Value of Agricultural Production","170","Colombia","58","Gross Production Value (constant 2014-2016 thousand US$)","0113","Rice","2018","2018","1000 USD","1103513","E","Estimated value"
"QV","Value of Agricultural Production","170","Colombia","58","Gross Production Value (constant 2014-2016 thousand US$)","0113","Rice","2019","2019","1000 USD","1123868","E","Estimated value"
"QV","Value of Agricultural Production","170","Colombia","58","Gross Production Value (constant 2014-2016 thousand US$)","0113","Rice","2020","2020","1000 USD","1293904","E","Estimated value"
"QV","Value of Agricultural Production","170","Colombia","58","Gross Production Value (constant 2014-2016 thousand US$)","0113","Rice","2021","2021","1000 USD","1269163","E","Estimated value"
"QV","Value of Agricultural Production","170","Colombia","58","Gross Production Value (constant 2014-2016 thousand US$)","0113","Rice","2022","2022","1000 USD","1110795","E","Estimated value"
"QV","Value of Agricultural Production","170","Colombia","58","Gross Production Value (constant 2014-2016 thousand US$)","0113","Rice","2023","2023","1000 USD","1280107","E","Estimated value"
"QV","Value of Agricultural Production","170","Colombia","58","Gross Production Value (constant 2014-2016 thousand US$)","0113","Rice","2024","2024","1000 USD","1202136","E","Estimated value"
"QV","Value of Agricultural Production","170","Colombia","58","Gross Production Value (constant 2014-2016 thousand US$)","0141","Soya beans","2014","2014","1000 USD","42359","E","Estimated value"
"QV","Value of Agricultural Production","170","Colombia","58","Gross Production Value (constant 2014-2016 thousand US$)","0141","Soya beans","2015","2015","1000 USD","41204","E","Estimated value"
"QV","Value of Agricultural Production","170","Colombia","58","Gross Production Value (constant 2014-2016 thousand US$)","0141","Soya beans","2016","2016","1000 USD","37857","E","Estimated value"
"QV","Value of Agricultural Production","170","Colombia","58","Gross Production Value (constant 2014-2016 thousand US$)","0141","Soya beans","2017","2017","1000 USD","37650","E","Estimated value"
"QV","Value of Agricultural Production","170","Colombia","58","Gross Production Value (constant 2014-2016 thousand US$)","0141","Soya beans","2019","2019","1000 USD","53606","E","Estimated value"
"QV","Value of Agricultural Production","170","Colombia","58","Gross Production Value (constant 2014-2016 thousand US$)","0141","Soya beans","2020","2020","1000 USD","56123","E","Estimated value"
"QV","Value of Agricultural Production","170","Colombia","58","Gross Production Value (constant 2014-2016 thousand US$)","0141","Soya beans","2021","2021","1000 USD","57571","E","Estimated value"
"QV","Value of Agricultural Production","170","Colombia","58","Gross Production Value (constant 2014-2016 thousand US$)","0141","Soya beans","2022","2022","1000 USD","66734","E","Estimated value"
"QV","Value of Agricultural Production","170","Colombia","58","Gross Production Value (constant 2014-2016 thousand US$)","0141","Soya beans","2023","2023","1000 USD","93004","E","Estimated value"
"QV","Value of Agricultural Production","170","Colombia","58","Gross Production Value (constant 2014-2016 thousand US$)","0141","Soya beans","2024","2024","1000 USD","110663","E","Estimated value"
"QV","Value of Agricultural Production","170","Colombia","58","Gross Production Value (constant 2014-2016 thousand US$)","0111","Wheat","2014","2014","1000 USD","1960","E","Estimated value"
"QV","Value of Agricultural Production","170","Colombia","58","Gross Production Value (constant 2014-2016 thousand US$)","0111","Wheat","2015","2015","1000 USD","2988","E","Estimated value"
"QV","Value of Agricultural Production","170","Colombia","58","Gross Production Value (constant 2014-2016 thousand US$)","0111","Wheat","2016","2016","1000 USD","4094","E","Estimated value"
"QV","Value of Agricultural Production","170","Colombia","58","Gross Production Value (constant 2014-2016 thousand US$)","0111","Wheat","2017","2017","1000 USD","1655","E","Estimated value"
"QV","Value of Agricultural Production","170","Colombia","58","Gross Production Value (constant 2014-2016 thousand US$)","0111","Wheat","2019","2019","1000 USD","1717","E","Estimated value"
"QV","Value of Agricultural Production","170","Colombia","58","Gross Production Value (constant 2014-2016 thousand US$)","0111","Wheat","2020","2020","1000 USD","1902","E","Estimated value"
"QV","Value of Agricultural Production","170","Colombia","58","Gross Production Value (constant 2014-2016 thousand US$)","0111","Wheat","2021","2021","1000 USD","2104","E","Estimated value"
"QV","Value of Agricultural Production","170","Colombia","58","Gross Production Value (constant 2014-2016 thousand US$)","0111","Wheat","2022","2022","1000 USD","3906","E","Estimated value"
"QV","Value of Agricultural Production","170","Colombia","58","Gross Production Value (constant 2014-2016 thousand US$)","0111","Wheat","2023","2023","1000 USD","2514","E","Estimated value"
"QV","Value of Agricultural Production","170","Colombia","58","Gross Production Value (constant 2014-2016 thousand US$)","0111","Wheat","2024","2024","1000 USD","1401","E","Estimated value"
"QV","Value of Agricultural Production","178","Congo","58","Gross Production Value (constant 2014-2016 thousand US$)","0112","Maize (corn)","2014","2014","1000 USD","12222","E","Estimated value"
"QV","Value of Agricultural Production","178","Congo","58","Gross Production Value (constant 2014-2016 thousand US$)","0112","Maize (corn)","2015","2015","1000 USD","15827","E","Estimated value"
"QV","Value of Agricultural Production","178","Congo","58","Gross Production Value (constant 2014-2016 thousand US$)","0112","Maize (corn)","2016","2016","1000 USD","17474","E","Estimated value"
"QV","Value of Agricultural Production","178","Congo","58","Gross Production Value (constant 2014-2016 thousand US$)","0112","Maize (corn)","2017","2017","1000 USD","18112","E","Estimated value"
"QV","Value of Agricultural Production","178","Congo","58","Gross Production Value (constant 2014-2016 thousand US$)","0112","Maize (corn)","2018","2018","1000 USD","18824","E","Estimated value"
"QV","Value of Agricultural Production","178","Congo","58","Gross Production Value (constant 2014-2016 thousand US$)","0112","Maize (corn)","2019","2019","1000 USD","20578","E","Estimated value"
"QV","Value of Agricultural Production","178","Congo","58","Gross Production Value (constant 2014-2016 thousand US$)","0112","Maize (corn)","2020","2020","1000 USD","19108","E","Estimated value"
"QV","Value of Agricultural Production","178","Congo","58","Gross Production Value (constant 2014-2016 thousand US$)","0112","Maize (corn)","2021","2021","1000 USD","19108","E","Estimated value"
"QV","Value of Agricultural Production","178","Congo","58","Gross Production Value (constant 2014-2016 thousand US$)","0112","Maize (corn)","2022","2022","1000 USD","19108","E","Estimated value"
"QV","Value of Agricultural Production","178","Congo","58","Gross Production Value (constant 2014-2016 thousand US$)","0112","Maize (corn)","2023","2023","1000 USD","19108","E","Estimated value"
"QV","Value of Agricultural Production","178","Congo","58","Gross Production Value (constant 2014-2016 thousand US$)","0112","Maize (corn)","2024","2024","1000 USD","19108","E","Estimated value"
"QV","Value of Agricultural Production","178","Congo","58","Gross Production Value (constant 2014-2016 thousand US$)","0113","Rice","2014","2014","1000 USD","1340","E","Estimated value"
"QV","Value of Agricultural Production","178","Congo","58","Gross Production Value (constant 2014-2016 thousand US$)","0113","Rice","2015","2015","1000 USD","1367","E","Estimated value"
"QV","Value of Agricultural Production","178","Congo","58","Gross Production Value (constant 2014-2016 thousand US$)","0113","Rice","2016","2016","1000 USD","1378","E","Estimated value"
"QV","Value of Agricultural Production","178","Congo","58","Gross Production Value (constant 2014-2016 thousand US$)","0113","Rice","2017","2017","1000 USD","1349","E","Estimated value"
"QV","Value of Agricultural Production","178","Congo","58","Gross Production Value (constant 2014-2016 thousand US$)","0113","Rice","2018","2018","1000 USD","1305","E","Estimated value"
"QV","Value of Agricultural Production","178","Congo","58","Gross Production Value (constant 2014-2016 thousand US$)","0113","Rice","2019","2019","1000 USD","1257","E","Estimated value"
"QV","Value of Agricultural Production","178","Congo","58","Gross Production Value (constant 2014-2016 thousand US$)","0113","Rice","2020","2020","1000 USD","1204","E","Estimated value"
"QV","Value of Agricultural Production","178","Congo","58","Gross Production Value (constant 2014-2016 thousand US$)","0113","Rice","2021","2021","1000 USD","1119","E","Estimated value"
"QV","Value of Agricultural Production","178","Congo","58","Gross Production Value (constant 2014-2016 thousand US$)","0113","Rice","2022","2022","1000 USD","1119","E","Estimated value"
"QV","Value of Agricultural Production","178","Congo","58","Gross Production Value (constant 2014-2016 thousand US$)","0113","Rice","2023","2023","1000 USD","1119","E","Estimated value"
"QV","Value of Agricultural Production","178","Congo","58","Gross Production Value (constant 2014-2016 thousand US$)","0113","Rice","2024","2024","1000 USD","1119","E","Estimated value"
"QV","Value of Agricultural Production","188","Costa Rica","58","Gross Production Value (constant 2014-2016 thousand US$)","0112","Maize (corn)","2014","2014","1000 USD","5604","E","Estimated value"
"QV","Value of Agricultural Production","188","Costa Rica","58","Gross Production Value (constant 2014-2016 thousand US$)","0112","Maize (corn)","2015","2015","1000 USD","4337","E","Estimated value"
"QV","Value of Agricultural Production","188","Costa Rica","58","Gross Production Value (constant 2014-2016 thousand US$)","0112","Maize (corn)","2016","2016","1000 USD","5126","E","Estimated value"
"QV","Value of Agricultural Production","188","Costa Rica","58","Gross Production Value (constant 2014-2016 thousand US$)","0112","Maize (corn)","2017","2017","1000 USD","3610","E","Estimated value"
"QV","Value of Agricultural Production","188","Costa Rica","58","Gross Production Value (constant 2014-2016 thousand US$)","0112","Maize (corn)","2018","2018","1000 USD","9704","E","Estimated value"
"QV","Value of Agricultural Production","188","Costa Rica","58","Gross Production Value (constant 2014-2016 thousand US$)","0112","Maize (corn)","2019","2019","1000 USD","7149","E","Estimated value"
"QV","Value of Agricultural Production","188","Costa Rica","58","Gross Production Value (constant 2014-2016 thousand US$)","0112","Maize (corn)","2020","2020","1000 USD","7619","E","Estimated value"
"QV","Value of Agricultural Production","188","Costa Rica","58","Gross Production Value (constant 2014-2016 thousand US$)","0112","Maize (corn)","2021","2021","1000 USD","3238","E","Estimated value"
"QV","Value of Agricultural Production","188","Costa Rica","58","Gross Production Value (constant 2014-2016 thousand US$)","0112","Maize (corn)","2022","2022","1000 USD","3603","E","Estimated value"
"QV","Value of Agricultural Production","188","Costa Rica","58","Gross Production Value (constant 2014-2016 thousand US$)","0112","Maize (corn)","2023","2023","1000 USD","3933","E","Estimated value"
"QV","Value of Agricultural Production","188","Costa Rica","58","Gross Production Value (constant 2014-2016 thousand US$)","0112","Maize (corn)","2024","2024","1000 USD","4321","E","Estimated value"
"QV","Value of Agricultural Production","188","Costa Rica","58","Gross Production Value (constant 2014-2016 thousand US$)","0113","Rice","2014","2014","1000 USD","122643","E","Estimated value"
"QV","Value of Agricultural Production","188","Costa Rica","58","Gross Production Value (constant 2014-2016 thousand US$)","0113","Rice","2015","2015","1000 USD","107097","E","Estimated value"
"QV","Value of Agricultural Production","188","Costa Rica","58","Gross Production Value (constant 2014-2016 thousand US$)","0113","Rice","2016","2016","1000 USD","111799","E","Estimated value"
"QV","Value of Agricultural Production","188","Costa Rica","58","Gross Production Value (constant 2014-2016 thousand US$)","0113","Rice","2017","2017","1000 USD","83629","E","Estimated value"
"QV","Value of Agricultural Production","188","Costa Rica","58","Gross Production Value (constant 2014-2016 thousand US$)","0113","Rice","2018","2018","1000 USD","98285","E","Estimated value"
"QV","Value of Agricultural Production","188","Costa Rica","58","Gross Production Value (constant 2014-2016 thousand US$)","0113","Rice","2019","2019","1000 USD","85908","E","Estimated value"
"QV","Value of Agricultural Production","188","Costa Rica","58","Gross Production Value (constant 2014-2016 thousand US$)","0113","Rice","2020","2020","1000 USD","75232","E","Estimated value"
"QV","Value of Agricultural Production","188","Costa Rica","58","Gross Production Value (constant 2014-2016 thousand US$)","0113","Rice","2021","2021","1000 USD","82626","E","Estimated value"
"QV","Value of Agricultural Production","188","Costa Rica","58","Gross Production Value (constant 2014-2016 thousand US$)","0113","Rice","2022","2022","1000 USD","62560","E","Estimated value"
"QV","Value of Agricultural Production","188","Costa Rica","58","Gross Production Value (constant 2014-2016 thousand US$)","0113","Rice","2023","2023","1000 USD","41647","E","Estimated value"
"QV","Value of Agricultural Production","188","Costa Rica","58","Gross Production Value (constant 2014-2016 thousand US$)","0113","Rice","2024","2024","1000 USD","35133","E","Estimated value"
"QV","Value of Agricultural Production","384","Côte d'Ivoire","58","Gross Production Value (constant 2014-2016 thousand US$)","0112","Maize (corn)","2014","2014","1000 USD","268040","E","Estimated value"
"QV","Value of Agricultural Production","384","Côte d'Ivoire","58","Gross Production Value (constant 2014-2016 thousand US$)","0112","Maize (corn)","2015","2015","1000 USD","404425","E","Estimated value"
"QV","Value of Agricultural Production","384","Côte d'Ivoire","58","Gross Production Value (constant 2014-2016 thousand US$)","0112","Maize (corn)","2016","2016","1000 USD","381168","E","Estimated value"
"QV","Value of Agricultural Production","384","Côte d'Ivoire","58","Gross Production Value (constant 2014-2016 thousand US$)","0112","Maize (corn)","2017","2017","1000 USD","404030","E","Estimated value"
"QV","Value of Agricultural Production","384","Côte d'Ivoire","58","Gross Production Value (constant 2014-2016 thousand US$)","0112","Maize (corn)","2018","2018","1000 USD","415840","E","Estimated value"
"QV","Value of Agricultural Production","384","Côte d'Ivoire","58","Gross Production Value (constant 2014-2016 thousand US$)","0112","Maize (corn)","2019","2019","1000 USD","434553","E","Estimated value"
"QV","Value of Agricultural Production","384","Côte d'Ivoire","58","Gross Production Value (constant 2014-2016 thousand US$)","0112","Maize (corn)","2020","2020","1000 USD","463439","E","Estimated value"
"QV","Value of Agricultural Production","384","Côte d'Ivoire","58","Gross Production Value (constant 2014-2016 thousand US$)","0112","Maize (corn)","2021","2021","1000 USD","449186","E","Estimated value"
"QV","Value of Agricultural Production","384","Côte d'Ivoire","58","Gross Production Value (constant 2014-2016 thousand US$)","0112","Maize (corn)","2022","2022","1000 USD","472751","E","Estimated value"
"QV","Value of Agricultural Production","384","Côte d'Ivoire","58","Gross Production Value (constant 2014-2016 thousand US$)","0112","Maize (corn)","2023","2023","1000 USD","558245","E","Estimated value"
"QV","Value of Agricultural Production","384","Côte d'Ivoire","58","Gross Production Value (constant 2014-2016 thousand US$)","0112","Maize (corn)","2024","2024","1000 USD","646709","E","Estimated value"
"QV","Value of Agricultural Production","384","Côte d'Ivoire","58","Gross Production Value (constant 2014-2016 thousand US$)","0113","Rice","2014","2014","1000 USD","1093078","E","Estimated value"
"QV","Value of Agricultural Production","384","Côte d'Ivoire","58","Gross Production Value (constant 2014-2016 thousand US$)","0113","Rice","2015","2015","1000 USD","1146030","E","Estimated value"
"QV","Value of Agricultural Production","384","Côte d'Ivoire","58","Gross Production Value (constant 2014-2016 thousand US$)","0113","Rice","2016","2016","1000 USD","1093865","E","Estimated value"
"QV","Value of Agricultural Production","384","Côte d'Ivoire","58","Gross Production Value (constant 2014-2016 thousand US$)","0113","Rice","2017","2017","1000 USD","1128465","E","Estimated value"
"QV","Value of Agricultural Production","384","Côte d'Ivoire","58","Gross Production Value (constant 2014-2016 thousand US$)","0113","Rice","2018","2018","1000 USD","1068233","E","Estimated value"
"QV","Value of Agricultural Production","384","Côte d'Ivoire","58","Gross Production Value (constant 2014-2016 thousand US$)","0113","Rice","2019","2019","1000 USD","1002820","E","Estimated value"
"QV","Value of Agricultural Production","384","Côte d'Ivoire","58","Gross Production Value (constant 2014-2016 thousand US$)","0113","Rice","2020","2020","1000 USD","788425","E","Estimated value"
"QV","Value of Agricultural Production","384","Côte d'Ivoire","58","Gross Production Value (constant 2014-2016 thousand US$)","0113","Rice","2021","2021","1000 USD","883077","E","Estimated value"
"QV","Value of Agricultural Production","384","Côte d'Ivoire","58","Gross Production Value (constant 2014-2016 thousand US$)","0113","Rice","2022","2022","1000 USD","906771","E","Estimated value"
"QV","Value of Agricultural Production","384","Côte d'Ivoire","58","Gross Production Value (constant 2014-2016 thousand US$)","0113","Rice","2023","2023","1000 USD","1070711","E","Estimated value"
"QV","Value of Agricultural Production","384","Côte d'Ivoire","58","Gross Production Value (constant 2014-2016 thousand US$)","0113","Rice","2024","2024","1000 USD","1267462","E","Estimated value"
"QV","Value of Agricultural Production","384","Côte d'Ivoire","58","Gross Production Value (constant 2014-2016 thousand US$)","0141","Soya beans","2014","2014","1000 USD","127","E","Estimated value"
"QV","Value of Agricultural Production","384","Côte d'Ivoire","58","Gross Production Value (constant 2014-2016 thousand US$)","0141","Soya beans","2015","2015","1000 USD","156","E","Estimated value"
"QV","Value of Agricultural Production","384","Côte d'Ivoire","58","Gross Production Value (constant 2014-2016 thousand US$)","0141","Soya beans","2016","2016","1000 USD","218","E","Estimated value"
"QV","Value of Agricultural Production","384","Côte d'Ivoire","58","Gross Production Value (constant 2014-2016 thousand US$)","0141","Soya beans","2017","2017","1000 USD","159","E","Estimated value"
"QV","Value of Agricultural Production","384","Côte d'Ivoire","58","Gross Production Value (constant 2014-2016 thousand US$)","0141","Soya beans","2018","2018","1000 USD","177","E","Estimated value"
"QV","Value of Agricultural Production","384","Côte d'Ivoire","58","Gross Production Value (constant 2014-2016 thousand US$)","0141","Soya beans","2019","2019","1000 USD","185","E","Estimated value"
"QV","Value of Agricultural Production","384","Côte d'Ivoire","58","Gross Production Value (constant 2014-2016 thousand US$)","0141","Soya beans","2020","2020","1000 USD","173","E","Estimated value"
"QV","Value of Agricultural Production","384","Côte d'Ivoire","58","Gross Production Value (constant 2014-2016 thousand US$)","0141","Soya beans","2021","2021","1000 USD","178","E","Estimated value"
"QV","Value of Agricultural Production","384","Côte d'Ivoire","58","Gross Production Value (constant 2014-2016 thousand US$)","0141","Soya beans","2022","2022","1000 USD","179","E","Estimated value"
"QV","Value of Agricultural Production","384","Côte d'Ivoire","58","Gross Production Value (constant 2014-2016 thousand US$)","0141","Soya beans","2023","2023","1000 USD","177","E","Estimated value"
"QV","Value of Agricultural Production","384","Côte d'Ivoire","58","Gross Production Value (constant 2014-2016 thousand US$)","0141","Soya beans","2024","2024","1000 USD","178","E","Estimated value"
"QV","Value of Agricultural Production","191","Croatia","58","Gross Production Value (constant 2014-2016 thousand US$)","0112","Maize (corn)","2014","2014","1000 USD","285647","E","Estimated value"
"QV","Value of Agricultural Production","191","Croatia","58","Gross Production Value (constant 2014-2016 thousand US$)","0112","Maize (corn)","2015","2015","1000 USD","238506","E","Estimated value"
"QV","Value of Agricultural Production","191","Croatia","58","Gross Production Value (constant 2014-2016 thousand US$)","0112","Maize (corn)","2016","2016","1000 USD","300649","E","Estimated value"
"QV","Value of Agricultural Production","191","Croatia","58","Gross Production Value (constant 2014-2016 thousand US$)","0112","Maize (corn)","2017","2017","1000 USD","217642","E","Estimated value"
"QV","Value of Agricultural Production","191","Croatia","58","Gross Production Value (constant 2014-2016 thousand US$)","0141","Soya beans","2014","2014","1000 USD","48196","E","Estimated value"
"QV","Value of Agricultural Production","191","Croatia","58","Gross Production Value (constant 2014-2016 thousand US$)","0141","Soya beans","2015","2015","1000 USD","72036","E","Estimated value"
"QV","Value of Agricultural Production","191","Croatia","58","Gross Production Value (constant 2014-2016 thousand US$)","0141","Soya beans","2016","2016","1000 USD","89508","E","Estimated value"
"QV","Value of Agricultural Production","191","Croatia","58","Gross Production Value (constant 2014-2016 thousand US$)","0141","Soya beans","2017","2017","1000 USD","76192","E","Estimated value"
"QV","Value of Agricultural Production","191","Croatia","58","Gross Production Value (constant 2014-2016 thousand US$)","0111","Wheat","2014","2014","1000 USD","111096","E","Estimated value"
"QV","Value of Agricultural Production","191","Croatia","58","Gross Production Value (constant 2014-2016 thousand US$)","0111","Wheat","2015","2015","1000 USD","129880","E","Estimated value"
"QV","Value of Agricultural Production","191","Croatia","58","Gross Production Value (constant 2014-2016 thousand US$)","0111","Wheat","2016","2016","1000 USD","165903","E","Estimated value"
"QV","Value of Agricultural Production","191","Croatia","58","Gross Production Value (constant 2014-2016 thousand US$)","0111","Wheat","2017","2017","1000 USD","117718","E","Estimated value"
"QV","Value of Agricultural Production","196","Cyprus","58","Gross Production Value (constant 2014-2016 thousand US$)","0111","Wheat","2014","2014","1000 USD","1426","E","Estimated value"
"QV","Value of Agricultural Production","196","Cyprus","58","Gross Production Value (constant 2014-2016 thousand US$)","0111","Wheat","2015","2015","1000 USD","11343","E","Estimated value"
"QV","Value of Agricultural Production","196","Cyprus","58","Gross Production Value (constant 2014-2016 thousand US$)","0111","Wheat","2016","2016","1000 USD","2214","E","Estimated value"
"QV","Value of Agricultural Production","196","Cyprus","58","Gross Production Value (constant 2014-2016 thousand US$)","0111","Wheat","2017","2017","1000 USD","5323","E","Estimated value"
"QV","Value of Agricultural Production","203","Czechia","58","Gross Production Value (constant 2014-2016 thousand US$)","0112","Maize (corn)","2014","2014","1000 USD","143747","E","Estimated value"
"QV","Value of Agricultural Production","203","Czechia","58","Gross Production Value (constant 2014-2016 thousand US$)","0112","Maize (corn)","2015","2015","1000 USD","76466","E","Estimated value"
"QV","Value of Agricultural Production","203","Czechia","58","Gross Production Value (constant 2014-2016 thousand US$)","0112","Maize (corn)","2016","2016","1000 USD","146084","E","Estimated value"
"QV","Value of Agricultural Production","203","Czechia","58","Gross Production Value (constant 2014-2016 thousand US$)","0112","Maize (corn)","2017","2017","1000 USD","101580","E","Estimated value"
"QV","Value of Agricultural Production","203","Czechia","58","Gross Production Value (constant 2014-2016 thousand US$)","0141","Soya beans","2014","2014","1000 USD","5993","E","Estimated value"
"QV","Value of Agricultural Production","203","Czechia","58","Gross Production Value (constant 2014-2016 thousand US$)","0141","Soya beans","2015","2015","1000 USD","7354","E","Estimated value"
"QV","Value of Agricultural Production","203","Czechia","58","Gross Production Value (constant 2014-2016 thousand US$)","0141","Soya beans","2016","2016","1000 USD","10164","E","Estimated value"
"QV","Value of Agricultural Production","203","Czechia","58","Gross Production Value (constant 2014-2016 thousand US$)","0141","Soya beans","2017","2017","1000 USD","13449","E","Estimated value"
"QV","Value of Agricultural Production","203","Czechia","58","Gross Production Value (constant 2014-2016 thousand US$)","0111","Wheat","2014","2014","1000 USD","1009582","E","Estimated value"
"QV","Value of Agricultural Production","203","Czechia","58","Gross Production Value (constant 2014-2016 thousand US$)","0111","Wheat","2015","2015","1000 USD","978403","E","Estimated value"
"QV","Value of Agricultural Production","203","Czechia","58","Gross Production Value (constant 2014-2016 thousand US$)","0111","Wheat","2016","2016","1000 USD","1011866","E","Estimated value"
"QV","Value of Agricultural Production","203","Czechia","58","Gross Production Value (constant 2014-2016 thousand US$)","0111","Wheat","2017","2017","1000 USD","875250","E","Estimated value"
"QV","Value of Agricultural Production","208","Denmark","58","Gross Production Value (constant 2014-2016 thousand US$)","0111","Wheat","2014","2014","1000 USD","940814","E","Estimated value"
"QV","Value of Agricultural Production","208","Denmark","58","Gross Production Value (constant 2014-2016 thousand US$)","0111","Wheat","2015","2015","1000 USD","918176","E","Estimated value"
"QV","Value of Agricultural Production","208","Denmark","58","Gross Production Value (constant 2014-2016 thousand US$)","0111","Wheat","2016","2016","1000 USD","767048","E","Estimated value"
"QV","Value of Agricultural Production","208","Denmark","58","Gross Production Value (constant 2014-2016 thousand US$)","0111","Wheat","2017","2017","1000 USD","882539","E","Estimated value"
"QV","Value of Agricultural Production","214","Dominican Republic","58","Gross Production Value (constant 2014-2016 thousand US$)","0112","Maize (corn)","2014","2014","1000 USD","14270","E","Estimated value"
"QV","Value of Agricultural Production","214","Dominican Republic","58","Gross Production Value (constant 2014-2016 thousand US$)","0112","Maize (corn)","2015","2015","1000 USD","13510","E","Estimated value"
"QV","Value of Agricultural Production","214","Dominican Republic","58","Gross Production Value (constant 2014-2016 thousand US$)","0112","Maize (corn)","2016","2016","1000 USD","16528","E","Estimated value"
"QV","Value of Agricultural Production","214","Dominican Republic","58","Gross Production Value (constant 2014-2016 thousand US$)","0112","Maize (corn)","2017","2017","1000 USD","17457","E","Estimated value"
"QV","Value of Agricultural Production","214","Dominican Republic","58","Gross Production Value (constant 2014-2016 thousand US$)","0112","Maize (corn)","2018","2018","1000 USD","17724","E","Estimated value"
"QV","Value of Agricultural Production","214","Dominican Republic","58","Gross Production Value (constant 2014-2016 thousand US$)","0112","Maize (corn)","2019","2019","1000 USD","19771","E","Estimated value"
"QV","Value of Agricultural Production","214","Dominican Republic","58","Gross Production Value (constant 2014-2016 thousand US$)","0112","Maize (corn)","2020","2020","1000 USD","20283","E","Estimated value"
"QV","Value of Agricultural Production","214","Dominican Republic","58","Gross Production Value (constant 2014-2016 thousand US$)","0112","Maize (corn)","2021","2021","1000 USD","21709","E","Estimated value"
"QV","Value of Agricultural Production","214","Dominican Republic","58","Gross Production Value (constant 2014-2016 thousand US$)","0112","Maize (corn)","2022","2022","1000 USD","24922","E","Estimated value"
"QV","Value of Agricultural Production","214","Dominican Republic","58","Gross Production Value (constant 2014-2016 thousand US$)","0112","Maize (corn)","2023","2023","1000 USD","32384","E","Estimated value"
"QV","Value of Agricultural Production","214","Dominican Republic","58","Gross Production Value (constant 2014-2016 thousand US$)","0112","Maize (corn)","2024","2024","1000 USD","36277","E","Estimated value"
"QV","Value of Agricultural Production","214","Dominican Republic","58","Gross Production Value (constant 2014-2016 thousand US$)","0113","Rice","2014","2014","1000 USD","298905","E","Estimated value"
"QV","Value of Agricultural Production","214","Dominican Republic","58","Gross Production Value (constant 2014-2016 thousand US$)","0113","Rice","2015","2015","1000 USD","301023","E","Estimated value"
"QV","Value of Agricultural Production","214","Dominican Republic","58","Gross Production Value (constant 2014-2016 thousand US$)","0113","Rice","2016","2016","1000 USD","312863","E","Estimated value"
"QV","Value of Agricultural Production","214","Dominican Republic","58","Gross Production Value (constant 2014-2016 thousand US$)","0113","Rice","2017","2017","1000 USD","330511","E","Estimated value"
"QV","Value of Agricultural Production","214","Dominican Republic","58","Gross Production Value (constant 2014-2016 thousand US$)","0113","Rice","2018","2018","1000 USD","352495","E","Estimated value"
"QV","Value of Agricultural Production","214","Dominican Republic","58","Gross Production Value (constant 2014-2016 thousand US$)","0113","Rice","2019","2019","1000 USD","335774","E","Estimated value"
"QV","Value of Agricultural Production","214","Dominican Republic","58","Gross Production Value (constant 2014-2016 thousand US$)","0113","Rice","2020","2020","1000 USD","341358","E","Estimated value"
"QV","Value of Agricultural Production","214","Dominican Republic","58","Gross Production Value (constant 2014-2016 thousand US$)","0113","Rice","2021","2021","1000 USD","367520","E","Estimated value"
"QV","Value of Agricultural Production","214","Dominican Republic","58","Gross Production Value (constant 2014-2016 thousand US$)","0113","Rice","2022","2022","1000 USD","367413","E","Estimated value"
"QV","Value of Agricultural Production","214","Dominican Republic","58","Gross Production Value (constant 2014-2016 thousand US$)","0113","Rice","2023","2023","1000 USD","338015","E","Estimated value"
"QV","Value of Agricultural Production","214","Dominican Republic","58","Gross Production Value (constant 2014-2016 thousand US$)","0113","Rice","2024","2024","1000 USD","349847","E","Estimated value"
"QV","Value of Agricultural Production","218","Ecuador","58","Gross Production Value (constant 2014-2016 thousand US$)","0112","Maize (corn)","2014","2014","1000 USD","597194","E","Estimated value"
"QV","Value of Agricultural Production","218","Ecuador","58","Gross Production Value (constant 2014-2016 thousand US$)","0112","Maize (corn)","2015","2015","1000 USD","670897","E","Estimated value"
"QV","Value of Agricultural Production","218","Ecuador","58","Gross Production Value (constant 2014-2016 thousand US$)","0112","Maize (corn)","2016","2016","1000 USD","390719","E","Estimated value"
"QV","Value of Agricultural Production","218","Ecuador","58","Gross Production Value (constant 2014-2016 thousand US$)","0112","Maize (corn)","2017","2017","1000 USD","514260","E","Estimated value"
"QV","Value of Agricultural Production","218","Ecuador","58","Gross Production Value (constant 2014-2016 thousand US$)","0112","Maize (corn)","2018","2018","1000 USD","474168","E","Estimated value"
"QV","Value of Agricultural Production","218","Ecuador","58","Gross Production Value (constant 2014-2016 thousand US$)","0112","Maize (corn)","2019","2019","1000 USD","529896","E","Estimated value"
"QV","Value of Agricultural Production","218","Ecuador","58","Gross Production Value (constant 2014-2016 thousand US$)","0112","Maize (corn)","2020","2020","1000 USD","467270","E","Estimated value"
"QV","Value of Agricultural Production","218","Ecuador","58","Gross Production Value (constant 2014-2016 thousand US$)","0112","Maize (corn)","2021","2021","1000 USD","608533","E","Estimated value"
"QV","Value of Agricultural Production","218","Ecuador","58","Gross Production Value (constant 2014-2016 thousand US$)","0112","Maize (corn)","2022","2022","1000 USD","587678","E","Estimated value"
"QV","Value of Agricultural Production","218","Ecuador","58","Gross Production Value (constant 2014-2016 thousand US$)","0112","Maize (corn)","2023","2023","1000 USD","506123","E","Estimated value"
"QV","Value of Agricultural Production","218","Ecuador","58","Gross Production Value (constant 2014-2016 thousand US$)","0112","Maize (corn)","2024","2024","1000 USD","427994","E","Estimated value"
"QV","Value of Agricultural Production","218","Ecuador","58","Gross Production Value (constant 2014-2016 thousand US$)","0113","Rice","2014","2014","1000 USD","410262","E","Estimated value"
"QV","Value of Agricultural Production","218","Ecuador","58","Gross Production Value (constant 2014-2016 thousand US$)","0113","Rice","2015","2015","1000 USD","491366","E","Estimated value"
"QV","Value of Agricultural Production","218","Ecuador","58","Gross Production Value (constant 2014-2016 thousand US$)","0113","Rice","2016","2016","1000 USD","456205","E","Estimated value"
"QV","Value of Agricultural Production","218","Ecuador","58","Gross Production Value (constant 2014-2016 thousand US$)","0113","Rice","2017","2017","1000 USD","492959","E","Estimated value"
"QV","Value of Agricultural Production","218","Ecuador","58","Gross Production Value (constant 2014-2016 thousand US$)","0113","Rice","2018","2018","1000 USD","401370","E","Estimated value"
"QV","Value of Agricultural Production","218","Ecuador","58","Gross Production Value (constant 2014-2016 thousand US$)","0113","Rice","2019","2019","1000 USD","326935","E","Estimated value"
"QV","Value of Agricultural Production","218","Ecuador","58","Gross Production Value (constant 2014-2016 thousand US$)","0113","Rice","2020","2020","1000 USD","397331","E","Estimated value"
"QV","Value of Agricultural Production","218","Ecuador","58","Gross Production Value (constant 2014-2016 thousand US$)","0113","Rice","2021","2021","1000 USD","447202","E","Estimated value"
"QV","Value of Agricultural Production","218","Ecuador","58","Gross Production Value (constant 2014-2016 thousand US$)","0113","Rice","2022","2022","1000 USD","464171","E","Estimated value"
"QV","Value of Agricultural Production","218","Ecuador","58","Gross Production Value (constant 2014-2016 thousand US$)","0113","Rice","2023","2023","1000 USD","486475","E","Estimated value"
"QV","Value of Agricultural Production","218","Ecuador","58","Gross Production Value (constant 2014-2016 thousand US$)","0113","Rice","2024","2024","1000 USD","578065","E","Estimated value"
"QV","Value of Agricultural Production","218","Ecuador","58","Gross Production Value (constant 2014-2016 thousand US$)","0141","Soya beans","2014","2014","1000 USD","19285","E","Estimated value"
"QV","Value of Agricultural Production","218","Ecuador","58","Gross Production Value (constant 2014-2016 thousand US$)","0141","Soya beans","2015","2015","1000 USD","19294","E","Estimated value"
"QV","Value of Agricultural Production","218","Ecuador","58","Gross Production Value (constant 2014-2016 thousand US$)","0141","Soya beans","2016","2016","1000 USD","24659","E","Estimated value"
"QV","Value of Agricultural Production","218","Ecuador","58","Gross Production Value (constant 2014-2016 thousand US$)","0141","Soya beans","2017","2017","1000 USD","20657","E","Estimated value"
"QV","Value of Agricultural Production","218","Ecuador","58","Gross Production Value (constant 2014-2016 thousand US$)","0141","Soya beans","2018","2018","1000 USD","15050","E","Estimated value"
"QV","Value of Agricultural Production","218","Ecuador","58","Gross Production Value (constant 2014-2016 thousand US$)","0141","Soya beans","2019","2019","1000 USD","23317","E","Estimated value"
"QV","Value of Agricultural Production","218","Ecuador","58","Gross Production Value (constant 2014-2016 thousand US$)","0141","Soya beans","2020","2020","1000 USD","16073","E","Estimated value"
"QV","Value of Agricultural Production","218","Ecuador","58","Gross Production Value (constant 2014-2016 thousand US$)","0141","Soya beans","2021","2021","1000 USD","11847","E","Estimated value"
"QV","Value of Agricultural Production","218","Ecuador","58","Gross Production Value (constant 2014-2016 thousand US$)","0141","Soya beans","2022","2022","1000 USD","17380","E","Estimated value"
"QV","Value of Agricultural Production","218","Ecuador","58","Gross Production Value (constant 2014-2016 thousand US$)","0141","Soya beans","2023","2023","1000 USD","7737","E","Estimated value"
"QV","Value of Agricultural Production","218","Ecuador","58","Gross Production Value (constant 2014-2016 thousand US$)","0141","Soya beans","2024","2024","1000 USD","14582","E","Estimated value"
"QV","Value of Agricultural Production","218","Ecuador","58","Gross Production Value (constant 2014-2016 thousand US$)","0111","Wheat","2014","2014","1000 USD","3016","E","Estimated value"
"QV","Value of Agricultural Production","218","Ecuador","58","Gross Production Value (constant 2014-2016 thousand US$)","0111","Wheat","2015","2015","1000 USD","908","E","Estimated value"
"QV","Value of Agricultural Production","218","Ecuador","58","Gross Production Value (constant 2014-2016 thousand US$)","0111","Wheat","2016","2016","1000 USD","2985","E","Estimated value"
"QV","Value of Agricultural Production","218","Ecuador","58","Gross Production Value (constant 2014-2016 thousand US$)","0111","Wheat","2017","2017","1000 USD","2568","E","Estimated value"
"QV","Value of Agricultural Production","218","Ecuador","58","Gross Production Value (constant 2014-2016 thousand US$)","0111","Wheat","2018","2018","1000 USD","2389","E","Estimated value"
"QV","Value of Agricultural Production","218","Ecuador","58","Gross Production Value (constant 2014-2016 thousand US$)","0111","Wheat","2019","2019","1000 USD","2245","E","Estimated value"
"QV","Value of Agricultural Production","218","Ecuador","58","Gross Production Value (constant 2014-2016 thousand US$)","0111","Wheat","2020","2020","1000 USD","6482","E","Estimated value"
"QV","Value of Agricultural Production","218","Ecuador","58","Gross Production Value (constant 2014-2016 thousand US$)","0111","Wheat","2021","2021","1000 USD","4823","E","Estimated value"
"QV","Value of Agricultural Production","218","Ecuador","58","Gross Production Value (constant 2014-2016 thousand US$)","0111","Wheat","2022","2022","1000 USD","3289","E","Estimated value"
"QV","Value of Agricultural Production","218","Ecuador","58","Gross Production Value (constant 2014-2016 thousand US$)","0111","Wheat","2023","2023","1000 USD","1760","E","Estimated value"
"QV","Value of Agricultural Production","218","Ecuador","58","Gross Production Value (constant 2014-2016 thousand US$)","0111","Wheat","2024","2024","1000 USD","3241","E","Estimated value"
"QV","Value of Agricultural Production","818","Egypt","58","Gross Production Value (constant 2014-2016 thousand US$)","0112","Maize (corn)","2014","2014","1000 USD","2461109","E","Estimated value"
"QV","Value of Agricultural Production","818","Egypt","58","Gross Production Value (constant 2014-2016 thousand US$)","0112","Maize (corn)","2015","2015","1000 USD","2382718","E","Estimated value"
"QV","Value of Agricultural Production","818","Egypt","58","Gross Production Value (constant 2014-2016 thousand US$)","0112","Maize (corn)","2016","2016","1000 USD","2387132","E","Estimated value"
"QV","Value of Agricultural Production","818","Egypt","58","Gross Production Value (constant 2014-2016 thousand US$)","0112","Maize (corn)","2017","2017","1000 USD","2608511","E","Estimated value"
"QV","Value of Agricultural Production","818","Egypt","58","Gross Production Value (constant 2014-2016 thousand US$)","0112","Maize (corn)","2018","2018","1000 USD","1560726","E","Estimated value"
"QV","Value of Agricultural Production","818","Egypt","58","Gross Production Value (constant 2014-2016 thousand US$)","0112","Maize (corn)","2019","2019","1000 USD","2318581","E","Estimated value"
"QV","Value of Agricultural Production","818","Egypt","58","Gross Production Value (constant 2014-2016 thousand US$)","0112","Maize (corn)","2020","2020","1000 USD","2318591","E","Estimated value"
"QV","Value of Agricultural Production","818","Egypt","58","Gross Production Value (constant 2014-2016 thousand US$)","0112","Maize (corn)","2021","2021","1000 USD","2453722","E","Estimated value"
"QV","Value of Agricultural Production","818","Egypt","58","Gross Production Value (constant 2014-2016 thousand US$)","0112","Maize (corn)","2022","2022","1000 USD","2093948","E","Estimated value"
"QV","Value of Agricultural Production","818","Egypt","58","Gross Production Value (constant 2014-2016 thousand US$)","0112","Maize (corn)","2023","2023","1000 USD","2273913","E","Estimated value"
"QV","Value of Agricultural Production","818","Egypt","58","Gross Production Value (constant 2014-2016 thousand US$)","0112","Maize (corn)","2024","2024","1000 USD","2200367","E","Estimated value"
"QV","Value of Agricultural Production","818","Egypt","58","Gross Production Value (constant 2014-2016 thousand US$)","0113","Rice","2014","2014","1000 USD","1467433","E","Estimated value"
"QV","Value of Agricultural Production","818","Egypt","58","Gross Production Value (constant 2014-2016 thousand US$)","0113","Rice","2015","2015","1000 USD","1293128","E","Estimated value"
"QV","Value of Agricultural Production","818","Egypt","58","Gross Production Value (constant 2014-2016 thousand US$)","0113","Rice","2016","2016","1000 USD","1424887","E","Estimated value"
"QV","Value of Agricultural Production","818","Egypt","58","Gross Production Value (constant 2014-2016 thousand US$)","0113","Rice","2017","2017","1000 USD","1331428","E","Estimated value"
"QV","Value of Agricultural Production","818","Egypt","58","Gross Production Value (constant 2014-2016 thousand US$)","0113","Rice","2018","2018","1000 USD","838394","E","Estimated value"
"QV","Value of Agricultural Production","818","Egypt","58","Gross Production Value (constant 2014-2016 thousand US$)","0113","Rice","2019","2019","1000 USD","1289460","E","Estimated value"
"QV","Value of Agricultural Production","818","Egypt","58","Gross Production Value (constant 2014-2016 thousand US$)","0113","Rice","2020","2020","1000 USD","1289380","E","Estimated value"
"QV","Value of Agricultural Production","818","Egypt","58","Gross Production Value (constant 2014-2016 thousand US$)","0113","Rice","2021","2021","1000 USD","1138512","E","Estimated value"
"QV","Value of Agricultural Production","818","Egypt","58","Gross Production Value (constant 2014-2016 thousand US$)","0113","Rice","2022","2022","1000 USD","1154263","E","Estimated value"
"QV","Value of Agricultural Production","818","Egypt","58","Gross Production Value (constant 2014-2016 thousand US$)","0113","Rice","2023","2023","1000 USD","1671800","E","Estimated value"
"QV","Value of Agricultural Production","818","Egypt","58","Gross Production Value (constant 2014-2016 thousand US$)","0113","Rice","2024","2024","1000 USD","1725794","E","Estimated value"
"QV","Value of Agricultural Production","818","Egypt","58","Gross Production Value (constant 2014-2016 thousand US$)","0141","Soya beans","2014","2014","1000 USD","21416","E","Estimated value"
"QV","Value of Agricultural Production","818","Egypt","58","Gross Production Value (constant 2014-2016 thousand US$)","0141","Soya beans","2015","2015","1000 USD","25160","E","Estimated value"
"QV","Value of Agricultural Production","818","Egypt","58","Gross Production Value (constant 2014-2016 thousand US$)","0141","Soya beans","2016","2016","1000 USD","24259","E","Estimated value"
"QV","Value of Agricultural Production","818","Egypt","58","Gross Production Value (constant 2014-2016 thousand US$)","0141","Soya beans","2017","2017","1000 USD","19545","E","Estimated value"
"QV","Value of Agricultural Production","818","Egypt","58","Gross Production Value (constant 2014-2016 thousand US$)","0141","Soya beans","2018","2018","1000 USD","25243","E","Estimated value"
"QV","Value of Agricultural Production","818","Egypt","58","Gross Production Value (constant 2014-2016 thousand US$)","0141","Soya beans","2019","2019","1000 USD","19476","E","Estimated value"
"QV","Value of Agricultural Production","818","Egypt","58","Gross Production Value (constant 2014-2016 thousand US$)","0141","Soya beans","2020","2020","1000 USD","19562","E","Estimated value"
"QV","Value of Agricultural Production","818","Egypt","58","Gross Production Value (constant 2014-2016 thousand US$)","0141","Soya beans","2021","2021","1000 USD","33616","E","Estimated value"
"QV","Value of Agricultural Production","818","Egypt","58","Gross Production Value (constant 2014-2016 thousand US$)","0141","Soya beans","2022","2022","1000 USD","62672","E","Estimated value"
"QV","Value of Agricultural Production","818","Egypt","58","Gross Production Value (constant 2014-2016 thousand US$)","0141","Soya beans","2023","2023","1000 USD","101064","E","Estimated value"
"QV","Value of Agricultural Production","818","Egypt","58","Gross Production Value (constant 2014-2016 thousand US$)","0141","Soya beans","2024","2024","1000 USD","40284","E","Estimated value"
"QV","Value of Agricultural Production","818","Egypt","58","Gross Production Value (constant 2014-2016 thousand US$)","0111","Wheat","2014","2014","1000 USD","3002575","E","Estimated value"
"QV","Value of Agricultural Production","818","Egypt","58","Gross Production Value (constant 2014-2016 thousand US$)","0111","Wheat","2015","2015","1000 USD","3278176","E","Estimated value"
"QV","Value of Agricultural Production","818","Egypt","58","Gross Production Value (constant 2014-2016 thousand US$)","0111","Wheat","2016","2016","1000 USD","3187690","E","Estimated value"
"QV","Value of Agricultural Production","818","Egypt","58","Gross Production Value (constant 2014-2016 thousand US$)","0111","Wheat","2017","2017","1000 USD","2873284","E","Estimated value"
"QV","Value of Agricultural Production","818","Egypt","58","Gross Production Value (constant 2014-2016 thousand US$)","0111","Wheat","2018","2018","1000 USD","2848567","E","Estimated value"
"QV","Value of Agricultural Production","818","Egypt","58","Gross Production Value (constant 2014-2016 thousand US$)","0111","Wheat","2019","2019","1000 USD","2920280","E","Estimated value"
"QV","Value of Agricultural Production","818","Egypt","58","Gross Production Value (constant 2014-2016 thousand US$)","0111","Wheat","2020","2020","1000 USD","3105545","E","Estimated value"
"QV","Value of Agricultural Production","818","Egypt","58","Gross Production Value (constant 2014-2016 thousand US$)","0111","Wheat","2021","2021","1000 USD","3358247","E","Estimated value"
"QV","Value of Agricultural Production","818","Egypt","58","Gross Production Value (constant 2014-2016 thousand US$)","0111","Wheat","2022","2022","1000 USD","3283382","E","Estimated value"
"QV","Value of Agricultural Production","818","Egypt","58","Gross Production Value (constant 2014-2016 thousand US$)","0111","Wheat","2023","2023","1000 USD","3093123","E","Estimated value"
"QV","Value of Agricultural Production","818","Egypt","58","Gross Production Value (constant 2014-2016 thousand US$)","0111","Wheat","2024","2024","1000 USD","3207296","E","Estimated value"
"QV","Value of Agricultural Production","222","El Salvador","58","Gross Production Value (constant 2014-2016 thousand US$)","0112","Maize (corn)","2014","2014","1000 USD","316636","E","Estimated value"
"QV","Value of Agricultural Production","222","El Salvador","58","Gross Production Value (constant 2014-2016 thousand US$)","0112","Maize (corn)","2015","2015","1000 USD","274563","E","Estimated value"
"QV","Value of Agricultural Production","222","El Salvador","58","Gross Production Value (constant 2014-2016 thousand US$)","0112","Maize (corn)","2016","2016","1000 USD","356891","E","Estimated value"
"QV","Value of Agricultural Production","222","El Salvador","58","Gross Production Value (constant 2014-2016 thousand US$)","0112","Maize (corn)","2017","2017","1000 USD","349445","E","Estimated value"
"QV","Value of Agricultural Production","222","El Salvador","58","Gross Production Value (constant 2014-2016 thousand US$)","0112","Maize (corn)","2018","2018","1000 USD","264926","E","Estimated value"
"QV","Value of Agricultural Production","222","El Salvador","58","Gross Production Value (constant 2014-2016 thousand US$)","0112","Maize (corn)","2019","2019","1000 USD","303759","E","Estimated value"
"QV","Value of Agricultural Production","222","El Salvador","58","Gross Production Value (constant 2014-2016 thousand US$)","0112","Maize (corn)","2020","2020","1000 USD","301726","E","Estimated value"
"QV","Value of Agricultural Production","222","El Salvador","58","Gross Production Value (constant 2014-2016 thousand US$)","0112","Maize (corn)","2021","2021","1000 USD","323362","E","Estimated value"
"QV","Value of Agricultural Production","222","El Salvador","58","Gross Production Value (constant 2014-2016 thousand US$)","0112","Maize (corn)","2022","2022","1000 USD","301074","E","Estimated value"
"QV","Value of Agricultural Production","222","El Salvador","58","Gross Production Value (constant 2014-2016 thousand US$)","0112","Maize (corn)","2023","2023","1000 USD","297579","E","Estimated value"
"QV","Value of Agricultural Production","222","El Salvador","58","Gross Production Value (constant 2014-2016 thousand US$)","0112","Maize (corn)","2024","2024","1000 USD","303376","E","Estimated value"
"QV","Value of Agricultural Production","222","El Salvador","58","Gross Production Value (constant 2014-2016 thousand US$)","0113","Rice","2014","2014","1000 USD","15654","E","Estimated value"
"QV","Value of Agricultural Production","222","El Salvador","58","Gross Production Value (constant 2014-2016 thousand US$)","0113","Rice","2015","2015","1000 USD","14510","E","Estimated value"
"QV","Value of Agricultural Production","222","El Salvador","58","Gross Production Value (constant 2014-2016 thousand US$)","0113","Rice","2016","2016","1000 USD","10333","E","Estimated value"
"QV","Value of Agricultural Production","222","El Salvador","58","Gross Production Value (constant 2014-2016 thousand US$)","0113","Rice","2017","2017","1000 USD","11081","E","Estimated value"
"QV","Value of Agricultural Production","222","El Salvador","58","Gross Production Value (constant 2014-2016 thousand US$)","0113","Rice","2018","2018","1000 USD","8517","E","Estimated value"
"QV","Value of Agricultural Production","222","El Salvador","58","Gross Production Value (constant 2014-2016 thousand US$)","0113","Rice","2019","2019","1000 USD","10328","E","Estimated value"
"QV","Value of Agricultural Production","222","El Salvador","58","Gross Production Value (constant 2014-2016 thousand US$)","0113","Rice","2020","2020","1000 USD","8791","E","Estimated value"
"QV","Value of Agricultural Production","222","El Salvador","58","Gross Production Value (constant 2014-2016 thousand US$)","0113","Rice","2021","2021","1000 USD","7163","E","Estimated value"
"QV","Value of Agricultural Production","222","El Salvador","58","Gross Production Value (constant 2014-2016 thousand US$)","0113","Rice","2022","2022","1000 USD","5427","E","Estimated value"
"QV","Value of Agricultural Production","222","El Salvador","58","Gross Production Value (constant 2014-2016 thousand US$)","0113","Rice","2023","2023","1000 USD","4116","E","Estimated value"
"QV","Value of Agricultural Production","222","El Salvador","58","Gross Production Value (constant 2014-2016 thousand US$)","0113","Rice","2024","2024","1000 USD","4116","E","Estimated value"
"QV","Value of Agricultural Production","222","El Salvador","58","Gross Production Value (constant 2014-2016 thousand US$)","0141","Soya beans","2014","2014","1000 USD","3909","E","Estimated value"
"QV","Value of Agricultural Production","222","El Salvador","58","Gross Production Value (constant 2014-2016 thousand US$)","0141","Soya beans","2015","2015","1000 USD","4105","E","Estimated value"
"QV","Value of Agricultural Production","222","El Salvador","58","Gross Production Value (constant 2014-2016 thousand US$)","0141","Soya beans","2016","2016","1000 USD","3987","E","Estimated value"
"QV","Value of Agricultural Production","222","El Salvador","58","Gross Production Value (constant 2014-2016 thousand US$)","0141","Soya beans","2017","2017","1000 USD","4193","E","Estimated value"
"QV","Value of Agricultural Production","222","El Salvador","58","Gross Production Value (constant 2014-2016 thousand US$)","0141","Soya beans","2018","2018","1000 USD","4095","E","Estimated value"
"QV","Value of Agricultural Production","222","El Salvador","58","Gross Production Value (constant 2014-2016 thousand US$)","0141","Soya beans","2019","2019","1000 USD","4230","E","Estimated value"
"QV","Value of Agricultural Production","222","El Salvador","58","Gross Production Value (constant 2014-2016 thousand US$)","0141","Soya beans","2020","2020","1000 USD","4322","E","Estimated value"
"QV","Value of Agricultural Production","222","El Salvador","58","Gross Production Value (constant 2014-2016 thousand US$)","0141","Soya beans","2021","2021","1000 USD","4216","E","Estimated value"
"QV","Value of Agricultural Production","222","El Salvador","58","Gross Production Value (constant 2014-2016 thousand US$)","0141","Soya beans","2022","2022","1000 USD","4256","E","Estimated value"
"QV","Value of Agricultural Production","222","El Salvador","58","Gross Production Value (constant 2014-2016 thousand US$)","0141","Soya beans","2023","2023","1000 USD","4265","E","Estimated value"
"QV","Value of Agricultural Production","222","El Salvador","58","Gross Production Value (constant 2014-2016 thousand US$)","0141","Soya beans","2024","2024","1000 USD","4245","E","Estimated value"
"QV","Value of Agricultural Production","232","Eritrea","58","Gross Production Value (constant 2014-2016 thousand US$)","0112","Maize (corn)","2014","2014","1000 USD","21902","E","Estimated value"
"QV","Value of Agricultural Production","232","Eritrea","58","Gross Production Value (constant 2014-2016 thousand US$)","0112","Maize (corn)","2015","2015","1000 USD","24335","E","Estimated value"
"QV","Value of Agricultural Production","232","Eritrea","58","Gross Production Value (constant 2014-2016 thousand US$)","0112","Maize (corn)","2016","2016","1000 USD","24335","E","Estimated value"
"QV","Value of Agricultural Production","232","Eritrea","58","Gross Production Value (constant 2014-2016 thousand US$)","0112","Maize (corn)","2017","2017","1000 USD","24335","E","Estimated value"
"QV","Value of Agricultural Production","232","Eritrea","58","Gross Production Value (constant 2014-2016 thousand US$)","0112","Maize (corn)","2018","2018","1000 USD","24335","E","Estimated value"
"QV","Value of Agricultural Production","232","Eritrea","58","Gross Production Value (constant 2014-2016 thousand US$)","0112","Maize (corn)","2019","2019","1000 USD","24335","E","Estimated value"
"QV","Value of Agricultural Production","232","Eritrea","58","Gross Production Value (constant 2014-2016 thousand US$)","0112","Maize (corn)","2020","2020","1000 USD","24335","E","Estimated value"
"QV","Value of Agricultural Production","232","Eritrea","58","Gross Production Value (constant 2014-2016 thousand US$)","0112","Maize (corn)","2021","2021","1000 USD","24335","E","Estimated value"
"QV","Value of Agricultural Production","232","Eritrea","58","Gross Production Value (constant 2014-2016 thousand US$)","0112","Maize (corn)","2022","2022","1000 USD","24335","E","Estimated value"
"QV","Value of Agricultural Production","232","Eritrea","58","Gross Production Value (constant 2014-2016 thousand US$)","0112","Maize (corn)","2023","2023","1000 USD","24335","E","Estimated value"
"QV","Value of Agricultural Production","232","Eritrea","58","Gross Production Value (constant 2014-2016 thousand US$)","0112","Maize (corn)","2024","2024","1000 USD","24335","E","Estimated value"
"QV","Value of Agricultural Production","232","Eritrea","58","Gross Production Value (constant 2014-2016 thousand US$)","0111","Wheat","2014","2014","1000 USD","33875","E","Estimated value"
"QV","Value of Agricultural Production","232","Eritrea","58","Gross Production Value (constant 2014-2016 thousand US$)","0111","Wheat","2015","2015","1000 USD","28229","E","Estimated value"
"QV","Value of Agricultural Production","232","Eritrea","58","Gross Production Value (constant 2014-2016 thousand US$)","0111","Wheat","2016","2016","1000 USD","28229","E","Estimated value"
"QV","Value of Agricultural Production","232","Eritrea","58","Gross Production Value (constant 2014-2016 thousand US$)","0111","Wheat","2017","2017","1000 USD","28229","E","Estimated value"
"QV","Value of Agricultural Production","232","Eritrea","58","Gross Production Value (constant 2014-2016 thousand US$)","0111","Wheat","2018","2018","1000 USD","28229","E","Estimated value"
"QV","Value of Agricultural Production","232","Eritrea","58","Gross Production Value (constant 2014-2016 thousand US$)","0111","Wheat","2019","2019","1000 USD","28229","E","Estimated value"
"QV","Value of Agricultural Production","232","Eritrea","58","Gross Production Value (constant 2014-2016 thousand US$)","0111","Wheat","2020","2020","1000 USD","28229","E","Estimated value"
"QV","Value of Agricultural Production","232","Eritrea","58","Gross Production Value (constant 2014-2016 thousand US$)","0111","Wheat","2021","2021","1000 USD","28229","E","Estimated value"
"QV","Value of Agricultural Production","232","Eritrea","58","Gross Production Value (constant 2014-2016 thousand US$)","0111","Wheat","2022","2022","1000 USD","28229","E","Estimated value"
"QV","Value of Agricultural Production","232","Eritrea","58","Gross Production Value (constant 2014-2016 thousand US$)","0111","Wheat","2023","2023","1000 USD","28229","E","Estimated value"
"QV","Value of Agricultural Production","232","Eritrea","58","Gross Production Value (constant 2014-2016 thousand US$)","0111","Wheat","2024","2024","1000 USD","28229","E","Estimated value"
"QV","Value of Agricultural Production","233","Estonia","58","Gross Production Value (constant 2014-2016 thousand US$)","0111","Wheat","2014","2014","1000 USD","106151","E","Estimated value"
"QV","Value of Agricultural Production","233","Estonia","58","Gross Production Value (constant 2014-2016 thousand US$)","0111","Wheat","2015","2015","1000 USD","140144","E","Estimated value"
"QV","Value of Agricultural Production","233","Estonia","58","Gross Production Value (constant 2014-2016 thousand US$)","0111","Wheat","2016","2016","1000 USD","78565","E","Estimated value"
"QV","Value of Agricultural Production","233","Estonia","58","Gross Production Value (constant 2014-2016 thousand US$)","0111","Wheat","2017","2017","1000 USD","123012","E","Estimated value"
"QV","Value of Agricultural Production","231","Ethiopia","58","Gross Production Value (constant 2014-2016 thousand US$)","0112","Maize (corn)","2014","2014","1000 USD","1628873","E","Estimated value"
"QV","Value of Agricultural Production","231","Ethiopia","58","Gross Production Value (constant 2014-2016 thousand US$)","0112","Maize (corn)","2015","2015","1000 USD","1730352","E","Estimated value"
"QV","Value of Agricultural Production","231","Ethiopia","58","Gross Production Value (constant 2014-2016 thousand US$)","0112","Maize (corn)","2016","2016","1000 USD","1864239","E","Estimated value"
"QV","Value of Agricultural Production","231","Ethiopia","58","Gross Production Value (constant 2014-2016 thousand US$)","0112","Maize (corn)","2017","2017","1000 USD","2210124","E","Estimated value"
"QV","Value of Agricultural Production","231","Ethiopia","58","Gross Production Value (constant 2014-2016 thousand US$)","0112","Maize (corn)","2018","2018","1000 USD","2289336","E","Estimated value"
"QV","Value of Agricultural Production","231","Ethiopia","58","Gross Production Value (constant 2014-2016 thousand US$)","0112","Maize (corn)","2019","2019","1000 USD","2435005","E","Estimated value"
"QV","Value of Agricultural Production","231","Ethiopia","58","Gross Production Value (constant 2014-2016 thousand US$)","0112","Maize (corn)","2020","2020","1000 USD","2306592","E","Estimated value"
"QV","Value of Agricultural Production","231","Ethiopia","58","Gross Production Value (constant 2014-2016 thousand US$)","0112","Maize (corn)","2021","2021","1000 USD","2473391","E","Estimated value"
"QV","Value of Agricultural Production","231","Ethiopia","58","Gross Production Value (constant 2014-2016 thousand US$)","0112","Maize (corn)","2022","2022","1000 USD","2497833","E","Estimated value"
"QV","Value of Agricultural Production","231","Ethiopia","58","Gross Production Value (constant 2014-2016 thousand US$)","0112","Maize (corn)","2023","2023","1000 USD","2425939","E","Estimated value"
"QV","Value of Agricultural Production","231","Ethiopia","58","Gross Production Value (constant 2014-2016 thousand US$)","0112","Maize (corn)","2024","2024","1000 USD","2465721","E","Estimated value"
"QV","Value of Agricultural Production","231","Ethiopia","58","Gross Production Value (constant 2014-2016 thousand US$)","0113","Rice","2014","2014","1000 USD","57021","E","Estimated value"
"QV","Value of Agricultural Production","231","Ethiopia","58","Gross Production Value (constant 2014-2016 thousand US$)","0113","Rice","2015","2015","1000 USD","62441","E","Estimated value"
"QV","Value of Agricultural Production","231","Ethiopia","58","Gross Production Value (constant 2014-2016 thousand US$)","0113","Rice","2016","2016","1000 USD","59776","E","Estimated value"
"QV","Value of Agricultural Production","231","Ethiopia","58","Gross Production Value (constant 2014-2016 thousand US$)","0113","Rice","2017","2017","1000 USD","65325","E","Estimated value"
"QV","Value of Agricultural Production","231","Ethiopia","58","Gross Production Value (constant 2014-2016 thousand US$)","0113","Rice","2018","2018","1000 USD","80111","E","Estimated value"
"QV","Value of Agricultural Production","231","Ethiopia","58","Gross Production Value (constant 2014-2016 thousand US$)","0113","Rice","2019","2019","1000 USD","78402","E","Estimated value"
"QV","Value of Agricultural Production","231","Ethiopia","58","Gross Production Value (constant 2014-2016 thousand US$)","0113","Rice","2020","2020","1000 USD","116024","E","Estimated value"
"QV","Value of Agricultural Production","231","Ethiopia","58","Gross Production Value (constant 2014-2016 thousand US$)","0113","Rice","2021","2021","1000 USD","120371","E","Estimated value"
"QV","Value of Agricultural Production","231","Ethiopia","58","Gross Production Value (constant 2014-2016 thousand US$)","0113","Rice","2022","2022","1000 USD","125786","E","Estimated value"
"QV","Value of Agricultural Production","231","Ethiopia","58","Gross Production Value (constant 2014-2016 thousand US$)","0113","Rice","2023","2023","1000 USD","120727","E","Estimated value"
"QV","Value of Agricultural Production","231","Ethiopia","58","Gross Production Value (constant 2014-2016 thousand US$)","0113","Rice","2024","2024","1000 USD","122294","E","Estimated value"
"QV","Value of Agricultural Production","231","Ethiopia","58","Gross Production Value (constant 2014-2016 thousand US$)","0141","Soya beans","2014","2014","1000 USD","40054","E","Estimated value"
"QV","Value of Agricultural Production","231","Ethiopia","58","Gross Production Value (constant 2014-2016 thousand US$)","0141","Soya beans","2015","2015","1000 USD","52827","E","Estimated value"
"QV","Value of Agricultural Production","231","Ethiopia","58","Gross Production Value (constant 2014-2016 thousand US$)","0141","Soya beans","2016","2016","1000 USD","58340","E","Estimated value"
"QV","Value of Agricultural Production","231","Ethiopia","58","Gross Production Value (constant 2014-2016 thousand US$)","0141","Soya beans","2017","2017","1000 USD","85269","E","Estimated value"
"QV","Value of Agricultural Production","231","Ethiopia","58","Gross Production Value (constant 2014-2016 thousand US$)","0141","Soya beans","2018","2018","1000 USD","109146","E","Estimated value"
"QV","Value of Agricultural Production","231","Ethiopia","58","Gross Production Value (constant 2014-2016 thousand US$)","0141","Soya beans","2019","2019","1000 USD","75506","E","Estimated value"
"QV","Value of Agricultural Production","231","Ethiopia","58","Gross Production Value (constant 2014-2016 thousand US$)","0141","Soya beans","2020","2020","1000 USD","83667","E","Estimated value"
"QV","Value of Agricultural Production","231","Ethiopia","58","Gross Production Value (constant 2014-2016 thousand US$)","0141","Soya beans","2021","2021","1000 USD","108687","E","Estimated value"
"QV","Value of Agricultural Production","231","Ethiopia","58","Gross Production Value (constant 2014-2016 thousand US$)","0141","Soya beans","2022","2022","1000 USD","89490","E","Estimated value"
"QV","Value of Agricultural Production","231","Ethiopia","58","Gross Production Value (constant 2014-2016 thousand US$)","0141","Soya beans","2023","2023","1000 USD","88207","E","Estimated value"
"QV","Value of Agricultural Production","231","Ethiopia","58","Gross Production Value (constant 2014-2016 thousand US$)","0141","Soya beans","2024","2024","1000 USD","96226","E","Estimated value"
"QV","Value of Agricultural Production","231","Ethiopia","58","Gross Production Value (constant 2014-2016 thousand US$)","0111","Wheat","2014","2014","1000 USD","1697435","E","Estimated value"
"QV","Value of Agricultural Production","231","Ethiopia","58","Gross Production Value (constant 2014-2016 thousand US$)","0111","Wheat","2015","2015","1000 USD","1865649","E","Estimated value"
"QV","Value of Agricultural Production","231","Ethiopia","58","Gross Production Value (constant 2014-2016 thousand US$)","0111","Wheat","2016","2016","1000 USD","1824989","E","Estimated value"
"QV","Value of Agricultural Production","231","Ethiopia","58","Gross Production Value (constant 2014-2016 thousand US$)","0111","Wheat","2017","2017","1000 USD","1961124","E","Estimated value"
"QV","Value of Agricultural Production","231","Ethiopia","58","Gross Production Value (constant 2014-2016 thousand US$)","0111","Wheat","2018","2018","1000 USD","2120374","E","Estimated value"
"QV","Value of Agricultural Production","231","Ethiopia","58","Gross Production Value (constant 2014-2016 thousand US$)","0111","Wheat","2019","2019","1000 USD","2212284","E","Estimated value"
"QV","Value of Agricultural Production","231","Ethiopia","58","Gross Production Value (constant 2014-2016 thousand US$)","0111","Wheat","2020","2020","1000 USD","2330771","E","Estimated value"
"QV","Value of Agricultural Production","231","Ethiopia","58","Gross Production Value (constant 2014-2016 thousand US$)","0111","Wheat","2021","2021","1000 USD","2500261","E","Estimated value"
"QV","Value of Agricultural Production","231","Ethiopia","58","Gross Production Value (constant 2014-2016 thousand US$)","0111","Wheat","2022","2022","1000 USD","2499639","E","Estimated value"
"QV","Value of Agricultural Production","231","Ethiopia","58","Gross Production Value (constant 2014-2016 thousand US$)","0111","Wheat","2023","2023","1000 USD","2443557","E","Estimated value"
"QV","Value of Agricultural Production","231","Ethiopia","58","Gross Production Value (constant 2014-2016 thousand US$)","0111","Wheat","2024","2024","1000 USD","2481153","E","Estimated value"
"QV","Value of Agricultural Production","242","Fiji","58","Gross Production Value (constant 2014-2016 thousand US$)","0112","Maize (corn)","2014","2014","1000 USD","490","E","Estimated value"
"QV","Value of Agricultural Production","242","Fiji","58","Gross Production Value (constant 2014-2016 thousand US$)","0112","Maize (corn)","2015","2015","1000 USD","538","E","Estimated value"
"QV","Value of Agricultural Production","242","Fiji","58","Gross Production Value (constant 2014-2016 thousand US$)","0112","Maize (corn)","2016","2016","1000 USD","435","E","Estimated value"
"QV","Value of Agricultural Production","242","Fiji","58","Gross Production Value (constant 2014-2016 thousand US$)","0112","Maize (corn)","2017","2017","1000 USD","482","E","Estimated value"
"QV","Value of Agricultural Production","242","Fiji","58","Gross Production Value (constant 2014-2016 thousand US$)","0112","Maize (corn)","2018","2018","1000 USD","606","E","Estimated value"
"QV","Value of Agricultural Production","242","Fiji","58","Gross Production Value (constant 2014-2016 thousand US$)","0112","Maize (corn)","2019","2019","1000 USD","703","E","Estimated value"
"QV","Value of Agricultural Production","242","Fiji","58","Gross Production Value (constant 2014-2016 thousand US$)","0112","Maize (corn)","2020","2020","1000 USD","855","E","Estimated value"
"QV","Value of Agricultural Production","242","Fiji","58","Gross Production Value (constant 2014-2016 thousand US$)","0112","Maize (corn)","2021","2021","1000 USD","722","E","Estimated value"
"QV","Value of Agricultural Production","242","Fiji","58","Gross Production Value (constant 2014-2016 thousand US$)","0112","Maize (corn)","2022","2022","1000 USD","846","E","Estimated value"
"QV","Value of Agricultural Production","242","Fiji","58","Gross Production Value (constant 2014-2016 thousand US$)","0112","Maize (corn)","2023","2023","1000 USD","1006","E","Estimated value"
"QV","Value of Agricultural Production","242","Fiji","58","Gross Production Value (constant 2014-2016 thousand US$)","0112","Maize (corn)","2024","2024","1000 USD","1215","E","Estimated value"
"QV","Value of Agricultural Production","242","Fiji","58","Gross Production Value (constant 2014-2016 thousand US$)","0113","Rice","2014","2014","1000 USD","4208","E","Estimated value"
"QV","Value of Agricultural Production","242","Fiji","58","Gross Production Value (constant 2014-2016 thousand US$)","0113","Rice","2015","2015","1000 USD","3891","E","Estimated value"
"QV","Value of Agricultural Production","242","Fiji","58","Gross Production Value (constant 2014-2016 thousand US$)","0113","Rice","2016","2016","1000 USD","5318","E","Estimated value"
"QV","Value of Agricultural Production","242","Fiji","58","Gross Production Value (constant 2014-2016 thousand US$)","0113","Rice","2017","2017","1000 USD","5584","E","Estimated value"
"QV","Value of Agricultural Production","242","Fiji","58","Gross Production Value (constant 2014-2016 thousand US$)","0113","Rice","2018","2018","1000 USD","4335","E","Estimated value"
"QV","Value of Agricultural Production","242","Fiji","58","Gross Production Value (constant 2014-2016 thousand US$)","0113","Rice","2019","2019","1000 USD","4051","E","Estimated value"
"QV","Value of Agricultural Production","242","Fiji","58","Gross Production Value (constant 2014-2016 thousand US$)","0113","Rice","2020","2020","1000 USD","5440","E","Estimated value"
"QV","Value of Agricultural Production","242","Fiji","58","Gross Production Value (constant 2014-2016 thousand US$)","0113","Rice","2021","2021","1000 USD","6375","E","Estimated value"
"QV","Value of Agricultural Production","242","Fiji","58","Gross Production Value (constant 2014-2016 thousand US$)","0113","Rice","2022","2022","1000 USD","8212","E","Estimated value"
"QV","Value of Agricultural Production","242","Fiji","58","Gross Production Value (constant 2014-2016 thousand US$)","0113","Rice","2023","2023","1000 USD","4406","E","Estimated value"
"QV","Value of Agricultural Production","242","Fiji","58","Gross Production Value (constant 2014-2016 thousand US$)","0113","Rice","2024","2024","1000 USD","5286","E","Estimated value"
"QV","Value of Agricultural Production","246","Finland","58","Gross Production Value (constant 2014-2016 thousand US$)","0111","Wheat","2014","2014","1000 USD","210387","E","Estimated value"
"QV","Value of Agricultural Production","246","Finland","58","Gross Production Value (constant 2014-2016 thousand US$)","0111","Wheat","2015","2015","1000 USD","191808","E","Estimated value"
"QV","Value of Agricultural Production","246","Finland","58","Gross Production Value (constant 2014-2016 thousand US$)","0111","Wheat","2016","2016","1000 USD","159289","E","Estimated value"
"QV","Value of Agricultural Production","246","Finland","58","Gross Production Value (constant 2014-2016 thousand US$)","0111","Wheat","2017","2017","1000 USD","155055","E","Estimated value"
"QV","Value of Agricultural Production","250","France","58","Gross Production Value (constant 2014-2016 thousand US$)","0112","Maize (corn)","2014","2014","1000 USD","3328743","E","Estimated value"
"QV","Value of Agricultural Production","250","France","58","Gross Production Value (constant 2014-2016 thousand US$)","0112","Maize (corn)","2015","2015","1000 USD","2489037","E","Estimated value"
"QV","Value of Agricultural Production","250","France","58","Gross Production Value (constant 2014-2016 thousand US$)","0112","Maize (corn)","2016","2016","1000 USD","2148543","E","Estimated value"
"QV","Value of Agricultural Production","250","France","58","Gross Production Value (constant 2014-2016 thousand US$)","0112","Maize (corn)","2017","2017","1000 USD","2637633","E","Estimated value"
"QV","Value of Agricultural Production","250","France","58","Gross Production Value (constant 2014-2016 thousand US$)","0113","Rice","2014","2014","1000 USD","32152","E","Estimated value"
"QV","Value of Agricultural Production","250","France","58","Gross Production Value (constant 2014-2016 thousand US$)","0113","Rice","2015","2015","1000 USD","31137","E","Estimated value"
"QV","Value of Agricultural Production","250","France","58","Gross Production Value (constant 2014-2016 thousand US$)","0113","Rice","2016","2016","1000 USD","30921","E","Estimated value"
"QV","Value of Agricultural Production","250","France","58","Gross Production Value (constant 2014-2016 thousand US$)","0113","Rice","2017","2017","1000 USD","35637","E","Estimated value"
"QV","Value of Agricultural Production","250","France","58","Gross Production Value (constant 2014-2016 thousand US$)","0141","Soya beans","2014","2014","1000 USD","94025","E","Estimated value"
"QV","Value of Agricultural Production","250","France","58","Gross Production Value (constant 2014-2016 thousand US$)","0141","Soya beans","2015","2015","1000 USD","139356","E","Estimated value"
"QV","Value of Agricultural Production","250","France","58","Gross Production Value (constant 2014-2016 thousand US$)","0141","Soya beans","2016","2016","1000 USD","140236","E","Estimated value"
"QV","Value of Agricultural Production","250","France","58","Gross Production Value (constant 2014-2016 thousand US$)","0141","Soya beans","2017","2017","1000 USD","171781","E","Estimated value"
"QV","Value of Agricultural Production","250","France","58","Gross Production Value (constant 2014-2016 thousand US$)","0111","Wheat","2014","2014","1000 USD","7127946","E","Estimated value"
"QV","Value of Agricultural Production","250","France","58","Gross Production Value (constant 2014-2016 thousand US$)","0111","Wheat","2015","2015","1000 USD","7823319","E","Estimated value"
"QV","Value of Agricultural Production","250","France","58","Gross Production Value (constant 2014-2016 thousand US$)","0111","Wheat","2016","2016","1000 USD","5364933","E","Estimated value"
"QV","Value of Agricultural Production","250","France","58","Gross Production Value (constant 2014-2016 thousand US$)","0111","Wheat","2017","2017","1000 USD","7078113","E","Estimated value"
"QV","Value of Agricultural Production","270","Gambia","58","Gross Production Value (constant 2014-2016 thousand US$)","0112","Maize (corn)","2014","2014","1000 USD","11719","E","Estimated value"
"QV","Value of Agricultural Production","270","Gambia","58","Gross Production Value (constant 2014-2016 thousand US$)","0112","Maize (corn)","2015","2015","1000 USD","14903","E","Estimated value"
"QV","Value of Agricultural Production","270","Gambia","58","Gross Production Value (constant 2014-2016 thousand US$)","0112","Maize (corn)","2016","2016","1000 USD","11996","E","Estimated value"
"QV","Value of Agricultural Production","270","Gambia","58","Gross Production Value (constant 2014-2016 thousand US$)","0112","Maize (corn)","2017","2017","1000 USD","8295","E","Estimated value"
"QV","Value of Agricultural Production","270","Gambia","58","Gross Production Value (constant 2014-2016 thousand US$)","0112","Maize (corn)","2018","2018","1000 USD","6991","E","Estimated value"
"QV","Value of Agricultural Production","270","Gambia","58","Gross Production Value (constant 2014-2016 thousand US$)","0112","Maize (corn)","2019","2019","1000 USD","6224","E","Estimated value"
"QV","Value of Agricultural Production","270","Gambia","58","Gross Production Value (constant 2014-2016 thousand US$)","0112","Maize (corn)","2020","2020","1000 USD","6718","E","Estimated value"
"QV","Value of Agricultural Production","270","Gambia","58","Gross Production Value (constant 2014-2016 thousand US$)","0112","Maize (corn)","2021","2021","1000 USD","10792","E","Estimated value"
"QV","Value of Agricultural Production","270","Gambia","58","Gross Production Value (constant 2014-2016 thousand US$)","0112","Maize (corn)","2022","2022","1000 USD","7553","E","Estimated value"
"QV","Value of Agricultural Production","270","Gambia","58","Gross Production Value (constant 2014-2016 thousand US$)","0112","Maize (corn)","2023","2023","1000 USD","8210","E","Estimated value"
"QV","Value of Agricultural Production","270","Gambia","58","Gross Production Value (constant 2014-2016 thousand US$)","0112","Maize (corn)","2024","2024","1000 USD","9989","E","Estimated value"
"QV","Value of Agricultural Production","270","Gambia","58","Gross Production Value (constant 2014-2016 thousand US$)","0113","Rice","2014","2014","1000 USD","21314","E","Estimated value"
"QV","Value of Agricultural Production","270","Gambia","58","Gross Production Value (constant 2014-2016 thousand US$)","0113","Rice","2015","2015","1000 USD","31875","E","Estimated value"
"QV","Value of Agricultural Production","270","Gambia","58","Gross Production Value (constant 2014-2016 thousand US$)","0113","Rice","2016","2016","1000 USD","22285","E","Estimated value"
"QV","Value of Agricultural Production","270","Gambia","58","Gross Production Value (constant 2014-2016 thousand US$)","0113","Rice","2017","2017","1000 USD","13700","E","Estimated value"
"QV","Value of Agricultural Production","270","Gambia","58","Gross Production Value (constant 2014-2016 thousand US$)","0113","Rice","2018","2018","1000 USD","12239","E","Estimated value"
"QV","Value of Agricultural Production","270","Gambia","58","Gross Production Value (constant 2014-2016 thousand US$)","0113","Rice","2019","2019","1000 USD","14568","E","Estimated value"
"QV","Value of Agricultural Production","270","Gambia","58","Gross Production Value (constant 2014-2016 thousand US$)","0113","Rice","2020","2020","1000 USD","18398","E","Estimated value"
"QV","Value of Agricultural Production","270","Gambia","58","Gross Production Value (constant 2014-2016 thousand US$)","0113","Rice","2021","2021","1000 USD","18346","E","Estimated value"
"QV","Value of Agricultural Production","270","Gambia","58","Gross Production Value (constant 2014-2016 thousand US$)","0113","Rice","2022","2022","1000 USD","20366","E","Estimated value"
"QV","Value of Agricultural Production","270","Gambia","58","Gross Production Value (constant 2014-2016 thousand US$)","0113","Rice","2023","2023","1000 USD","21651","E","Estimated value"
"QV","Value of Agricultural Production","270","Gambia","58","Gross Production Value (constant 2014-2016 thousand US$)","0113","Rice","2024","2024","1000 USD","23997","E","Estimated value"
"QV","Value of Agricultural Production","268","Georgia","58","Gross Production Value (constant 2014-2016 thousand US$)","0112","Maize (corn)","2014","2014","1000 USD","73377","E","Estimated value"
"QV","Value of Agricultural Production","268","Georgia","58","Gross Production Value (constant 2014-2016 thousand US$)","0112","Maize (corn)","2015","2015","1000 USD","46452","E","Estimated value"
"QV","Value of Agricultural Production","268","Georgia","58","Gross Production Value (constant 2014-2016 thousand US$)","0112","Maize (corn)","2016","2016","1000 USD","61324","E","Estimated value"
"QV","Value of Agricultural Production","268","Georgia","58","Gross Production Value (constant 2014-2016 thousand US$)","0112","Maize (corn)","2017","2017","1000 USD","35858","E","Estimated value"
"QV","Value of Agricultural Production","268","Georgia","58","Gross Production Value (constant 2014-2016 thousand US$)","0112","Maize (corn)","2018","2018","1000 USD","48868","E","Estimated value"
"QV","Value of Agricultural Production","268","Georgia","58","Gross Production Value (constant 2014-2016 thousand US$)","0112","Maize (corn)","2019","2019","1000 USD","52114","E","Estimated value"
"QV","Value of Agricultural Production","268","Georgia","58","Gross Production Value (constant 2014-2016 thousand US$)","0112","Maize (corn)","2020","2020","1000 USD","64167","E","Estimated value"
"QV","Value of Agricultural Production","268","Georgia","58","Gross Production Value (constant 2014-2016 thousand US$)","0112","Maize (corn)","2021","2021","1000 USD","58631","E","Estimated value"
"QV","Value of Agricultural Production","268","Georgia","58","Gross Production Value (constant 2014-2016 thousand US$)","0112","Maize (corn)","2022","2022","1000 USD","38475","E","Estimated value"
"QV","Value of Agricultural Production","268","Georgia","58","Gross Production Value (constant 2014-2016 thousand US$)","0112","Maize (corn)","2023","2023","1000 USD","48037","E","Estimated value"
"QV","Value of Agricultural Production","268","Georgia","58","Gross Production Value (constant 2014-2016 thousand US$)","0112","Maize (corn)","2024","2024","1000 USD","53221","E","Estimated value"
"QV","Value of Agricultural Production","268","Georgia","58","Gross Production Value (constant 2014-2016 thousand US$)","0141","Soya beans","2014","2014","1000 USD","919","E","Estimated value"
"QV","Value of Agricultural Production","268","Georgia","58","Gross Production Value (constant 2014-2016 thousand US$)","0141","Soya beans","2015","2015","1000 USD","933","E","Estimated value"
"QV","Value of Agricultural Production","268","Georgia","58","Gross Production Value (constant 2014-2016 thousand US$)","0141","Soya beans","2016","2016","1000 USD","911","E","Estimated value"
"QV","Value of Agricultural Production","268","Georgia","58","Gross Production Value (constant 2014-2016 thousand US$)","0141","Soya beans","2017","2017","1000 USD","911","E","Estimated value"
"QV","Value of Agricultural Production","268","Georgia","58","Gross Production Value (constant 2014-2016 thousand US$)","0141","Soya beans","2018","2018","1000 USD","911","E","Estimated value"
"QV","Value of Agricultural Production","268","Georgia","58","Gross Production Value (constant 2014-2016 thousand US$)","0141","Soya beans","2019","2019","1000 USD","911","E","Estimated value"
"QV","Value of Agricultural Production","268","Georgia","58","Gross Production Value (constant 2014-2016 thousand US$)","0141","Soya beans","2020","2020","1000 USD","1822","E","Estimated value"
"QV","Value of Agricultural Production","268","Georgia","58","Gross Production Value (constant 2014-2016 thousand US$)","0141","Soya beans","2021","2021","1000 USD","1367","E","Estimated value"
"QV","Value of Agricultural Production","268","Georgia","58","Gross Production Value (constant 2014-2016 thousand US$)","0141","Soya beans","2022","2022","1000 USD","1367","E","Estimated value"
"QV","Value of Agricultural Production","268","Georgia","58","Gross Production Value (constant 2014-2016 thousand US$)","0141","Soya beans","2023","2023","1000 USD","1367","E","Estimated value"
"QV","Value of Agricultural Production","268","Georgia","58","Gross Production Value (constant 2014-2016 thousand US$)","0141","Soya beans","2024","2024","1000 USD","911","E","Estimated value"
"QV","Value of Agricultural Production","268","Georgia","58","Gross Production Value (constant 2014-2016 thousand US$)","0111","Wheat","2014","2014","1000 USD","10496","E","Estimated value"
"QV","Value of Agricultural Production","268","Georgia","58","Gross Production Value (constant 2014-2016 thousand US$)","0111","Wheat","2015","2015","1000 USD","27755","E","Estimated value"
"QV","Value of Agricultural Production","268","Georgia","58","Gross Production Value (constant 2014-2016 thousand US$)","0111","Wheat","2016","2016","1000 USD","27976","E","Estimated value"
"QV","Value of Agricultural Production","268","Georgia","58","Gross Production Value (constant 2014-2016 thousand US$)","0111","Wheat","2017","2017","1000 USD","21634","E","Estimated value"
"QV","Value of Agricultural Production","268","Georgia","58","Gross Production Value (constant 2014-2016 thousand US$)","0111","Wheat","2018","2018","1000 USD","23667","E","Estimated value"
"QV","Value of Agricultural Production","268","Georgia","58","Gross Production Value (constant 2014-2016 thousand US$)","0111","Wheat","2019","2019","1000 USD","22230","E","Estimated value"
"QV","Value of Agricultural Production","268","Georgia","58","Gross Production Value (constant 2014-2016 thousand US$)","0111","Wheat","2020","2020","1000 USD","22628","E","Estimated value"
"QV","Value of Agricultural Production","268","Georgia","58","Gross Production Value (constant 2014-2016 thousand US$)","0111","Wheat","2021","2021","1000 USD","30031","E","Estimated value"
"QV","Value of Agricultural Production","268","Georgia","58","Gross Production Value (constant 2014-2016 thousand US$)","0111","Wheat","2022","2022","1000 USD","34649","E","Estimated value"
"QV","Value of Agricultural Production","268","Georgia","58","Gross Production Value (constant 2014-2016 thousand US$)","0111","Wheat","2023","2023","1000 USD","32484","E","Estimated value"
"QV","Value of Agricultural Production","268","Georgia","58","Gross Production Value (constant 2014-2016 thousand US$)","0111","Wheat","2024","2024","1000 USD","32948","E","Estimated value"
"QV","Value of Agricultural Production","276","Germany","58","Gross Production Value (constant 2014-2016 thousand US$)","0112","Maize (corn)","2014","2014","1000 USD","964137","E","Estimated value"
"QV","Value of Agricultural Production","276","Germany","58","Gross Production Value (constant 2014-2016 thousand US$)","0112","Maize (corn)","2015","2015","1000 USD","744933","E","Estimated value"
"QV","Value of Agricultural Production","276","Germany","58","Gross Production Value (constant 2014-2016 thousand US$)","0112","Maize (corn)","2016","2016","1000 USD","753333","E","Estimated value"
"QV","Value of Agricultural Production","276","Germany","58","Gross Production Value (constant 2014-2016 thousand US$)","0112","Maize (corn)","2017","2017","1000 USD","852669","E","Estimated value"
"QV","Value of Agricultural Production","276","Germany","58","Gross Production Value (constant 2014-2016 thousand US$)","0141","Soya beans","2014","2014","1000 USD","6248","E","Estimated value"
"QV","Value of Agricultural Production","276","Germany","58","Gross Production Value (constant 2014-2016 thousand US$)","0141","Soya beans","2015","2015","1000 USD","9372","E","Estimated value"
"QV","Value of Agricultural Production","276","Germany","58","Gross Production Value (constant 2014-2016 thousand US$)","0141","Soya beans","2016","2016","1000 USD","14926","E","Estimated value"
"QV","Value of Agricultural Production","276","Germany","58","Gross Production Value (constant 2014-2016 thousand US$)","0141","Soya beans","2017","2017","1000 USD","22909","E","Estimated value"
"QV","Value of Agricultural Production","276","Germany","58","Gross Production Value (constant 2014-2016 thousand US$)","0111","Wheat","2014","2014","1000 USD","5174882","E","Estimated value"
"QV","Value of Agricultural Production","276","Germany","58","Gross Production Value (constant 2014-2016 thousand US$)","0111","Wheat","2015","2015","1000 USD","4944827","E","Estimated value"
"QV","Value of Agricultural Production","276","Germany","58","Gross Production Value (constant 2014-2016 thousand US$)","0111","Wheat","2016","2016","1000 USD","4556367","E","Estimated value"
"QV","Value of Agricultural Production","276","Germany","58","Gross Production Value (constant 2014-2016 thousand US$)","0111","Wheat","2017","2017","1000 USD","4559682","E","Estimated value"
"QV","Value of Agricultural Production","288","Ghana","58","Gross Production Value (constant 2014-2016 thousand US$)","0112","Maize (corn)","2014","2014","1000 USD","657759","E","Estimated value"
"QV","Value of Agricultural Production","288","Ghana","58","Gross Production Value (constant 2014-2016 thousand US$)","0112","Maize (corn)","2015","2015","1000 USD","631495","E","Estimated value"
"QV","Value of Agricultural Production","288","Ghana","58","Gross Production Value (constant 2014-2016 thousand US$)","0112","Maize (corn)","2016","2016","1000 USD","642793","E","Estimated value"
"QV","Value of Agricultural Production","288","Ghana","58","Gross Production Value (constant 2014-2016 thousand US$)","0112","Maize (corn)","2017","2017","1000 USD","750778","E","Estimated value"
"QV","Value of Agricultural Production","288","Ghana","58","Gross Production Value (constant 2014-2016 thousand US$)","0112","Maize (corn)","2018","2018","1000 USD","860978","E","Estimated value"
"QV","Value of Agricultural Production","288","Ghana","58","Gross Production Value (constant 2014-2016 thousand US$)","0112","Maize (corn)","2019","2019","1000 USD","1086683","E","Estimated value"
"QV","Value of Agricultural Production","288","Ghana","58","Gross Production Value (constant 2014-2016 thousand US$)","0112","Maize (corn)","2020","2020","1000 USD","1146411","E","Estimated value"
"QV","Value of Agricultural Production","288","Ghana","58","Gross Production Value (constant 2014-2016 thousand US$)","0112","Maize (corn)","2021","2021","1000 USD","1195687","E","Estimated value"
"QV","Value of Agricultural Production","288","Ghana","58","Gross Production Value (constant 2014-2016 thousand US$)","0112","Maize (corn)","2022","2022","1000 USD","1215367","E","Estimated value"
"QV","Value of Agricultural Production","288","Ghana","58","Gross Production Value (constant 2014-2016 thousand US$)","0112","Maize (corn)","2023","2023","1000 USD","1336049","E","Estimated value"
"QV","Value of Agricultural Production","288","Ghana","58","Gross Production Value (constant 2014-2016 thousand US$)","0112","Maize (corn)","2024","2024","1000 USD","1416309","E","Estimated value"
"QV","Value of Agricultural Production","288","Ghana","58","Gross Production Value (constant 2014-2016 thousand US$)","0113","Rice","2014","2014","1000 USD","144461","E","Estimated value"
"QV","Value of Agricultural Production","288","Ghana","58","Gross Production Value (constant 2014-2016 thousand US$)","0113","Rice","2015","2015","1000 USD","153428","E","Estimated value"
"QV","Value of Agricultural Production","288","Ghana","58","Gross Production Value (constant 2014-2016 thousand US$)","0113","Rice","2016","2016","1000 USD","164474","E","Estimated value"
"QV","Value of Agricultural Production","288","Ghana","58","Gross Production Value (constant 2014-2016 thousand US$)","0113","Rice","2017","2017","1000 USD","172702","E","Estimated value"
"QV","Value of Agricultural Production","288","Ghana","58","Gross Production Value (constant 2014-2016 thousand US$)","0113","Rice","2018","2018","1000 USD","184020","E","Estimated value"
"QV","Value of Agricultural Production","288","Ghana","58","Gross Production Value (constant 2014-2016 thousand US$)","0113","Rice","2019","2019","1000 USD","221235","E","Estimated value"
"QV","Value of Agricultural Production","288","Ghana","58","Gross Production Value (constant 2014-2016 thousand US$)","0113","Rice","2020","2020","1000 USD","232716","E","Estimated value"
"QV","Value of Agricultural Production","288","Ghana","58","Gross Production Value (constant 2014-2016 thousand US$)","0113","Rice","2021","2021","1000 USD","273375","E","Estimated value"
"QV","Value of Agricultural Production","288","Ghana","58","Gross Production Value (constant 2014-2016 thousand US$)","0113","Rice","2022","2022","1000 USD","306859","E","Estimated value"
"QV","Value of Agricultural Production","288","Ghana","58","Gross Production Value (constant 2014-2016 thousand US$)","0113","Rice","2023","2023","1000 USD","345127","E","Estimated value"
"QV","Value of Agricultural Production","288","Ghana","58","Gross Production Value (constant 2014-2016 thousand US$)","0113","Rice","2024","2024","1000 USD","411665","E","Estimated value"
"QV","Value of Agricultural Production","300","Greece","58","Gross Production Value (constant 2014-2016 thousand US$)","0112","Maize (corn)","2014","2014","1000 USD","458699","E","Estimated value"
"QV","Value of Agricultural Production","300","Greece","58","Gross Production Value (constant 2014-2016 thousand US$)","0112","Maize (corn)","2015","2015","1000 USD","422392","E","Estimated value"
"QV","Value of Agricultural Production","300","Greece","58","Gross Production Value (constant 2014-2016 thousand US$)","0112","Maize (corn)","2016","2016","1000 USD","370456","E","Estimated value"
"QV","Value of Agricultural Production","300","Greece","58","Gross Production Value (constant 2014-2016 thousand US$)","0112","Maize (corn)","2017","2017","1000 USD","359695","E","Estimated value"
"QV","Value of Agricultural Production","300","Greece","58","Gross Production Value (constant 2014-2016 thousand US$)","0113","Rice","2014","2014","1000 USD","61724","E","Estimated value"
"QV","Value of Agricultural Production","300","Greece","58","Gross Production Value (constant 2014-2016 thousand US$)","0113","Rice","2015","2015","1000 USD","70945","E","Estimated value"
"QV","Value of Agricultural Production","300","Greece","58","Gross Production Value (constant 2014-2016 thousand US$)","0113","Rice","2016","2016","1000 USD","74668","E","Estimated value"
"QV","Value of Agricultural Production","300","Greece","58","Gross Production Value (constant 2014-2016 thousand US$)","0113","Rice","2017","2017","1000 USD","68731","E","Estimated value"
"QV","Value of Agricultural Production","300","Greece","58","Gross Production Value (constant 2014-2016 thousand US$)","0141","Soya beans","2014","2014","1000 USD","3609","E","Estimated value"
"QV","Value of Agricultural Production","300","Greece","58","Gross Production Value (constant 2014-2016 thousand US$)","0141","Soya beans","2015","2015","1000 USD","5016","E","Estimated value"
"QV","Value of Agricultural Production","300","Greece","58","Gross Production Value (constant 2014-2016 thousand US$)","0141","Soya beans","2016","2016","1000 USD","4354","E","Estimated value"
"QV","Value of Agricultural Production","300","Greece","58","Gross Production Value (constant 2014-2016 thousand US$)","0141","Soya beans","2017","2017","1000 USD","3725","E","Estimated value"
"QV","Value of Agricultural Production","300","Greece","58","Gross Production Value (constant 2014-2016 thousand US$)","0111","Wheat","2014","2014","1000 USD","405497","E","Estimated value"
"QV","Value of Agricultural Production","300","Greece","58","Gross Production Value (constant 2014-2016 thousand US$)","0111","Wheat","2015","2015","1000 USD","376652","E","Estimated value"
"QV","Value of Agricultural Production","300","Greece","58","Gross Production Value (constant 2014-2016 thousand US$)","0111","Wheat","2016","2016","1000 USD","403008","E","Estimated value"
"QV","Value of Agricultural Production","300","Greece","58","Gross Production Value (constant 2014-2016 thousand US$)","0111","Wheat","2017","2017","1000 USD","350332","E","Estimated value"
"QV","Value of Agricultural Production","308","Grenada","58","Gross Production Value (constant 2014-2016 thousand US$)","0112","Maize (corn)","2014","2014","1000 USD","443","E","Estimated value"
"QV","Value of Agricultural Production","308","Grenada","58","Gross Production Value (constant 2014-2016 thousand US$)","0112","Maize (corn)","2015","2015","1000 USD","382","E","Estimated value"
"QV","Value of Agricultural Production","308","Grenada","58","Gross Production Value (constant 2014-2016 thousand US$)","0112","Maize (corn)","2016","2016","1000 USD","419","E","Estimated value"
"QV","Value of Agricultural Production","308","Grenada","58","Gross Production Value (constant 2014-2016 thousand US$)","0112","Maize (corn)","2017","2017","1000 USD","417","E","Estimated value"
"QV","Value of Agricultural Production","308","Grenada","58","Gross Production Value (constant 2014-2016 thousand US$)","0112","Maize (corn)","2018","2018","1000 USD","417","E","Estimated value"
"QV","Value of Agricultural Production","308","Grenada","58","Gross Production Value (constant 2014-2016 thousand US$)","0112","Maize (corn)","2019","2019","1000 USD","415","E","Estimated value"
"QV","Value of Agricultural Production","308","Grenada","58","Gross Production Value (constant 2014-2016 thousand US$)","0112","Maize (corn)","2020","2020","1000 USD","415","E","Estimated value"
"QV","Value of Agricultural Production","308","Grenada","58","Gross Production Value (constant 2014-2016 thousand US$)","0112","Maize (corn)","2021","2021","1000 USD","418","E","Estimated value"
"QV","Value of Agricultural Production","308","Grenada","58","Gross Production Value (constant 2014-2016 thousand US$)","0112","Maize (corn)","2022","2022","1000 USD","419","E","Estimated value"
"QV","Value of Agricultural Production","308","Grenada","58","Gross Production Value (constant 2014-2016 thousand US$)","0112","Maize (corn)","2023","2023","1000 USD","421","E","Estimated value"
"QV","Value of Agricultural Production","308","Grenada","58","Gross Production Value (constant 2014-2016 thousand US$)","0112","Maize (corn)","2024","2024","1000 USD","191","E","Estimated value"
"QV","Value of Agricultural Production","324","Guinea","58","Gross Production Value (constant 2014-2016 thousand US$)","0112","Maize (corn)","2014","2014","1000 USD","93209","E","Estimated value"
"QV","Value of Agricultural Production","324","Guinea","58","Gross Production Value (constant 2014-2016 thousand US$)","0112","Maize (corn)","2015","2015","1000 USD","97082","E","Estimated value"
"QV","Value of Agricultural Production","324","Guinea","58","Gross Production Value (constant 2014-2016 thousand US$)","0112","Maize (corn)","2016","2016","1000 USD","99905","E","Estimated value"
"QV","Value of Agricultural Production","324","Guinea","58","Gross Production Value (constant 2014-2016 thousand US$)","0112","Maize (corn)","2017","2017","1000 USD","109065","E","Estimated value"
"QV","Value of Agricultural Production","324","Guinea","58","Gross Production Value (constant 2014-2016 thousand US$)","0112","Maize (corn)","2018","2018","1000 USD","109233","E","Estimated value"
"QV","Value of Agricultural Production","324","Guinea","58","Gross Production Value (constant 2014-2016 thousand US$)","0112","Maize (corn)","2019","2019","1000 USD","103216","E","Estimated value"
"QV","Value of Agricultural Production","324","Guinea","58","Gross Production Value (constant 2014-2016 thousand US$)","0112","Maize (corn)","2020","2020","1000 USD","105759","E","Estimated value"
"QV","Value of Agricultural Production","324","Guinea","58","Gross Production Value (constant 2014-2016 thousand US$)","0112","Maize (corn)","2021","2021","1000 USD","106535","E","Estimated value"
"QV","Value of Agricultural Production","324","Guinea","58","Gross Production Value (constant 2014-2016 thousand US$)","0112","Maize (corn)","2022","2022","1000 USD","108721","E","Estimated value"
"QV","Value of Agricultural Production","324","Guinea","58","Gross Production Value (constant 2014-2016 thousand US$)","0112","Maize (corn)","2023","2023","1000 USD","131046","E","Estimated value"
"QV","Value of Agricultural Production","324","Guinea","58","Gross Production Value (constant 2014-2016 thousand US$)","0112","Maize (corn)","2024","2024","1000 USD","125041","E","Estimated value"
"QV","Value of Agricultural Production","324","Guinea","58","Gross Production Value (constant 2014-2016 thousand US$)","0113","Rice","2014","2014","1000 USD","423837","E","Estimated value"
"QV","Value of Agricultural Production","324","Guinea","58","Gross Production Value (constant 2014-2016 thousand US$)","0113","Rice","2015","2015","1000 USD","440367","E","Estimated value"
"QV","Value of Agricultural Production","324","Guinea","58","Gross Production Value (constant 2014-2016 thousand US$)","0113","Rice","2016","2016","1000 USD","459483","E","Estimated value"
"QV","Value of Agricultural Production","324","Guinea","58","Gross Production Value (constant 2014-2016 thousand US$)","0113","Rice","2017","2017","1000 USD","472747","E","Estimated value"
"QV","Value of Agricultural Production","324","Guinea","58","Gross Production Value (constant 2014-2016 thousand US$)","0113","Rice","2018","2018","1000 USD","503255","E","Estimated value"
"QV","Value of Agricultural Production","324","Guinea","58","Gross Production Value (constant 2014-2016 thousand US$)","0113","Rice","2019","2019","1000 USD","513188","E","Estimated value"
"QV","Value of Agricultural Production","324","Guinea","58","Gross Production Value (constant 2014-2016 thousand US$)","0113","Rice","2020","2020","1000 USD","528908","E","Estimated value"
"QV","Value of Agricultural Production","324","Guinea","58","Gross Production Value (constant 2014-2016 thousand US$)","0113","Rice","2021","2021","1000 USD","610833","E","Estimated value"
"QV","Value of Agricultural Production","324","Guinea","58","Gross Production Value (constant 2014-2016 thousand US$)","0113","Rice","2022","2022","1000 USD","679274","E","Estimated value"
"QV","Value of Agricultural Production","324","Guinea","58","Gross Production Value (constant 2014-2016 thousand US$)","0113","Rice","2023","2023","1000 USD","760298","E","Estimated value"
"QV","Value of Agricultural Production","324","Guinea","58","Gross Production Value (constant 2014-2016 thousand US$)","0113","Rice","2024","2024","1000 USD","791529","E","Estimated value"
"QV","Value of Agricultural Production","624","Guinea-Bissau","58","Gross Production Value (constant 2014-2016 thousand US$)","0112","Maize (corn)","2014","2014","1000 USD","8173","E","Estimated value"
"QV","Value of Agricultural Production","624","Guinea-Bissau","58","Gross Production Value (constant 2014-2016 thousand US$)","0112","Maize (corn)","2015","2015","1000 USD","7006","E","Estimated value"
"QV","Value of Agricultural Production","624","Guinea-Bissau","58","Gross Production Value (constant 2014-2016 thousand US$)","0112","Maize (corn)","2016","2016","1000 USD","7006","E","Estimated value"
"QV","Value of Agricultural Production","624","Guinea-Bissau","58","Gross Production Value (constant 2014-2016 thousand US$)","0112","Maize (corn)","2017","2017","1000 USD","8173","E","Estimated value"
"QV","Value of Agricultural Production","624","Guinea-Bissau","58","Gross Production Value (constant 2014-2016 thousand US$)","0112","Maize (corn)","2018","2018","1000 USD","8173","E","Estimated value"
"QV","Value of Agricultural Production","624","Guinea-Bissau","58","Gross Production Value (constant 2014-2016 thousand US$)","0112","Maize (corn)","2019","2019","1000 USD","11300","E","Estimated value"
"QV","Value of Agricultural Production","624","Guinea-Bissau","58","Gross Production Value (constant 2014-2016 thousand US$)","0112","Maize (corn)","2020","2020","1000 USD","15728","E","Estimated value"
"QV","Value of Agricultural Production","624","Guinea-Bissau","58","Gross Production Value (constant 2014-2016 thousand US$)","0112","Maize (corn)","2021","2021","1000 USD","19816","E","Estimated value"
"QV","Value of Agricultural Production","624","Guinea-Bissau","58","Gross Production Value (constant 2014-2016 thousand US$)","0112","Maize (corn)","2022","2022","1000 USD","23736","E","Estimated value"
"QV","Value of Agricultural Production","624","Guinea-Bissau","58","Gross Production Value (constant 2014-2016 thousand US$)","0112","Maize (corn)","2023","2023","1000 USD","24520","E","Estimated value"
"QV","Value of Agricultural Production","624","Guinea-Bissau","58","Gross Production Value (constant 2014-2016 thousand US$)","0112","Maize (corn)","2024","2024","1000 USD","17515","E","Estimated value"
"QV","Value of Agricultural Production","624","Guinea-Bissau","58","Gross Production Value (constant 2014-2016 thousand US$)","0113","Rice","2014","2014","1000 USD","100352","E","Estimated value"
"QV","Value of Agricultural Production","624","Guinea-Bissau","58","Gross Production Value (constant 2014-2016 thousand US$)","0113","Rice","2015","2015","1000 USD","128270","E","Estimated value"
"QV","Value of Agricultural Production","624","Guinea-Bissau","58","Gross Production Value (constant 2014-2016 thousand US$)","0113","Rice","2016","2016","1000 USD","140342","E","Estimated value"
"QV","Value of Agricultural Production","624","Guinea-Bissau","58","Gross Production Value (constant 2014-2016 thousand US$)","0113","Rice","2017","2017","1000 USD","124497","E","Estimated value"
"QV","Value of Agricultural Production","624","Guinea-Bissau","58","Gross Production Value (constant 2014-2016 thousand US$)","0113","Rice","2018","2018","1000 USD","132797","E","Estimated value"
"QV","Value of Agricultural Production","624","Guinea-Bissau","58","Gross Production Value (constant 2014-2016 thousand US$)","0113","Rice","2019","2019","1000 USD","141097","E","Estimated value"
"QV","Value of Agricultural Production","624","Guinea-Bissau","58","Gross Production Value (constant 2014-2016 thousand US$)","0113","Rice","2020","2020","1000 USD","149504","E","Estimated value"
"QV","Value of Agricultural Production","624","Guinea-Bissau","58","Gross Production Value (constant 2014-2016 thousand US$)","0113","Rice","2021","2021","1000 USD","161407","E","Estimated value"
"QV","Value of Agricultural Production","624","Guinea-Bissau","58","Gross Production Value (constant 2014-2016 thousand US$)","0113","Rice","2022","2022","1000 USD","169015","E","Estimated value"
"QV","Value of Agricultural Production","624","Guinea-Bissau","58","Gross Production Value (constant 2014-2016 thousand US$)","0113","Rice","2023","2023","1000 USD","170825","E","Estimated value"
"QV","Value of Agricultural Production","624","Guinea-Bissau","58","Gross Production Value (constant 2014-2016 thousand US$)","0113","Rice","2024","2024","1000 USD","184030","E","Estimated value"
"QV","Value of Agricultural Production","340","Honduras","58","Gross Production Value (constant 2014-2016 thousand US$)","0112","Maize (corn)","2014","2014","1000 USD","177245","E","Estimated value"
"QV","Value of Agricultural Production","340","Honduras","58","Gross Production Value (constant 2014-2016 thousand US$)","0112","Maize (corn)","2015","2015","1000 USD","198524","E","Estimated value"
"QV","Value of Agricultural Production","340","Honduras","58","Gross Production Value (constant 2014-2016 thousand US$)","0112","Maize (corn)","2016","2016","1000 USD","192238","E","Estimated value"
"QV","Value of Agricultural Production","340","Honduras","58","Gross Production Value (constant 2014-2016 thousand US$)","0112","Maize (corn)","2017","2017","1000 USD","214303","E","Estimated value"
"QV","Value of Agricultural Production","340","Honduras","58","Gross Production Value (constant 2014-2016 thousand US$)","0112","Maize (corn)","2018","2018","1000 USD","221066","E","Estimated value"
"QV","Value of Agricultural Production","340","Honduras","58","Gross Production Value (constant 2014-2016 thousand US$)","0112","Maize (corn)","2019","2019","1000 USD","184617","E","Estimated value"
"QV","Value of Agricultural Production","340","Honduras","58","Gross Production Value (constant 2014-2016 thousand US$)","0112","Maize (corn)","2020","2020","1000 USD","208995","E","Estimated value"
"QV","Value of Agricultural Production","340","Honduras","58","Gross Production Value (constant 2014-2016 thousand US$)","0112","Maize (corn)","2021","2021","1000 USD","211087","E","Estimated value"
"QV","Value of Agricultural Production","340","Honduras","58","Gross Production Value (constant 2014-2016 thousand US$)","0112","Maize (corn)","2022","2022","1000 USD","214263","E","Estimated value"
"QV","Value of Agricultural Production","340","Honduras","58","Gross Production Value (constant 2014-2016 thousand US$)","0112","Maize (corn)","2023","2023","1000 USD","227950","E","Estimated value"
"QV","Value of Agricultural Production","340","Honduras","58","Gross Production Value (constant 2014-2016 thousand US$)","0112","Maize (corn)","2024","2024","1000 USD","228908","E","Estimated value"
"QV","Value of Agricultural Production","340","Honduras","58","Gross Production Value (constant 2014-2016 thousand US$)","0113","Rice","2014","2014","1000 USD","29236","E","Estimated value"
"QV","Value of Agricultural Production","340","Honduras","58","Gross Production Value (constant 2014-2016 thousand US$)","0113","Rice","2015","2015","1000 USD","30266","E","Estimated value"
"QV","Value of Agricultural Production","340","Honduras","58","Gross Production Value (constant 2014-2016 thousand US$)","0113","Rice","2016","2016","1000 USD","29727","E","Estimated value"
"QV","Value of Agricultural Production","340","Honduras","58","Gross Production Value (constant 2014-2016 thousand US$)","0113","Rice","2017","2017","1000 USD","26000","E","Estimated value"
"QV","Value of Agricultural Production","340","Honduras","58","Gross Production Value (constant 2014-2016 thousand US$)","0113","Rice","2018","2018","1000 USD","26007","E","Estimated value"
"QV","Value of Agricultural Production","340","Honduras","58","Gross Production Value (constant 2014-2016 thousand US$)","0113","Rice","2019","2019","1000 USD","24644","E","Estimated value"
"QV","Value of Agricultural Production","340","Honduras","58","Gross Production Value (constant 2014-2016 thousand US$)","0113","Rice","2020","2020","1000 USD","28617","E","Estimated value"
"QV","Value of Agricultural Production","340","Honduras","58","Gross Production Value (constant 2014-2016 thousand US$)","0113","Rice","2021","2021","1000 USD","23465","E","Estimated value"
"QV","Value of Agricultural Production","340","Honduras","58","Gross Production Value (constant 2014-2016 thousand US$)","0113","Rice","2022","2022","1000 USD","22292","E","Estimated value"
"QV","Value of Agricultural Production","340","Honduras","58","Gross Production Value (constant 2014-2016 thousand US$)","0113","Rice","2023","2023","1000 USD","14864","E","Estimated value"
"QV","Value of Agricultural Production","340","Honduras","58","Gross Production Value (constant 2014-2016 thousand US$)","0113","Rice","2024","2024","1000 USD","10217","E","Estimated value"
"QV","Value of Agricultural Production","340","Honduras","58","Gross Production Value (constant 2014-2016 thousand US$)","0141","Soya beans","2014","2014","1000 USD","890","E","Estimated value"
"QV","Value of Agricultural Production","340","Honduras","58","Gross Production Value (constant 2014-2016 thousand US$)","0141","Soya beans","2015","2015","1000 USD","882","E","Estimated value"
"QV","Value of Agricultural Production","340","Honduras","58","Gross Production Value (constant 2014-2016 thousand US$)","0141","Soya beans","2016","2016","1000 USD","890","E","Estimated value"
"QV","Value of Agricultural Production","340","Honduras","58","Gross Production Value (constant 2014-2016 thousand US$)","0141","Soya beans","2017","2017","1000 USD","895","E","Estimated value"
"QV","Value of Agricultural Production","340","Honduras","58","Gross Production Value (constant 2014-2016 thousand US$)","0141","Soya beans","2018","2018","1000 USD","882","E","Estimated value"
"QV","Value of Agricultural Production","340","Honduras","58","Gross Production Value (constant 2014-2016 thousand US$)","0141","Soya beans","2019","2019","1000 USD","889","E","Estimated value"
"QV","Value of Agricultural Production","340","Honduras","58","Gross Production Value (constant 2014-2016 thousand US$)","0141","Soya beans","2020","2020","1000 USD","889","E","Estimated value"
"QV","Value of Agricultural Production","340","Honduras","58","Gross Production Value (constant 2014-2016 thousand US$)","0141","Soya beans","2021","2021","1000 USD","887","E","Estimated value"
"QV","Value of Agricultural Production","340","Honduras","58","Gross Production Value (constant 2014-2016 thousand US$)","0141","Soya beans","2022","2022","1000 USD","888","E","Estimated value"
"QV","Value of Agricultural Production","340","Honduras","58","Gross Production Value (constant 2014-2016 thousand US$)","0141","Soya beans","2023","2023","1000 USD","888","E","Estimated value"
"QV","Value of Agricultural Production","340","Honduras","58","Gross Production Value (constant 2014-2016 thousand US$)","0141","Soya beans","2024","2024","1000 USD","888","E","Estimated value"
"QV","Value of Agricultural Production","340","Honduras","58","Gross Production Value (constant 2014-2016 thousand US$)","0111","Wheat","2014","2014","1000 USD","124","E","Estimated value"
"QV","Value of Agricultural Production","340","Honduras","58","Gross Production Value (constant 2014-2016 thousand US$)","0111","Wheat","2015","2015","1000 USD","126","E","Estimated value"
"QV","Value of Agricultural Production","340","Honduras","58","Gross Production Value (constant 2014-2016 thousand US$)","0111","Wheat","2016","2016","1000 USD","127","E","Estimated value"
"QV","Value of Agricultural Production","340","Honduras","58","Gross Production Value (constant 2014-2016 thousand US$)","0111","Wheat","2017","2017","1000 USD","128","E","Estimated value"
"QV","Value of Agricultural Production","340","Honduras","58","Gross Production Value (constant 2014-2016 thousand US$)","0111","Wheat","2018","2018","1000 USD","129","E","Estimated value"
"QV","Value of Agricultural Production","340","Honduras","58","Gross Production Value (constant 2014-2016 thousand US$)","0111","Wheat","2019","2019","1000 USD","130","E","Estimated value"
"QV","Value of Agricultural Production","340","Honduras","58","Gross Production Value (constant 2014-2016 thousand US$)","0111","Wheat","2020","2020","1000 USD","131","E","Estimated value"
"QV","Value of Agricultural Production","340","Honduras","58","Gross Production Value (constant 2014-2016 thousand US$)","0111","Wheat","2021","2021","1000 USD","134","E","Estimated value"
"QV","Value of Agricultural Production","340","Honduras","58","Gross Production Value (constant 2014-2016 thousand US$)","0111","Wheat","2022","2022","1000 USD","132","E","Estimated value"
"QV","Value of Agricultural Production","340","Honduras","58","Gross Production Value (constant 2014-2016 thousand US$)","0111","Wheat","2023","2023","1000 USD","132","E","Estimated value"
"QV","Value of Agricultural Production","340","Honduras","58","Gross Production Value (constant 2014-2016 thousand US$)","0111","Wheat","2024","2024","1000 USD","133","E","Estimated value"
"QV","Value of Agricultural Production","348","Hungary","58","Gross Production Value (constant 2014-2016 thousand US$)","0112","Maize (corn)","2014","2014","1000 USD","1485994","E","Estimated value"
"QV","Value of Agricultural Production","348","Hungary","58","Gross Production Value (constant 2014-2016 thousand US$)","0112","Maize (corn)","2015","2015","1000 USD","1058097","E","Estimated value"
"QV","Value of Agricultural Production","348","Hungary","58","Gross Production Value (constant 2014-2016 thousand US$)","0112","Maize (corn)","2016","2016","1000 USD","1392643","E","Estimated value"
"QV","Value of Agricultural Production","348","Hungary","58","Gross Production Value (constant 2014-2016 thousand US$)","0112","Maize (corn)","2017","2017","1000 USD","1075071","E","Estimated value"
"QV","Value of Agricultural Production","348","Hungary","58","Gross Production Value (constant 2014-2016 thousand US$)","0113","Rice","2014","2014","1000 USD","2208","E","Estimated value"
"QV","Value of Agricultural Production","348","Hungary","58","Gross Production Value (constant 2014-2016 thousand US$)","0113","Rice","2015","2015","1000 USD","2628","E","Estimated value"
"QV","Value of Agricultural Production","348","Hungary","58","Gross Production Value (constant 2014-2016 thousand US$)","0113","Rice","2016","2016","1000 USD","3006","E","Estimated value"
"QV","Value of Agricultural Production","348","Hungary","58","Gross Production Value (constant 2014-2016 thousand US$)","0113","Rice","2017","2017","1000 USD","3435","E","Estimated value"
"QV","Value of Agricultural Production","348","Hungary","58","Gross Production Value (constant 2014-2016 thousand US$)","0141","Soya beans","2014","2014","1000 USD","46362","E","Estimated value"
"QV","Value of Agricultural Production","348","Hungary","58","Gross Production Value (constant 2014-2016 thousand US$)","0141","Soya beans","2015","2015","1000 USD","58496","E","Estimated value"
"QV","Value of Agricultural Production","348","Hungary","58","Gross Production Value (constant 2014-2016 thousand US$)","0141","Soya beans","2016","2016","1000 USD","74085","E","Estimated value"
"QV","Value of Agricultural Production","348","Hungary","58","Gross Production Value (constant 2014-2016 thousand US$)","0141","Soya beans","2017","2017","1000 USD","71902","E","Estimated value"
"QV","Value of Agricultural Production","348","Hungary","58","Gross Production Value (constant 2014-2016 thousand US$)","0111","Wheat","2014","2014","1000 USD","919324","E","Estimated value"
"QV","Value of Agricultural Production","348","Hungary","58","Gross Production Value (constant 2014-2016 thousand US$)","0111","Wheat","2015","2015","1000 USD","931473","E","Estimated value"
"QV","Value of Agricultural Production","348","Hungary","58","Gross Production Value (constant 2014-2016 thousand US$)","0111","Wheat","2016","2016","1000 USD","978953","E","Estimated value"
"QV","Value of Agricultural Production","348","Hungary","58","Gross Production Value (constant 2014-2016 thousand US$)","0111","Wheat","2017","2017","1000 USD","916593","E","Estimated value"
"QV","Value of Agricultural Production","356","India","58","Gross Production Value (constant 2014-2016 thousand US$)","0112","Maize (corn)","2014","2014","1000 USD","5328103","E","Estimated value"
"QV","Value of Agricultural Production","356","India","58","Gross Production Value (constant 2014-2016 thousand US$)","0112","Maize (corn)","2015","2015","1000 USD","5125894","E","Estimated value"
"QV","Value of Agricultural Production","356","India","58","Gross Production Value (constant 2014-2016 thousand US$)","0112","Maize (corn)","2016","2016","1000 USD","5616423","E","Estimated value"
"QV","Value of Agricultural Production","356","India","58","Gross Production Value (constant 2014-2016 thousand US$)","0112","Maize (corn)","2017","2017","1000 USD","5984234","E","Estimated value"
"QV","Value of Agricultural Production","356","India","58","Gross Production Value (constant 2014-2016 thousand US$)","0112","Maize (corn)","2018","2018","1000 USD","6193802","E","Estimated value"
"QV","Value of Agricultural Production","356","India","58","Gross Production Value (constant 2014-2016 thousand US$)","0112","Maize (corn)","2019","2019","1000 USD","6123741","E","Estimated value"
"QV","Value of Agricultural Production","356","India","58","Gross Production Value (constant 2014-2016 thousand US$)","0112","Maize (corn)","2020","2020","1000 USD","6821755","E","Estimated value"
"QV","Value of Agricultural Production","356","India","58","Gross Production Value (constant 2014-2016 thousand US$)","0112","Maize (corn)","2021","2021","1000 USD","7237062","E","Estimated value"
"QV","Value of Agricultural Production","356","India","58","Gross Production Value (constant 2014-2016 thousand US$)","0112","Maize (corn)","2022","2022","1000 USD","7667731","E","Estimated value"
"QV","Value of Agricultural Production","356","India","58","Gross Production Value (constant 2014-2016 thousand US$)","0112","Maize (corn)","2023","2023","1000 USD","8094820","E","Estimated value"
"QV","Value of Agricultural Production","356","India","58","Gross Production Value (constant 2014-2016 thousand US$)","0112","Maize (corn)","2024","2024","1000 USD","8884033","E","Estimated value"
"QV","Value of Agricultural Production","356","India","58","Gross Production Value (constant 2014-2016 thousand US$)","0113","Rice","2014","2014","1000 USD","70498877","E","Estimated value"
"QV","Value of Agricultural Production","356","India","58","Gross Production Value (constant 2014-2016 thousand US$)","0113","Rice","2015","2015","1000 USD","69812668","E","Estimated value"
"QV","Value of Agricultural Production","356","India","58","Gross Production Value (constant 2014-2016 thousand US$)","0113","Rice","2016","2016","1000 USD","72323809","E","Estimated value"
"QV","Value of Agricultural Production","356","India","58","Gross Production Value (constant 2014-2016 thousand US$)","0113","Rice","2017","2017","1000 USD","73139413","E","Estimated value"
"QV","Value of Agricultural Production","356","India","58","Gross Production Value (constant 2014-2016 thousand US$)","0113","Rice","2018","2018","1000 USD","77858490","E","Estimated value"
"QV","Value of Agricultural Production","356","India","58","Gross Production Value (constant 2014-2016 thousand US$)","0113","Rice","2019","2019","1000 USD","77231123","E","Estimated value"
"QV","Value of Agricultural Production","356","India","58","Gross Production Value (constant 2014-2016 thousand US$)","0113","Rice","2020","2020","1000 USD","80597651","E","Estimated value"
"QV","Value of Agricultural Production","356","India","58","Gross Production Value (constant 2014-2016 thousand US$)","0113","Rice","2021","2021","1000 USD","86128901","E","Estimated value"
"QV","Value of Agricultural Production","356","India","58","Gross Production Value (constant 2014-2016 thousand US$)","0113","Rice","2022","2022","1000 USD","85348894","E","Estimated value"
"QV","Value of Agricultural Production","356","India","58","Gross Production Value (constant 2014-2016 thousand US$)","0113","Rice","2023","2023","1000 USD","91648496","E","Estimated value"
"QV","Value of Agricultural Production","356","India","58","Gross Production Value (constant 2014-2016 thousand US$)","0113","Rice","2024","2024","1000 USD","96110328","E","Estimated value"
"QV","Value of Agricultural Production","356","India","58","Gross Production Value (constant 2014-2016 thousand US$)","0141","Soya beans","2014","2014","1000 USD","3790769","E","Estimated value"
"QV","Value of Agricultural Production","356","India","58","Gross Production Value (constant 2014-2016 thousand US$)","0141","Soya beans","2015","2015","1000 USD","3131554","E","Estimated value"
"QV","Value of Agricultural Production","356","India","58","Gross Production Value (constant 2014-2016 thousand US$)","0141","Soya beans","2016","2016","1000 USD","4808431","E","Estimated value"
"QV","Value of Agricultural Production","356","India","58","Gross Production Value (constant 2014-2016 thousand US$)","0141","Soya beans","2017","2017","1000 USD","3995100","E","Estimated value"
"QV","Value of Agricultural Production","356","India","58","Gross Production Value (constant 2014-2016 thousand US$)","0141","Soya beans","2018","2018","1000 USD","4848184","E","Estimated value"
"QV","Value of Agricultural Production","356","India","58","Gross Production Value (constant 2014-2016 thousand US$)","0141","Soya beans","2019","2019","1000 USD","4102124","E","Estimated value"
"QV","Value of Agricultural Production","356","India","58","Gross Production Value (constant 2014-2016 thousand US$)","0141","Soya beans","2020","2020","1000 USD","4608024","E","Estimated value"
"QV","Value of Agricultural Production","356","India","58","Gross Production Value (constant 2014-2016 thousand US$)","0141","Soya beans","2021","2021","1000 USD","4745576","E","Estimated value"
"QV","Value of Agricultural Production","356","India","58","Gross Production Value (constant 2014-2016 thousand US$)","0141","Soya beans","2022","2022","1000 USD","5475756","E","Estimated value"
"QV","Value of Agricultural Production","356","India","58","Gross Production Value (constant 2014-2016 thousand US$)","0141","Soya beans","2023","2023","1000 USD","4773080","E","Estimated value"
"QV","Value of Agricultural Production","356","India","58","Gross Production Value (constant 2014-2016 thousand US$)","0141","Soya beans","2024","2024","1000 USD","5529529","E","Estimated value"
"QV","Value of Agricultural Production","356","India","58","Gross Production Value (constant 2014-2016 thousand US$)","0111","Wheat","2014","2014","1000 USD","27213860","E","Estimated value"
"QV","Value of Agricultural Production","356","India","58","Gross Production Value (constant 2014-2016 thousand US$)","0111","Wheat","2015","2015","1000 USD","24567713","E","Estimated value"
"QV","Value of Agricultural Production","356","India","58","Gross Production Value (constant 2014-2016 thousand US$)","0111","Wheat","2016","2016","1000 USD","26203100","E","Estimated value"
"QV","Value of Agricultural Production","356","India","58","Gross Production Value (constant 2014-2016 thousand US$)","0111","Wheat","2017","2017","1000 USD","27969153","E","Estimated value"
"QV","Value of Agricultural Production","356","India","58","Gross Production Value (constant 2014-2016 thousand US$)","0111","Wheat","2018","2018","1000 USD","28355087","E","Estimated value"
"QV","Value of Agricultural Production","356","India","58","Gross Production Value (constant 2014-2016 thousand US$)","0111","Wheat","2019","2019","1000 USD","29413180","E","Estimated value"
"QV","Value of Agricultural Production","356","India","58","Gross Production Value (constant 2014-2016 thousand US$)","0111","Wheat","2020","2020","1000 USD","30623900","E","Estimated value"
"QV","Value of Agricultural Production","356","India","58","Gross Production Value (constant 2014-2016 thousand US$)","0111","Wheat","2021","2021","1000 USD","31113945","E","Estimated value"
"QV","Value of Agricultural Production","356","India","58","Gross Production Value (constant 2014-2016 thousand US$)","0111","Wheat","2022","2022","1000 USD","30590272","E","Estimated value"
"QV","Value of Agricultural Production","356","India","58","Gross Production Value (constant 2014-2016 thousand US$)","0111","Wheat","2023","2023","1000 USD","31388547","E","Estimated value"
"QV","Value of Agricultural Production","356","India","58","Gross Production Value (constant 2014-2016 thousand US$)","0111","Wheat","2024","2024","1000 USD","32166120","E","Estimated value"
"QV","Value of Agricultural Production","360","Indonesia","58","Gross Production Value (constant 2014-2016 thousand US$)","0112","Maize (corn)","2014","2014","1000 USD","5697230","E","Estimated value"
"QV","Value of Agricultural Production","360","Indonesia","58","Gross Production Value (constant 2014-2016 thousand US$)","0112","Maize (corn)","2015","2015","1000 USD","5878265","E","Estimated value"
"QV","Value of Agricultural Production","360","Indonesia","58","Gross Production Value (constant 2014-2016 thousand US$)","0112","Maize (corn)","2016","2016","1000 USD","7066953","E","Estimated value"
"QV","Value of Agricultural Production","360","Indonesia","58","Gross Production Value (constant 2014-2016 thousand US$)","0112","Maize (corn)","2017","2017","1000 USD","7542187","E","Estimated value"
"QV","Value of Agricultural Production","360","Indonesia","58","Gross Production Value (constant 2014-2016 thousand US$)","0112","Maize (corn)","2018","2018","1000 USD","5646750","E","Estimated value"
"QV","Value of Agricultural Production","360","Indonesia","58","Gross Production Value (constant 2014-2016 thousand US$)","0112","Maize (corn)","2019","2019","1000 USD","5889524","E","Estimated value"
"QV","Value of Agricultural Production","360","Indonesia","58","Gross Production Value (constant 2014-2016 thousand US$)","0112","Maize (corn)","2020","2020","1000 USD","3875079","E","Estimated value"
"QV","Value of Agricultural Production","360","Indonesia","58","Gross Production Value (constant 2014-2016 thousand US$)","0112","Maize (corn)","2021","2021","1000 USD","4020738","E","Estimated value"
"QV","Value of Agricultural Production","360","Indonesia","58","Gross Production Value (constant 2014-2016 thousand US$)","0112","Maize (corn)","2022","2022","1000 USD","4953576","E","Estimated value"
"QV","Value of Agricultural Production","360","Indonesia","58","Gross Production Value (constant 2014-2016 thousand US$)","0112","Maize (corn)","2023","2023","1000 USD","4428213","E","Estimated value"
"QV","Value of Agricultural Production","360","Indonesia","58","Gross Production Value (constant 2014-2016 thousand US$)","0112","Maize (corn)","2024","2024","1000 USD","4537455","E","Estimated value"
"QV","Value of Agricultural Production","360","Indonesia","58","Gross Production Value (constant 2014-2016 thousand US$)","0113","Rice","2014","2014","1000 USD","41177667","E","Estimated value"
"QV","Value of Agricultural Production","360","Indonesia","58","Gross Production Value (constant 2014-2016 thousand US$)","0113","Rice","2015","2015","1000 USD","42552603","E","Estimated value"
"QV","Value of Agricultural Production","360","Indonesia","58","Gross Production Value (constant 2014-2016 thousand US$)","0113","Rice","2016","2016","1000 USD","37671998","E","Estimated value"
"QV","Value of Agricultural Production","360","Indonesia","58","Gross Production Value (constant 2014-2016 thousand US$)","0113","Rice","2017","2017","1000 USD","38523315","E","Estimated value"
"QV","Value of Agricultural Production","360","Indonesia","58","Gross Production Value (constant 2014-2016 thousand US$)","0113","Rice","2018","2018","1000 USD","41276349","E","Estimated value"
"QV","Value of Agricultural Production","360","Indonesia","58","Gross Production Value (constant 2014-2016 thousand US$)","0113","Rice","2019","2019","1000 USD","38071533","E","Estimated value"
"QV","Value of Agricultural Production","360","Indonesia","58","Gross Production Value (constant 2014-2016 thousand US$)","0113","Rice","2020","2020","1000 USD","38103027","E","Estimated value"
"QV","Value of Agricultural Production","360","Indonesia","58","Gross Production Value (constant 2014-2016 thousand US$)","0113","Rice","2021","2021","1000 USD","37939939","E","Estimated value"
"QV","Value of Agricultural Production","360","Indonesia","58","Gross Production Value (constant 2014-2016 thousand US$)","0113","Rice","2022","2022","1000 USD","38172593","E","Estimated value"
"QV","Value of Agricultural Production","360","Indonesia","58","Gross Production Value (constant 2014-2016 thousand US$)","0113","Rice","2023","2023","1000 USD","37637132","E","Estimated value"
"QV","Value of Agricultural Production","360","Indonesia","58","Gross Production Value (constant 2014-2016 thousand US$)","0113","Rice","2024","2024","1000 USD","37052668","E","Estimated value"
"QV","Value of Agricultural Production","360","Indonesia","58","Gross Production Value (constant 2014-2016 thousand US$)","0141","Soya beans","2014","2014","1000 USD","619522","E","Estimated value"
"QV","Value of Agricultural Production","360","Indonesia","58","Gross Production Value (constant 2014-2016 thousand US$)","0141","Soya beans","2015","2015","1000 USD","624833","E","Estimated value"
"QV","Value of Agricultural Production","360","Indonesia","58","Gross Production Value (constant 2014-2016 thousand US$)","0141","Soya beans","2016","2016","1000 USD","557671","E","Estimated value"
"QV","Value of Agricultural Production","360","Indonesia","58","Gross Production Value (constant 2014-2016 thousand US$)","0141","Soya beans","2017","2017","1000 USD","349482","E","Estimated value"
"QV","Value of Agricultural Production","360","Indonesia","58","Gross Production Value (constant 2014-2016 thousand US$)","0141","Soya beans","2018","2018","1000 USD","618597","E","Estimated value"
"QV","Value of Agricultural Production","360","Indonesia","58","Gross Production Value (constant 2014-2016 thousand US$)","0141","Soya beans","2019","2019","1000 USD","275056","E","Estimated value"
"QV","Value of Agricultural Production","360","Indonesia","58","Gross Production Value (constant 2014-2016 thousand US$)","0141","Soya beans","2020","2020","1000 USD","188776","E","Estimated value"
"QV","Value of Agricultural Production","360","Indonesia","58","Gross Production Value (constant 2014-2016 thousand US$)","0141","Soya beans","2021","2021","1000 USD","140391","E","Estimated value"
"QV","Value of Agricultural Production","360","Indonesia","58","Gross Production Value (constant 2014-2016 thousand US$)","0141","Soya beans","2022","2022","1000 USD","195912","E","Estimated value"
"QV","Value of Agricultural Production","360","Indonesia","58","Gross Production Value (constant 2014-2016 thousand US$)","0141","Soya beans","2023","2023","1000 USD","211801","E","Estimated value"
"QV","Value of Agricultural Production","360","Indonesia","58","Gross Production Value (constant 2014-2016 thousand US$)","0141","Soya beans","2024","2024","1000 USD","147497","E","Estimated value"
"QV","Value of Agricultural Production","364","Iran (Islamic Republic of)","58","Gross Production Value (constant 2014-2016 thousand US$)","0112","Maize (corn)","2014","2014","1000 USD","632860","E","Estimated value"
"QV","Value of Agricultural Production","364","Iran (Islamic Republic of)","58","Gross Production Value (constant 2014-2016 thousand US$)","0112","Maize (corn)","2015","2015","1000 USD","445832","E","Estimated value"
"QV","Value of Agricultural Production","364","Iran (Islamic Republic of)","58","Gross Production Value (constant 2014-2016 thousand US$)","0112","Maize (corn)","2016","2016","1000 USD","446579","E","Estimated value"
"QV","Value of Agricultural Production","364","Iran (Islamic Republic of)","58","Gross Production Value (constant 2014-2016 thousand US$)","0112","Maize (corn)","2017","2017","1000 USD","264574","E","Estimated value"
"QV","Value of Agricultural Production","364","Iran (Islamic Republic of)","58","Gross Production Value (constant 2014-2016 thousand US$)","0112","Maize (corn)","2018","2018","1000 USD","232295","E","Estimated value"
"QV","Value of Agricultural Production","364","Iran (Islamic Republic of)","58","Gross Production Value (constant 2014-2016 thousand US$)","0112","Maize (corn)","2019","2019","1000 USD","247879","E","Estimated value"
"QV","Value of Agricultural Production","364","Iran (Islamic Republic of)","58","Gross Production Value (constant 2014-2016 thousand US$)","0112","Maize (corn)","2020","2020","1000 USD","215027","E","Estimated value"
"QV","Value of Agricultural Production","364","Iran (Islamic Republic of)","58","Gross Production Value (constant 2014-2016 thousand US$)","0112","Maize (corn)","2021","2021","1000 USD","167051","E","Estimated value"
"QV","Value of Agricultural Production","364","Iran (Islamic Republic of)","58","Gross Production Value (constant 2014-2016 thousand US$)","0112","Maize (corn)","2022","2022","1000 USD","122145","E","Estimated value"
"QV","Value of Agricultural Production","364","Iran (Islamic Republic of)","58","Gross Production Value (constant 2014-2016 thousand US$)","0112","Maize (corn)","2023","2023","1000 USD","96728","E","Estimated value"
"QV","Value of Agricultural Production","364","Iran (Islamic Republic of)","58","Gross Production Value (constant 2014-2016 thousand US$)","0112","Maize (corn)","2024","2024","1000 USD","102930","E","Estimated value"
"QV","Value of Agricultural Production","364","Iran (Islamic Republic of)","58","Gross Production Value (constant 2014-2016 thousand US$)","0113","Rice","2014","2014","1000 USD","2323868","E","Estimated value"
"QV","Value of Agricultural Production","364","Iran (Islamic Republic of)","58","Gross Production Value (constant 2014-2016 thousand US$)","0113","Rice","2015","2015","1000 USD","2324274","E","Estimated value"
"QV","Value of Agricultural Production","364","Iran (Islamic Republic of)","58","Gross Production Value (constant 2014-2016 thousand US$)","0113","Rice","2016","2016","1000 USD","2891898","E","Estimated value"
"QV","Value of Agricultural Production","364","Iran (Islamic Republic of)","58","Gross Production Value (constant 2014-2016 thousand US$)","0113","Rice","2017","2017","1000 USD","3174108","E","Estimated value"
"QV","Value of Agricultural Production","364","Iran (Islamic Republic of)","58","Gross Production Value (constant 2014-2016 thousand US$)","0113","Rice","2018","2018","1000 USD","3075403","E","Estimated value"
"QV","Value of Agricultural Production","364","Iran (Islamic Republic of)","58","Gross Production Value (constant 2014-2016 thousand US$)","0113","Rice","2019","2019","1000 USD","4378172","E","Estimated value"
"QV","Value of Agricultural Production","364","Iran (Islamic Republic of)","58","Gross Production Value (constant 2014-2016 thousand US$)","0113","Rice","2020","2020","1000 USD","4515191","E","Estimated value"
"QV","Value of Agricultural Production","364","Iran (Islamic Republic of)","58","Gross Production Value (constant 2014-2016 thousand US$)","0113","Rice","2021","2021","1000 USD","3002636","E","Estimated value"
"QV","Value of Agricultural Production","364","Iran (Islamic Republic of)","58","Gross Production Value (constant 2014-2016 thousand US$)","0113","Rice","2022","2022","1000 USD","3592986","E","Estimated value"
"QV","Value of Agricultural Production","364","Iran (Islamic Republic of)","58","Gross Production Value (constant 2014-2016 thousand US$)","0113","Rice","2023","2023","1000 USD","3450819","E","Estimated value"
"QV","Value of Agricultural Production","364","Iran (Islamic Republic of)","58","Gross Production Value (constant 2014-2016 thousand US$)","0113","Rice","2024","2024","1000 USD","3444107","E","Estimated value"
"QV","Value of Agricultural Production","364","Iran (Islamic Republic of)","58","Gross Production Value (constant 2014-2016 thousand US$)","0141","Soya beans","2014","2014","1000 USD","95424","E","Estimated value"
"QV","Value of Agricultural Production","364","Iran (Islamic Republic of)","58","Gross Production Value (constant 2014-2016 thousand US$)","0141","Soya beans","2015","2015","1000 USD","93716","E","Estimated value"
"QV","Value of Agricultural Production","364","Iran (Islamic Republic of)","58","Gross Production Value (constant 2014-2016 thousand US$)","0141","Soya beans","2016","2016","1000 USD","93282","E","Estimated value"
"QV","Value of Agricultural Production","364","Iran (Islamic Republic of)","58","Gross Production Value (constant 2014-2016 thousand US$)","0141","Soya beans","2017","2017","1000 USD","93734","E","Estimated value"
"QV","Value of Agricultural Production","364","Iran (Islamic Republic of)","58","Gross Production Value (constant 2014-2016 thousand US$)","0141","Soya beans","2018","2018","1000 USD","107125","E","Estimated value"
"QV","Value of Agricultural Production","364","Iran (Islamic Republic of)","58","Gross Production Value (constant 2014-2016 thousand US$)","0141","Soya beans","2019","2019","1000 USD","120516","E","Estimated value"
"QV","Value of Agricultural Production","364","Iran (Islamic Republic of)","58","Gross Production Value (constant 2014-2016 thousand US$)","0141","Soya beans","2020","2020","1000 USD","127211","E","Estimated value"
"QV","Value of Agricultural Production","364","Iran (Islamic Republic of)","58","Gross Production Value (constant 2014-2016 thousand US$)","0141","Soya beans","2021","2021","1000 USD","133906","E","Estimated value"
"QV","Value of Agricultural Production","364","Iran (Islamic Republic of)","58","Gross Production Value (constant 2014-2016 thousand US$)","0141","Soya beans","2022","2022","1000 USD","140602","E","Estimated value"
"QV","Value of Agricultural Production","364","Iran (Islamic Republic of)","58","Gross Production Value (constant 2014-2016 thousand US$)","0141","Soya beans","2023","2023","1000 USD","127211","E","Estimated value"
"QV","Value of Agricultural Production","364","Iran (Islamic Republic of)","58","Gross Production Value (constant 2014-2016 thousand US$)","0141","Soya beans","2024","2024","1000 USD","133906","E","Estimated value"
"QV","Value of Agricultural Production","364","Iran (Islamic Republic of)","58","Gross Production Value (constant 2014-2016 thousand US$)","0111","Wheat","2014","2014","1000 USD","4242907","E","Estimated value"
"QV","Value of Agricultural Production","364","Iran (Islamic Republic of)","58","Gross Production Value (constant 2014-2016 thousand US$)","0111","Wheat","2015","2015","1000 USD","4621374","E","Estimated value"
"QV","Value of Agricultural Production","364","Iran (Islamic Republic of)","58","Gross Production Value (constant 2014-2016 thousand US$)","0111","Wheat","2016","2016","1000 USD","5852564","E","Estimated value"
"QV","Value of Agricultural Production","364","Iran (Islamic Republic of)","58","Gross Production Value (constant 2014-2016 thousand US$)","0111","Wheat","2017","2017","1000 USD","4973395","E","Estimated value"
"QV","Value of Agricultural Production","364","Iran (Islamic Republic of)","58","Gross Production Value (constant 2014-2016 thousand US$)","0111","Wheat","2018","2018","1000 USD","5334367","E","Estimated value"
"QV","Value of Agricultural Production","364","Iran (Islamic Republic of)","58","Gross Production Value (constant 2014-2016 thousand US$)","0111","Wheat","2019","2019","1000 USD","5500935","E","Estimated value"
"QV","Value of Agricultural Production","364","Iran (Islamic Republic of)","58","Gross Production Value (constant 2014-2016 thousand US$)","0111","Wheat","2020","2020","1000 USD","5430827","E","Estimated value"
"QV","Value of Agricultural Production","364","Iran (Islamic Republic of)","58","Gross Production Value (constant 2014-2016 thousand US$)","0111","Wheat","2021","2021","1000 USD","4464825","E","Estimated value"
"QV","Value of Agricultural Production","364","Iran (Islamic Republic of)","58","Gross Production Value (constant 2014-2016 thousand US$)","0111","Wheat","2022","2022","1000 USD","5327949","E","Estimated value"
"QV","Value of Agricultural Production","364","Iran (Islamic Republic of)","58","Gross Production Value (constant 2014-2016 thousand US$)","0111","Wheat","2023","2023","1000 USD","6665953","E","Estimated value"
"QV","Value of Agricultural Production","364","Iran (Islamic Republic of)","58","Gross Production Value (constant 2014-2016 thousand US$)","0111","Wheat","2024","2024","1000 USD","6718094","E","Estimated value"
"QV","Value of Agricultural Production","368","Iraq","58","Gross Production Value (constant 2014-2016 thousand US$)","0112","Maize (corn)","2014","2014","1000 USD","163918","E","Estimated value"
"QV","Value of Agricultural Production","368","Iraq","58","Gross Production Value (constant 2014-2016 thousand US$)","0112","Maize (corn)","2015","2015","1000 USD","103318","E","Estimated value"
"QV","Value of Agricultural Production","368","Iraq","58","Gross Production Value (constant 2014-2016 thousand US$)","0112","Maize (corn)","2016","2016","1000 USD","147065","E","Estimated value"
"QV","Value of Agricultural Production","368","Iraq","58","Gross Production Value (constant 2014-2016 thousand US$)","0112","Maize (corn)","2017","2017","1000 USD","104990","E","Estimated value"
"QV","Value of Agricultural Production","368","Iraq","58","Gross Production Value (constant 2014-2016 thousand US$)","0112","Maize (corn)","2018","2018","1000 USD","127490","E","Estimated value"
"QV","Value of Agricultural Production","368","Iraq","58","Gross Production Value (constant 2014-2016 thousand US$)","0112","Maize (corn)","2019","2019","1000 USD","268050","E","Estimated value"
"QV","Value of Agricultural Production","368","Iraq","58","Gross Production Value (constant 2014-2016 thousand US$)","0112","Maize (corn)","2020","2020","1000 USD","237611","E","Estimated value"
"QV","Value of Agricultural Production","368","Iraq","58","Gross Production Value (constant 2014-2016 thousand US$)","0112","Maize (corn)","2021","2021","1000 USD","212144","E","Estimated value"
"QV","Value of Agricultural Production","368","Iraq","58","Gross Production Value (constant 2014-2016 thousand US$)","0112","Maize (corn)","2022","2022","1000 USD","281047","E","Estimated value"
"QV","Value of Agricultural Production","368","Iraq","58","Gross Production Value (constant 2014-2016 thousand US$)","0112","Maize (corn)","2023","2023","1000 USD","304986","E","Estimated value"
"QV","Value of Agricultural Production","368","Iraq","58","Gross Production Value (constant 2014-2016 thousand US$)","0112","Maize (corn)","2024","2024","1000 USD","283312","E","Estimated value"
"QV","Value of Agricultural Production","368","Iraq","58","Gross Production Value (constant 2014-2016 thousand US$)","0113","Rice","2014","2014","1000 USD","225554","E","Estimated value"
"QV","Value of Agricultural Production","368","Iraq","58","Gross Production Value (constant 2014-2016 thousand US$)","0113","Rice","2015","2015","1000 USD","61119","E","Estimated value"
"QV","Value of Agricultural Production","368","Iraq","58","Gross Production Value (constant 2014-2016 thousand US$)","0113","Rice","2016","2016","1000 USD","101475","E","Estimated value"
"QV","Value of Agricultural Production","368","Iraq","58","Gross Production Value (constant 2014-2016 thousand US$)","0113","Rice","2017","2017","1000 USD","148784","E","Estimated value"
"QV","Value of Agricultural Production","368","Iraq","58","Gross Production Value (constant 2014-2016 thousand US$)","0113","Rice","2018","2018","1000 USD","10183","E","Estimated value"
"QV","Value of Agricultural Production","368","Iraq","58","Gross Production Value (constant 2014-2016 thousand US$)","0113","Rice","2019","2019","1000 USD","321632","E","Estimated value"
"QV","Value of Agricultural Production","368","Iraq","58","Gross Production Value (constant 2014-2016 thousand US$)","0113","Rice","2020","2020","1000 USD","259766","E","Estimated value"
"QV","Value of Agricultural Production","368","Iraq","58","Gross Production Value (constant 2014-2016 thousand US$)","0113","Rice","2021","2021","1000 USD","236431","E","Estimated value"
"QV","Value of Agricultural Production","368","Iraq","58","Gross Production Value (constant 2014-2016 thousand US$)","0113","Rice","2022","2022","1000 USD","6513","E","Estimated value"
"QV","Value of Agricultural Production","368","Iraq","58","Gross Production Value (constant 2014-2016 thousand US$)","0113","Rice","2023","2023","1000 USD","7053","E","Estimated value"
"QV","Value of Agricultural Production","368","Iraq","58","Gross Production Value (constant 2014-2016 thousand US$)","0113","Rice","2024","2024","1000 USD","127324","E","Estimated value"
"QV","Value of Agricultural Production","368","Iraq","58","Gross Production Value (constant 2014-2016 thousand US$)","0111","Wheat","2014","2014","1000 USD","2296231","E","Estimated value"
"QV","Value of Agricultural Production","368","Iraq","58","Gross Production Value (constant 2014-2016 thousand US$)","0111","Wheat","2015","2015","1000 USD","1201491","E","Estimated value"
"QV","Value of Agricultural Production","368","Iraq","58","Gross Production Value (constant 2014-2016 thousand US$)","0111","Wheat","2016","2016","1000 USD","1386765","E","Estimated value"
"QV","Value of Agricultural Production","368","Iraq","58","Gross Production Value (constant 2014-2016 thousand US$)","0111","Wheat","2017","2017","1000 USD","1350970","E","Estimated value"
"QV","Value of Agricultural Production","368","Iraq","58","Gross Production Value (constant 2014-2016 thousand US$)","0111","Wheat","2018","2018","1000 USD","989281","E","Estimated value"
"QV","Value of Agricultural Production","368","Iraq","58","Gross Production Value (constant 2014-2016 thousand US$)","0111","Wheat","2019","2019","1000 USD","1972977","E","Estimated value"
"QV","Value of Agricultural Production","368","Iraq","58","Gross Production Value (constant 2014-2016 thousand US$)","0111","Wheat","2020","2020","1000 USD","2833724","E","Estimated value"
"QV","Value of Agricultural Production","368","Iraq","58","Gross Production Value (constant 2014-2016 thousand US$)","0111","Wheat","2021","2021","1000 USD","1923120","E","Estimated value"
"QV","Value of Agricultural Production","368","Iraq","58","Gross Production Value (constant 2014-2016 thousand US$)","0111","Wheat","2022","2022","1000 USD","1255832","E","Estimated value"
"QV","Value of Agricultural Production","368","Iraq","58","Gross Production Value (constant 2014-2016 thousand US$)","0111","Wheat","2023","2023","1000 USD","1929485","E","Estimated value"
"QV","Value of Agricultural Production","368","Iraq","58","Gross Production Value (constant 2014-2016 thousand US$)","0111","Wheat","2024","2024","1000 USD","2377567","E","Estimated value"
"QV","Value of Agricultural Production","372","Ireland","58","Gross Production Value (constant 2014-2016 thousand US$)","0111","Wheat","2014","2014","1000 USD","133509","E","Estimated value"
"QV","Value of Agricultural Production","372","Ireland","58","Gross Production Value (constant 2014-2016 thousand US$)","0111","Wheat","2015","2015","1000 USD","129711","E","Estimated value"
"QV","Value of Agricultural Production","372","Ireland","58","Gross Production Value (constant 2014-2016 thousand US$)","0111","Wheat","2016","2016","1000 USD","120605","E","Estimated value"
"QV","Value of Agricultural Production","372","Ireland","58","Gross Production Value (constant 2014-2016 thousand US$)","0111","Wheat","2017","2017","1000 USD","126932","E","Estimated value"
"QV","Value of Agricultural Production","376","Israel","58","Gross Production Value (constant 2014-2016 thousand US$)","0112","Maize (corn)","2014","2014","1000 USD","181089","E","Estimated value"
"QV","Value of Agricultural Production","376","Israel","58","Gross Production Value (constant 2014-2016 thousand US$)","0112","Maize (corn)","2015","2015","1000 USD","98503","E","Estimated value"
"QV","Value of Agricultural Production","376","Israel","58","Gross Production Value (constant 2014-2016 thousand US$)","0112","Maize (corn)","2016","2016","1000 USD","88844","E","Estimated value"
"QV","Value of Agricultural Production","376","Israel","58","Gross Production Value (constant 2014-2016 thousand US$)","0112","Maize (corn)","2017","2017","1000 USD","96945","E","Estimated value"
"QV","Value of Agricultural Production","376","Israel","58","Gross Production Value (constant 2014-2016 thousand US$)","0112","Maize (corn)","2018","2018","1000 USD","82939","E","Estimated value"
"QV","Value of Agricultural Production","376","Israel","58","Gross Production Value (constant 2014-2016 thousand US$)","0112","Maize (corn)","2019","2019","1000 USD","86118","E","Estimated value"
"QV","Value of Agricultural Production","376","Israel","58","Gross Production Value (constant 2014-2016 thousand US$)","0112","Maize (corn)","2020","2020","1000 USD","82438","E","Estimated value"
"QV","Value of Agricultural Production","376","Israel","58","Gross Production Value (constant 2014-2016 thousand US$)","0112","Maize (corn)","2021","2021","1000 USD","75591","E","Estimated value"
"QV","Value of Agricultural Production","376","Israel","58","Gross Production Value (constant 2014-2016 thousand US$)","0112","Maize (corn)","2022","2022","1000 USD","55365","E","Estimated value"
"QV","Value of Agricultural Production","376","Israel","58","Gross Production Value (constant 2014-2016 thousand US$)","0112","Maize (corn)","2023","2023","1000 USD","56905","E","Estimated value"
"QV","Value of Agricultural Production","376","Israel","58","Gross Production Value (constant 2014-2016 thousand US$)","0112","Maize (corn)","2024","2024","1000 USD","48339","E","Estimated value"
"QV","Value of Agricultural Production","376","Israel","58","Gross Production Value (constant 2014-2016 thousand US$)","0111","Wheat","2014","2014","1000 USD","36594","E","Estimated value"
"QV","Value of Agricultural Production","376","Israel","58","Gross Production Value (constant 2014-2016 thousand US$)","0111","Wheat","2015","2015","1000 USD","45284","E","Estimated value"
"QV","Value of Agricultural Production","376","Israel","58","Gross Production Value (constant 2014-2016 thousand US$)","0111","Wheat","2016","2016","1000 USD","43975","E","Estimated value"
"QV","Value of Agricultural Production","376","Israel","58","Gross Production Value (constant 2014-2016 thousand US$)","0111","Wheat","2017","2017","1000 USD","18899","E","Estimated value"
"QV","Value of Agricultural Production","376","Israel","58","Gross Production Value (constant 2014-2016 thousand US$)","0111","Wheat","2018","2018","1000 USD","18454","E","Estimated value"
"QV","Value of Agricultural Production","376","Israel","58","Gross Production Value (constant 2014-2016 thousand US$)","0111","Wheat","2019","2019","1000 USD","22184","E","Estimated value"
"QV","Value of Agricultural Production","376","Israel","58","Gross Production Value (constant 2014-2016 thousand US$)","0111","Wheat","2020","2020","1000 USD","30545","E","Estimated value"
"QV","Value of Agricultural Production","376","Israel","58","Gross Production Value (constant 2014-2016 thousand US$)","0111","Wheat","2021","2021","1000 USD","39264","E","Estimated value"
"QV","Value of Agricultural Production","376","Israel","58","Gross Production Value (constant 2014-2016 thousand US$)","0111","Wheat","2022","2022","1000 USD","37065","E","Estimated value"
"QV","Value of Agricultural Production","376","Israel","58","Gross Production Value (constant 2014-2016 thousand US$)","0111","Wheat","2023","2023","1000 USD","39264","E","Estimated value"
"QV","Value of Agricultural Production","376","Israel","58","Gross Production Value (constant 2014-2016 thousand US$)","0111","Wheat","2024","2024","1000 USD","23650","E","Estimated value"
"QV","Value of Agricultural Production","380","Italy","58","Gross Production Value (constant 2014-2016 thousand US$)","0112","Maize (corn)","2014","2014","1000 USD","1942782","E","Estimated value"
"QV","Value of Agricultural Production","380","Italy","58","Gross Production Value (constant 2014-2016 thousand US$)","0112","Maize (corn)","2015","2015","1000 USD","1487415","E","Estimated value"
"QV","Value of Agricultural Production","380","Italy","58","Gross Production Value (constant 2014-2016 thousand US$)","0112","Maize (corn)","2016","2016","1000 USD","1438129","E","Estimated value"
"QV","Value of Agricultural Production","380","Italy","58","Gross Production Value (constant 2014-2016 thousand US$)","0112","Maize (corn)","2017","2017","1000 USD","1271807","E","Estimated value"
"QV","Value of Agricultural Production","380","Italy","58","Gross Production Value (constant 2014-2016 thousand US$)","0113","Rice","2014","2014","1000 USD","854053","E","Estimated value"
"QV","Value of Agricultural Production","380","Italy","58","Gross Production Value (constant 2014-2016 thousand US$)","0113","Rice","2015","2015","1000 USD","935465","E","Estimated value"
"QV","Value of Agricultural Production","380","Italy","58","Gross Production Value (constant 2014-2016 thousand US$)","0113","Rice","2016","2016","1000 USD","978052","E","Estimated value"
"QV","Value of Agricultural Production","380","Italy","58","Gross Production Value (constant 2014-2016 thousand US$)","0113","Rice","2017","2017","1000 USD","984633","E","Estimated value"
"QV","Value of Agricultural Production","380","Italy","58","Gross Production Value (constant 2014-2016 thousand US$)","0141","Soya beans","2014","2014","1000 USD","309161","E","Estimated value"
"QV","Value of Agricultural Production","380","Italy","58","Gross Production Value (constant 2014-2016 thousand US$)","0141","Soya beans","2015","2015","1000 USD","370070","E","Estimated value"
"QV","Value of Agricultural Production","380","Italy","58","Gross Production Value (constant 2014-2016 thousand US$)","0141","Soya beans","2016","2016","1000 USD","358262","E","Estimated value"
"QV","Value of Agricultural Production","380","Italy","58","Gross Production Value (constant 2014-2016 thousand US$)","0141","Soya beans","2017","2017","1000 USD","337866","E","Estimated value"
"QV","Value of Agricultural Production","380","Italy","58","Gross Production Value (constant 2014-2016 thousand US$)","0111","Wheat","2014","2014","1000 USD","1780554","E","Estimated value"
"QV","Value of Agricultural Production","380","Italy","58","Gross Production Value (constant 2014-2016 thousand US$)","0111","Wheat","2015","2015","1000 USD","1843522","E","Estimated value"
"QV","Value of Agricultural Production","380","Italy","58","Gross Production Value (constant 2014-2016 thousand US$)","0111","Wheat","2016","2016","1000 USD","2003922","E","Estimated value"
"QV","Value of Agricultural Production","380","Italy","58","Gross Production Value (constant 2014-2016 thousand US$)","0111","Wheat","2017","2017","1000 USD","1736810","E","Estimated value"
"QV","Value of Agricultural Production","388","Jamaica","58","Gross Production Value (constant 2014-2016 thousand US$)","0112","Maize (corn)","2014","2014","1000 USD","8134","E","Estimated value"
"QV","Value of Agricultural Production","388","Jamaica","58","Gross Production Value (constant 2014-2016 thousand US$)","0112","Maize (corn)","2015","2015","1000 USD","7667","E","Estimated value"
"QV","Value of Agricultural Production","388","Jamaica","58","Gross Production Value (constant 2014-2016 thousand US$)","0112","Maize (corn)","2016","2016","1000 USD","7644","E","Estimated value"
"QV","Value of Agricultural Production","388","Jamaica","58","Gross Production Value (constant 2014-2016 thousand US$)","0112","Maize (corn)","2017","2017","1000 USD","8295","E","Estimated value"
"QV","Value of Agricultural Production","388","Jamaica","58","Gross Production Value (constant 2014-2016 thousand US$)","0112","Maize (corn)","2018","2018","1000 USD","7112","E","Estimated value"
"QV","Value of Agricultural Production","388","Jamaica","58","Gross Production Value (constant 2014-2016 thousand US$)","0112","Maize (corn)","2019","2019","1000 USD","6723","E","Estimated value"
"QV","Value of Agricultural Production","388","Jamaica","58","Gross Production Value (constant 2014-2016 thousand US$)","0112","Maize (corn)","2020","2020","1000 USD","6592","E","Estimated value"
"QV","Value of Agricultural Production","388","Jamaica","58","Gross Production Value (constant 2014-2016 thousand US$)","0112","Maize (corn)","2021","2021","1000 USD","6932","E","Estimated value"
"QV","Value of Agricultural Production","388","Jamaica","58","Gross Production Value (constant 2014-2016 thousand US$)","0112","Maize (corn)","2022","2022","1000 USD","7925","E","Estimated value"
"QV","Value of Agricultural Production","388","Jamaica","58","Gross Production Value (constant 2014-2016 thousand US$)","0112","Maize (corn)","2023","2023","1000 USD","7484","E","Estimated value"
"QV","Value of Agricultural Production","388","Jamaica","58","Gross Production Value (constant 2014-2016 thousand US$)","0112","Maize (corn)","2024","2024","1000 USD","7778","E","Estimated value"
"QV","Value of Agricultural Production","388","Jamaica","58","Gross Production Value (constant 2014-2016 thousand US$)","0113","Rice","2014","2014","1000 USD","27","E","Estimated value"
"QV","Value of Agricultural Production","388","Jamaica","58","Gross Production Value (constant 2014-2016 thousand US$)","0113","Rice","2015","2015","1000 USD","22","E","Estimated value"
"QV","Value of Agricultural Production","388","Jamaica","58","Gross Production Value (constant 2014-2016 thousand US$)","0113","Rice","2016","2016","1000 USD","17","E","Estimated value"
"QV","Value of Agricultural Production","388","Jamaica","58","Gross Production Value (constant 2014-2016 thousand US$)","0113","Rice","2017","2017","1000 USD","1","E","Estimated value"
"QV","Value of Agricultural Production","388","Jamaica","58","Gross Production Value (constant 2014-2016 thousand US$)","0113","Rice","2019","2019","1000 USD","1","E","Estimated value"
"QV","Value of Agricultural Production","392","Japan","58","Gross Production Value (constant 2014-2016 thousand US$)","0112","Maize (corn)","2014","2014","1000 USD","43","E","Estimated value"
"QV","Value of Agricultural Production","392","Japan","58","Gross Production Value (constant 2014-2016 thousand US$)","0112","Maize (corn)","2015","2015","1000 USD","33","E","Estimated value"
"QV","Value of Agricultural Production","392","Japan","58","Gross Production Value (constant 2014-2016 thousand US$)","0112","Maize (corn)","2016","2016","1000 USD","39","E","Estimated value"
"QV","Value of Agricultural Production","392","Japan","58","Gross Production Value (constant 2014-2016 thousand US$)","0112","Maize (corn)","2017","2017","1000 USD","40","E","Estimated value"
"QV","Value of Agricultural Production","392","Japan","58","Gross Production Value (constant 2014-2016 thousand US$)","0112","Maize (corn)","2018","2018","1000 USD","37","E","Estimated value"
"QV","Value of Agricultural Production","392","Japan","58","Gross Production Value (constant 2014-2016 thousand US$)","0112","Maize (corn)","2019","2019","1000 USD","39","E","Estimated value"
"QV","Value of Agricultural Production","392","Japan","58","Gross Production Value (constant 2014-2016 thousand US$)","0112","Maize (corn)","2020","2020","1000 USD","40","E","Estimated value"
"QV","Value of Agricultural Production","392","Japan","58","Gross Production Value (constant 2014-2016 thousand US$)","0112","Maize (corn)","2021","2021","1000 USD","39","E","Estimated value"
"QV","Value of Agricultural Production","392","Japan","58","Gross Production Value (constant 2014-2016 thousand US$)","0112","Maize (corn)","2022","2022","1000 USD","39","E","Estimated value"
"QV","Value of Agricultural Production","392","Japan","58","Gross Production Value (constant 2014-2016 thousand US$)","0112","Maize (corn)","2023","2023","1000 USD","39","E","Estimated value"
"QV","Value of Agricultural Production","392","Japan","58","Gross Production Value (constant 2014-2016 thousand US$)","0112","Maize (corn)","2024","2024","1000 USD","39","E","Estimated value"
"QV","Value of Agricultural Production","392","Japan","58","Gross Production Value (constant 2014-2016 thousand US$)","0113","Rice","2014","2014","1000 USD","19813671","E","Estimated value"
"QV","Value of Agricultural Production","392","Japan","58","Gross Production Value (constant 2014-2016 thousand US$)","0113","Rice","2015","2015","1000 USD","19273827","E","Estimated value"
"QV","Value of Agricultural Production","392","Japan","58","Gross Production Value (constant 2014-2016 thousand US$)","0113","Rice","2016","2016","1000 USD","19289705","E","Estimated value"
"QV","Value of Agricultural Production","392","Japan","58","Gross Production Value (constant 2014-2016 thousand US$)","0113","Rice","2017","2017","1000 USD","19012726","E","Estimated value"
"QV","Value of Agricultural Production","392","Japan","58","Gross Production Value (constant 2014-2016 thousand US$)","0113","Rice","2018","2018","1000 USD","18711049","E","Estimated value"
"QV","Value of Agricultural Production","392","Japan","58","Gross Production Value (constant 2014-2016 thousand US$)","0113","Rice","2019","2019","1000 USD","18594788","E","Estimated value"
"QV","Value of Agricultural Production","392","Japan","58","Gross Production Value (constant 2014-2016 thousand US$)","0113","Rice","2020","2020","1000 USD","18481880","E","Estimated value"
"QV","Value of Agricultural Production","392","Japan","58","Gross Production Value (constant 2014-2016 thousand US$)","0113","Rice","2021","2021","1000 USD","18729044","E","Estimated value"
"QV","Value of Agricultural Production","392","Japan","58","Gross Production Value (constant 2014-2016 thousand US$)","0113","Rice","2022","2022","1000 USD","18437599","E","Estimated value"
"QV","Value of Agricultural Production","392","Japan","58","Gross Production Value (constant 2014-2016 thousand US$)","0113","Rice","2023","2023","1000 USD","17881877","E","Estimated value"
"QV","Value of Agricultural Production","392","Japan","58","Gross Production Value (constant 2014-2016 thousand US$)","0113","Rice","2024","2024","1000 USD","17892463","E","Estimated value"
"QV","Value of Agricultural Production","392","Japan","58","Gross Production Value (constant 2014-2016 thousand US$)","0141","Soya beans","2014","2014","1000 USD","321040","E","Estimated value"
"QV","Value of Agricultural Production","392","Japan","58","Gross Production Value (constant 2014-2016 thousand US$)","0141","Soya beans","2015","2015","1000 USD","336690","E","Estimated value"
"QV","Value of Agricultural Production","392","Japan","58","Gross Production Value (constant 2014-2016 thousand US$)","0141","Soya beans","2016","2016","1000 USD","329627","E","Estimated value"
"QV","Value of Agricultural Production","392","Japan","58","Gross Production Value (constant 2014-2016 thousand US$)","0141","Soya beans","2017","2017","1000 USD","350402","E","Estimated value"
"QV","Value of Agricultural Production","392","Japan","58","Gross Production Value (constant 2014-2016 thousand US$)","0141","Soya beans","2018","2018","1000 USD","292648","E","Estimated value"
"QV","Value of Agricultural Production","392","Japan","58","Gross Production Value (constant 2014-2016 thousand US$)","0141","Soya beans","2019","2019","1000 USD","301650","E","Estimated value"
"QV","Value of Agricultural Production","392","Japan","58","Gross Production Value (constant 2014-2016 thousand US$)","0141","Soya beans","2020","2020","1000 USD","303174","E","Estimated value"
"QV","Value of Agricultural Production","392","Japan","58","Gross Production Value (constant 2014-2016 thousand US$)","0141","Soya beans","2021","2021","1000 USD","341399","E","Estimated value"
"QV","Value of Agricultural Production","392","Japan","58","Gross Production Value (constant 2014-2016 thousand US$)","0141","Soya beans","2022","2022","1000 USD","336275","E","Estimated value"
"QV","Value of Agricultural Production","392","Japan","58","Gross Production Value (constant 2014-2016 thousand US$)","0141","Soya beans","2023","2023","1000 USD","361205","E","Estimated value"
"QV","Value of Agricultural Production","392","Japan","58","Gross Production Value (constant 2014-2016 thousand US$)","0141","Soya beans","2024","2024","1000 USD","349571","E","Estimated value"
"QV","Value of Agricultural Production","392","Japan","58","Gross Production Value (constant 2014-2016 thousand US$)","0111","Wheat","2014","2014","1000 USD","231396","E","Estimated value"
"QV","Value of Agricultural Production","392","Japan","58","Gross Production Value (constant 2014-2016 thousand US$)","0111","Wheat","2015","2015","1000 USD","272550","E","Estimated value"
"QV","Value of Agricultural Production","392","Japan","58","Gross Production Value (constant 2014-2016 thousand US$)","0111","Wheat","2016","2016","1000 USD","214674","E","Estimated value"
"QV","Value of Agricultural Production","392","Japan","58","Gross Production Value (constant 2014-2016 thousand US$)","0111","Wheat","2017","2017","1000 USD","246137","E","Estimated value"
"QV","Value of Agricultural Production","392","Japan","58","Gross Production Value (constant 2014-2016 thousand US$)","0111","Wheat","2018","2018","1000 USD","207643","E","Estimated value"
"QV","Value of Agricultural Production","392","Japan","58","Gross Production Value (constant 2014-2016 thousand US$)","0111","Wheat","2019","2019","1000 USD","281508","E","Estimated value"
"QV","Value of Agricultural Production","392","Japan","58","Gross Production Value (constant 2014-2016 thousand US$)","0111","Wheat","2020","2020","1000 USD","257701","E","Estimated value"
"QV","Value of Agricultural Production","392","Japan","58","Gross Production Value (constant 2014-2016 thousand US$)","0111","Wheat","2021","2021","1000 USD","297796","E","Estimated value"
"QV","Value of Agricultural Production","392","Japan","58","Gross Production Value (constant 2014-2016 thousand US$)","0111","Wheat","2022","2022","1000 USD","269700","E","Estimated value"
"QV","Value of Agricultural Production","392","Japan","58","Gross Production Value (constant 2014-2016 thousand US$)","0111","Wheat","2023","2023","1000 USD","296982","E","Estimated value"
"QV","Value of Agricultural Production","392","Japan","58","Gross Production Value (constant 2014-2016 thousand US$)","0111","Wheat","2024","2024","1000 USD","279337","E","Estimated value"
"QV","Value of Agricultural Production","400","Jordan","58","Gross Production Value (constant 2014-2016 thousand US$)","0111","Wheat","2014","2014","1000 USD","15164","E","Estimated value"
"QV","Value of Agricultural Production","400","Jordan","58","Gross Production Value (constant 2014-2016 thousand US$)","0111","Wheat","2015","2015","1000 USD","12111","E","Estimated value"
"QV","Value of Agricultural Production","400","Jordan","58","Gross Production Value (constant 2014-2016 thousand US$)","0111","Wheat","2016","2016","1000 USD","17206","E","Estimated value"
"QV","Value of Agricultural Production","400","Jordan","58","Gross Production Value (constant 2014-2016 thousand US$)","0111","Wheat","2017","2017","1000 USD","6689","E","Estimated value"
"QV","Value of Agricultural Production","400","Jordan","58","Gross Production Value (constant 2014-2016 thousand US$)","0111","Wheat","2018","2018","1000 USD","9053","E","Estimated value"
"QV","Value of Agricultural Production","400","Jordan","58","Gross Production Value (constant 2014-2016 thousand US$)","0111","Wheat","2019","2019","1000 USD","14561","E","Estimated value"
"QV","Value of Agricultural Production","400","Jordan","58","Gross Production Value (constant 2014-2016 thousand US$)","0111","Wheat","2020","2020","1000 USD","14223","E","Estimated value"
"QV","Value of Agricultural Production","400","Jordan","58","Gross Production Value (constant 2014-2016 thousand US$)","0111","Wheat","2021","2021","1000 USD","14254","E","Estimated value"
"QV","Value of Agricultural Production","400","Jordan","58","Gross Production Value (constant 2014-2016 thousand US$)","0111","Wheat","2022","2022","1000 USD","11521","E","Estimated value"
"QV","Value of Agricultural Production","400","Jordan","58","Gross Production Value (constant 2014-2016 thousand US$)","0111","Wheat","2023","2023","1000 USD","14747","E","Estimated value"
"QV","Value of Agricultural Production","400","Jordan","58","Gross Production Value (constant 2014-2016 thousand US$)","0111","Wheat","2024","2024","1000 USD","19017","E","Estimated value"
"QV","Value of Agricultural Production","398","Kazakhstan","58","Gross Production Value (constant 2014-2016 thousand US$)","0112","Maize (corn)","2014","2014","1000 USD","95917","E","Estimated value"
"QV","Value of Agricultural Production","398","Kazakhstan","58","Gross Production Value (constant 2014-2016 thousand US$)","0112","Maize (corn)","2015","2015","1000 USD","106043","E","Estimated value"
"QV","Value of Agricultural Production","398","Kazakhstan","58","Gross Production Value (constant 2014-2016 thousand US$)","0112","Maize (corn)","2016","2016","1000 USD","110126","E","Estimated value"
"QV","Value of Agricultural Production","398","Kazakhstan","58","Gross Production Value (constant 2014-2016 thousand US$)","0112","Maize (corn)","2017","2017","1000 USD","113353","E","Estimated value"
"QV","Value of Agricultural Production","398","Kazakhstan","58","Gross Production Value (constant 2014-2016 thousand US$)","0112","Maize (corn)","2018","2018","1000 USD","124533","E","Estimated value"
"QV","Value of Agricultural Production","398","Kazakhstan","58","Gross Production Value (constant 2014-2016 thousand US$)","0112","Maize (corn)","2019","2019","1000 USD","129428","E","Estimated value"
"QV","Value of Agricultural Production","398","Kazakhstan","58","Gross Production Value (constant 2014-2016 thousand US$)","0112","Maize (corn)","2020","2020","1000 USD","138403","E","Estimated value"
"QV","Value of Agricultural Production","398","Kazakhstan","58","Gross Production Value (constant 2014-2016 thousand US$)","0112","Maize (corn)","2021","2021","1000 USD","163163","E","Estimated value"
"QV","Value of Agricultural Production","398","Kazakhstan","58","Gross Production Value (constant 2014-2016 thousand US$)","0112","Maize (corn)","2022","2022","1000 USD","158617","E","Estimated value"
"QV","Value of Agricultural Production","398","Kazakhstan","58","Gross Production Value (constant 2014-2016 thousand US$)","0112","Maize (corn)","2023","2023","1000 USD","171768","E","Estimated value"
"QV","Value of Agricultural Production","398","Kazakhstan","58","Gross Production Value (constant 2014-2016 thousand US$)","0112","Maize (corn)","2024","2024","1000 USD","145201","E","Estimated value"
"QV","Value of Agricultural Production","398","Kazakhstan","58","Gross Production Value (constant 2014-2016 thousand US$)","0113","Rice","2014","2014","1000 USD","84293","E","Estimated value"
"QV","Value of Agricultural Production","398","Kazakhstan","58","Gross Production Value (constant 2014-2016 thousand US$)","0113","Rice","2015","2015","1000 USD","94395","E","Estimated value"
"QV","Value of Agricultural Production","398","Kazakhstan","58","Gross Production Value (constant 2014-2016 thousand US$)","0113","Rice","2016","2016","1000 USD","100119","E","Estimated value"
"QV","Value of Agricultural Production","398","Kazakhstan","58","Gross Production Value (constant 2014-2016 thousand US$)","0113","Rice","2017","2017","1000 USD","109432","E","Estimated value"
"QV","Value of Agricultural Production","398","Kazakhstan","58","Gross Production Value (constant 2014-2016 thousand US$)","0113","Rice","2018","2018","1000 USD","107970","E","Estimated value"
"QV","Value of Agricultural Production","398","Kazakhstan","58","Gross Production Value (constant 2014-2016 thousand US$)","0113","Rice","2019","2019","1000 USD","125346","E","Estimated value"
"QV","Value of Agricultural Production","398","Kazakhstan","58","Gross Production Value (constant 2014-2016 thousand US$)","0113","Rice","2020","2020","1000 USD","124476","E","Estimated value"
"QV","Value of Agricultural Production","398","Kazakhstan","58","Gross Production Value (constant 2014-2016 thousand US$)","0113","Rice","2021","2021","1000 USD","112626","E","Estimated value"
"QV","Value of Agricultural Production","398","Kazakhstan","58","Gross Production Value (constant 2014-2016 thousand US$)","0113","Rice","2022","2022","1000 USD","96444","E","Estimated value"
"QV","Value of Agricultural Production","398","Kazakhstan","58","Gross Production Value (constant 2014-2016 thousand US$)","0113","Rice","2023","2023","1000 USD","108470","E","Estimated value"
"QV","Value of Agricultural Production","398","Kazakhstan","58","Gross Production Value (constant 2014-2016 thousand US$)","0113","Rice","2024","2024","1000 USD","114685","E","Estimated value"
"QV","Value of Agricultural Production","398","Kazakhstan","58","Gross Production Value (constant 2014-2016 thousand US$)","0141","Soya beans","2014","2014","1000 USD","66747","E","Estimated value"
"QV","Value of Agricultural Production","398","Kazakhstan","58","Gross Production Value (constant 2014-2016 thousand US$)","0141","Soya beans","2015","2015","1000 USD","67496","E","Estimated value"
"QV","Value of Agricultural Production","398","Kazakhstan","58","Gross Production Value (constant 2014-2016 thousand US$)","0141","Soya beans","2016","2016","1000 USD","70809","E","Estimated value"
"QV","Value of Agricultural Production","398","Kazakhstan","58","Gross Production Value (constant 2014-2016 thousand US$)","0141","Soya beans","2017","2017","1000 USD","77288","E","Estimated value"
"QV","Value of Agricultural Production","398","Kazakhstan","58","Gross Production Value (constant 2014-2016 thousand US$)","0141","Soya beans","2018","2018","1000 USD","78243","E","Estimated value"
"QV","Value of Agricultural Production","398","Kazakhstan","58","Gross Production Value (constant 2014-2016 thousand US$)","0141","Soya beans","2019","2019","1000 USD","86436","E","Estimated value"
"QV","Value of Agricultural Production","398","Kazakhstan","58","Gross Production Value (constant 2014-2016 thousand US$)","0141","Soya beans","2020","2020","1000 USD","79836","E","Estimated value"
"QV","Value of Agricultural Production","398","Kazakhstan","58","Gross Production Value (constant 2014-2016 thousand US$)","0141","Soya beans","2021","2021","1000 USD","72854","E","Estimated value"
"QV","Value of Agricultural Production","398","Kazakhstan","58","Gross Production Value (constant 2014-2016 thousand US$)","0141","Soya beans","2022","2022","1000 USD","76695","E","Estimated value"
"QV","Value of Agricultural Production","398","Kazakhstan","58","Gross Production Value (constant 2014-2016 thousand US$)","0141","Soya beans","2023","2023","1000 USD","62463","E","Estimated value"
"QV","Value of Agricultural Production","398","Kazakhstan","58","Gross Production Value (constant 2014-2016 thousand US$)","0141","Soya beans","2024","2024","1000 USD","63560","E","Estimated value"
"QV","Value of Agricultural Production","398","Kazakhstan","58","Gross Production Value (constant 2014-2016 thousand US$)","0111","Wheat","2014","2014","1000 USD","1838542","E","Estimated value"
"QV","Value of Agricultural Production","398","Kazakhstan","58","Gross Production Value (constant 2014-2016 thousand US$)","0111","Wheat","2015","2015","1000 USD","1944652","E","Estimated value"
"QV","Value of Agricultural Production","398","Kazakhstan","58","Gross Production Value (constant 2014-2016 thousand US$)","0111","Wheat","2016","2016","1000 USD","2119838","E","Estimated value"
"QV","Value of Agricultural Production","398","Kazakhstan","58","Gross Production Value (constant 2014-2016 thousand US$)","0111","Wheat","2017","2017","1000 USD","2094020","E","Estimated value"
"QV","Value of Agricultural Production","398","Kazakhstan","58","Gross Production Value (constant 2014-2016 thousand US$)","0111","Wheat","2018","2018","1000 USD","1972540","E","Estimated value"
"QV","Value of Agricultural Production","398","Kazakhstan","58","Gross Production Value (constant 2014-2016 thousand US$)","0111","Wheat","2019","2019","1000 USD","1619955","E","Estimated value"
"QV","Value of Agricultural Production","398","Kazakhstan","58","Gross Production Value (constant 2014-2016 thousand US$)","0111","Wheat","2020","2020","1000 USD","2016936","E","Estimated value"
"QV","Value of Agricultural Production","398","Kazakhstan","58","Gross Production Value (constant 2014-2016 thousand US$)","0111","Wheat","2021","2021","1000 USD","1671231","E","Estimated value"
"QV","Value of Agricultural Production","398","Kazakhstan","58","Gross Production Value (constant 2014-2016 thousand US$)","0111","Wheat","2022","2022","1000 USD","2320587","E","Estimated value"
"QV","Value of Agricultural Production","398","Kazakhstan","58","Gross Production Value (constant 2014-2016 thousand US$)","0111","Wheat","2023","2023","1000 USD","1713215","E","Estimated value"
"QV","Value of Agricultural Production","398","Kazakhstan","58","Gross Production Value (constant 2014-2016 thousand US$)","0111","Wheat","2024","2024","1000 USD","2627868","E","Estimated value"
"QV","Value of Agricultural Production","404","Kenya","58","Gross Production Value (constant 2014-2016 thousand US$)","0112","Maize (corn)","2014","2014","1000 USD","1126847","E","Estimated value"
"QV","Value of Agricultural Production","404","Kenya","58","Gross Production Value (constant 2014-2016 thousand US$)","0112","Maize (corn)","2015","2015","1000 USD","1226866","E","Estimated value"
"QV","Value of Agricultural Production","404","Kenya","58","Gross Production Value (constant 2014-2016 thousand US$)","0112","Maize (corn)","2016","2016","1000 USD","1070982","E","Estimated value"
"QV","Value of Agricultural Production","404","Kenya","58","Gross Production Value (constant 2014-2016 thousand US$)","0112","Maize (corn)","2017","2017","1000 USD","1021907","E","Estimated value"
"QV","Value of Agricultural Production","404","Kenya","58","Gross Production Value (constant 2014-2016 thousand US$)","0112","Maize (corn)","2018","2018","1000 USD","1287416","E","Estimated value"
"QV","Value of Agricultural Production","404","Kenya","58","Gross Production Value (constant 2014-2016 thousand US$)","0112","Maize (corn)","2019","2019","1000 USD","1148924","E","Estimated value"
"QV","Value of Agricultural Production","404","Kenya","58","Gross Production Value (constant 2014-2016 thousand US$)","0112","Maize (corn)","2020","2020","1000 USD","1215319","E","Estimated value"
"QV","Value of Agricultural Production","404","Kenya","58","Gross Production Value (constant 2014-2016 thousand US$)","0112","Maize (corn)","2021","2021","1000 USD","1059894","E","Estimated value"
"QV","Value of Agricultural Production","404","Kenya","58","Gross Production Value (constant 2014-2016 thousand US$)","0112","Maize (corn)","2022","2022","1000 USD","988620","E","Estimated value"
"QV","Value of Agricultural Production","404","Kenya","58","Gross Production Value (constant 2014-2016 thousand US$)","0112","Maize (corn)","2023","2023","1000 USD","1374477","E","Estimated value"
"QV","Value of Agricultural Production","404","Kenya","58","Gross Production Value (constant 2014-2016 thousand US$)","0112","Maize (corn)","2024","2024","1000 USD","1290375","E","Estimated value"
"QV","Value of Agricultural Production","404","Kenya","58","Gross Production Value (constant 2014-2016 thousand US$)","0113","Rice","2014","2014","1000 USD","62689","E","Estimated value"
"QV","Value of Agricultural Production","404","Kenya","58","Gross Production Value (constant 2014-2016 thousand US$)","0113","Rice","2015","2015","1000 USD","65039","E","Estimated value"
"QV","Value of Agricultural Production","404","Kenya","58","Gross Production Value (constant 2014-2016 thousand US$)","0113","Rice","2016","2016","1000 USD","56684","E","Estimated value"
"QV","Value of Agricultural Production","404","Kenya","58","Gross Production Value (constant 2014-2016 thousand US$)","0113","Rice","2017","2017","1000 USD","45342","E","Estimated value"
"QV","Value of Agricultural Production","404","Kenya","58","Gross Production Value (constant 2014-2016 thousand US$)","0113","Rice","2018","2018","1000 USD","62880","E","Estimated value"
"QV","Value of Agricultural Production","404","Kenya","58","Gross Production Value (constant 2014-2016 thousand US$)","0113","Rice","2019","2019","1000 USD","89672","E","Estimated value"
"QV","Value of Agricultural Production","404","Kenya","58","Gross Production Value (constant 2014-2016 thousand US$)","0113","Rice","2020","2020","1000 USD","101010","E","Estimated value"
"QV","Value of Agricultural Production","404","Kenya","58","Gross Production Value (constant 2014-2016 thousand US$)","0113","Rice","2021","2021","1000 USD","103864","E","Estimated value"
"QV","Value of Agricultural Production","404","Kenya","58","Gross Production Value (constant 2014-2016 thousand US$)","0113","Rice","2022","2022","1000 USD","107381","E","Estimated value"
"QV","Value of Agricultural Production","404","Kenya","58","Gross Production Value (constant 2014-2016 thousand US$)","0113","Rice","2023","2023","1000 USD","127911","E","Estimated value"
"QV","Value of Agricultural Production","404","Kenya","58","Gross Production Value (constant 2014-2016 thousand US$)","0113","Rice","2024","2024","1000 USD","157556","E","Estimated value"
"QV","Value of Agricultural Production","404","Kenya","58","Gross Production Value (constant 2014-2016 thousand US$)","0111","Wheat","2014","2014","1000 USD","85963","E","Estimated value"
"QV","Value of Agricultural Production","404","Kenya","58","Gross Production Value (constant 2014-2016 thousand US$)","0111","Wheat","2015","2015","1000 USD","89606","E","Estimated value"
"QV","Value of Agricultural Production","404","Kenya","58","Gross Production Value (constant 2014-2016 thousand US$)","0111","Wheat","2016","2016","1000 USD","80630","E","Estimated value"
"QV","Value of Agricultural Production","404","Kenya","58","Gross Production Value (constant 2014-2016 thousand US$)","0111","Wheat","2017","2017","1000 USD","62041","E","Estimated value"
"QV","Value of Agricultural Production","404","Kenya","58","Gross Production Value (constant 2014-2016 thousand US$)","0111","Wheat","2018","2018","1000 USD","126410","E","Estimated value"
"QV","Value of Agricultural Production","404","Kenya","58","Gross Production Value (constant 2014-2016 thousand US$)","0111","Wheat","2019","2019","1000 USD","137526","E","Estimated value"
"QV","Value of Agricultural Production","404","Kenya","58","Gross Production Value (constant 2014-2016 thousand US$)","0111","Wheat","2020","2020","1000 USD","151985","E","Estimated value"
"QV","Value of Agricultural Production","404","Kenya","58","Gross Production Value (constant 2014-2016 thousand US$)","0111","Wheat","2021","2021","1000 USD","131105","E","Estimated value"
"QV","Value of Agricultural Production","404","Kenya","58","Gross Production Value (constant 2014-2016 thousand US$)","0111","Wheat","2022","2022","1000 USD","138464","E","Estimated value"
"QV","Value of Agricultural Production","404","Kenya","58","Gross Production Value (constant 2014-2016 thousand US$)","0111","Wheat","2023","2023","1000 USD","116230","E","Estimated value"
"QV","Value of Agricultural Production","404","Kenya","58","Gross Production Value (constant 2014-2016 thousand US$)","0111","Wheat","2024","2024","1000 USD","117247","E","Estimated value"
"QV","Value of Agricultural Production","414","Kuwait","58","Gross Production Value (constant 2014-2016 thousand US$)","0112","Maize (corn)","2014","2014","1000 USD","37846","E","Estimated value"
"QV","Value of Agricultural Production","414","Kuwait","58","Gross Production Value (constant 2014-2016 thousand US$)","0112","Maize (corn)","2015","2015","1000 USD","5252","E","Estimated value"
"QV","Value of Agricultural Production","414","Kuwait","58","Gross Production Value (constant 2014-2016 thousand US$)","0112","Maize (corn)","2016","2016","1000 USD","2320","E","Estimated value"
"QV","Value of Agricultural Production","414","Kuwait","58","Gross Production Value (constant 2014-2016 thousand US$)","0112","Maize (corn)","2017","2017","1000 USD","3020","E","Estimated value"
"QV","Value of Agricultural Production","414","Kuwait","58","Gross Production Value (constant 2014-2016 thousand US$)","0112","Maize (corn)","2018","2018","1000 USD","6979","E","Estimated value"
"QV","Value of Agricultural Production","414","Kuwait","58","Gross Production Value (constant 2014-2016 thousand US$)","0112","Maize (corn)","2019","2019","1000 USD","20294","E","Estimated value"
"QV","Value of Agricultural Production","414","Kuwait","58","Gross Production Value (constant 2014-2016 thousand US$)","0112","Maize (corn)","2020","2020","1000 USD","20294","E","Estimated value"
"QV","Value of Agricultural Production","414","Kuwait","58","Gross Production Value (constant 2014-2016 thousand US$)","0112","Maize (corn)","2021","2021","1000 USD","15753","E","Estimated value"
"QV","Value of Agricultural Production","414","Kuwait","58","Gross Production Value (constant 2014-2016 thousand US$)","0112","Maize (corn)","2022","2022","1000 USD","17743","E","Estimated value"
"QV","Value of Agricultural Production","414","Kuwait","58","Gross Production Value (constant 2014-2016 thousand US$)","0112","Maize (corn)","2023","2023","1000 USD","20631","E","Estimated value"
"QV","Value of Agricultural Production","414","Kuwait","58","Gross Production Value (constant 2014-2016 thousand US$)","0112","Maize (corn)","2024","2024","1000 USD","23629","E","Estimated value"
"QV","Value of Agricultural Production","414","Kuwait","58","Gross Production Value (constant 2014-2016 thousand US$)","0111","Wheat","2014","2014","1000 USD","44","E","Estimated value"
"QV","Value of Agricultural Production","414","Kuwait","58","Gross Production Value (constant 2014-2016 thousand US$)","0111","Wheat","2015","2015","1000 USD","35","E","Estimated value"
"QV","Value of Agricultural Production","414","Kuwait","58","Gross Production Value (constant 2014-2016 thousand US$)","0111","Wheat","2016","2016","1000 USD","9","E","Estimated value"
"QV","Value of Agricultural Production","414","Kuwait","58","Gross Production Value (constant 2014-2016 thousand US$)","0111","Wheat","2017","2017","1000 USD","17","E","Estimated value"
"QV","Value of Agricultural Production","414","Kuwait","58","Gross Production Value (constant 2014-2016 thousand US$)","0111","Wheat","2018","2018","1000 USD","7","E","Estimated value"
"QV","Value of Agricultural Production","414","Kuwait","58","Gross Production Value (constant 2014-2016 thousand US$)","0111","Wheat","2019","2019","1000 USD","44","E","Estimated value"
"QV","Value of Agricultural Production","414","Kuwait","58","Gross Production Value (constant 2014-2016 thousand US$)","0111","Wheat","2020","2020","1000 USD","55","E","Estimated value"
"QV","Value of Agricultural Production","414","Kuwait","58","Gross Production Value (constant 2014-2016 thousand US$)","0111","Wheat","2021","2021","1000 USD","31","E","Estimated value"
"QV","Value of Agricultural Production","414","Kuwait","58","Gross Production Value (constant 2014-2016 thousand US$)","0111","Wheat","2022","2022","1000 USD","31","E","Estimated value"
"QV","Value of Agricultural Production","414","Kuwait","58","Gross Production Value (constant 2014-2016 thousand US$)","0111","Wheat","2023","2023","1000 USD","37","E","Estimated value"
"QV","Value of Agricultural Production","414","Kuwait","58","Gross Production Value (constant 2014-2016 thousand US$)","0111","Wheat","2024","2024","1000 USD","43","E","Estimated value"
"QV","Value of Agricultural Production","417","Kyrgyzstan","58","Gross Production Value (constant 2014-2016 thousand US$)","0112","Maize (corn)","2014","2014","1000 USD","130993","E","Estimated value"
"QV","Value of Agricultural Production","417","Kyrgyzstan","58","Gross Production Value (constant 2014-2016 thousand US$)","0112","Maize (corn)","2015","2015","1000 USD","151203","E","Estimated value"
"QV","Value of Agricultural Production","417","Kyrgyzstan","58","Gross Production Value (constant 2014-2016 thousand US$)","0112","Maize (corn)","2016","2016","1000 USD","152804","E","Estimated value"
"QV","Value of Agricultural Production","417","Kyrgyzstan","58","Gross Production Value (constant 2014-2016 thousand US$)","0112","Maize (corn)","2017","2017","1000 USD","153890","E","Estimated value"
"QV","Value of Agricultural Production","417","Kyrgyzstan","58","Gross Production Value (constant 2014-2016 thousand US$)","0112","Maize (corn)","2018","2018","1000 USD","163199","E","Estimated value"
"QV","Value of Agricultural Production","417","Kyrgyzstan","58","Gross Production Value (constant 2014-2016 thousand US$)","0112","Maize (corn)","2019","2019","1000 USD","167653","E","Estimated value"
"QV","Value of Agricultural Production","417","Kyrgyzstan","58","Gross Production Value (constant 2014-2016 thousand US$)","0112","Maize (corn)","2020","2020","1000 USD","168195","E","Estimated value"
"QV","Value of Agricultural Production","417","Kyrgyzstan","58","Gross Production Value (constant 2014-2016 thousand US$)","0112","Maize (corn)","2021","2021","1000 USD","162790","E","Estimated value"
"QV","Value of Agricultural Production","417","Kyrgyzstan","58","Gross Production Value (constant 2014-2016 thousand US$)","0112","Maize (corn)","2022","2022","1000 USD","172563","E","Estimated value"
"QV","Value of Agricultural Production","417","Kyrgyzstan","58","Gross Production Value (constant 2014-2016 thousand US$)","0112","Maize (corn)","2023","2023","1000 USD","188416","E","Estimated value"
"QV","Value of Agricultural Production","417","Kyrgyzstan","58","Gross Production Value (constant 2014-2016 thousand US$)","0112","Maize (corn)","2024","2024","1000 USD","189668","E","Estimated value"
"QV","Value of Agricultural Production","417","Kyrgyzstan","58","Gross Production Value (constant 2014-2016 thousand US$)","0113","Rice","2014","2014","1000 USD","34752","E","Estimated value"
"QV","Value of Agricultural Production","417","Kyrgyzstan","58","Gross Production Value (constant 2014-2016 thousand US$)","0113","Rice","2015","2015","1000 USD","37187","E","Estimated value"
"QV","Value of Agricultural Production","417","Kyrgyzstan","58","Gross Production Value (constant 2014-2016 thousand US$)","0113","Rice","2016","2016","1000 USD","42897","E","Estimated value"
"QV","Value of Agricultural Production","417","Kyrgyzstan","58","Gross Production Value (constant 2014-2016 thousand US$)","0113","Rice","2017","2017","1000 USD","47000","E","Estimated value"
"QV","Value of Agricultural Production","417","Kyrgyzstan","58","Gross Production Value (constant 2014-2016 thousand US$)","0113","Rice","2018","2018","1000 USD","50205","E","Estimated value"
"QV","Value of Agricultural Production","417","Kyrgyzstan","58","Gross Production Value (constant 2014-2016 thousand US$)","0113","Rice","2019","2019","1000 USD","50742","E","Estimated value"
"QV","Value of Agricultural Production","417","Kyrgyzstan","58","Gross Production Value (constant 2014-2016 thousand US$)","0113","Rice","2020","2020","1000 USD","54748","E","Estimated value"
"QV","Value of Agricultural Production","417","Kyrgyzstan","58","Gross Production Value (constant 2014-2016 thousand US$)","0113","Rice","2021","2021","1000 USD","57043","E","Estimated value"
"QV","Value of Agricultural Production","417","Kyrgyzstan","58","Gross Production Value (constant 2014-2016 thousand US$)","0113","Rice","2022","2022","1000 USD","54471","E","Estimated value"
"QV","Value of Agricultural Production","417","Kyrgyzstan","58","Gross Production Value (constant 2014-2016 thousand US$)","0113","Rice","2023","2023","1000 USD","57569","E","Estimated value"
"QV","Value of Agricultural Production","417","Kyrgyzstan","58","Gross Production Value (constant 2014-2016 thousand US$)","0113","Rice","2024","2024","1000 USD","59203","E","Estimated value"
"QV","Value of Agricultural Production","417","Kyrgyzstan","58","Gross Production Value (constant 2014-2016 thousand US$)","0141","Soya beans","2014","2014","1000 USD","114","E","Estimated value"
"QV","Value of Agricultural Production","417","Kyrgyzstan","58","Gross Production Value (constant 2014-2016 thousand US$)","0141","Soya beans","2015","2015","1000 USD","198","E","Estimated value"
"QV","Value of Agricultural Production","417","Kyrgyzstan","58","Gross Production Value (constant 2014-2016 thousand US$)","0141","Soya beans","2016","2016","1000 USD","233","E","Estimated value"
"QV","Value of Agricultural Production","417","Kyrgyzstan","58","Gross Production Value (constant 2014-2016 thousand US$)","0141","Soya beans","2017","2017","1000 USD","659","E","Estimated value"
"QV","Value of Agricultural Production","417","Kyrgyzstan","58","Gross Production Value (constant 2014-2016 thousand US$)","0141","Soya beans","2018","2018","1000 USD","539","E","Estimated value"
"QV","Value of Agricultural Production","417","Kyrgyzstan","58","Gross Production Value (constant 2014-2016 thousand US$)","0141","Soya beans","2019","2019","1000 USD","532","E","Estimated value"
"QV","Value of Agricultural Production","417","Kyrgyzstan","58","Gross Production Value (constant 2014-2016 thousand US$)","0141","Soya beans","2020","2020","1000 USD","445","E","Estimated value"
"QV","Value of Agricultural Production","417","Kyrgyzstan","58","Gross Production Value (constant 2014-2016 thousand US$)","0141","Soya beans","2021","2021","1000 USD","528","E","Estimated value"
"QV","Value of Agricultural Production","417","Kyrgyzstan","58","Gross Production Value (constant 2014-2016 thousand US$)","0141","Soya beans","2022","2022","1000 USD","577","E","Estimated value"
"QV","Value of Agricultural Production","417","Kyrgyzstan","58","Gross Production Value (constant 2014-2016 thousand US$)","0141","Soya beans","2023","2023","1000 USD","502","E","Estimated value"
"QV","Value of Agricultural Production","417","Kyrgyzstan","58","Gross Production Value (constant 2014-2016 thousand US$)","0141","Soya beans","2024","2024","1000 USD","478","E","Estimated value"
"QV","Value of Agricultural Production","417","Kyrgyzstan","58","Gross Production Value (constant 2014-2016 thousand US$)","0111","Wheat","2014","2014","1000 USD","127041","E","Estimated value"
"QV","Value of Agricultural Production","417","Kyrgyzstan","58","Gross Production Value (constant 2014-2016 thousand US$)","0111","Wheat","2015","2015","1000 USD","156291","E","Estimated value"
"QV","Value of Agricultural Production","417","Kyrgyzstan","58","Gross Production Value (constant 2014-2016 thousand US$)","0111","Wheat","2016","2016","1000 USD","146733","E","Estimated value"
"QV","Value of Agricultural Production","417","Kyrgyzstan","58","Gross Production Value (constant 2014-2016 thousand US$)","0111","Wheat","2017","2017","1000 USD","133310","E","Estimated value"
"QV","Value of Agricultural Production","417","Kyrgyzstan","58","Gross Production Value (constant 2014-2016 thousand US$)","0111","Wheat","2018","2018","1000 USD","136621","E","Estimated value"
"QV","Value of Agricultural Production","417","Kyrgyzstan","58","Gross Production Value (constant 2014-2016 thousand US$)","0111","Wheat","2019","2019","1000 USD","133359","E","Estimated value"
"QV","Value of Agricultural Production","417","Kyrgyzstan","58","Gross Production Value (constant 2014-2016 thousand US$)","0111","Wheat","2020","2020","1000 USD","139533","E","Estimated value"
"QV","Value of Agricultural Production","417","Kyrgyzstan","58","Gross Production Value (constant 2014-2016 thousand US$)","0111","Wheat","2021","2021","1000 USD","80455","E","Estimated value"
"QV","Value of Agricultural Production","417","Kyrgyzstan","58","Gross Production Value (constant 2014-2016 thousand US$)","0111","Wheat","2022","2022","1000 USD","131427","E","Estimated value"
"QV","Value of Agricultural Production","417","Kyrgyzstan","58","Gross Production Value (constant 2014-2016 thousand US$)","0111","Wheat","2023","2023","1000 USD","97690","E","Estimated value"
"QV","Value of Agricultural Production","417","Kyrgyzstan","58","Gross Production Value (constant 2014-2016 thousand US$)","0111","Wheat","2024","2024","1000 USD","147469","E","Estimated value"
"QV","Value of Agricultural Production","418","Lao People's Democratic Republic","58","Gross Production Value (constant 2014-2016 thousand US$)","0112","Maize (corn)","2014","2014","1000 USD","268657","E","Estimated value"
"QV","Value of Agricultural Production","418","Lao People's Democratic Republic","58","Gross Production Value (constant 2014-2016 thousand US$)","0112","Maize (corn)","2015","2015","1000 USD","288402","E","Estimated value"
"QV","Value of Agricultural Production","418","Lao People's Democratic Republic","58","Gross Production Value (constant 2014-2016 thousand US$)","0112","Maize (corn)","2016","2016","1000 USD","295271","E","Estimated value"
"QV","Value of Agricultural Production","418","Lao People's Democratic Republic","58","Gross Production Value (constant 2014-2016 thousand US$)","0112","Maize (corn)","2017","2017","1000 USD","226827","E","Estimated value"
"QV","Value of Agricultural Production","418","Lao People's Democratic Republic","58","Gross Production Value (constant 2014-2016 thousand US$)","0112","Maize (corn)","2018","2018","1000 USD","186723","E","Estimated value"
"QV","Value of Agricultural Production","418","Lao People's Democratic Republic","58","Gross Production Value (constant 2014-2016 thousand US$)","0112","Maize (corn)","2019","2019","1000 USD","150954","E","Estimated value"
"QV","Value of Agricultural Production","418","Lao People's Democratic Republic","58","Gross Production Value (constant 2014-2016 thousand US$)","0112","Maize (corn)","2020","2020","1000 USD","130031","E","Estimated value"
"QV","Value of Agricultural Production","418","Lao People's Democratic Republic","58","Gross Production Value (constant 2014-2016 thousand US$)","0112","Maize (corn)","2021","2021","1000 USD","101810","E","Estimated value"
"QV","Value of Agricultural Production","418","Lao People's Democratic Republic","58","Gross Production Value (constant 2014-2016 thousand US$)","0112","Maize (corn)","2022","2022","1000 USD","88030","E","Estimated value"
"QV","Value of Agricultural Production","418","Lao People's Democratic Republic","58","Gross Production Value (constant 2014-2016 thousand US$)","0112","Maize (corn)","2023","2023","1000 USD","87207","E","Estimated value"
"QV","Value of Agricultural Production","418","Lao People's Democratic Republic","58","Gross Production Value (constant 2014-2016 thousand US$)","0112","Maize (corn)","2024","2024","1000 USD","98014","E","Estimated value"
"QV","Value of Agricultural Production","418","Lao People's Democratic Republic","58","Gross Production Value (constant 2014-2016 thousand US$)","0113","Rice","2014","2014","1000 USD","1354500","E","Estimated value"
"QV","Value of Agricultural Production","418","Lao People's Democratic Republic","58","Gross Production Value (constant 2014-2016 thousand US$)","0113","Rice","2015","2015","1000 USD","1388198","E","Estimated value"
"QV","Value of Agricultural Production","418","Lao People's Democratic Republic","58","Gross Production Value (constant 2014-2016 thousand US$)","0113","Rice","2016","2016","1000 USD","1404036","E","Estimated value"
"QV","Value of Agricultural Production","418","Lao People's Democratic Republic","58","Gross Production Value (constant 2014-2016 thousand US$)","0113","Rice","2017","2017","1000 USD","1367141","E","Estimated value"
"QV","Value of Agricultural Production","418","Lao People's Democratic Republic","58","Gross Production Value (constant 2014-2016 thousand US$)","0113","Rice","2018","2018","1000 USD","1213133","E","Estimated value"
"QV","Value of Agricultural Production","418","Lao People's Democratic Republic","58","Gross Production Value (constant 2014-2016 thousand US$)","0113","Rice","2019","2019","1000 USD","1196145","E","Estimated value"
"QV","Value of Agricultural Production","418","Lao People's Democratic Republic","58","Gross Production Value (constant 2014-2016 thousand US$)","0113","Rice","2020","2020","1000 USD","1190933","E","Estimated value"
"QV","Value of Agricultural Production","418","Lao People's Democratic Republic","58","Gross Production Value (constant 2014-2016 thousand US$)","0113","Rice","2021","2021","1000 USD","1238802","E","Estimated value"
"QV","Value of Agricultural Production","418","Lao People's Democratic Republic","58","Gross Production Value (constant 2014-2016 thousand US$)","0113","Rice","2022","2022","1000 USD","1279761","E","Estimated value"
"QV","Value of Agricultural Production","418","Lao People's Democratic Republic","58","Gross Production Value (constant 2014-2016 thousand US$)","0113","Rice","2023","2023","1000 USD","1319905","E","Estimated value"
"QV","Value of Agricultural Production","418","Lao People's Democratic Republic","58","Gross Production Value (constant 2014-2016 thousand US$)","0113","Rice","2024","2024","1000 USD","1269325","E","Estimated value"
"QV","Value of Agricultural Production","418","Lao People's Democratic Republic","58","Gross Production Value (constant 2014-2016 thousand US$)","0141","Soya beans","2014","2014","1000 USD","17422","E","Estimated value"
"QV","Value of Agricultural Production","418","Lao People's Democratic Republic","58","Gross Production Value (constant 2014-2016 thousand US$)","0141","Soya beans","2015","2015","1000 USD","19099","E","Estimated value"
"QV","Value of Agricultural Production","418","Lao People's Democratic Republic","58","Gross Production Value (constant 2014-2016 thousand US$)","0141","Soya beans","2016","2016","1000 USD","19565","E","Estimated value"
"QV","Value of Agricultural Production","418","Lao People's Democratic Republic","58","Gross Production Value (constant 2014-2016 thousand US$)","0141","Soya beans","2017","2017","1000 USD","8141","E","Estimated value"
"QV","Value of Agricultural Production","418","Lao People's Democratic Republic","58","Gross Production Value (constant 2014-2016 thousand US$)","0141","Soya beans","2018","2018","1000 USD","8570","E","Estimated value"
"QV","Value of Agricultural Production","418","Lao People's Democratic Republic","58","Gross Production Value (constant 2014-2016 thousand US$)","0141","Soya beans","2019","2019","1000 USD","5216","E","Estimated value"
"QV","Value of Agricultural Production","418","Lao People's Democratic Republic","58","Gross Production Value (constant 2014-2016 thousand US$)","0141","Soya beans","2020","2020","1000 USD","7548","E","Estimated value"
"QV","Value of Agricultural Production","418","Lao People's Democratic Republic","58","Gross Production Value (constant 2014-2016 thousand US$)","0141","Soya beans","2021","2021","1000 USD","6484","E","Estimated value"
"QV","Value of Agricultural Production","418","Lao People's Democratic Republic","58","Gross Production Value (constant 2014-2016 thousand US$)","0141","Soya beans","2022","2022","1000 USD","4853","E","Estimated value"
"QV","Value of Agricultural Production","418","Lao People's Democratic Republic","58","Gross Production Value (constant 2014-2016 thousand US$)","0141","Soya beans","2023","2023","1000 USD","7711","E","Estimated value"
"QV","Value of Agricultural Production","418","Lao People's Democratic Republic","58","Gross Production Value (constant 2014-2016 thousand US$)","0141","Soya beans","2024","2024","1000 USD","8058","E","Estimated value"
"QV","Value of Agricultural Production","428","Latvia","58","Gross Production Value (constant 2014-2016 thousand US$)","0111","Wheat","2014","2014","1000 USD","253934","E","Estimated value"
"QV","Value of Agricultural Production","428","Latvia","58","Gross Production Value (constant 2014-2016 thousand US$)","0111","Wheat","2015","2015","1000 USD","389354","E","Estimated value"
"QV","Value of Agricultural Production","428","Latvia","58","Gross Production Value (constant 2014-2016 thousand US$)","0111","Wheat","2016","2016","1000 USD","356858","E","Estimated value"
"QV","Value of Agricultural Production","428","Latvia","58","Gross Production Value (constant 2014-2016 thousand US$)","0111","Wheat","2017","2017","1000 USD","370095","E","Estimated value"
"QV","Value of Agricultural Production","422","Lebanon","58","Gross Production Value (constant 2014-2016 thousand US$)","0112","Maize (corn)","2014","2014","1000 USD","603","E","Estimated value"
"QV","Value of Agricultural Production","422","Lebanon","58","Gross Production Value (constant 2014-2016 thousand US$)","0112","Maize (corn)","2015","2015","1000 USD","684","E","Estimated value"
"QV","Value of Agricultural Production","422","Lebanon","58","Gross Production Value (constant 2014-2016 thousand US$)","0112","Maize (corn)","2016","2016","1000 USD","552","E","Estimated value"
"QV","Value of Agricultural Production","422","Lebanon","58","Gross Production Value (constant 2014-2016 thousand US$)","0112","Maize (corn)","2017","2017","1000 USD","977","E","Estimated value"
"QV","Value of Agricultural Production","422","Lebanon","58","Gross Production Value (constant 2014-2016 thousand US$)","0112","Maize (corn)","2018","2018","1000 USD","603","E","Estimated value"
"QV","Value of Agricultural Production","422","Lebanon","58","Gross Production Value (constant 2014-2016 thousand US$)","0112","Maize (corn)","2019","2019","1000 USD","603","E","Estimated value"
"QV","Value of Agricultural Production","422","Lebanon","58","Gross Production Value (constant 2014-2016 thousand US$)","0112","Maize (corn)","2020","2020","1000 USD","603","E","Estimated value"
"QV","Value of Agricultural Production","422","Lebanon","58","Gross Production Value (constant 2014-2016 thousand US$)","0112","Maize (corn)","2021","2021","1000 USD","603","E","Estimated value"
"QV","Value of Agricultural Production","422","Lebanon","58","Gross Production Value (constant 2014-2016 thousand US$)","0112","Maize (corn)","2022","2022","1000 USD","603","E","Estimated value"
"QV","Value of Agricultural Production","422","Lebanon","58","Gross Production Value (constant 2014-2016 thousand US$)","0112","Maize (corn)","2023","2023","1000 USD","603","E","Estimated value"
"QV","Value of Agricultural Production","422","Lebanon","58","Gross Production Value (constant 2014-2016 thousand US$)","0112","Maize (corn)","2024","2024","1000 USD","1005","E","Estimated value"
"QV","Value of Agricultural Production","422","Lebanon","58","Gross Production Value (constant 2014-2016 thousand US$)","0111","Wheat","2014","2014","1000 USD","47363","E","Estimated value"
"QV","Value of Agricultural Production","422","Lebanon","58","Gross Production Value (constant 2014-2016 thousand US$)","0111","Wheat","2015","2015","1000 USD","47025","E","Estimated value"
"QV","Value of Agricultural Production","422","Lebanon","58","Gross Production Value (constant 2014-2016 thousand US$)","0111","Wheat","2016","2016","1000 USD","43654","E","Estimated value"
"QV","Value of Agricultural Production","422","Lebanon","58","Gross Production Value (constant 2014-2016 thousand US$)","0111","Wheat","2017","2017","1000 USD","42558","E","Estimated value"
"QV","Value of Agricultural Production","422","Lebanon","58","Gross Production Value (constant 2014-2016 thousand US$)","0111","Wheat","2018","2018","1000 USD","44649","E","Estimated value"
"QV","Value of Agricultural Production","422","Lebanon","58","Gross Production Value (constant 2014-2016 thousand US$)","0111","Wheat","2019","2019","1000 USD","34737","E","Estimated value"
"QV","Value of Agricultural Production","422","Lebanon","58","Gross Production Value (constant 2014-2016 thousand US$)","0111","Wheat","2020","2020","1000 USD","49903","E","Estimated value"
"QV","Value of Agricultural Production","422","Lebanon","58","Gross Production Value (constant 2014-2016 thousand US$)","0111","Wheat","2021","2021","1000 USD","50825","E","Estimated value"
"QV","Value of Agricultural Production","422","Lebanon","58","Gross Production Value (constant 2014-2016 thousand US$)","0111","Wheat","2022","2022","1000 USD","51720","E","Estimated value"
"QV","Value of Agricultural Production","422","Lebanon","58","Gross Production Value (constant 2014-2016 thousand US$)","0111","Wheat","2023","2023","1000 USD","53708","E","Estimated value"
"QV","Value of Agricultural Production","422","Lebanon","58","Gross Production Value (constant 2014-2016 thousand US$)","0111","Wheat","2024","2024","1000 USD","31801","E","Estimated value"
"QV","Value of Agricultural Production","440","Lithuania","58","Gross Production Value (constant 2014-2016 thousand US$)","0112","Maize (corn)","2014","2014","1000 USD","18764","E","Estimated value"
"QV","Value of Agricultural Production","440","Lithuania","58","Gross Production Value (constant 2014-2016 thousand US$)","0112","Maize (corn)","2015","2015","1000 USD","9202","E","Estimated value"
"QV","Value of Agricultural Production","440","Lithuania","58","Gross Production Value (constant 2014-2016 thousand US$)","0112","Maize (corn)","2016","2016","1000 USD","14070","E","Estimated value"
"QV","Value of Agricultural Production","440","Lithuania","58","Gross Production Value (constant 2014-2016 thousand US$)","0112","Maize (corn)","2017","2017","1000 USD","9296","E","Estimated value"
"QV","Value of Agricultural Production","440","Lithuania","58","Gross Production Value (constant 2014-2016 thousand US$)","0111","Wheat","2014","2014","1000 USD","591396","E","Estimated value"
"QV","Value of Agricultural Production","440","Lithuania","58","Gross Production Value (constant 2014-2016 thousand US$)","0111","Wheat","2015","2015","1000 USD","801867","E","Estimated value"
"QV","Value of Agricultural Production","440","Lithuania","58","Gross Production Value (constant 2014-2016 thousand US$)","0111","Wheat","2016","2016","1000 USD","703775","E","Estimated value"
"QV","Value of Agricultural Production","440","Lithuania","58","Gross Production Value (constant 2014-2016 thousand US$)","0111","Wheat","2017","2017","1000 USD","717117","E","Estimated value"
"QV","Value of Agricultural Production","442","Luxembourg","58","Gross Production Value (constant 2014-2016 thousand US$)","0112","Maize (corn)","2014","2014","1000 USD","300","E","Estimated value"
"QV","Value of Agricultural Production","442","Luxembourg","58","Gross Production Value (constant 2014-2016 thousand US$)","0112","Maize (corn)","2015","2015","1000 USD","166","E","Estimated value"
"QV","Value of Agricultural Production","442","Luxembourg","58","Gross Production Value (constant 2014-2016 thousand US$)","0112","Maize (corn)","2016","2016","1000 USD","151","E","Estimated value"
"QV","Value of Agricultural Production","442","Luxembourg","58","Gross Production Value (constant 2014-2016 thousand US$)","0112","Maize (corn)","2017","2017","1000 USD","125","E","Estimated value"
"QV","Value of Agricultural Production","442","Luxembourg","58","Gross Production Value (constant 2014-2016 thousand US$)","0111","Wheat","2014","2014","1000 USD","13769","E","Estimated value"
"QV","Value of Agricultural Production","442","Luxembourg","58","Gross Production Value (constant 2014-2016 thousand US$)","0111","Wheat","2015","2015","1000 USD","16086","E","Estimated value"
"QV","Value of Agricultural Production","442","Luxembourg","58","Gross Production Value (constant 2014-2016 thousand US$)","0111","Wheat","2016","2016","1000 USD","12378","E","Estimated value"
"QV","Value of Agricultural Production","442","Luxembourg","58","Gross Production Value (constant 2014-2016 thousand US$)","0111","Wheat","2017","2017","1000 USD","13740","E","Estimated value"
"QV","Value of Agricultural Production","450","Madagascar","58","Gross Production Value (constant 2014-2016 thousand US$)","0112","Maize (corn)","2014","2014","1000 USD","58498","E","Estimated value"
"QV","Value of Agricultural Production","450","Madagascar","58","Gross Production Value (constant 2014-2016 thousand US$)","0112","Maize (corn)","2015","2015","1000 USD","52618","E","Estimated value"
"QV","Value of Agricultural Production","450","Madagascar","58","Gross Production Value (constant 2014-2016 thousand US$)","0112","Maize (corn)","2016","2016","1000 USD","50536","E","Estimated value"
"QV","Value of Agricultural Production","450","Madagascar","58","Gross Production Value (constant 2014-2016 thousand US$)","0112","Maize (corn)","2017","2017","1000 USD","44969","E","Estimated value"
"QV","Value of Agricultural Production","450","Madagascar","58","Gross Production Value (constant 2014-2016 thousand US$)","0112","Maize (corn)","2018","2018","1000 USD","34347","E","Estimated value"
"QV","Value of Agricultural Production","450","Madagascar","58","Gross Production Value (constant 2014-2016 thousand US$)","0112","Maize (corn)","2019","2019","1000 USD","35022","E","Estimated value"
"QV","Value of Agricultural Production","450","Madagascar","58","Gross Production Value (constant 2014-2016 thousand US$)","0112","Maize (corn)","2020","2020","1000 USD","35926","E","Estimated value"
"QV","Value of Agricultural Production","450","Madagascar","58","Gross Production Value (constant 2014-2016 thousand US$)","0112","Maize (corn)","2021","2021","1000 USD","37067","E","Estimated value"
"QV","Value of Agricultural Production","450","Madagascar","58","Gross Production Value (constant 2014-2016 thousand US$)","0112","Maize (corn)","2022","2022","1000 USD","42641","E","Estimated value"
"QV","Value of Agricultural Production","450","Madagascar","58","Gross Production Value (constant 2014-2016 thousand US$)","0112","Maize (corn)","2023","2023","1000 USD","42824","E","Estimated value"
"QV","Value of Agricultural Production","450","Madagascar","58","Gross Production Value (constant 2014-2016 thousand US$)","0112","Maize (corn)","2024","2024","1000 USD","42335","E","Estimated value"
"QV","Value of Agricultural Production","450","Madagascar","58","Gross Production Value (constant 2014-2016 thousand US$)","0113","Rice","2014","2014","1000 USD","1136450","E","Estimated value"
"QV","Value of Agricultural Production","450","Madagascar","58","Gross Production Value (constant 2014-2016 thousand US$)","0113","Rice","2015","2015","1000 USD","1063439","E","Estimated value"
"QV","Value of Agricultural Production","450","Madagascar","58","Gross Production Value (constant 2014-2016 thousand US$)","0113","Rice","2016","2016","1000 USD","1090164","E","Estimated value"
"QV","Value of Agricultural Production","450","Madagascar","58","Gross Production Value (constant 2014-2016 thousand US$)","0113","Rice","2017","2017","1000 USD","1028640","E","Estimated value"
"QV","Value of Agricultural Production","450","Madagascar","58","Gross Production Value (constant 2014-2016 thousand US$)","0113","Rice","2018","2018","1000 USD","1151346","E","Estimated value"
"QV","Value of Agricultural Production","450","Madagascar","58","Gross Production Value (constant 2014-2016 thousand US$)","0113","Rice","2019","2019","1000 USD","1117242","E","Estimated value"
"QV","Value of Agricultural Production","450","Madagascar","58","Gross Production Value (constant 2014-2016 thousand US$)","0113","Rice","2020","2020","1000 USD","1207892","E","Estimated value"
"QV","Value of Agricultural Production","450","Madagascar","58","Gross Production Value (constant 2014-2016 thousand US$)","0113","Rice","2021","2021","1000 USD","1305812","E","Estimated value"
"QV","Value of Agricultural Production","450","Madagascar","58","Gross Production Value (constant 2014-2016 thousand US$)","0113","Rice","2022","2022","1000 USD","1392456","E","Estimated value"
"QV","Value of Agricultural Production","450","Madagascar","58","Gross Production Value (constant 2014-2016 thousand US$)","0113","Rice","2023","2023","1000 USD","1462076","E","Estimated value"
"QV","Value of Agricultural Production","450","Madagascar","58","Gross Production Value (constant 2014-2016 thousand US$)","0113","Rice","2024","2024","1000 USD","1419898","E","Estimated value"
"QV","Value of Agricultural Production","450","Madagascar","58","Gross Production Value (constant 2014-2016 thousand US$)","0141","Soya beans","2014","2014","1000 USD","3","E","Estimated value"
"QV","Value of Agricultural Production","450","Madagascar","58","Gross Production Value (constant 2014-2016 thousand US$)","0141","Soya beans","2015","2015","1000 USD","3","E","Estimated value"
"QV","Value of Agricultural Production","450","Madagascar","58","Gross Production Value (constant 2014-2016 thousand US$)","0141","Soya beans","2016","2016","1000 USD","3","E","Estimated value"
"QV","Value of Agricultural Production","450","Madagascar","58","Gross Production Value (constant 2014-2016 thousand US$)","0141","Soya beans","2017","2017","1000 USD","3","E","Estimated value"
"QV","Value of Agricultural Production","450","Madagascar","58","Gross Production Value (constant 2014-2016 thousand US$)","0141","Soya beans","2018","2018","1000 USD","3","E","Estimated value"
"QV","Value of Agricultural Production","450","Madagascar","58","Gross Production Value (constant 2014-2016 thousand US$)","0141","Soya beans","2019","2019","1000 USD","3","E","Estimated value"
"QV","Value of Agricultural Production","450","Madagascar","58","Gross Production Value (constant 2014-2016 thousand US$)","0141","Soya beans","2020","2020","1000 USD","3","E","Estimated value"
"QV","Value of Agricultural Production","450","Madagascar","58","Gross Production Value (constant 2014-2016 thousand US$)","0141","Soya beans","2021","2021","1000 USD","3","E","Estimated value"
"QV","Value of Agricultural Production","450","Madagascar","58","Gross Production Value (constant 2014-2016 thousand US$)","0141","Soya beans","2022","2022","1000 USD","3","E","Estimated value"
"QV","Value of Agricultural Production","450","Madagascar","58","Gross Production Value (constant 2014-2016 thousand US$)","0141","Soya beans","2023","2023","1000 USD","3","E","Estimated value"
"QV","Value of Agricultural Production","450","Madagascar","58","Gross Production Value (constant 2014-2016 thousand US$)","0141","Soya beans","2024","2024","1000 USD","3","E","Estimated value"
"QV","Value of Agricultural Production","450","Madagascar","58","Gross Production Value (constant 2014-2016 thousand US$)","0111","Wheat","2014","2014","1000 USD","629","E","Estimated value"
"QV","Value of Agricultural Production","450","Madagascar","58","Gross Production Value (constant 2014-2016 thousand US$)","0111","Wheat","2015","2015","1000 USD","629","E","Estimated value"
"QV","Value of Agricultural Production","450","Madagascar","58","Gross Production Value (constant 2014-2016 thousand US$)","0111","Wheat","2016","2016","1000 USD","629","E","Estimated value"
"QV","Value of Agricultural Production","450","Madagascar","58","Gross Production Value (constant 2014-2016 thousand US$)","0111","Wheat","2017","2017","1000 USD","629","E","Estimated value"
"QV","Value of Agricultural Production","450","Madagascar","58","Gross Production Value (constant 2014-2016 thousand US$)","0111","Wheat","2018","2018","1000 USD","629","E","Estimated value"
"QV","Value of Agricultural Production","450","Madagascar","58","Gross Production Value (constant 2014-2016 thousand US$)","0111","Wheat","2019","2019","1000 USD","629","E","Estimated value"
"QV","Value of Agricultural Production","450","Madagascar","58","Gross Production Value (constant 2014-2016 thousand US$)","0111","Wheat","2020","2020","1000 USD","126","E","Estimated value"
"QV","Value of Agricultural Production","450","Madagascar","58","Gross Production Value (constant 2014-2016 thousand US$)","0111","Wheat","2021","2021","1000 USD","126","E","Estimated value"
"QV","Value of Agricultural Production","450","Madagascar","58","Gross Production Value (constant 2014-2016 thousand US$)","0111","Wheat","2022","2022","1000 USD","252","E","Estimated value"
"QV","Value of Agricultural Production","450","Madagascar","58","Gross Production Value (constant 2014-2016 thousand US$)","0111","Wheat","2023","2023","1000 USD","126","E","Estimated value"
"QV","Value of Agricultural Production","450","Madagascar","58","Gross Production Value (constant 2014-2016 thousand US$)","0111","Wheat","2024","2024","1000 USD","126","E","Estimated value"
"QV","Value of Agricultural Production","454","Malawi","58","Gross Production Value (constant 2014-2016 thousand US$)","0112","Maize (corn)","2014","2014","1000 USD","1018663","E","Estimated value"
"QV","Value of Agricultural Production","454","Malawi","58","Gross Production Value (constant 2014-2016 thousand US$)","0112","Maize (corn)","2015","2015","1000 USD","710911","E","Estimated value"
"QV","Value of Agricultural Production","454","Malawi","58","Gross Production Value (constant 2014-2016 thousand US$)","0112","Maize (corn)","2016","2016","1000 USD","606747","E","Estimated value"
"QV","Value of Agricultural Production","454","Malawi","58","Gross Production Value (constant 2014-2016 thousand US$)","0112","Maize (corn)","2017","2017","1000 USD","887049","E","Estimated value"
"QV","Value of Agricultural Production","454","Malawi","58","Gross Production Value (constant 2014-2016 thousand US$)","0112","Maize (corn)","2018","2018","1000 USD","690856","E","Estimated value"
"QV","Value of Agricultural Production","454","Malawi","58","Gross Production Value (constant 2014-2016 thousand US$)","0112","Maize (corn)","2019","2019","1000 USD","868557","E","Estimated value"
"QV","Value of Agricultural Production","454","Malawi","58","Gross Production Value (constant 2014-2016 thousand US$)","0112","Maize (corn)","2020","2020","1000 USD","945362","E","Estimated value"
"QV","Value of Agricultural Production","454","Malawi","58","Gross Production Value (constant 2014-2016 thousand US$)","0112","Maize (corn)","2021","2021","1000 USD","1173040","E","Estimated value"
"QV","Value of Agricultural Production","454","Malawi","58","Gross Production Value (constant 2014-2016 thousand US$)","0112","Maize (corn)","2022","2022","1000 USD","951665","E","Estimated value"
"QV","Value of Agricultural Production","454","Malawi","58","Gross Production Value (constant 2014-2016 thousand US$)","0112","Maize (corn)","2023","2023","1000 USD","898751","E","Estimated value"
"QV","Value of Agricultural Production","454","Malawi","58","Gross Production Value (constant 2014-2016 thousand US$)","0112","Maize (corn)","2024","2024","1000 USD","768199","E","Estimated value"
"QV","Value of Agricultural Production","454","Malawi","58","Gross Production Value (constant 2014-2016 thousand US$)","0113","Rice","2014","2014","1000 USD","122205","E","Estimated value"
"QV","Value of Agricultural Production","454","Malawi","58","Gross Production Value (constant 2014-2016 thousand US$)","0113","Rice","2015","2015","1000 USD","103166","E","Estimated value"
"QV","Value of Agricultural Production","454","Malawi","58","Gross Production Value (constant 2014-2016 thousand US$)","0113","Rice","2016","2016","1000 USD","77540","E","Estimated value"
"QV","Value of Agricultural Production","454","Malawi","58","Gross Production Value (constant 2014-2016 thousand US$)","0113","Rice","2017","2017","1000 USD","112092","E","Estimated value"
"QV","Value of Agricultural Production","454","Malawi","58","Gross Production Value (constant 2014-2016 thousand US$)","0113","Rice","2018","2018","1000 USD","103977","E","Estimated value"
"QV","Value of Agricultural Production","454","Malawi","58","Gross Production Value (constant 2014-2016 thousand US$)","0113","Rice","2019","2019","1000 USD","122877","E","Estimated value"
"QV","Value of Agricultural Production","454","Malawi","58","Gross Production Value (constant 2014-2016 thousand US$)","0113","Rice","2020","2020","1000 USD","134650","E","Estimated value"
"QV","Value of Agricultural Production","454","Malawi","58","Gross Production Value (constant 2014-2016 thousand US$)","0113","Rice","2021","2021","1000 USD","143496","E","Estimated value"
"QV","Value of Agricultural Production","454","Malawi","58","Gross Production Value (constant 2014-2016 thousand US$)","0113","Rice","2022","2022","1000 USD","125983","E","Estimated value"
"QV","Value of Agricultural Production","454","Malawi","58","Gross Production Value (constant 2014-2016 thousand US$)","0113","Rice","2023","2023","1000 USD","115074","E","Estimated value"
"QV","Value of Agricultural Production","454","Malawi","58","Gross Production Value (constant 2014-2016 thousand US$)","0113","Rice","2024","2024","1000 USD","117574","E","Estimated value"
"QV","Value of Agricultural Production","454","Malawi","58","Gross Production Value (constant 2014-2016 thousand US$)","0141","Soya beans","2014","2014","1000 USD","82645","E","Estimated value"
"QV","Value of Agricultural Production","454","Malawi","58","Gross Production Value (constant 2014-2016 thousand US$)","0141","Soya beans","2015","2015","1000 USD","75622","E","Estimated value"
"QV","Value of Agricultural Production","454","Malawi","58","Gross Production Value (constant 2014-2016 thousand US$)","0141","Soya beans","2016","2016","1000 USD","82790","E","Estimated value"
"QV","Value of Agricultural Production","454","Malawi","58","Gross Production Value (constant 2014-2016 thousand US$)","0141","Soya beans","2017","2017","1000 USD","130394","E","Estimated value"
"QV","Value of Agricultural Production","454","Malawi","58","Gross Production Value (constant 2014-2016 thousand US$)","0141","Soya beans","2018","2018","1000 USD","109711","E","Estimated value"
"QV","Value of Agricultural Production","454","Malawi","58","Gross Production Value (constant 2014-2016 thousand US$)","0141","Soya beans","2019","2019","1000 USD","164720","E","Estimated value"
"QV","Value of Agricultural Production","454","Malawi","58","Gross Production Value (constant 2014-2016 thousand US$)","0141","Soya beans","2020","2020","1000 USD","165292","E","Estimated value"
"QV","Value of Agricultural Production","454","Malawi","58","Gross Production Value (constant 2014-2016 thousand US$)","0141","Soya beans","2021","2021","1000 USD","165370","E","Estimated value"
"QV","Value of Agricultural Production","454","Malawi","58","Gross Production Value (constant 2014-2016 thousand US$)","0141","Soya beans","2022","2022","1000 USD","189496","E","Estimated value"
"QV","Value of Agricultural Production","454","Malawi","58","Gross Production Value (constant 2014-2016 thousand US$)","0141","Soya beans","2023","2023","1000 USD","147232","E","Estimated value"
"QV","Value of Agricultural Production","454","Malawi","58","Gross Production Value (constant 2014-2016 thousand US$)","0141","Soya beans","2024","2024","1000 USD","190693","E","Estimated value"
"QV","Value of Agricultural Production","454","Malawi","58","Gross Production Value (constant 2014-2016 thousand US$)","0111","Wheat","2014","2014","1000 USD","574","E","Estimated value"
"QV","Value of Agricultural Production","454","Malawi","58","Gross Production Value (constant 2014-2016 thousand US$)","0111","Wheat","2015","2015","1000 USD","582","E","Estimated value"
"QV","Value of Agricultural Production","454","Malawi","58","Gross Production Value (constant 2014-2016 thousand US$)","0111","Wheat","2016","2016","1000 USD","394","E","Estimated value"
"QV","Value of Agricultural Production","454","Malawi","58","Gross Production Value (constant 2014-2016 thousand US$)","0111","Wheat","2017","2017","1000 USD","368","E","Estimated value"
"QV","Value of Agricultural Production","454","Malawi","58","Gross Production Value (constant 2014-2016 thousand US$)","0111","Wheat","2018","2018","1000 USD","360","E","Estimated value"
"QV","Value of Agricultural Production","454","Malawi","58","Gross Production Value (constant 2014-2016 thousand US$)","0111","Wheat","2019","2019","1000 USD","280","E","Estimated value"
"QV","Value of Agricultural Production","454","Malawi","58","Gross Production Value (constant 2014-2016 thousand US$)","0111","Wheat","2020","2020","1000 USD","345","E","Estimated value"
"QV","Value of Agricultural Production","454","Malawi","58","Gross Production Value (constant 2014-2016 thousand US$)","0111","Wheat","2021","2021","1000 USD","149","E","Estimated value"
"QV","Value of Agricultural Production","454","Malawi","58","Gross Production Value (constant 2014-2016 thousand US$)","0111","Wheat","2022","2022","1000 USD","81","E","Estimated value"
"QV","Value of Agricultural Production","454","Malawi","58","Gross Production Value (constant 2014-2016 thousand US$)","0111","Wheat","2023","2023","1000 USD","94","E","Estimated value"
"QV","Value of Agricultural Production","454","Malawi","58","Gross Production Value (constant 2014-2016 thousand US$)","0111","Wheat","2024","2024","1000 USD","159","E","Estimated value"
"QV","Value of Agricultural Production","458","Malaysia","58","Gross Production Value (constant 2014-2016 thousand US$)","0112","Maize (corn)","2021","2021","1000 USD","82","E","Estimated value"
"QV","Value of Agricultural Production","458","Malaysia","58","Gross Production Value (constant 2014-2016 thousand US$)","0112","Maize (corn)","2022","2022","1000 USD","145","E","Estimated value"
"QV","Value of Agricultural Production","458","Malaysia","58","Gross Production Value (constant 2014-2016 thousand US$)","0112","Maize (corn)","2023","2023","1000 USD","98","E","Estimated value"
"QV","Value of Agricultural Production","458","Malaysia","58","Gross Production Value (constant 2014-2016 thousand US$)","0112","Maize (corn)","2024","2024","1000 USD","228","E","Estimated value"
"QV","Value of Agricultural Production","458","Malaysia","58","Gross Production Value (constant 2014-2016 thousand US$)","0113","Rice","2014","2014","1000 USD","913416","E","Estimated value"
"QV","Value of Agricultural Production","458","Malaysia","58","Gross Production Value (constant 2014-2016 thousand US$)","0113","Rice","2015","2015","1000 USD","880161","E","Estimated value"
"QV","Value of Agricultural Production","458","Malaysia","58","Gross Production Value (constant 2014-2016 thousand US$)","0113","Rice","2016","2016","1000 USD","879583","E","Estimated value"
"QV","Value of Agricultural Production","458","Malaysia","58","Gross Production Value (constant 2014-2016 thousand US$)","0113","Rice","2017","2017","1000 USD","825294","E","Estimated value"
"QV","Value of Agricultural Production","458","Malaysia","58","Gross Production Value (constant 2014-2016 thousand US$)","0113","Rice","2018","2018","1000 USD","847347","E","Estimated value"
"QV","Value of Agricultural Production","458","Malaysia","58","Gross Production Value (constant 2014-2016 thousand US$)","0113","Rice","2019","2019","1000 USD","755417","E","Estimated value"
"QV","Value of Agricultural Production","458","Malaysia","58","Gross Production Value (constant 2014-2016 thousand US$)","0113","Rice","2020","2020","1000 USD","756548","E","Estimated value"
"QV","Value of Agricultural Production","458","Malaysia","58","Gross Production Value (constant 2014-2016 thousand US$)","0113","Rice","2021","2021","1000 USD","783904","E","Estimated value"
"QV","Value of Agricultural Production","458","Malaysia","58","Gross Production Value (constant 2014-2016 thousand US$)","0113","Rice","2022","2022","1000 USD","732579","E","Estimated value"
"QV","Value of Agricultural Production","458","Malaysia","58","Gross Production Value (constant 2014-2016 thousand US$)","0113","Rice","2023","2023","1000 USD","698358","E","Estimated value"
"QV","Value of Agricultural Production","458","Malaysia","58","Gross Production Value (constant 2014-2016 thousand US$)","0113","Rice","2024","2024","1000 USD","675180","E","Estimated value"
"QV","Value of Agricultural Production","466","Mali","58","Gross Production Value (constant 2014-2016 thousand US$)","0112","Maize (corn)","2014","2014","1000 USD","307086","E","Estimated value"
"QV","Value of Agricultural Production","466","Mali","58","Gross Production Value (constant 2014-2016 thousand US$)","0112","Maize (corn)","2015","2015","1000 USD","400761","E","Estimated value"
"QV","Value of Agricultural Production","466","Mali","58","Gross Production Value (constant 2014-2016 thousand US$)","0112","Maize (corn)","2016","2016","1000 USD","495025","E","Estimated value"
"QV","Value of Agricultural Production","466","Mali","58","Gross Production Value (constant 2014-2016 thousand US$)","0112","Maize (corn)","2017","2017","1000 USD","633567","E","Estimated value"
"QV","Value of Agricultural Production","466","Mali","58","Gross Production Value (constant 2014-2016 thousand US$)","0112","Maize (corn)","2018","2018","1000 USD","638276","E","Estimated value"
"QV","Value of Agricultural Production","466","Mali","58","Gross Production Value (constant 2014-2016 thousand US$)","0112","Maize (corn)","2019","2019","1000 USD","672010","E","Estimated value"
"QV","Value of Agricultural Production","466","Mali","58","Gross Production Value (constant 2014-2016 thousand US$)","0112","Maize (corn)","2020","2020","1000 USD","619245","E","Estimated value"
"QV","Value of Agricultural Production","466","Mali","58","Gross Production Value (constant 2014-2016 thousand US$)","0112","Maize (corn)","2021","2021","1000 USD","634411","E","Estimated value"
"QV","Value of Agricultural Production","466","Mali","58","Gross Production Value (constant 2014-2016 thousand US$)","0112","Maize (corn)","2022","2022","1000 USD","687532","E","Estimated value"
"QV","Value of Agricultural Production","466","Mali","58","Gross Production Value (constant 2014-2016 thousand US$)","0112","Maize (corn)","2023","2023","1000 USD","596368","E","Estimated value"
"QV","Value of Agricultural Production","466","Mali","58","Gross Production Value (constant 2014-2016 thousand US$)","0112","Maize (corn)","2024","2024","1000 USD","695997","E","Estimated value"
"QV","Value of Agricultural Production","466","Mali","58","Gross Production Value (constant 2014-2016 thousand US$)","0113","Rice","2014","2014","1000 USD","620905","E","Estimated value"
"QV","Value of Agricultural Production","466","Mali","58","Gross Production Value (constant 2014-2016 thousand US$)","0113","Rice","2015","2015","1000 USD","667963","E","Estimated value"
"QV","Value of Agricultural Production","466","Mali","58","Gross Production Value (constant 2014-2016 thousand US$)","0113","Rice","2016","2016","1000 USD","796868","E","Estimated value"
"QV","Value of Agricultural Production","466","Mali","58","Gross Production Value (constant 2014-2016 thousand US$)","0113","Rice","2017","2017","1000 USD","775851","E","Estimated value"
"QV","Value of Agricultural Production","466","Mali","58","Gross Production Value (constant 2014-2016 thousand US$)","0113","Rice","2018","2018","1000 USD","907655","E","Estimated value"
"QV","Value of Agricultural Production","466","Mali","58","Gross Production Value (constant 2014-2016 thousand US$)","0113","Rice","2019","2019","1000 USD","915910","E","Estimated value"
"QV","Value of Agricultural Production","466","Mali","58","Gross Production Value (constant 2014-2016 thousand US$)","0113","Rice","2020","2020","1000 USD","862523","E","Estimated value"
"QV","Value of Agricultural Production","466","Mali","58","Gross Production Value (constant 2014-2016 thousand US$)","0113","Rice","2021","2021","1000 USD","693521","E","Estimated value"
"QV","Value of Agricultural Production","466","Mali","58","Gross Production Value (constant 2014-2016 thousand US$)","0113","Rice","2022","2022","1000 USD","820886","E","Estimated value"
"QV","Value of Agricultural Production","466","Mali","58","Gross Production Value (constant 2014-2016 thousand US$)","0113","Rice","2023","2023","1000 USD","866496","E","Estimated value"
"QV","Value of Agricultural Production","466","Mali","58","Gross Production Value (constant 2014-2016 thousand US$)","0113","Rice","2024","2024","1000 USD","789830","E","Estimated value"
"QV","Value of Agricultural Production","466","Mali","58","Gross Production Value (constant 2014-2016 thousand US$)","0141","Soya beans","2014","2014","1000 USD","325","E","Estimated value"
"QV","Value of Agricultural Production","466","Mali","58","Gross Production Value (constant 2014-2016 thousand US$)","0141","Soya beans","2015","2015","1000 USD","785","E","Estimated value"
"QV","Value of Agricultural Production","466","Mali","58","Gross Production Value (constant 2014-2016 thousand US$)","0141","Soya beans","2016","2016","1000 USD","1756","E","Estimated value"
"QV","Value of Agricultural Production","466","Mali","58","Gross Production Value (constant 2014-2016 thousand US$)","0141","Soya beans","2017","2017","1000 USD","866","E","Estimated value"
"QV","Value of Agricultural Production","466","Mali","58","Gross Production Value (constant 2014-2016 thousand US$)","0141","Soya beans","2018","2018","1000 USD","999","E","Estimated value"
"QV","Value of Agricultural Production","466","Mali","58","Gross Production Value (constant 2014-2016 thousand US$)","0141","Soya beans","2019","2019","1000 USD","1558","E","Estimated value"
"QV","Value of Agricultural Production","466","Mali","58","Gross Production Value (constant 2014-2016 thousand US$)","0141","Soya beans","2020","2020","1000 USD","2191","E","Estimated value"
"QV","Value of Agricultural Production","466","Mali","58","Gross Production Value (constant 2014-2016 thousand US$)","0141","Soya beans","2021","2021","1000 USD","2373","E","Estimated value"
"QV","Value of Agricultural Production","466","Mali","58","Gross Production Value (constant 2014-2016 thousand US$)","0141","Soya beans","2022","2022","1000 USD","2995","E","Estimated value"
"QV","Value of Agricultural Production","466","Mali","58","Gross Production Value (constant 2014-2016 thousand US$)","0141","Soya beans","2023","2023","1000 USD","3540","E","Estimated value"
"QV","Value of Agricultural Production","466","Mali","58","Gross Production Value (constant 2014-2016 thousand US$)","0141","Soya beans","2024","2024","1000 USD","3404","E","Estimated value"
"QV","Value of Agricultural Production","466","Mali","58","Gross Production Value (constant 2014-2016 thousand US$)","0111","Wheat","2014","2014","1000 USD","15663","E","Estimated value"
"QV","Value of Agricultural Production","466","Mali","58","Gross Production Value (constant 2014-2016 thousand US$)","0111","Wheat","2015","2015","1000 USD","12263","E","Estimated value"
"QV","Value of Agricultural Production","466","Mali","58","Gross Production Value (constant 2014-2016 thousand US$)","0111","Wheat","2016","2016","1000 USD","13766","E","Estimated value"
"QV","Value of Agricultural Production","466","Mali","58","Gross Production Value (constant 2014-2016 thousand US$)","0111","Wheat","2017","2017","1000 USD","9608","E","Estimated value"
"QV","Value of Agricultural Production","466","Mali","58","Gross Production Value (constant 2014-2016 thousand US$)","0111","Wheat","2018","2018","1000 USD","10010","E","Estimated value"
"QV","Value of Agricultural Production","466","Mali","58","Gross Production Value (constant 2014-2016 thousand US$)","0111","Wheat","2019","2019","1000 USD","2821","E","Estimated value"
"QV","Value of Agricultural Production","466","Mali","58","Gross Production Value (constant 2014-2016 thousand US$)","0111","Wheat","2020","2020","1000 USD","12733","E","Estimated value"
"QV","Value of Agricultural Production","466","Mali","58","Gross Production Value (constant 2014-2016 thousand US$)","0111","Wheat","2021","2021","1000 USD","7202","E","Estimated value"
"QV","Value of Agricultural Production","466","Mali","58","Gross Production Value (constant 2014-2016 thousand US$)","0111","Wheat","2022","2022","1000 USD","11504","E","Estimated value"
"QV","Value of Agricultural Production","466","Mali","58","Gross Production Value (constant 2014-2016 thousand US$)","0111","Wheat","2023","2023","1000 USD","13205","E","Estimated value"
"QV","Value of Agricultural Production","466","Mali","58","Gross Production Value (constant 2014-2016 thousand US$)","0111","Wheat","2024","2024","1000 USD","13989","E","Estimated value"
"QV","Value of Agricultural Production","470","Malta","58","Gross Production Value (constant 2014-2016 thousand US$)","0111","Wheat","2014","2014","1000 USD","9556","E","Estimated value"
"QV","Value of Agricultural Production","470","Malta","58","Gross Production Value (constant 2014-2016 thousand US$)","0111","Wheat","2015","2015","1000 USD","8278","E","Estimated value"
"QV","Value of Agricultural Production","470","Malta","58","Gross Production Value (constant 2014-2016 thousand US$)","0111","Wheat","2016","2016","1000 USD","8771","E","Estimated value"
"QV","Value of Agricultural Production","470","Malta","58","Gross Production Value (constant 2014-2016 thousand US$)","0111","Wheat","2017","2017","1000 USD","10275","E","Estimated value"
"QV","Value of Agricultural Production","480","Mauritius","58","Gross Production Value (constant 2014-2016 thousand US$)","0112","Maize (corn)","2014","2014","1000 USD","116","E","Estimated value"
"QV","Value of Agricultural Production","480","Mauritius","58","Gross Production Value (constant 2014-2016 thousand US$)","0112","Maize (corn)","2015","2015","1000 USD","84","E","Estimated value"
"QV","Value of Agricultural Production","480","Mauritius","58","Gross Production Value (constant 2014-2016 thousand US$)","0112","Maize (corn)","2016","2016","1000 USD","77","E","Estimated value"
"QV","Value of Agricultural Production","480","Mauritius","58","Gross Production Value (constant 2014-2016 thousand US$)","0112","Maize (corn)","2017","2017","1000 USD","82","E","Estimated value"
"QV","Value of Agricultural Production","480","Mauritius","58","Gross Production Value (constant 2014-2016 thousand US$)","0112","Maize (corn)","2018","2018","1000 USD","72","E","Estimated value"
"QV","Value of Agricultural Production","480","Mauritius","58","Gross Production Value (constant 2014-2016 thousand US$)","0112","Maize (corn)","2019","2019","1000 USD","92","E","Estimated value"
"QV","Value of Agricultural Production","480","Mauritius","58","Gross Production Value (constant 2014-2016 thousand US$)","0112","Maize (corn)","2020","2020","1000 USD","145","E","Estimated value"
"QV","Value of Agricultural Production","480","Mauritius","58","Gross Production Value (constant 2014-2016 thousand US$)","0112","Maize (corn)","2021","2021","1000 USD","206","E","Estimated value"
"QV","Value of Agricultural Production","480","Mauritius","58","Gross Production Value (constant 2014-2016 thousand US$)","0112","Maize (corn)","2022","2022","1000 USD","153","E","Estimated value"
"QV","Value of Agricultural Production","480","Mauritius","58","Gross Production Value (constant 2014-2016 thousand US$)","0112","Maize (corn)","2023","2023","1000 USD","280","E","Estimated value"
"QV","Value of Agricultural Production","480","Mauritius","58","Gross Production Value (constant 2014-2016 thousand US$)","0112","Maize (corn)","2024","2024","1000 USD","240","E","Estimated value"
"QV","Value of Agricultural Production","484","Mexico","58","Gross Production Value (constant 2014-2016 thousand US$)","0112","Maize (corn)","2014","2014","1000 USD","4961447","E","Estimated value"
"QV","Value of Agricultural Production","484","Mexico","58","Gross Production Value (constant 2014-2016 thousand US$)","0112","Maize (corn)","2015","2015","1000 USD","5264334","E","Estimated value"
"QV","Value of Agricultural Production","484","Mexico","58","Gross Production Value (constant 2014-2016 thousand US$)","0112","Maize (corn)","2016","2016","1000 USD","6022434","E","Estimated value"
"QV","Value of Agricultural Production","484","Mexico","58","Gross Production Value (constant 2014-2016 thousand US$)","0112","Maize (corn)","2017","2017","1000 USD","5918624","E","Estimated value"
"QV","Value of Agricultural Production","484","Mexico","58","Gross Production Value (constant 2014-2016 thousand US$)","0112","Maize (corn)","2018","2018","1000 USD","5792035","E","Estimated value"
"QV","Value of Agricultural Production","484","Mexico","58","Gross Production Value (constant 2014-2016 thousand US$)","0112","Maize (corn)","2019","2019","1000 USD","5804580","E","Estimated value"
"QV","Value of Agricultural Production","484","Mexico","58","Gross Production Value (constant 2014-2016 thousand US$)","0112","Maize (corn)","2020","2020","1000 USD","5846424","E","Estimated value"
"QV","Value of Agricultural Production","484","Mexico","58","Gross Production Value (constant 2014-2016 thousand US$)","0112","Maize (corn)","2021","2021","1000 USD","5863255","E","Estimated value"
"QV","Value of Agricultural Production","484","Mexico","58","Gross Production Value (constant 2014-2016 thousand US$)","0112","Maize (corn)","2022","2022","1000 USD","5660681","E","Estimated value"
"QV","Value of Agricultural Production","484","Mexico","58","Gross Production Value (constant 2014-2016 thousand US$)","0112","Maize (corn)","2023","2023","1000 USD","5873155","E","Estimated value"
"QV","Value of Agricultural Production","484","Mexico","58","Gross Production Value (constant 2014-2016 thousand US$)","0112","Maize (corn)","2024","2024","1000 USD","5185981","E","Estimated value"
"QV","Value of Agricultural Production","484","Mexico","58","Gross Production Value (constant 2014-2016 thousand US$)","0113","Rice","2014","2014","1000 USD","56568","E","Estimated value"
"QV","Value of Agricultural Production","484","Mexico","58","Gross Production Value (constant 2014-2016 thousand US$)","0113","Rice","2015","2015","1000 USD","57509","E","Estimated value"
"QV","Value of Agricultural Production","484","Mexico","58","Gross Production Value (constant 2014-2016 thousand US$)","0113","Rice","2016","2016","1000 USD","61901","E","Estimated value"
"QV","Value of Agricultural Production","484","Mexico","58","Gross Production Value (constant 2014-2016 thousand US$)","0113","Rice","2017","2017","1000 USD","64709","E","Estimated value"
"QV","Value of Agricultural Production","484","Mexico","58","Gross Production Value (constant 2014-2016 thousand US$)","0113","Rice","2018","2018","1000 USD","69143","E","Estimated value"
"QV","Value of Agricultural Production","484","Mexico","58","Gross Production Value (constant 2014-2016 thousand US$)","0113","Rice","2019","2019","1000 USD","59750","E","Estimated value"
"QV","Value of Agricultural Production","484","Mexico","58","Gross Production Value (constant 2014-2016 thousand US$)","0113","Rice","2020","2020","1000 USD","71963","E","Estimated value"
"QV","Value of Agricultural Production","484","Mexico","58","Gross Production Value (constant 2014-2016 thousand US$)","0113","Rice","2021","2021","1000 USD","62631","E","Estimated value"
"QV","Value of Agricultural Production","484","Mexico","58","Gross Production Value (constant 2014-2016 thousand US$)","0113","Rice","2022","2022","1000 USD","60018","E","Estimated value"
"QV","Value of Agricultural Production","484","Mexico","58","Gross Production Value (constant 2014-2016 thousand US$)","0113","Rice","2023","2023","1000 USD","61427","E","Estimated value"
"QV","Value of Agricultural Production","484","Mexico","58","Gross Production Value (constant 2014-2016 thousand US$)","0113","Rice","2024","2024","1000 USD","53505","E","Estimated value"
"QV","Value of Agricultural Production","484","Mexico","58","Gross Production Value (constant 2014-2016 thousand US$)","0141","Soya beans","2014","2014","1000 USD","146952","E","Estimated value"
"QV","Value of Agricultural Production","484","Mexico","58","Gross Production Value (constant 2014-2016 thousand US$)","0141","Soya beans","2015","2015","1000 USD","129395","E","Estimated value"
"QV","Value of Agricultural Production","484","Mexico","58","Gross Production Value (constant 2014-2016 thousand US$)","0141","Soya beans","2016","2016","1000 USD","193138","E","Estimated value"
"QV","Value of Agricultural Production","484","Mexico","58","Gross Production Value (constant 2014-2016 thousand US$)","0141","Soya beans","2017","2017","1000 USD","164236","E","Estimated value"
"QV","Value of Agricultural Production","484","Mexico","58","Gross Production Value (constant 2014-2016 thousand US$)","0141","Soya beans","2018","2018","1000 USD","122917","E","Estimated value"
"QV","Value of Agricultural Production","484","Mexico","58","Gross Production Value (constant 2014-2016 thousand US$)","0141","Soya beans","2019","2019","1000 USD","88270","E","Estimated value"
"QV","Value of Agricultural Production","484","Mexico","58","Gross Production Value (constant 2014-2016 thousand US$)","0141","Soya beans","2020","2020","1000 USD","93330","E","Estimated value"
"QV","Value of Agricultural Production","484","Mexico","58","Gross Production Value (constant 2014-2016 thousand US$)","0141","Soya beans","2021","2021","1000 USD","109333","E","Estimated value"
"QV","Value of Agricultural Production","484","Mexico","58","Gross Production Value (constant 2014-2016 thousand US$)","0141","Soya beans","2022","2022","1000 USD","66595","E","Estimated value"
"QV","Value of Agricultural Production","484","Mexico","58","Gross Production Value (constant 2014-2016 thousand US$)","0141","Soya beans","2023","2023","1000 USD","75554","E","Estimated value"
"QV","Value of Agricultural Production","484","Mexico","58","Gross Production Value (constant 2014-2016 thousand US$)","0141","Soya beans","2024","2024","1000 USD","100657","E","Estimated value"
"QV","Value of Agricultural Production","484","Mexico","58","Gross Production Value (constant 2014-2016 thousand US$)","0111","Wheat","2014","2014","1000 USD","846878","E","Estimated value"
"QV","Value of Agricultural Production","484","Mexico","58","Gross Production Value (constant 2014-2016 thousand US$)","0111","Wheat","2015","2015","1000 USD","856315","E","Estimated value"
"QV","Value of Agricultural Production","484","Mexico","58","Gross Production Value (constant 2014-2016 thousand US$)","0111","Wheat","2016","2016","1000 USD","891440","E","Estimated value"
"QV","Value of Agricultural Production","484","Mexico","58","Gross Production Value (constant 2014-2016 thousand US$)","0111","Wheat","2017","2017","1000 USD","808503","E","Estimated value"
"QV","Value of Agricultural Production","484","Mexico","58","Gross Production Value (constant 2014-2016 thousand US$)","0111","Wheat","2018","2018","1000 USD","679255","E","Estimated value"
"QV","Value of Agricultural Production","484","Mexico","58","Gross Production Value (constant 2014-2016 thousand US$)","0111","Wheat","2019","2019","1000 USD","748628","E","Estimated value"
"QV","Value of Agricultural Production","484","Mexico","58","Gross Production Value (constant 2014-2016 thousand US$)","0111","Wheat","2020","2020","1000 USD","689234","E","Estimated value"
"QV","Value of Agricultural Production","484","Mexico","58","Gross Production Value (constant 2014-2016 thousand US$)","0111","Wheat","2021","2021","1000 USD","757755","E","Estimated value"
"QV","Value of Agricultural Production","484","Mexico","58","Gross Production Value (constant 2014-2016 thousand US$)","0111","Wheat","2022","2022","1000 USD","833271","E","Estimated value"
"QV","Value of Agricultural Production","484","Mexico","58","Gross Production Value (constant 2014-2016 thousand US$)","0111","Wheat","2023","2023","1000 USD","802158","E","Estimated value"
"QV","Value of Agricultural Production","484","Mexico","58","Gross Production Value (constant 2014-2016 thousand US$)","0111","Wheat","2024","2024","1000 USD","611163","E","Estimated value"
"QV","Value of Agricultural Production","496","Mongolia","58","Gross Production Value (constant 2014-2016 thousand US$)","0111","Wheat","2014","2014","1000 USD","122466","E","Estimated value"
"QV","Value of Agricultural Production","496","Mongolia","58","Gross Production Value (constant 2014-2016 thousand US$)","0111","Wheat","2015","2015","1000 USD","51139","E","Estimated value"
"QV","Value of Agricultural Production","496","Mongolia","58","Gross Production Value (constant 2014-2016 thousand US$)","0111","Wheat","2016","2016","1000 USD","115659","E","Estimated value"
"QV","Value of Agricultural Production","496","Mongolia","58","Gross Production Value (constant 2014-2016 thousand US$)","0111","Wheat","2017","2017","1000 USD","57294","E","Estimated value"
"QV","Value of Agricultural Production","496","Mongolia","58","Gross Production Value (constant 2014-2016 thousand US$)","0111","Wheat","2018","2018","1000 USD","107998","E","Estimated value"
"QV","Value of Agricultural Production","496","Mongolia","58","Gross Production Value (constant 2014-2016 thousand US$)","0111","Wheat","2019","2019","1000 USD","101881","E","Estimated value"
"QV","Value of Agricultural Production","496","Mongolia","58","Gross Production Value (constant 2014-2016 thousand US$)","0111","Wheat","2020","2020","1000 USD","100573","E","Estimated value"
"QV","Value of Agricultural Production","496","Mongolia","58","Gross Production Value (constant 2014-2016 thousand US$)","0111","Wheat","2021","2021","1000 USD","140230","E","Estimated value"
"QV","Value of Agricultural Production","496","Mongolia","58","Gross Production Value (constant 2014-2016 thousand US$)","0111","Wheat","2022","2022","1000 USD","99526","E","Estimated value"
"QV","Value of Agricultural Production","496","Mongolia","58","Gross Production Value (constant 2014-2016 thousand US$)","0111","Wheat","2023","2023","1000 USD","109806","E","Estimated value"
"QV","Value of Agricultural Production","496","Mongolia","58","Gross Production Value (constant 2014-2016 thousand US$)","0111","Wheat","2024","2024","1000 USD","98376","E","Estimated value"
"QV","Value of Agricultural Production","504","Morocco","58","Gross Production Value (constant 2014-2016 thousand US$)","0112","Maize (corn)","2014","2014","1000 USD","26098","E","Estimated value"
"QV","Value of Agricultural Production","504","Morocco","58","Gross Production Value (constant 2014-2016 thousand US$)","0112","Maize (corn)","2015","2015","1000 USD","25469","E","Estimated value"
"QV","Value of Agricultural Production","504","Morocco","58","Gross Production Value (constant 2014-2016 thousand US$)","0112","Maize (corn)","2016","2016","1000 USD","34510","E","Estimated value"
"QV","Value of Agricultural Production","504","Morocco","58","Gross Production Value (constant 2014-2016 thousand US$)","0112","Maize (corn)","2017","2017","1000 USD","32804","E","Estimated value"
"QV","Value of Agricultural Production","504","Morocco","58","Gross Production Value (constant 2014-2016 thousand US$)","0112","Maize (corn)","2018","2018","1000 USD","31730","E","Estimated value"
"QV","Value of Agricultural Production","504","Morocco","58","Gross Production Value (constant 2014-2016 thousand US$)","0112","Maize (corn)","2019","2019","1000 USD","10852","E","Estimated value"
"QV","Value of Agricultural Production","504","Morocco","58","Gross Production Value (constant 2014-2016 thousand US$)","0112","Maize (corn)","2020","2020","1000 USD","8010","E","Estimated value"
"QV","Value of Agricultural Production","504","Morocco","58","Gross Production Value (constant 2014-2016 thousand US$)","0112","Maize (corn)","2021","2021","1000 USD","13035","E","Estimated value"
"QV","Value of Agricultural Production","504","Morocco","58","Gross Production Value (constant 2014-2016 thousand US$)","0112","Maize (corn)","2022","2022","1000 USD","9590","E","Estimated value"
"QV","Value of Agricultural Production","504","Morocco","58","Gross Production Value (constant 2014-2016 thousand US$)","0112","Maize (corn)","2023","2023","1000 USD","2904","E","Estimated value"
"QV","Value of Agricultural Production","504","Morocco","58","Gross Production Value (constant 2014-2016 thousand US$)","0112","Maize (corn)","2024","2024","1000 USD","19626","E","Estimated value"
"QV","Value of Agricultural Production","504","Morocco","58","Gross Production Value (constant 2014-2016 thousand US$)","0113","Rice","2014","2014","1000 USD","10242","E","Estimated value"
"QV","Value of Agricultural Production","504","Morocco","58","Gross Production Value (constant 2014-2016 thousand US$)","0113","Rice","2015","2015","1000 USD","19615","E","Estimated value"
"QV","Value of Agricultural Production","504","Morocco","58","Gross Production Value (constant 2014-2016 thousand US$)","0113","Rice","2016","2016","1000 USD","16533","E","Estimated value"
"QV","Value of Agricultural Production","504","Morocco","58","Gross Production Value (constant 2014-2016 thousand US$)","0113","Rice","2017","2017","1000 USD","17879","E","Estimated value"
"QV","Value of Agricultural Production","504","Morocco","58","Gross Production Value (constant 2014-2016 thousand US$)","0113","Rice","2018","2018","1000 USD","19534","E","Estimated value"
"QV","Value of Agricultural Production","504","Morocco","58","Gross Production Value (constant 2014-2016 thousand US$)","0113","Rice","2019","2019","1000 USD","20018","E","Estimated value"
"QV","Value of Agricultural Production","504","Morocco","58","Gross Production Value (constant 2014-2016 thousand US$)","0113","Rice","2020","2020","1000 USD","20359","E","Estimated value"
"QV","Value of Agricultural Production","504","Morocco","58","Gross Production Value (constant 2014-2016 thousand US$)","0113","Rice","2021","2021","1000 USD","15773","E","Estimated value"
"QV","Value of Agricultural Production","504","Morocco","58","Gross Production Value (constant 2014-2016 thousand US$)","0113","Rice","2022","2022","1000 USD","15218","E","Estimated value"
"QV","Value of Agricultural Production","504","Morocco","58","Gross Production Value (constant 2014-2016 thousand US$)","0113","Rice","2023","2023","1000 USD","17422","E","Estimated value"
"QV","Value of Agricultural Production","504","Morocco","58","Gross Production Value (constant 2014-2016 thousand US$)","0113","Rice","2024","2024","1000 USD","1861","E","Estimated value"
"QV","Value of Agricultural Production","504","Morocco","58","Gross Production Value (constant 2014-2016 thousand US$)","0141","Soya beans","2014","2014","1000 USD","354","E","Estimated value"
"QV","Value of Agricultural Production","504","Morocco","58","Gross Production Value (constant 2014-2016 thousand US$)","0141","Soya beans","2015","2015","1000 USD","354","E","Estimated value"
"QV","Value of Agricultural Production","504","Morocco","58","Gross Production Value (constant 2014-2016 thousand US$)","0141","Soya beans","2016","2016","1000 USD","354","E","Estimated value"
"QV","Value of Agricultural Production","504","Morocco","58","Gross Production Value (constant 2014-2016 thousand US$)","0141","Soya beans","2017","2017","1000 USD","354","E","Estimated value"
"QV","Value of Agricultural Production","504","Morocco","58","Gross Production Value (constant 2014-2016 thousand US$)","0141","Soya beans","2018","2018","1000 USD","354","E","Estimated value"
"QV","Value of Agricultural Production","504","Morocco","58","Gross Production Value (constant 2014-2016 thousand US$)","0141","Soya beans","2019","2019","1000 USD","354","E","Estimated value"
"QV","Value of Agricultural Production","504","Morocco","58","Gross Production Value (constant 2014-2016 thousand US$)","0141","Soya beans","2020","2020","1000 USD","354","E","Estimated value"
"QV","Value of Agricultural Production","504","Morocco","58","Gross Production Value (constant 2014-2016 thousand US$)","0141","Soya beans","2021","2021","1000 USD","354","E","Estimated value"
"QV","Value of Agricultural Production","504","Morocco","58","Gross Production Value (constant 2014-2016 thousand US$)","0141","Soya beans","2022","2022","1000 USD","354","E","Estimated value"
"QV","Value of Agricultural Production","504","Morocco","58","Gross Production Value (constant 2014-2016 thousand US$)","0141","Soya beans","2023","2023","1000 USD","354","E","Estimated value"
"QV","Value of Agricultural Production","504","Morocco","58","Gross Production Value (constant 2014-2016 thousand US$)","0141","Soya beans","2024","2024","1000 USD","354","E","Estimated value"
"QV","Value of Agricultural Production","504","Morocco","58","Gross Production Value (constant 2014-2016 thousand US$)","0111","Wheat","2014","2014","1000 USD","1383277","E","Estimated value"
"QV","Value of Agricultural Production","504","Morocco","58","Gross Production Value (constant 2014-2016 thousand US$)","0111","Wheat","2015","2015","1000 USD","2183297","E","Estimated value"
"QV","Value of Agricultural Production","504","Morocco","58","Gross Production Value (constant 2014-2016 thousand US$)","0111","Wheat","2016","2016","1000 USD","738465","E","Estimated value"
"QV","Value of Agricultural Production","504","Morocco","58","Gross Production Value (constant 2014-2016 thousand US$)","0111","Wheat","2017","2017","1000 USD","1917277","E","Estimated value"
"QV","Value of Agricultural Production","504","Morocco","58","Gross Production Value (constant 2014-2016 thousand US$)","0111","Wheat","2018","2018","1000 USD","1979413","E","Estimated value"
"QV","Value of Agricultural Production","504","Morocco","58","Gross Production Value (constant 2014-2016 thousand US$)","0111","Wheat","2019","2019","1000 USD","1088396","E","Estimated value"
"QV","Value of Agricultural Production","504","Morocco","58","Gross Production Value (constant 2014-2016 thousand US$)","0111","Wheat","2020","2020","1000 USD","692708","E","Estimated value"
"QV","Value of Agricultural Production","504","Morocco","58","Gross Production Value (constant 2014-2016 thousand US$)","0111","Wheat","2021","2021","1000 USD","2039771","E","Estimated value"
"QV","Value of Agricultural Production","504","Morocco","58","Gross Production Value (constant 2014-2016 thousand US$)","0111","Wheat","2022","2022","1000 USD","732119","E","Estimated value"
"QV","Value of Agricultural Production","504","Morocco","58","Gross Production Value (constant 2014-2016 thousand US$)","0111","Wheat","2023","2023","1000 USD","1124404","E","Estimated value"
"QV","Value of Agricultural Production","504","Morocco","58","Gross Production Value (constant 2014-2016 thousand US$)","0111","Wheat","2024","2024","1000 USD","660200","E","Estimated value"
"QV","Value of Agricultural Production","508","Mozambique","58","Gross Production Value (constant 2014-2016 thousand US$)","0112","Maize (corn)","2014","2014","1000 USD","496244","E","Estimated value"
"QV","Value of Agricultural Production","508","Mozambique","58","Gross Production Value (constant 2014-2016 thousand US$)","0112","Maize (corn)","2015","2015","1000 USD","461442","E","Estimated value"
"QV","Value of Agricultural Production","508","Mozambique","58","Gross Production Value (constant 2014-2016 thousand US$)","0112","Maize (corn)","2016","2016","1000 USD","444975","E","Estimated value"
"QV","Value of Agricultural Production","508","Mozambique","58","Gross Production Value (constant 2014-2016 thousand US$)","0112","Maize (corn)","2017","2017","1000 USD","447534","E","Estimated value"
"QV","Value of Agricultural Production","508","Mozambique","58","Gross Production Value (constant 2014-2016 thousand US$)","0112","Maize (corn)","2018","2018","1000 USD","514370","E","Estimated value"
"QV","Value of Agricultural Production","508","Mozambique","58","Gross Production Value (constant 2014-2016 thousand US$)","0112","Maize (corn)","2019","2019","1000 USD","530783","E","Estimated value"
"QV","Value of Agricultural Production","508","Mozambique","58","Gross Production Value (constant 2014-2016 thousand US$)","0112","Maize (corn)","2020","2020","1000 USD","596830","E","Estimated value"
"QV","Value of Agricultural Production","508","Mozambique","58","Gross Production Value (constant 2014-2016 thousand US$)","0112","Maize (corn)","2021","2021","1000 USD","667016","E","Estimated value"
"QV","Value of Agricultural Production","508","Mozambique","58","Gross Production Value (constant 2014-2016 thousand US$)","0112","Maize (corn)","2022","2022","1000 USD","871123","E","Estimated value"
"QV","Value of Agricultural Production","508","Mozambique","58","Gross Production Value (constant 2014-2016 thousand US$)","0112","Maize (corn)","2023","2023","1000 USD","776877","E","Estimated value"
"QV","Value of Agricultural Production","508","Mozambique","58","Gross Production Value (constant 2014-2016 thousand US$)","0112","Maize (corn)","2024","2024","1000 USD","847882","E","Estimated value"
"QV","Value of Agricultural Production","508","Mozambique","58","Gross Production Value (constant 2014-2016 thousand US$)","0113","Rice","2014","2014","1000 USD","180206","E","Estimated value"
"QV","Value of Agricultural Production","508","Mozambique","58","Gross Production Value (constant 2014-2016 thousand US$)","0113","Rice","2015","2015","1000 USD","87942","E","Estimated value"
"QV","Value of Agricultural Production","508","Mozambique","58","Gross Production Value (constant 2014-2016 thousand US$)","0113","Rice","2016","2016","1000 USD","111358","E","Estimated value"
"QV","Value of Agricultural Production","508","Mozambique","58","Gross Production Value (constant 2014-2016 thousand US$)","0113","Rice","2017","2017","1000 USD","122299","E","Estimated value"
"QV","Value of Agricultural Production","508","Mozambique","58","Gross Production Value (constant 2014-2016 thousand US$)","0113","Rice","2018","2018","1000 USD","117916","E","Estimated value"
"QV","Value of Agricultural Production","508","Mozambique","58","Gross Production Value (constant 2014-2016 thousand US$)","0113","Rice","2019","2019","1000 USD","124644","E","Estimated value"
"QV","Value of Agricultural Production","508","Mozambique","58","Gross Production Value (constant 2014-2016 thousand US$)","0113","Rice","2020","2020","1000 USD","121515","E","Estimated value"
"QV","Value of Agricultural Production","508","Mozambique","58","Gross Production Value (constant 2014-2016 thousand US$)","0113","Rice","2021","2021","1000 USD","144040","E","Estimated value"
"QV","Value of Agricultural Production","508","Mozambique","58","Gross Production Value (constant 2014-2016 thousand US$)","0113","Rice","2022","2022","1000 USD","170358","E","Estimated value"
"QV","Value of Agricultural Production","508","Mozambique","58","Gross Production Value (constant 2014-2016 thousand US$)","0113","Rice","2023","2023","1000 USD","112226","E","Estimated value"
"QV","Value of Agricultural Production","508","Mozambique","58","Gross Production Value (constant 2014-2016 thousand US$)","0113","Rice","2024","2024","1000 USD","117349","E","Estimated value"
"QV","Value of Agricultural Production","508","Mozambique","58","Gross Production Value (constant 2014-2016 thousand US$)","0111","Wheat","2014","2014","1000 USD","16408","E","Estimated value"
"QV","Value of Agricultural Production","508","Mozambique","58","Gross Production Value (constant 2014-2016 thousand US$)","0111","Wheat","2015","2015","1000 USD","16067","E","Estimated value"
"QV","Value of Agricultural Production","508","Mozambique","58","Gross Production Value (constant 2014-2016 thousand US$)","0111","Wheat","2016","2016","1000 USD","13538","E","Estimated value"
"QV","Value of Agricultural Production","508","Mozambique","58","Gross Production Value (constant 2014-2016 thousand US$)","0111","Wheat","2017","2017","1000 USD","13547","E","Estimated value"
"QV","Value of Agricultural Production","508","Mozambique","58","Gross Production Value (constant 2014-2016 thousand US$)","0111","Wheat","2018","2018","1000 USD","13468","E","Estimated value"
"QV","Value of Agricultural Production","508","Mozambique","58","Gross Production Value (constant 2014-2016 thousand US$)","0111","Wheat","2019","2019","1000 USD","14261","E","Estimated value"
"QV","Value of Agricultural Production","508","Mozambique","58","Gross Production Value (constant 2014-2016 thousand US$)","0111","Wheat","2020","2020","1000 USD","11884","E","Estimated value"
"QV","Value of Agricultural Production","508","Mozambique","58","Gross Production Value (constant 2014-2016 thousand US$)","0111","Wheat","2021","2021","1000 USD","11884","E","Estimated value"
"QV","Value of Agricultural Production","508","Mozambique","58","Gross Production Value (constant 2014-2016 thousand US$)","0111","Wheat","2022","2022","1000 USD","12676","E","Estimated value"
"QV","Value of Agricultural Production","508","Mozambique","58","Gross Production Value (constant 2014-2016 thousand US$)","0111","Wheat","2023","2023","1000 USD","12676","E","Estimated value"
"QV","Value of Agricultural Production","508","Mozambique","58","Gross Production Value (constant 2014-2016 thousand US$)","0111","Wheat","2024","2024","1000 USD","3961","E","Estimated value"
"QV","Value of Agricultural Production","516","Namibia","58","Gross Production Value (constant 2014-2016 thousand US$)","0112","Maize (corn)","2014","2014","1000 USD","21194","E","Estimated value"
"QV","Value of Agricultural Production","516","Namibia","58","Gross Production Value (constant 2014-2016 thousand US$)","0112","Maize (corn)","2015","2015","1000 USD","21151","E","Estimated value"
"QV","Value of Agricultural Production","516","Namibia","58","Gross Production Value (constant 2014-2016 thousand US$)","0112","Maize (corn)","2016","2016","1000 USD","16510","E","Estimated value"
"QV","Value of Agricultural Production","516","Namibia","58","Gross Production Value (constant 2014-2016 thousand US$)","0112","Maize (corn)","2017","2017","1000 USD","26893","E","Estimated value"
"QV","Value of Agricultural Production","516","Namibia","58","Gross Production Value (constant 2014-2016 thousand US$)","0112","Maize (corn)","2018","2018","1000 USD","22432","E","Estimated value"
"QV","Value of Agricultural Production","516","Namibia","58","Gross Production Value (constant 2014-2016 thousand US$)","0112","Maize (corn)","2019","2019","1000 USD","17036","E","Estimated value"
"QV","Value of Agricultural Production","516","Namibia","58","Gross Production Value (constant 2014-2016 thousand US$)","0112","Maize (corn)","2020","2020","1000 USD","22768","E","Estimated value"
"QV","Value of Agricultural Production","516","Namibia","58","Gross Production Value (constant 2014-2016 thousand US$)","0112","Maize (corn)","2021","2021","1000 USD","29577","E","Estimated value"
"QV","Value of Agricultural Production","516","Namibia","58","Gross Production Value (constant 2014-2016 thousand US$)","0112","Maize (corn)","2022","2022","1000 USD","37424","E","Estimated value"
"QV","Value of Agricultural Production","516","Namibia","58","Gross Production Value (constant 2014-2016 thousand US$)","0112","Maize (corn)","2023","2023","1000 USD","27977","E","Estimated value"
"QV","Value of Agricultural Production","516","Namibia","58","Gross Production Value (constant 2014-2016 thousand US$)","0112","Maize (corn)","2024","2024","1000 USD","11378","E","Estimated value"
"QV","Value of Agricultural Production","516","Namibia","58","Gross Production Value (constant 2014-2016 thousand US$)","0111","Wheat","2014","2014","1000 USD","3552","E","Estimated value"
"QV","Value of Agricultural Production","516","Namibia","58","Gross Production Value (constant 2014-2016 thousand US$)","0111","Wheat","2015","2015","1000 USD","3605","E","Estimated value"
"QV","Value of Agricultural Production","516","Namibia","58","Gross Production Value (constant 2014-2016 thousand US$)","0111","Wheat","2016","2016","1000 USD","3489","E","Estimated value"
"QV","Value of Agricultural Production","516","Namibia","58","Gross Production Value (constant 2014-2016 thousand US$)","0111","Wheat","2017","2017","1000 USD","2165","E","Estimated value"
"QV","Value of Agricultural Production","516","Namibia","58","Gross Production Value (constant 2014-2016 thousand US$)","0111","Wheat","2018","2018","1000 USD","2165","E","Estimated value"
"QV","Value of Agricultural Production","516","Namibia","58","Gross Production Value (constant 2014-2016 thousand US$)","0111","Wheat","2019","2019","1000 USD","2167","E","Estimated value"
"QV","Value of Agricultural Production","516","Namibia","58","Gross Production Value (constant 2014-2016 thousand US$)","0111","Wheat","2020","2020","1000 USD","4084","E","Estimated value"
"QV","Value of Agricultural Production","516","Namibia","58","Gross Production Value (constant 2014-2016 thousand US$)","0111","Wheat","2021","2021","1000 USD","4084","E","Estimated value"
"QV","Value of Agricultural Production","516","Namibia","58","Gross Production Value (constant 2014-2016 thousand US$)","0111","Wheat","2022","2022","1000 USD","6568","E","Estimated value"
"QV","Value of Agricultural Production","516","Namibia","58","Gross Production Value (constant 2014-2016 thousand US$)","0111","Wheat","2023","2023","1000 USD","8773","E","Estimated value"
"QV","Value of Agricultural Production","516","Namibia","58","Gross Production Value (constant 2014-2016 thousand US$)","0111","Wheat","2024","2024","1000 USD","6511","E","Estimated value"
"QV","Value of Agricultural Production","524","Nepal","58","Gross Production Value (constant 2014-2016 thousand US$)","0112","Maize (corn)","2014","2014","1000 USD","610685","E","Estimated value"
"QV","Value of Agricultural Production","524","Nepal","58","Gross Production Value (constant 2014-2016 thousand US$)","0112","Maize (corn)","2015","2015","1000 USD","573793","E","Estimated value"
"QV","Value of Agricultural Production","524","Nepal","58","Gross Production Value (constant 2014-2016 thousand US$)","0112","Maize (corn)","2016","2016","1000 USD","596856","E","Estimated value"
"QV","Value of Agricultural Production","524","Nepal","58","Gross Production Value (constant 2014-2016 thousand US$)","0112","Maize (corn)","2017","2017","1000 USD","615205","E","Estimated value"
"QV","Value of Agricultural Production","524","Nepal","58","Gross Production Value (constant 2014-2016 thousand US$)","0112","Maize (corn)","2018","2018","1000 USD","694568","E","Estimated value"
"QV","Value of Agricultural Production","524","Nepal","58","Gross Production Value (constant 2014-2016 thousand US$)","0112","Maize (corn)","2019","2019","1000 USD","709653","E","Estimated value"
"QV","Value of Agricultural Production","524","Nepal","58","Gross Production Value (constant 2014-2016 thousand US$)","0112","Maize (corn)","2020","2020","1000 USD","758447","E","Estimated value"
"QV","Value of Agricultural Production","524","Nepal","58","Gross Production Value (constant 2014-2016 thousand US$)","0112","Maize (corn)","2021","2021","1000 USD","801793","E","Estimated value"
"QV","Value of Agricultural Production","524","Nepal","58","Gross Production Value (constant 2014-2016 thousand US$)","0112","Maize (corn)","2022","2022","1000 USD","830857","E","Estimated value"
"QV","Value of Agricultural Production","524","Nepal","58","Gross Production Value (constant 2014-2016 thousand US$)","0112","Maize (corn)","2023","2023","1000 USD","796111","E","Estimated value"
"QV","Value of Agricultural Production","524","Nepal","58","Gross Production Value (constant 2014-2016 thousand US$)","0112","Maize (corn)","2024","2024","1000 USD","854252","E","Estimated value"
"QV","Value of Agricultural Production","524","Nepal","58","Gross Production Value (constant 2014-2016 thousand US$)","0113","Rice","2014","2014","1000 USD","1244399","E","Estimated value"
"QV","Value of Agricultural Production","524","Nepal","58","Gross Production Value (constant 2014-2016 thousand US$)","0113","Rice","2015","2015","1000 USD","1117186","E","Estimated value"
"QV","Value of Agricultural Production","524","Nepal","58","Gross Production Value (constant 2014-2016 thousand US$)","0113","Rice","2016","2016","1000 USD","1359186","E","Estimated value"
"QV","Value of Agricultural Production","524","Nepal","58","Gross Production Value (constant 2014-2016 thousand US$)","0113","Rice","2017","2017","1000 USD","1338812","E","Estimated value"
"QV","Value of Agricultural Production","524","Nepal","58","Gross Production Value (constant 2014-2016 thousand US$)","0113","Rice","2018","2018","1000 USD","1457853","E","Estimated value"
"QV","Value of Agricultural Production","524","Nepal","58","Gross Production Value (constant 2014-2016 thousand US$)","0113","Rice","2019","2019","1000 USD","1442486","E","Estimated value"
"QV","Value of Agricultural Production","524","Nepal","58","Gross Production Value (constant 2014-2016 thousand US$)","0113","Rice","2020","2020","1000 USD","1460893","E","Estimated value"
"QV","Value of Agricultural Production","524","Nepal","58","Gross Production Value (constant 2014-2016 thousand US$)","0113","Rice","2021","2021","1000 USD","1333277","E","Estimated value"
"QV","Value of Agricultural Production","524","Nepal","58","Gross Production Value (constant 2014-2016 thousand US$)","0113","Rice","2022","2022","1000 USD","1425749","E","Estimated value"
"QV","Value of Agricultural Production","524","Nepal","58","Gross Production Value (constant 2014-2016 thousand US$)","0113","Rice","2023","2023","1000 USD","1487536","E","Estimated value"
"QV","Value of Agricultural Production","524","Nepal","58","Gross Production Value (constant 2014-2016 thousand US$)","0113","Rice","2024","2024","1000 USD","1547634","E","Estimated value"
"QV","Value of Agricultural Production","524","Nepal","58","Gross Production Value (constant 2014-2016 thousand US$)","0141","Soya beans","2014","2014","1000 USD","24983","E","Estimated value"
"QV","Value of Agricultural Production","524","Nepal","58","Gross Production Value (constant 2014-2016 thousand US$)","0141","Soya beans","2015","2015","1000 USD","25055","E","Estimated value"
"QV","Value of Agricultural Production","524","Nepal","58","Gross Production Value (constant 2014-2016 thousand US$)","0141","Soya beans","2016","2016","1000 USD","25584","E","Estimated value"
"QV","Value of Agricultural Production","524","Nepal","58","Gross Production Value (constant 2014-2016 thousand US$)","0141","Soya beans","2017","2017","1000 USD","25712","E","Estimated value"
"QV","Value of Agricultural Production","524","Nepal","58","Gross Production Value (constant 2014-2016 thousand US$)","0141","Soya beans","2018","2018","1000 USD","24491","E","Estimated value"
"QV","Value of Agricultural Production","524","Nepal","58","Gross Production Value (constant 2014-2016 thousand US$)","0141","Soya beans","2019","2019","1000 USD","27929","E","Estimated value"
"QV","Value of Agricultural Production","524","Nepal","58","Gross Production Value (constant 2014-2016 thousand US$)","0141","Soya beans","2020","2020","1000 USD","30563","E","Estimated value"
"QV","Value of Agricultural Production","524","Nepal","58","Gross Production Value (constant 2014-2016 thousand US$)","0141","Soya beans","2021","2021","1000 USD","27116","E","Estimated value"
"QV","Value of Agricultural Production","524","Nepal","58","Gross Production Value (constant 2014-2016 thousand US$)","0141","Soya beans","2022","2022","1000 USD","31088","E","Estimated value"
"QV","Value of Agricultural Production","524","Nepal","58","Gross Production Value (constant 2014-2016 thousand US$)","0141","Soya beans","2023","2023","1000 USD","32445","E","Estimated value"
"QV","Value of Agricultural Production","524","Nepal","58","Gross Production Value (constant 2014-2016 thousand US$)","0141","Soya beans","2024","2024","1000 USD","25233","E","Estimated value"
"QV","Value of Agricultural Production","524","Nepal","58","Gross Production Value (constant 2014-2016 thousand US$)","0111","Wheat","2014","2014","1000 USD","501578","E","Estimated value"
"QV","Value of Agricultural Production","524","Nepal","58","Gross Production Value (constant 2014-2016 thousand US$)","0111","Wheat","2015","2015","1000 USD","526209","E","Estimated value"
"QV","Value of Agricultural Production","524","Nepal","58","Gross Production Value (constant 2014-2016 thousand US$)","0111","Wheat","2016","2016","1000 USD","462611","E","Estimated value"
"QV","Value of Agricultural Production","524","Nepal","58","Gross Production Value (constant 2014-2016 thousand US$)","0111","Wheat","2017","2017","1000 USD","500524","E","Estimated value"
"QV","Value of Agricultural Production","524","Nepal","58","Gross Production Value (constant 2014-2016 thousand US$)","0111","Wheat","2018","2018","1000 USD","519118","E","Estimated value"
"QV","Value of Agricultural Production","524","Nepal","58","Gross Production Value (constant 2014-2016 thousand US$)","0111","Wheat","2019","2019","1000 USD","534210","E","Estimated value"
"QV","Value of Agricultural Production","524","Nepal","58","Gross Production Value (constant 2014-2016 thousand US$)","0111","Wheat","2020","2020","1000 USD","582053","E","Estimated value"
"QV","Value of Agricultural Production","524","Nepal","58","Gross Production Value (constant 2014-2016 thousand US$)","0111","Wheat","2021","2021","1000 USD","566602","E","Estimated value"
"QV","Value of Agricultural Production","524","Nepal","58","Gross Production Value (constant 2014-2016 thousand US$)","0111","Wheat","2022","2022","1000 USD","571207","E","Estimated value"
"QV","Value of Agricultural Production","524","Nepal","58","Gross Production Value (constant 2014-2016 thousand US$)","0111","Wheat","2023","2023","1000 USD","558927","E","Estimated value"
"QV","Value of Agricultural Production","524","Nepal","58","Gross Production Value (constant 2014-2016 thousand US$)","0111","Wheat","2024","2024","1000 USD","542173","E","Estimated value"
"QV","Value of Agricultural Production","528","Netherlands (Kingdom of the)","58","Gross Production Value (constant 2014-2016 thousand US$)","0112","Maize (corn)","2014","2014","1000 USD","29427","E","Estimated value"
"QV","Value of Agricultural Production","528","Netherlands (Kingdom of the)","58","Gross Production Value (constant 2014-2016 thousand US$)","0112","Maize (corn)","2015","2015","1000 USD","20594","E","Estimated value"
"QV","Value of Agricultural Production","528","Netherlands (Kingdom of the)","58","Gross Production Value (constant 2014-2016 thousand US$)","0112","Maize (corn)","2016","2016","1000 USD","14392","E","Estimated value"
"QV","Value of Agricultural Production","528","Netherlands (Kingdom of the)","58","Gross Production Value (constant 2014-2016 thousand US$)","0112","Maize (corn)","2017","2017","1000 USD","19845","E","Estimated value"
"QV","Value of Agricultural Production","528","Netherlands (Kingdom of the)","58","Gross Production Value (constant 2014-2016 thousand US$)","0111","Wheat","2014","2014","1000 USD","238084","E","Estimated value"
"QV","Value of Agricultural Production","528","Netherlands (Kingdom of the)","58","Gross Production Value (constant 2014-2016 thousand US$)","0111","Wheat","2015","2015","1000 USD","237359","E","Estimated value"
"QV","Value of Agricultural Production","528","Netherlands (Kingdom of the)","58","Gross Production Value (constant 2014-2016 thousand US$)","0111","Wheat","2016","2016","1000 USD","185580","E","Estimated value"
"QV","Value of Agricultural Production","528","Netherlands (Kingdom of the)","58","Gross Production Value (constant 2014-2016 thousand US$)","0111","Wheat","2017","2017","1000 USD","192458","E","Estimated value"
"QV","Value of Agricultural Production","540","New Caledonia","58","Gross Production Value (constant 2014-2016 thousand US$)","0112","Maize (corn)","2014","2014","1000 USD","2315","E","Estimated value"
"QV","Value of Agricultural Production","540","New Caledonia","58","Gross Production Value (constant 2014-2016 thousand US$)","0112","Maize (corn)","2015","2015","1000 USD","3435","E","Estimated value"
"QV","Value of Agricultural Production","540","New Caledonia","58","Gross Production Value (constant 2014-2016 thousand US$)","0112","Maize (corn)","2016","2016","1000 USD","4356","E","Estimated value"
"QV","Value of Agricultural Production","540","New Caledonia","58","Gross Production Value (constant 2014-2016 thousand US$)","0112","Maize (corn)","2017","2017","1000 USD","4800","E","Estimated value"
"QV","Value of Agricultural Production","540","New Caledonia","58","Gross Production Value (constant 2014-2016 thousand US$)","0112","Maize (corn)","2018","2018","1000 USD","5192","E","Estimated value"
"QV","Value of Agricultural Production","540","New Caledonia","58","Gross Production Value (constant 2014-2016 thousand US$)","0112","Maize (corn)","2019","2019","1000 USD","4508","E","Estimated value"
"QV","Value of Agricultural Production","540","New Caledonia","58","Gross Production Value (constant 2014-2016 thousand US$)","0112","Maize (corn)","2020","2020","1000 USD","5135","E","Estimated value"
"QV","Value of Agricultural Production","540","New Caledonia","58","Gross Production Value (constant 2014-2016 thousand US$)","0112","Maize (corn)","2021","2021","1000 USD","3782","E","Estimated value"
"QV","Value of Agricultural Production","540","New Caledonia","58","Gross Production Value (constant 2014-2016 thousand US$)","0112","Maize (corn)","2022","2022","1000 USD","2163","E","Estimated value"
"QV","Value of Agricultural Production","540","New Caledonia","58","Gross Production Value (constant 2014-2016 thousand US$)","0112","Maize (corn)","2023","2023","1000 USD","1836","E","Estimated value"
"QV","Value of Agricultural Production","540","New Caledonia","58","Gross Production Value (constant 2014-2016 thousand US$)","0112","Maize (corn)","2024","2024","1000 USD","3735","E","Estimated value"
"QV","Value of Agricultural Production","554","New Zealand","58","Gross Production Value (constant 2014-2016 thousand US$)","0112","Maize (corn)","2014","2014","1000 USD","73127","E","Estimated value"
"QV","Value of Agricultural Production","554","New Zealand","58","Gross Production Value (constant 2014-2016 thousand US$)","0112","Maize (corn)","2015","2015","1000 USD","69770","E","Estimated value"
"QV","Value of Agricultural Production","554","New Zealand","58","Gross Production Value (constant 2014-2016 thousand US$)","0112","Maize (corn)","2016","2016","1000 USD","64852","E","Estimated value"
"QV","Value of Agricultural Production","554","New Zealand","58","Gross Production Value (constant 2014-2016 thousand US$)","0112","Maize (corn)","2017","2017","1000 USD","54140","E","Estimated value"
"QV","Value of Agricultural Production","554","New Zealand","58","Gross Production Value (constant 2014-2016 thousand US$)","0112","Maize (corn)","2018","2018","1000 USD","59199","E","Estimated value"
"QV","Value of Agricultural Production","554","New Zealand","58","Gross Production Value (constant 2014-2016 thousand US$)","0112","Maize (corn)","2019","2019","1000 USD","60421","E","Estimated value"
"QV","Value of Agricultural Production","554","New Zealand","58","Gross Production Value (constant 2014-2016 thousand US$)","0112","Maize (corn)","2020","2020","1000 USD","58615","E","Estimated value"
"QV","Value of Agricultural Production","554","New Zealand","58","Gross Production Value (constant 2014-2016 thousand US$)","0112","Maize (corn)","2021","2021","1000 USD","64530","E","Estimated value"
"QV","Value of Agricultural Production","554","New Zealand","58","Gross Production Value (constant 2014-2016 thousand US$)","0112","Maize (corn)","2022","2022","1000 USD","58045","E","Estimated value"
"QV","Value of Agricultural Production","554","New Zealand","58","Gross Production Value (constant 2014-2016 thousand US$)","0112","Maize (corn)","2023","2023","1000 USD","59357","E","Estimated value"
"QV","Value of Agricultural Production","554","New Zealand","58","Gross Production Value (constant 2014-2016 thousand US$)","0112","Maize (corn)","2024","2024","1000 USD","75372","E","Estimated value"
"QV","Value of Agricultural Production","554","New Zealand","58","Gross Production Value (constant 2014-2016 thousand US$)","0111","Wheat","2014","2014","1000 USD","112723","E","Estimated value"
"QV","Value of Agricultural Production","554","New Zealand","58","Gross Production Value (constant 2014-2016 thousand US$)","0111","Wheat","2015","2015","1000 USD","112733","E","Estimated value"
"QV","Value of Agricultural Production","554","New Zealand","58","Gross Production Value (constant 2014-2016 thousand US$)","0111","Wheat","2016","2016","1000 USD","125223","E","Estimated value"
"QV","Value of Agricultural Production","554","New Zealand","58","Gross Production Value (constant 2014-2016 thousand US$)","0111","Wheat","2017","2017","1000 USD","110456","E","Estimated value"
"QV","Value of Agricultural Production","554","New Zealand","58","Gross Production Value (constant 2014-2016 thousand US$)","0111","Wheat","2018","2018","1000 USD","101145","E","Estimated value"
"QV","Value of Agricultural Production","554","New Zealand","58","Gross Production Value (constant 2014-2016 thousand US$)","0111","Wheat","2019","2019","1000 USD","108523","E","Estimated value"
"QV","Value of Agricultural Production","554","New Zealand","58","Gross Production Value (constant 2014-2016 thousand US$)","0111","Wheat","2020","2020","1000 USD","123696","E","Estimated value"
"QV","Value of Agricultural Production","554","New Zealand","58","Gross Production Value (constant 2014-2016 thousand US$)","0111","Wheat","2021","2021","1000 USD","115268","E","Estimated value"
"QV","Value of Agricultural Production","554","New Zealand","58","Gross Production Value (constant 2014-2016 thousand US$)","0111","Wheat","2022","2022","1000 USD","109741","E","Estimated value"
"QV","Value of Agricultural Production","554","New Zealand","58","Gross Production Value (constant 2014-2016 thousand US$)","0111","Wheat","2023","2023","1000 USD","106758","E","Estimated value"
"QV","Value of Agricultural Production","554","New Zealand","58","Gross Production Value (constant 2014-2016 thousand US$)","0111","Wheat","2024","2024","1000 USD","126655","E","Estimated value"
"QV","Value of Agricultural Production","558","Nicaragua","58","Gross Production Value (constant 2014-2016 thousand US$)","0112","Maize (corn)","2014","2014","1000 USD","111588","E","Estimated value"
"QV","Value of Agricultural Production","558","Nicaragua","58","Gross Production Value (constant 2014-2016 thousand US$)","0112","Maize (corn)","2015","2015","1000 USD","90193","E","Estimated value"
"QV","Value of Agricultural Production","558","Nicaragua","58","Gross Production Value (constant 2014-2016 thousand US$)","0112","Maize (corn)","2016","2016","1000 USD","127102","E","Estimated value"
"QV","Value of Agricultural Production","558","Nicaragua","58","Gross Production Value (constant 2014-2016 thousand US$)","0112","Maize (corn)","2017","2017","1000 USD","126419","E","Estimated value"
"QV","Value of Agricultural Production","558","Nicaragua","58","Gross Production Value (constant 2014-2016 thousand US$)","0112","Maize (corn)","2018","2018","1000 USD","122335","E","Estimated value"
"QV","Value of Agricultural Production","558","Nicaragua","58","Gross Production Value (constant 2014-2016 thousand US$)","0112","Maize (corn)","2019","2019","1000 USD","123859","E","Estimated value"
"QV","Value of Agricultural Production","558","Nicaragua","58","Gross Production Value (constant 2014-2016 thousand US$)","0112","Maize (corn)","2020","2020","1000 USD","114883","E","Estimated value"
"QV","Value of Agricultural Production","558","Nicaragua","58","Gross Production Value (constant 2014-2016 thousand US$)","0112","Maize (corn)","2021","2021","1000 USD","116300","E","Estimated value"
"QV","Value of Agricultural Production","558","Nicaragua","58","Gross Production Value (constant 2014-2016 thousand US$)","0112","Maize (corn)","2022","2022","1000 USD","117931","E","Estimated value"
"QV","Value of Agricultural Production","558","Nicaragua","58","Gross Production Value (constant 2014-2016 thousand US$)","0112","Maize (corn)","2023","2023","1000 USD","110150","E","Estimated value"
"QV","Value of Agricultural Production","558","Nicaragua","58","Gross Production Value (constant 2014-2016 thousand US$)","0113","Rice","2014","2014","1000 USD","132368","E","Estimated value"
"QV","Value of Agricultural Production","558","Nicaragua","58","Gross Production Value (constant 2014-2016 thousand US$)","0113","Rice","2015","2015","1000 USD","130951","E","Estimated value"
"QV","Value of Agricultural Production","558","Nicaragua","58","Gross Production Value (constant 2014-2016 thousand US$)","0113","Rice","2016","2016","1000 USD","149955","E","Estimated value"
"QV","Value of Agricultural Production","558","Nicaragua","58","Gross Production Value (constant 2014-2016 thousand US$)","0113","Rice","2017","2017","1000 USD","151580","E","Estimated value"
"QV","Value of Agricultural Production","558","Nicaragua","58","Gross Production Value (constant 2014-2016 thousand US$)","0113","Rice","2018","2018","1000 USD","157128","E","Estimated value"
"QV","Value of Agricultural Production","558","Nicaragua","58","Gross Production Value (constant 2014-2016 thousand US$)","0113","Rice","2019","2019","1000 USD","167974","E","Estimated value"
"QV","Value of Agricultural Production","558","Nicaragua","58","Gross Production Value (constant 2014-2016 thousand US$)","0113","Rice","2020","2020","1000 USD","171085","E","Estimated value"
"QV","Value of Agricultural Production","558","Nicaragua","58","Gross Production Value (constant 2014-2016 thousand US$)","0113","Rice","2021","2021","1000 USD","176478","E","Estimated value"
"QV","Value of Agricultural Production","558","Nicaragua","58","Gross Production Value (constant 2014-2016 thousand US$)","0113","Rice","2022","2022","1000 USD","180913","E","Estimated value"
"QV","Value of Agricultural Production","558","Nicaragua","58","Gross Production Value (constant 2014-2016 thousand US$)","0113","Rice","2023","2023","1000 USD","178968","E","Estimated value"
"QV","Value of Agricultural Production","558","Nicaragua","58","Gross Production Value (constant 2014-2016 thousand US$)","0141","Soya beans","2014","2014","1000 USD","2619","E","Estimated value"
"QV","Value of Agricultural Production","558","Nicaragua","58","Gross Production Value (constant 2014-2016 thousand US$)","0141","Soya beans","2015","2015","1000 USD","5266","E","Estimated value"
"QV","Value of Agricultural Production","558","Nicaragua","58","Gross Production Value (constant 2014-2016 thousand US$)","0141","Soya beans","2016","2016","1000 USD","5266","E","Estimated value"
"QV","Value of Agricultural Production","558","Nicaragua","58","Gross Production Value (constant 2014-2016 thousand US$)","0141","Soya beans","2017","2017","1000 USD","5266","E","Estimated value"
"QV","Value of Agricultural Production","558","Nicaragua","58","Gross Production Value (constant 2014-2016 thousand US$)","0141","Soya beans","2018","2018","1000 USD","5267","E","Estimated value"
"QV","Value of Agricultural Production","558","Nicaragua","58","Gross Production Value (constant 2014-2016 thousand US$)","0141","Soya beans","2019","2019","1000 USD","9251","E","Estimated value"
"QV","Value of Agricultural Production","558","Nicaragua","58","Gross Production Value (constant 2014-2016 thousand US$)","0141","Soya beans","2020","2020","1000 USD","9251","E","Estimated value"
"QV","Value of Agricultural Production","558","Nicaragua","58","Gross Production Value (constant 2014-2016 thousand US$)","0141","Soya beans","2021","2021","1000 USD","9251","E","Estimated value"
"QV","Value of Agricultural Production","558","Nicaragua","58","Gross Production Value (constant 2014-2016 thousand US$)","0141","Soya beans","2022","2022","1000 USD","9251","E","Estimated value"
"QV","Value of Agricultural Production","558","Nicaragua","58","Gross Production Value (constant 2014-2016 thousand US$)","0141","Soya beans","2023","2023","1000 USD","9251","E","Estimated value"
"QV","Value of Agricultural Production","562","Niger","58","Gross Production Value (constant 2014-2016 thousand US$)","0112","Maize (corn)","2014","2014","1000 USD","25126","E","Estimated value"
"QV","Value of Agricultural Production","562","Niger","58","Gross Production Value (constant 2014-2016 thousand US$)","0112","Maize (corn)","2015","2015","1000 USD","15710","E","Estimated value"
"QV","Value of Agricultural Production","562","Niger","58","Gross Production Value (constant 2014-2016 thousand US$)","0112","Maize (corn)","2016","2016","1000 USD","16880","E","Estimated value"
"QV","Value of Agricultural Production","562","Niger","58","Gross Production Value (constant 2014-2016 thousand US$)","0112","Maize (corn)","2017","2017","1000 USD","17023","E","Estimated value"
"QV","Value of Agricultural Production","562","Niger","58","Gross Production Value (constant 2014-2016 thousand US$)","0112","Maize (corn)","2018","2018","1000 USD","13112","E","Estimated value"
"QV","Value of Agricultural Production","562","Niger","58","Gross Production Value (constant 2014-2016 thousand US$)","0112","Maize (corn)","2019","2019","1000 USD","16826","E","Estimated value"
"QV","Value of Agricultural Production","562","Niger","58","Gross Production Value (constant 2014-2016 thousand US$)","0112","Maize (corn)","2020","2020","1000 USD","2850","E","Estimated value"
"QV","Value of Agricultural Production","562","Niger","58","Gross Production Value (constant 2014-2016 thousand US$)","0112","Maize (corn)","2021","2021","1000 USD","2522","E","Estimated value"
"QV","Value of Agricultural Production","562","Niger","58","Gross Production Value (constant 2014-2016 thousand US$)","0112","Maize (corn)","2022","2022","1000 USD","20470","E","Estimated value"
"QV","Value of Agricultural Production","562","Niger","58","Gross Production Value (constant 2014-2016 thousand US$)","0112","Maize (corn)","2023","2023","1000 USD","19258","E","Estimated value"
"QV","Value of Agricultural Production","562","Niger","58","Gross Production Value (constant 2014-2016 thousand US$)","0112","Maize (corn)","2024","2024","1000 USD","19666","E","Estimated value"
"QV","Value of Agricultural Production","562","Niger","58","Gross Production Value (constant 2014-2016 thousand US$)","0113","Rice","2014","2014","1000 USD","78964","E","Estimated value"
"QV","Value of Agricultural Production","562","Niger","58","Gross Production Value (constant 2014-2016 thousand US$)","0113","Rice","2015","2015","1000 USD","69004","E","Estimated value"
"QV","Value of Agricultural Production","562","Niger","58","Gross Production Value (constant 2014-2016 thousand US$)","0113","Rice","2016","2016","1000 USD","79307","E","Estimated value"
"QV","Value of Agricultural Production","562","Niger","58","Gross Production Value (constant 2014-2016 thousand US$)","0113","Rice","2017","2017","1000 USD","85567","E","Estimated value"
"QV","Value of Agricultural Production","562","Niger","58","Gross Production Value (constant 2014-2016 thousand US$)","0113","Rice","2018","2018","1000 USD","77191","E","Estimated value"
"QV","Value of Agricultural Production","562","Niger","58","Gross Production Value (constant 2014-2016 thousand US$)","0113","Rice","2019","2019","1000 USD","92502","E","Estimated value"
"QV","Value of Agricultural Production","562","Niger","58","Gross Production Value (constant 2014-2016 thousand US$)","0113","Rice","2020","2020","1000 USD","87366","E","Estimated value"
"QV","Value of Agricultural Production","562","Niger","58","Gross Production Value (constant 2014-2016 thousand US$)","0113","Rice","2021","2021","1000 USD","101800","E","Estimated value"
"QV","Value of Agricultural Production","562","Niger","58","Gross Production Value (constant 2014-2016 thousand US$)","0113","Rice","2022","2022","1000 USD","109718","E","Estimated value"
"QV","Value of Agricultural Production","562","Niger","58","Gross Production Value (constant 2014-2016 thousand US$)","0113","Rice","2023","2023","1000 USD","108327","E","Estimated value"
"QV","Value of Agricultural Production","562","Niger","58","Gross Production Value (constant 2014-2016 thousand US$)","0113","Rice","2024","2024","1000 USD","125174","E","Estimated value"
"QV","Value of Agricultural Production","562","Niger","58","Gross Production Value (constant 2014-2016 thousand US$)","0111","Wheat","2014","2014","1000 USD","986","E","Estimated value"
"QV","Value of Agricultural Production","562","Niger","58","Gross Production Value (constant 2014-2016 thousand US$)","0111","Wheat","2015","2015","1000 USD","4425","E","Estimated value"
"QV","Value of Agricultural Production","562","Niger","58","Gross Production Value (constant 2014-2016 thousand US$)","0111","Wheat","2016","2016","1000 USD","4504","E","Estimated value"
"QV","Value of Agricultural Production","562","Niger","58","Gross Production Value (constant 2014-2016 thousand US$)","0111","Wheat","2017","2017","1000 USD","3283","E","Estimated value"
"QV","Value of Agricultural Production","562","Niger","58","Gross Production Value (constant 2014-2016 thousand US$)","0111","Wheat","2018","2018","1000 USD","2629","E","Estimated value"
"QV","Value of Agricultural Production","562","Niger","58","Gross Production Value (constant 2014-2016 thousand US$)","0111","Wheat","2019","2019","1000 USD","2691","E","Estimated value"
"QV","Value of Agricultural Production","562","Niger","58","Gross Production Value (constant 2014-2016 thousand US$)","0111","Wheat","2020","2020","1000 USD","3019","E","Estimated value"
"QV","Value of Agricultural Production","562","Niger","58","Gross Production Value (constant 2014-2016 thousand US$)","0111","Wheat","2021","2021","1000 USD","2993","E","Estimated value"
"QV","Value of Agricultural Production","562","Niger","58","Gross Production Value (constant 2014-2016 thousand US$)","0111","Wheat","2022","2022","1000 USD","3158","E","Estimated value"
"QV","Value of Agricultural Production","562","Niger","58","Gross Production Value (constant 2014-2016 thousand US$)","0111","Wheat","2023","2023","1000 USD","3532","E","Estimated value"
"QV","Value of Agricultural Production","562","Niger","58","Gross Production Value (constant 2014-2016 thousand US$)","0111","Wheat","2024","2024","1000 USD","3721","E","Estimated value"
"QV","Value of Agricultural Production","566","Nigeria","58","Gross Production Value (constant 2014-2016 thousand US$)","0112","Maize (corn)","2014","2014","1000 USD","3757353","E","Estimated value"
"QV","Value of Agricultural Production","566","Nigeria","58","Gross Production Value (constant 2014-2016 thousand US$)","0112","Maize (corn)","2015","2015","1000 USD","3321953","E","Estimated value"
"QV","Value of Agricultural Production","566","Nigeria","58","Gross Production Value (constant 2014-2016 thousand US$)","0112","Maize (corn)","2016","2016","1000 USD","3667425","E","Estimated value"
"QV","Value of Agricultural Production","566","Nigeria","58","Gross Production Value (constant 2014-2016 thousand US$)","0112","Maize (corn)","2017","2017","1000 USD","3702232","E","Estimated value"
"QV","Value of Agricultural Production","566","Nigeria","58","Gross Production Value (constant 2014-2016 thousand US$)","0112","Maize (corn)","2018","2018","1000 USD","3807338","E","Estimated value"
"QV","Value of Agricultural Production","566","Nigeria","58","Gross Production Value (constant 2014-2016 thousand US$)","0112","Maize (corn)","2019","2019","1000 USD","4387030","E","Estimated value"
"QV","Value of Agricultural Production","566","Nigeria","58","Gross Production Value (constant 2014-2016 thousand US$)","0112","Maize (corn)","2020","2020","1000 USD","4318905","E","Estimated value"
"QV","Value of Agricultural Production","566","Nigeria","58","Gross Production Value (constant 2014-2016 thousand US$)","0112","Maize (corn)","2021","2021","1000 USD","4437695","E","Estimated value"
"QV","Value of Agricultural Production","566","Nigeria","58","Gross Production Value (constant 2014-2016 thousand US$)","0112","Maize (corn)","2022","2022","1000 USD","4508893","E","Estimated value"
"QV","Value of Agricultural Production","566","Nigeria","58","Gross Production Value (constant 2014-2016 thousand US$)","0112","Maize (corn)","2023","2023","1000 USD","3848722","E","Estimated value"
"QV","Value of Agricultural Production","566","Nigeria","58","Gross Production Value (constant 2014-2016 thousand US$)","0112","Maize (corn)","2024","2024","1000 USD","3887373","E","Estimated value"
"QV","Value of Agricultural Production","566","Nigeria","58","Gross Production Value (constant 2014-2016 thousand US$)","0113","Rice","2014","2014","1000 USD","2750048","E","Estimated value"
"QV","Value of Agricultural Production","566","Nigeria","58","Gross Production Value (constant 2014-2016 thousand US$)","0113","Rice","2015","2015","1000 USD","3113186","E","Estimated value"
"QV","Value of Agricultural Production","566","Nigeria","58","Gross Production Value (constant 2014-2016 thousand US$)","0113","Rice","2016","2016","1000 USD","3211349","E","Estimated value"
"QV","Value of Agricultural Production","566","Nigeria","58","Gross Production Value (constant 2014-2016 thousand US$)","0113","Rice","2017","2017","1000 USD","3220763","E","Estimated value"
"QV","Value of Agricultural Production","566","Nigeria","58","Gross Production Value (constant 2014-2016 thousand US$)","0113","Rice","2018","2018","1000 USD","3454332","E","Estimated value"
"QV","Value of Agricultural Production","566","Nigeria","58","Gross Production Value (constant 2014-2016 thousand US$)","0113","Rice","2019","2019","1000 USD","3467572","E","Estimated value"
"QV","Value of Agricultural Production","566","Nigeria","58","Gross Production Value (constant 2014-2016 thousand US$)","0113","Rice","2020","2020","1000 USD","3359170","E","Estimated value"
"QV","Value of Agricultural Production","566","Nigeria","58","Gross Production Value (constant 2014-2016 thousand US$)","0113","Rice","2021","2021","1000 USD","3429133","E","Estimated value"
"QV","Value of Agricultural Production","566","Nigeria","58","Gross Production Value (constant 2014-2016 thousand US$)","0113","Rice","2022","2022","1000 USD","3494904","E","Estimated value"
"QV","Value of Agricultural Production","566","Nigeria","58","Gross Production Value (constant 2014-2016 thousand US$)","0113","Rice","2023","2023","1000 USD","3659414","E","Estimated value"
"QV","Value of Agricultural Production","566","Nigeria","58","Gross Production Value (constant 2014-2016 thousand US$)","0113","Rice","2024","2024","1000 USD","3753014","E","Estimated value"
"QV","Value of Agricultural Production","566","Nigeria","58","Gross Production Value (constant 2014-2016 thousand US$)","0141","Soya beans","2014","2014","1000 USD","324316","E","Estimated value"
"QV","Value of Agricultural Production","566","Nigeria","58","Gross Production Value (constant 2014-2016 thousand US$)","0141","Soya beans","2015","2015","1000 USD","305968","E","Estimated value"
"QV","Value of Agricultural Production","566","Nigeria","58","Gross Production Value (constant 2014-2016 thousand US$)","0141","Soya beans","2016","2016","1000 USD","487079","E","Estimated value"
"QV","Value of Agricultural Production","566","Nigeria","58","Gross Production Value (constant 2014-2016 thousand US$)","0141","Soya beans","2017","2017","1000 USD","516748","E","Estimated value"
"QV","Value of Agricultural Production","566","Nigeria","58","Gross Production Value (constant 2014-2016 thousand US$)","0141","Soya beans","2018","2018","1000 USD","547736","E","Estimated value"
"QV","Value of Agricultural Production","566","Nigeria","58","Gross Production Value (constant 2014-2016 thousand US$)","0141","Soya beans","2019","2019","1000 USD","545111","E","Estimated value"
"QV","Value of Agricultural Production","566","Nigeria","58","Gross Production Value (constant 2014-2016 thousand US$)","0141","Soya beans","2020","2020","1000 USD","656248","E","Estimated value"
"QV","Value of Agricultural Production","566","Nigeria","58","Gross Production Value (constant 2014-2016 thousand US$)","0141","Soya beans","2021","2021","1000 USD","606219","E","Estimated value"
"QV","Value of Agricultural Production","566","Nigeria","58","Gross Production Value (constant 2014-2016 thousand US$)","0141","Soya beans","2022","2022","1000 USD","686256","E","Estimated value"
"QV","Value of Agricultural Production","566","Nigeria","58","Gross Production Value (constant 2014-2016 thousand US$)","0141","Soya beans","2023","2023","1000 USD","779837","E","Estimated value"
"QV","Value of Agricultural Production","566","Nigeria","58","Gross Production Value (constant 2014-2016 thousand US$)","0141","Soya beans","2024","2024","1000 USD","597875","E","Estimated value"
"QV","Value of Agricultural Production","566","Nigeria","58","Gross Production Value (constant 2014-2016 thousand US$)","0111","Wheat","2014","2014","1000 USD","21827","E","Estimated value"
"QV","Value of Agricultural Production","566","Nigeria","58","Gross Production Value (constant 2014-2016 thousand US$)","0111","Wheat","2015","2015","1000 USD","14344","E","Estimated value"
"QV","Value of Agricultural Production","566","Nigeria","58","Gross Production Value (constant 2014-2016 thousand US$)","0111","Wheat","2016","2016","1000 USD","14344","E","Estimated value"
"QV","Value of Agricultural Production","566","Nigeria","58","Gross Production Value (constant 2014-2016 thousand US$)","0111","Wheat","2017","2017","1000 USD","19785","E","Estimated value"
"QV","Value of Agricultural Production","566","Nigeria","58","Gross Production Value (constant 2014-2016 thousand US$)","0111","Wheat","2018","2018","1000 USD","21125","E","Estimated value"
"QV","Value of Agricultural Production","566","Nigeria","58","Gross Production Value (constant 2014-2016 thousand US$)","0111","Wheat","2019","2019","1000 USD","20775","E","Estimated value"
"QV","Value of Agricultural Production","566","Nigeria","58","Gross Production Value (constant 2014-2016 thousand US$)","0111","Wheat","2020","2020","1000 USD","13149","E","Estimated value"
"QV","Value of Agricultural Production","566","Nigeria","58","Gross Production Value (constant 2014-2016 thousand US$)","0111","Wheat","2021","2021","1000 USD","8832","E","Estimated value"
"QV","Value of Agricultural Production","566","Nigeria","58","Gross Production Value (constant 2014-2016 thousand US$)","0111","Wheat","2022","2022","1000 USD","7500","E","Estimated value"
"QV","Value of Agricultural Production","566","Nigeria","58","Gross Production Value (constant 2014-2016 thousand US$)","0111","Wheat","2023","2023","1000 USD","11683","E","Estimated value"
"QV","Value of Agricultural Production","566","Nigeria","58","Gross Production Value (constant 2014-2016 thousand US$)","0111","Wheat","2024","2024","1000 USD","10502","E","Estimated value"
"QV","Value of Agricultural Production","807","North Macedonia","58","Gross Production Value (constant 2014-2016 thousand US$)","0112","Maize (corn)","2014","2014","1000 USD","28551","E","Estimated value"
"QV","Value of Agricultural Production","807","North Macedonia","58","Gross Production Value (constant 2014-2016 thousand US$)","0112","Maize (corn)","2015","2015","1000 USD","27893","E","Estimated value"
"QV","Value of Agricultural Production","807","North Macedonia","58","Gross Production Value (constant 2014-2016 thousand US$)","0112","Maize (corn)","2016","2016","1000 USD","29937","E","Estimated value"
"QV","Value of Agricultural Production","807","North Macedonia","58","Gross Production Value (constant 2014-2016 thousand US$)","0112","Maize (corn)","2017","2017","1000 USD","25047","E","Estimated value"
"QV","Value of Agricultural Production","807","North Macedonia","58","Gross Production Value (constant 2014-2016 thousand US$)","0112","Maize (corn)","2018","2018","1000 USD","38833","E","Estimated value"
"QV","Value of Agricultural Production","807","North Macedonia","58","Gross Production Value (constant 2014-2016 thousand US$)","0112","Maize (corn)","2019","2019","1000 USD","30146","E","Estimated value"
"QV","Value of Agricultural Production","807","North Macedonia","58","Gross Production Value (constant 2014-2016 thousand US$)","0112","Maize (corn)","2020","2020","1000 USD","30478","E","Estimated value"
"QV","Value of Agricultural Production","807","North Macedonia","58","Gross Production Value (constant 2014-2016 thousand US$)","0112","Maize (corn)","2021","2021","1000 USD","27291","E","Estimated value"
"QV","Value of Agricultural Production","807","North Macedonia","58","Gross Production Value (constant 2014-2016 thousand US$)","0112","Maize (corn)","2022","2022","1000 USD","29927","E","Estimated value"
"QV","Value of Agricultural Production","807","North Macedonia","58","Gross Production Value (constant 2014-2016 thousand US$)","0112","Maize (corn)","2023","2023","1000 USD","27116","E","Estimated value"
"QV","Value of Agricultural Production","807","North Macedonia","58","Gross Production Value (constant 2014-2016 thousand US$)","0112","Maize (corn)","2024","2024","1000 USD","26554","E","Estimated value"
"QV","Value of Agricultural Production","807","North Macedonia","58","Gross Production Value (constant 2014-2016 thousand US$)","0113","Rice","2014","2014","1000 USD","12077","E","Estimated value"
"QV","Value of Agricultural Production","807","North Macedonia","58","Gross Production Value (constant 2014-2016 thousand US$)","0113","Rice","2015","2015","1000 USD","12088","E","Estimated value"
"QV","Value of Agricultural Production","807","North Macedonia","58","Gross Production Value (constant 2014-2016 thousand US$)","0113","Rice","2016","2016","1000 USD","9817","E","Estimated value"
"QV","Value of Agricultural Production","807","North Macedonia","58","Gross Production Value (constant 2014-2016 thousand US$)","0113","Rice","2017","2017","1000 USD","6763","E","Estimated value"
"QV","Value of Agricultural Production","807","North Macedonia","58","Gross Production Value (constant 2014-2016 thousand US$)","0113","Rice","2018","2018","1000 USD","7813","E","Estimated value"
"QV","Value of Agricultural Production","807","North Macedonia","58","Gross Production Value (constant 2014-2016 thousand US$)","0113","Rice","2019","2019","1000 USD","8425","E","Estimated value"
"QV","Value of Agricultural Production","807","North Macedonia","58","Gross Production Value (constant 2014-2016 thousand US$)","0113","Rice","2020","2020","1000 USD","7728","E","Estimated value"
"QV","Value of Agricultural Production","807","North Macedonia","58","Gross Production Value (constant 2014-2016 thousand US$)","0113","Rice","2021","2021","1000 USD","7508","E","Estimated value"
"QV","Value of Agricultural Production","807","North Macedonia","58","Gross Production Value (constant 2014-2016 thousand US$)","0113","Rice","2022","2022","1000 USD","7516","E","Estimated value"
"QV","Value of Agricultural Production","807","North Macedonia","58","Gross Production Value (constant 2014-2016 thousand US$)","0113","Rice","2023","2023","1000 USD","7918","E","Estimated value"
"QV","Value of Agricultural Production","807","North Macedonia","58","Gross Production Value (constant 2014-2016 thousand US$)","0113","Rice","2024","2024","1000 USD","7368","E","Estimated value"
"QV","Value of Agricultural Production","807","North Macedonia","58","Gross Production Value (constant 2014-2016 thousand US$)","0141","Soya beans","2014","2014","1000 USD","61","E","Estimated value"
"QV","Value of Agricultural Production","807","North Macedonia","58","Gross Production Value (constant 2014-2016 thousand US$)","0141","Soya beans","2015","2015","1000 USD","10","E","Estimated value"
"QV","Value of Agricultural Production","807","North Macedonia","58","Gross Production Value (constant 2014-2016 thousand US$)","0141","Soya beans","2016","2016","1000 USD","0","E","Estimated value"
"QV","Value of Agricultural Production","807","North Macedonia","58","Gross Production Value (constant 2014-2016 thousand US$)","0141","Soya beans","2017","2017","1000 USD","14","E","Estimated value"
"QV","Value of Agricultural Production","807","North Macedonia","58","Gross Production Value (constant 2014-2016 thousand US$)","0141","Soya beans","2018","2018","1000 USD","26","E","Estimated value"
"QV","Value of Agricultural Production","807","North Macedonia","58","Gross Production Value (constant 2014-2016 thousand US$)","0141","Soya beans","2019","2019","1000 USD","32","E","Estimated value"
"QV","Value of Agricultural Production","807","North Macedonia","58","Gross Production Value (constant 2014-2016 thousand US$)","0141","Soya beans","2020","2020","1000 USD","20","E","Estimated value"
"QV","Value of Agricultural Production","807","North Macedonia","58","Gross Production Value (constant 2014-2016 thousand US$)","0141","Soya beans","2021","2021","1000 USD","20","E","Estimated value"
"QV","Value of Agricultural Production","807","North Macedonia","58","Gross Production Value (constant 2014-2016 thousand US$)","0141","Soya beans","2022","2022","1000 USD","23","E","Estimated value"
"QV","Value of Agricultural Production","807","North Macedonia","58","Gross Production Value (constant 2014-2016 thousand US$)","0141","Soya beans","2023","2023","1000 USD","26","E","Estimated value"
"QV","Value of Agricultural Production","807","North Macedonia","58","Gross Production Value (constant 2014-2016 thousand US$)","0141","Soya beans","2024","2024","1000 USD","23","E","Estimated value"
"QV","Value of Agricultural Production","807","North Macedonia","58","Gross Production Value (constant 2014-2016 thousand US$)","0111","Wheat","2014","2014","1000 USD","57741","E","Estimated value"
"QV","Value of Agricultural Production","807","North Macedonia","58","Gross Production Value (constant 2014-2016 thousand US$)","0111","Wheat","2015","2015","1000 USD","40349","E","Estimated value"
"QV","Value of Agricultural Production","807","North Macedonia","58","Gross Production Value (constant 2014-2016 thousand US$)","0111","Wheat","2016","2016","1000 USD","61447","E","Estimated value"
"QV","Value of Agricultural Production","807","North Macedonia","58","Gross Production Value (constant 2014-2016 thousand US$)","0111","Wheat","2017","2017","1000 USD","40127","E","Estimated value"
"QV","Value of Agricultural Production","807","North Macedonia","58","Gross Production Value (constant 2014-2016 thousand US$)","0111","Wheat","2018","2018","1000 USD","48347","E","Estimated value"
"QV","Value of Agricultural Production","807","North Macedonia","58","Gross Production Value (constant 2014-2016 thousand US$)","0111","Wheat","2019","2019","1000 USD","48108","E","Estimated value"
"QV","Value of Agricultural Production","807","North Macedonia","58","Gross Production Value (constant 2014-2016 thousand US$)","0111","Wheat","2020","2020","1000 USD","49335","E","Estimated value"
"QV","Value of Agricultural Production","807","North Macedonia","58","Gross Production Value (constant 2014-2016 thousand US$)","0111","Wheat","2021","2021","1000 USD","48862","E","Estimated value"
"QV","Value of Agricultural Production","807","North Macedonia","58","Gross Production Value (constant 2014-2016 thousand US$)","0111","Wheat","2022","2022","1000 USD","45044","E","Estimated value"
"QV","Value of Agricultural Production","807","North Macedonia","58","Gross Production Value (constant 2014-2016 thousand US$)","0111","Wheat","2023","2023","1000 USD","43145","E","Estimated value"
"QV","Value of Agricultural Production","807","North Macedonia","58","Gross Production Value (constant 2014-2016 thousand US$)","0111","Wheat","2024","2024","1000 USD","45981","E","Estimated value"
"QV","Value of Agricultural Production","578","Norway","58","Gross Production Value (constant 2014-2016 thousand US$)","0111","Wheat","2014","2014","1000 USD","149940","E","Estimated value"
"QV","Value of Agricultural Production","578","Norway","58","Gross Production Value (constant 2014-2016 thousand US$)","0111","Wheat","2015","2015","1000 USD","190581","E","Estimated value"
"QV","Value of Agricultural Production","578","Norway","58","Gross Production Value (constant 2014-2016 thousand US$)","0111","Wheat","2016","2016","1000 USD","119074","E","Estimated value"
"QV","Value of Agricultural Production","578","Norway","58","Gross Production Value (constant 2014-2016 thousand US$)","0111","Wheat","2017","2017","1000 USD","154135","E","Estimated value"
"QV","Value of Agricultural Production","578","Norway","58","Gross Production Value (constant 2014-2016 thousand US$)","0111","Wheat","2018","2018","1000 USD","52995","E","Estimated value"
"QV","Value of Agricultural Production","578","Norway","58","Gross Production Value (constant 2014-2016 thousand US$)","0111","Wheat","2019","2019","1000 USD","173224","E","Estimated value"
"QV","Value of Agricultural Production","578","Norway","58","Gross Production Value (constant 2014-2016 thousand US$)","0111","Wheat","2020","2020","1000 USD","124116","E","Estimated value"
"QV","Value of Agricultural Production","578","Norway","58","Gross Production Value (constant 2014-2016 thousand US$)","0111","Wheat","2021","2021","1000 USD","101948","E","Estimated value"
"QV","Value of Agricultural Production","578","Norway","58","Gross Production Value (constant 2014-2016 thousand US$)","0111","Wheat","2022","2022","1000 USD","147785","E","Estimated value"
"QV","Value of Agricultural Production","578","Norway","58","Gross Production Value (constant 2014-2016 thousand US$)","0111","Wheat","2023","2023","1000 USD","66195","E","Estimated value"
"QV","Value of Agricultural Production","578","Norway","58","Gross Production Value (constant 2014-2016 thousand US$)","0111","Wheat","2024","2024","1000 USD","88517","E","Estimated value"
"QV","Value of Agricultural Production","512","Oman","58","Gross Production Value (constant 2014-2016 thousand US$)","0112","Maize (corn)","2014","2014","1000 USD","4027","E","Estimated value"
"QV","Value of Agricultural Production","512","Oman","58","Gross Production Value (constant 2014-2016 thousand US$)","0112","Maize (corn)","2015","2015","1000 USD","6482","E","Estimated value"
"QV","Value of Agricultural Production","512","Oman","58","Gross Production Value (constant 2014-2016 thousand US$)","0112","Maize (corn)","2016","2016","1000 USD","2819","E","Estimated value"
"QV","Value of Agricultural Production","512","Oman","58","Gross Production Value (constant 2014-2016 thousand US$)","0112","Maize (corn)","2017","2017","1000 USD","2909","E","Estimated value"
"QV","Value of Agricultural Production","512","Oman","58","Gross Production Value (constant 2014-2016 thousand US$)","0112","Maize (corn)","2018","2018","1000 USD","3630","E","Estimated value"
"QV","Value of Agricultural Production","512","Oman","58","Gross Production Value (constant 2014-2016 thousand US$)","0112","Maize (corn)","2019","2019","1000 USD","3666","E","Estimated value"
"QV","Value of Agricultural Production","512","Oman","58","Gross Production Value (constant 2014-2016 thousand US$)","0112","Maize (corn)","2020","2020","1000 USD","11002","E","Estimated value"
"QV","Value of Agricultural Production","512","Oman","58","Gross Production Value (constant 2014-2016 thousand US$)","0112","Maize (corn)","2021","2021","1000 USD","6392","E","Estimated value"
"QV","Value of Agricultural Production","512","Oman","58","Gross Production Value (constant 2014-2016 thousand US$)","0112","Maize (corn)","2022","2022","1000 USD","9113","E","Estimated value"
"QV","Value of Agricultural Production","512","Oman","58","Gross Production Value (constant 2014-2016 thousand US$)","0112","Maize (corn)","2023","2023","1000 USD","1003","E","Estimated value"
"QV","Value of Agricultural Production","512","Oman","58","Gross Production Value (constant 2014-2016 thousand US$)","0112","Maize (corn)","2024","2024","1000 USD","1025","E","Estimated value"
"QV","Value of Agricultural Production","512","Oman","58","Gross Production Value (constant 2014-2016 thousand US$)","0111","Wheat","2014","2014","1000 USD","3634","E","Estimated value"
"QV","Value of Agricultural Production","512","Oman","58","Gross Production Value (constant 2014-2016 thousand US$)","0111","Wheat","2015","2015","1000 USD","2696","E","Estimated value"
"QV","Value of Agricultural Production","512","Oman","58","Gross Production Value (constant 2014-2016 thousand US$)","0111","Wheat","2016","2016","1000 USD","4250","E","Estimated value"
"QV","Value of Agricultural Production","512","Oman","58","Gross Production Value (constant 2014-2016 thousand US$)","0111","Wheat","2017","2017","1000 USD","4250","E","Estimated value"
"QV","Value of Agricultural Production","512","Oman","58","Gross Production Value (constant 2014-2016 thousand US$)","0111","Wheat","2018","2018","1000 USD","3822","E","Estimated value"
"QV","Value of Agricultural Production","512","Oman","58","Gross Production Value (constant 2014-2016 thousand US$)","0111","Wheat","2019","2019","1000 USD","3860","E","Estimated value"
"QV","Value of Agricultural Production","512","Oman","58","Gross Production Value (constant 2014-2016 thousand US$)","0111","Wheat","2020","2020","1000 USD","3059","E","Estimated value"
"QV","Value of Agricultural Production","512","Oman","58","Gross Production Value (constant 2014-2016 thousand US$)","0111","Wheat","2021","2021","1000 USD","3782","E","Estimated value"
"QV","Value of Agricultural Production","512","Oman","58","Gross Production Value (constant 2014-2016 thousand US$)","0111","Wheat","2022","2022","1000 USD","3788","E","Estimated value"
"QV","Value of Agricultural Production","512","Oman","58","Gross Production Value (constant 2014-2016 thousand US$)","0111","Wheat","2023","2023","1000 USD","8428","E","Estimated value"
"QV","Value of Agricultural Production","512","Oman","58","Gross Production Value (constant 2014-2016 thousand US$)","0111","Wheat","2024","2024","1000 USD","12537","E","Estimated value"
"QV","Value of Agricultural Production","586","Pakistan","58","Gross Production Value (constant 2014-2016 thousand US$)","0112","Maize (corn)","2014","2014","1000 USD","1118748","E","Estimated value"
"QV","Value of Agricultural Production","586","Pakistan","58","Gross Production Value (constant 2014-2016 thousand US$)","0112","Maize (corn)","2015","2015","1000 USD","1194475","E","Estimated value"
"QV","Value of Agricultural Production","586","Pakistan","58","Gross Production Value (constant 2014-2016 thousand US$)","0112","Maize (corn)","2016","2016","1000 USD","1390127","E","Estimated value"
"QV","Value of Agricultural Production","586","Pakistan","58","Gross Production Value (constant 2014-2016 thousand US$)","0112","Maize (corn)","2017","2017","1000 USD","1337406","E","Estimated value"
"QV","Value of Agricultural Production","586","Pakistan","58","Gross Production Value (constant 2014-2016 thousand US$)","0112","Maize (corn)","2018","2018","1000 USD","1546969","E","Estimated value"
"QV","Value of Agricultural Production","586","Pakistan","58","Gross Production Value (constant 2014-2016 thousand US$)","0112","Maize (corn)","2019","2019","1000 USD","1786417","E","Estimated value"
"QV","Value of Agricultural Production","586","Pakistan","58","Gross Production Value (constant 2014-2016 thousand US$)","0112","Maize (corn)","2020","2020","1000 USD","2025901","E","Estimated value"
"QV","Value of Agricultural Production","586","Pakistan","58","Gross Production Value (constant 2014-2016 thousand US$)","0112","Maize (corn)","2021","2021","1000 USD","2158414","E","Estimated value"
"QV","Value of Agricultural Production","586","Pakistan","58","Gross Production Value (constant 2014-2016 thousand US$)","0112","Maize (corn)","2022","2022","1000 USD","2489269","E","Estimated value"
"QV","Value of Agricultural Production","586","Pakistan","58","Gross Production Value (constant 2014-2016 thousand US$)","0112","Maize (corn)","2023","2023","1000 USD","2207135","E","Estimated value"
"QV","Value of Agricultural Production","586","Pakistan","58","Gross Production Value (constant 2014-2016 thousand US$)","0112","Maize (corn)","2024","2024","1000 USD","2084870","E","Estimated value"
"QV","Value of Agricultural Production","586","Pakistan","58","Gross Production Value (constant 2014-2016 thousand US$)","0113","Rice","2014","2014","1000 USD","3839052","E","Estimated value"
"QV","Value of Agricultural Production","586","Pakistan","58","Gross Production Value (constant 2014-2016 thousand US$)","0113","Rice","2015","2015","1000 USD","3728547","E","Estimated value"
"QV","Value of Agricultural Production","586","Pakistan","58","Gross Production Value (constant 2014-2016 thousand US$)","0113","Rice","2016","2016","1000 USD","3754908","E","Estimated value"
"QV","Value of Agricultural Production","586","Pakistan","58","Gross Production Value (constant 2014-2016 thousand US$)","0113","Rice","2017","2017","1000 USD","4084148","E","Estimated value"
"QV","Value of Agricultural Production","586","Pakistan","58","Gross Production Value (constant 2014-2016 thousand US$)","0113","Rice","2018","2018","1000 USD","3946430","E","Estimated value"
"QV","Value of Agricultural Production","586","Pakistan","58","Gross Production Value (constant 2014-2016 thousand US$)","0113","Rice","2019","2019","1000 USD","4064290","E","Estimated value"
"QV","Value of Agricultural Production","586","Pakistan","58","Gross Production Value (constant 2014-2016 thousand US$)","0113","Rice","2020","2020","1000 USD","4615808","E","Estimated value"
"QV","Value of Agricultural Production","586","Pakistan","58","Gross Production Value (constant 2014-2016 thousand US$)","0113","Rice","2021","2021","1000 USD","5110845","E","Estimated value"
"QV","Value of Agricultural Production","586","Pakistan","58","Gross Production Value (constant 2014-2016 thousand US$)","0113","Rice","2022","2022","1000 USD","4014073","E","Estimated value"
"QV","Value of Agricultural Production","586","Pakistan","58","Gross Production Value (constant 2014-2016 thousand US$)","0113","Rice","2023","2023","1000 USD","5404998","E","Estimated value"
"QV","Value of Agricultural Production","586","Pakistan","58","Gross Production Value (constant 2014-2016 thousand US$)","0113","Rice","2024","2024","1000 USD","5330579","E","Estimated value"
"QV","Value of Agricultural Production","586","Pakistan","58","Gross Production Value (constant 2014-2016 thousand US$)","0141","Soya beans","2014","2014","1000 USD","28","E","Estimated value"
"QV","Value of Agricultural Production","586","Pakistan","58","Gross Production Value (constant 2014-2016 thousand US$)","0141","Soya beans","2015","2015","1000 USD","10","E","Estimated value"
"QV","Value of Agricultural Production","586","Pakistan","58","Gross Production Value (constant 2014-2016 thousand US$)","0141","Soya beans","2016","2016","1000 USD","18","E","Estimated value"
"QV","Value of Agricultural Production","586","Pakistan","58","Gross Production Value (constant 2014-2016 thousand US$)","0141","Soya beans","2017","2017","1000 USD","8","E","Estimated value"
"QV","Value of Agricultural Production","586","Pakistan","58","Gross Production Value (constant 2014-2016 thousand US$)","0141","Soya beans","2018","2018","1000 USD","12","E","Estimated value"
"QV","Value of Agricultural Production","586","Pakistan","58","Gross Production Value (constant 2014-2016 thousand US$)","0141","Soya beans","2019","2019","1000 USD","7","E","Estimated value"
"QV","Value of Agricultural Production","586","Pakistan","58","Gross Production Value (constant 2014-2016 thousand US$)","0141","Soya beans","2020","2020","1000 USD","90","E","Estimated value"
"QV","Value of Agricultural Production","586","Pakistan","58","Gross Production Value (constant 2014-2016 thousand US$)","0141","Soya beans","2021","2021","1000 USD","21","E","Estimated value"
"QV","Value of Agricultural Production","586","Pakistan","58","Gross Production Value (constant 2014-2016 thousand US$)","0141","Soya beans","2022","2022","1000 USD","4","E","Estimated value"
"QV","Value of Agricultural Production","586","Pakistan","58","Gross Production Value (constant 2014-2016 thousand US$)","0141","Soya beans","2023","2023","1000 USD","3","E","Estimated value"
"QV","Value of Agricultural Production","586","Pakistan","58","Gross Production Value (constant 2014-2016 thousand US$)","0141","Soya beans","2024","2024","1000 USD","1","E","Estimated value"
"QV","Value of Agricultural Production","586","Pakistan","58","Gross Production Value (constant 2014-2016 thousand US$)","0111","Wheat","2014","2014","1000 USD","7560816","E","Estimated value"
"QV","Value of Agricultural Production","586","Pakistan","58","Gross Production Value (constant 2014-2016 thousand US$)","0111","Wheat","2015","2015","1000 USD","7300860","E","Estimated value"
"QV","Value of Agricultural Production","586","Pakistan","58","Gross Production Value (constant 2014-2016 thousand US$)","0111","Wheat","2016","2016","1000 USD","7460012","E","Estimated value"
"QV","Value of Agricultural Production","586","Pakistan","58","Gross Production Value (constant 2014-2016 thousand US$)","0111","Wheat","2017","2017","1000 USD","7762881","E","Estimated value"
"QV","Value of Agricultural Production","586","Pakistan","58","Gross Production Value (constant 2014-2016 thousand US$)","0111","Wheat","2018","2018","1000 USD","7297943","E","Estimated value"
"QV","Value of Agricultural Production","586","Pakistan","58","Gross Production Value (constant 2014-2016 thousand US$)","0111","Wheat","2019","2019","1000 USD","7086314","E","Estimated value"
"QV","Value of Agricultural Production","586","Pakistan","58","Gross Production Value (constant 2014-2016 thousand US$)","0111","Wheat","2020","2020","1000 USD","7347814","E","Estimated value"
"QV","Value of Agricultural Production","586","Pakistan","58","Gross Production Value (constant 2014-2016 thousand US$)","0111","Wheat","2021","2021","1000 USD","7992905","E","Estimated value"
"QV","Value of Agricultural Production","586","Pakistan","58","Gross Production Value (constant 2014-2016 thousand US$)","0111","Wheat","2022","2022","1000 USD","7627542","E","Estimated value"
"QV","Value of Agricultural Production","586","Pakistan","58","Gross Production Value (constant 2014-2016 thousand US$)","0111","Wheat","2023","2023","1000 USD","8195593","E","Estimated value"
"QV","Value of Agricultural Production","586","Pakistan","58","Gross Production Value (constant 2014-2016 thousand US$)","0111","Wheat","2024","2024","1000 USD","9258997","E","Estimated value"
"QV","Value of Agricultural Production","275","Palestine","58","Gross Production Value (constant 2014-2016 thousand US$)","0111","Wheat","2014","2014","1000 USD","25769","E","Estimated value"
"QV","Value of Agricultural Production","275","Palestine","58","Gross Production Value (constant 2014-2016 thousand US$)","0111","Wheat","2015","2015","1000 USD","16257","E","Estimated value"
"QV","Value of Agricultural Production","275","Palestine","58","Gross Production Value (constant 2014-2016 thousand US$)","0111","Wheat","2016","2016","1000 USD","22872","E","Estimated value"
"QV","Value of Agricultural Production","275","Palestine","58","Gross Production Value (constant 2014-2016 thousand US$)","0111","Wheat","2017","2017","1000 USD","21346","E","Estimated value"
"QV","Value of Agricultural Production","275","Palestine","58","Gross Production Value (constant 2014-2016 thousand US$)","0111","Wheat","2018","2018","1000 USD","42668","E","Estimated value"
"QV","Value of Agricultural Production","275","Palestine","58","Gross Production Value (constant 2014-2016 thousand US$)","0111","Wheat","2019","2019","1000 USD","21229","E","Estimated value"
"QV","Value of Agricultural Production","275","Palestine","58","Gross Production Value (constant 2014-2016 thousand US$)","0111","Wheat","2020","2020","1000 USD","21229","E","Estimated value"
"QV","Value of Agricultural Production","275","Palestine","58","Gross Production Value (constant 2014-2016 thousand US$)","0111","Wheat","2021","2021","1000 USD","16022","E","Estimated value"
"QV","Value of Agricultural Production","275","Palestine","58","Gross Production Value (constant 2014-2016 thousand US$)","0111","Wheat","2022","2022","1000 USD","20266","E","Estimated value"
"QV","Value of Agricultural Production","591","Panama","58","Gross Production Value (constant 2014-2016 thousand US$)","0112","Maize (corn)","2014","2014","1000 USD","79728","E","Estimated value"
"QV","Value of Agricultural Production","591","Panama","58","Gross Production Value (constant 2014-2016 thousand US$)","0112","Maize (corn)","2015","2015","1000 USD","58181","E","Estimated value"
"QV","Value of Agricultural Production","591","Panama","58","Gross Production Value (constant 2014-2016 thousand US$)","0112","Maize (corn)","2016","2016","1000 USD","72484","E","Estimated value"
"QV","Value of Agricultural Production","591","Panama","58","Gross Production Value (constant 2014-2016 thousand US$)","0112","Maize (corn)","2017","2017","1000 USD","65877","E","Estimated value"
"QV","Value of Agricultural Production","591","Panama","58","Gross Production Value (constant 2014-2016 thousand US$)","0112","Maize (corn)","2018","2018","1000 USD","72904","E","Estimated value"
"QV","Value of Agricultural Production","591","Panama","58","Gross Production Value (constant 2014-2016 thousand US$)","0112","Maize (corn)","2019","2019","1000 USD","69799","E","Estimated value"
"QV","Value of Agricultural Production","591","Panama","58","Gross Production Value (constant 2014-2016 thousand US$)","0112","Maize (corn)","2020","2020","1000 USD","75499","E","Estimated value"
"QV","Value of Agricultural Production","591","Panama","58","Gross Production Value (constant 2014-2016 thousand US$)","0112","Maize (corn)","2021","2021","1000 USD","76809","E","Estimated value"
"QV","Value of Agricultural Production","591","Panama","58","Gross Production Value (constant 2014-2016 thousand US$)","0112","Maize (corn)","2022","2022","1000 USD","55225","E","Estimated value"
"QV","Value of Agricultural Production","591","Panama","58","Gross Production Value (constant 2014-2016 thousand US$)","0112","Maize (corn)","2023","2023","1000 USD","53371","E","Estimated value"
"QV","Value of Agricultural Production","591","Panama","58","Gross Production Value (constant 2014-2016 thousand US$)","0112","Maize (corn)","2024","2024","1000 USD","50421","E","Estimated value"
"QV","Value of Agricultural Production","591","Panama","58","Gross Production Value (constant 2014-2016 thousand US$)","0113","Rice","2014","2014","1000 USD","137598","E","Estimated value"
"QV","Value of Agricultural Production","591","Panama","58","Gross Production Value (constant 2014-2016 thousand US$)","0113","Rice","2015","2015","1000 USD","152076","E","Estimated value"
"QV","Value of Agricultural Production","591","Panama","58","Gross Production Value (constant 2014-2016 thousand US$)","0113","Rice","2016","2016","1000 USD","173400","E","Estimated value"
"QV","Value of Agricultural Production","591","Panama","58","Gross Production Value (constant 2014-2016 thousand US$)","0113","Rice","2017","2017","1000 USD","170640","E","Estimated value"
"QV","Value of Agricultural Production","591","Panama","58","Gross Production Value (constant 2014-2016 thousand US$)","0113","Rice","2018","2018","1000 USD","188865","E","Estimated value"
"QV","Value of Agricultural Production","591","Panama","58","Gross Production Value (constant 2014-2016 thousand US$)","0113","Rice","2019","2019","1000 USD","200757","E","Estimated value"
"QV","Value of Agricultural Production","591","Panama","58","Gross Production Value (constant 2014-2016 thousand US$)","0113","Rice","2020","2020","1000 USD","211195","E","Estimated value"
"QV","Value of Agricultural Production","591","Panama","58","Gross Production Value (constant 2014-2016 thousand US$)","0113","Rice","2021","2021","1000 USD","219161","E","Estimated value"
"QV","Value of Agricultural Production","591","Panama","58","Gross Production Value (constant 2014-2016 thousand US$)","0113","Rice","2022","2022","1000 USD","227184","E","Estimated value"
"QV","Value of Agricultural Production","591","Panama","58","Gross Production Value (constant 2014-2016 thousand US$)","0113","Rice","2023","2023","1000 USD","214107","E","Estimated value"
"QV","Value of Agricultural Production","591","Panama","58","Gross Production Value (constant 2014-2016 thousand US$)","0113","Rice","2024","2024","1000 USD","200085","E","Estimated value"
"QV","Value of Agricultural Production","591","Panama","58","Gross Production Value (constant 2014-2016 thousand US$)","0141","Soya beans","2014","2014","1000 USD","60","E","Estimated value"
"QV","Value of Agricultural Production","591","Panama","58","Gross Production Value (constant 2014-2016 thousand US$)","0141","Soya beans","2015","2015","1000 USD","57","E","Estimated value"
"QV","Value of Agricultural Production","591","Panama","58","Gross Production Value (constant 2014-2016 thousand US$)","0141","Soya beans","2016","2016","1000 USD","60","E","Estimated value"
"QV","Value of Agricultural Production","591","Panama","58","Gross Production Value (constant 2014-2016 thousand US$)","0141","Soya beans","2017","2017","1000 USD","59","E","Estimated value"
"QV","Value of Agricultural Production","591","Panama","58","Gross Production Value (constant 2014-2016 thousand US$)","0141","Soya beans","2018","2018","1000 USD","56","E","Estimated value"
"QV","Value of Agricultural Production","591","Panama","58","Gross Production Value (constant 2014-2016 thousand US$)","0141","Soya beans","2019","2019","1000 USD","58","E","Estimated value"
"QV","Value of Agricultural Production","591","Panama","58","Gross Production Value (constant 2014-2016 thousand US$)","0141","Soya beans","2020","2020","1000 USD","59","E","Estimated value"
"QV","Value of Agricultural Production","591","Panama","58","Gross Production Value (constant 2014-2016 thousand US$)","0141","Soya beans","2021","2021","1000 USD","55","E","Estimated value"
"QV","Value of Agricultural Production","591","Panama","58","Gross Production Value (constant 2014-2016 thousand US$)","0141","Soya beans","2022","2022","1000 USD","58","E","Estimated value"
"QV","Value of Agricultural Production","591","Panama","58","Gross Production Value (constant 2014-2016 thousand US$)","0141","Soya beans","2023","2023","1000 USD","57","E","Estimated value"
"QV","Value of Agricultural Production","591","Panama","58","Gross Production Value (constant 2014-2016 thousand US$)","0141","Soya beans","2024","2024","1000 USD","57","E","Estimated value"
"QV","Value of Agricultural Production","600","Paraguay","58","Gross Production Value (constant 2014-2016 thousand US$)","0112","Maize (corn)","2014","2014","1000 USD","481172","E","Estimated value"
"QV","Value of Agricultural Production","600","Paraguay","58","Gross Production Value (constant 2014-2016 thousand US$)","0112","Maize (corn)","2015","2015","1000 USD","749708","E","Estimated value"
"QV","Value of Agricultural Production","600","Paraguay","58","Gross Production Value (constant 2014-2016 thousand US$)","0112","Maize (corn)","2016","2016","1000 USD","774735","E","Estimated value"
"QV","Value of Agricultural Production","600","Paraguay","58","Gross Production Value (constant 2014-2016 thousand US$)","0112","Maize (corn)","2017","2017","1000 USD","775273","E","Estimated value"
"QV","Value of Agricultural Production","600","Paraguay","58","Gross Production Value (constant 2014-2016 thousand US$)","0112","Maize (corn)","2018","2018","1000 USD","803655","E","Estimated value"
"QV","Value of Agricultural Production","600","Paraguay","58","Gross Production Value (constant 2014-2016 thousand US$)","0112","Maize (corn)","2019","2019","1000 USD","838577","E","Estimated value"
"QV","Value of Agricultural Production","600","Paraguay","58","Gross Production Value (constant 2014-2016 thousand US$)","0112","Maize (corn)","2020","2020","1000 USD","877325","E","Estimated value"
"QV","Value of Agricultural Production","600","Paraguay","58","Gross Production Value (constant 2014-2016 thousand US$)","0112","Maize (corn)","2021","2021","1000 USD","614711","E","Estimated value"
"QV","Value of Agricultural Production","600","Paraguay","58","Gross Production Value (constant 2014-2016 thousand US$)","0112","Maize (corn)","2022","2022","1000 USD","695395","E","Estimated value"
"QV","Value of Agricultural Production","600","Paraguay","58","Gross Production Value (constant 2014-2016 thousand US$)","0112","Maize (corn)","2023","2023","1000 USD","675377","E","Estimated value"
"QV","Value of Agricultural Production","600","Paraguay","58","Gross Production Value (constant 2014-2016 thousand US$)","0112","Maize (corn)","2024","2024","1000 USD","592819","E","Estimated value"
"QV","Value of Agricultural Production","600","Paraguay","58","Gross Production Value (constant 2014-2016 thousand US$)","0113","Rice","2014","2014","1000 USD","163143","E","Estimated value"
"QV","Value of Agricultural Production","600","Paraguay","58","Gross Production Value (constant 2014-2016 thousand US$)","0113","Rice","2015","2015","1000 USD","174054","E","Estimated value"
"QV","Value of Agricultural Production","600","Paraguay","58","Gross Production Value (constant 2014-2016 thousand US$)","0113","Rice","2016","2016","1000 USD","174100","E","Estimated value"
"QV","Value of Agricultural Production","600","Paraguay","58","Gross Production Value (constant 2014-2016 thousand US$)","0113","Rice","2017","2017","1000 USD","187492","E","Estimated value"
"QV","Value of Agricultural Production","600","Paraguay","58","Gross Production Value (constant 2014-2016 thousand US$)","0113","Rice","2018","2018","1000 USD","181527","E","Estimated value"
"QV","Value of Agricultural Production","600","Paraguay","58","Gross Production Value (constant 2014-2016 thousand US$)","0113","Rice","2019","2019","1000 USD","216956","E","Estimated value"
"QV","Value of Agricultural Production","600","Paraguay","58","Gross Production Value (constant 2014-2016 thousand US$)","0113","Rice","2020","2020","1000 USD","241015","E","Estimated value"
"QV","Value of Agricultural Production","600","Paraguay","58","Gross Production Value (constant 2014-2016 thousand US$)","0113","Rice","2021","2021","1000 USD","239560","E","Estimated value"
"QV","Value of Agricultural Production","600","Paraguay","58","Gross Production Value (constant 2014-2016 thousand US$)","0113","Rice","2022","2022","1000 USD","197855","E","Estimated value"
"QV","Value of Agricultural Production","600","Paraguay","58","Gross Production Value (constant 2014-2016 thousand US$)","0113","Rice","2023","2023","1000 USD","198541","E","Estimated value"
"QV","Value of Agricultural Production","600","Paraguay","58","Gross Production Value (constant 2014-2016 thousand US$)","0113","Rice","2024","2024","1000 USD","213415","E","Estimated value"
"QV","Value of Agricultural Production","600","Paraguay","58","Gross Production Value (constant 2014-2016 thousand US$)","0141","Soya beans","2014","2014","1000 USD","3682161","E","Estimated value"
"QV","Value of Agricultural Production","600","Paraguay","58","Gross Production Value (constant 2014-2016 thousand US$)","0141","Soya beans","2015","2015","1000 USD","3269206","E","Estimated value"
"QV","Value of Agricultural Production","600","Paraguay","58","Gross Production Value (constant 2014-2016 thousand US$)","0141","Soya beans","2016","2016","1000 USD","3382431","E","Estimated value"
"QV","Value of Agricultural Production","600","Paraguay","58","Gross Production Value (constant 2014-2016 thousand US$)","0141","Soya beans","2017","2017","1000 USD","3867838","E","Estimated value"
"QV","Value of Agricultural Production","600","Paraguay","58","Gross Production Value (constant 2014-2016 thousand US$)","0141","Soya beans","2018","2018","1000 USD","4077498","E","Estimated value"
"QV","Value of Agricultural Production","600","Paraguay","58","Gross Production Value (constant 2014-2016 thousand US$)","0141","Soya beans","2019","2019","1000 USD","3145193","E","Estimated value"
"QV","Value of Agricultural Production","600","Paraguay","58","Gross Production Value (constant 2014-2016 thousand US$)","0141","Soya beans","2020","2020","1000 USD","4069557","E","Estimated value"
"QV","Value of Agricultural Production","600","Paraguay","58","Gross Production Value (constant 2014-2016 thousand US$)","0141","Soya beans","2021","2021","1000 USD","3889647","E","Estimated value"
"QV","Value of Agricultural Production","600","Paraguay","58","Gross Production Value (constant 2014-2016 thousand US$)","0141","Soya beans","2022","2022","1000 USD","1926789","E","Estimated value"
"QV","Value of Agricultural Production","600","Paraguay","58","Gross Production Value (constant 2014-2016 thousand US$)","0141","Soya beans","2023","2023","1000 USD","3764128","E","Estimated value"
"QV","Value of Agricultural Production","600","Paraguay","58","Gross Production Value (constant 2014-2016 thousand US$)","0141","Soya beans","2024","2024","1000 USD","4097537","E","Estimated value"
"QV","Value of Agricultural Production","600","Paraguay","58","Gross Production Value (constant 2014-2016 thousand US$)","0111","Wheat","2014","2014","1000 USD","115822","E","Estimated value"
"QV","Value of Agricultural Production","600","Paraguay","58","Gross Production Value (constant 2014-2016 thousand US$)","0111","Wheat","2015","2015","1000 USD","157069","E","Estimated value"
"QV","Value of Agricultural Production","600","Paraguay","58","Gross Production Value (constant 2014-2016 thousand US$)","0111","Wheat","2016","2016","1000 USD","157738","E","Estimated value"
"QV","Value of Agricultural Production","600","Paraguay","58","Gross Production Value (constant 2014-2016 thousand US$)","0111","Wheat","2017","2017","1000 USD","140640","E","Estimated value"
"QV","Value of Agricultural Production","600","Paraguay","58","Gross Production Value (constant 2014-2016 thousand US$)","0111","Wheat","2018","2018","1000 USD","99607","E","Estimated value"
"QV","Value of Agricultural Production","600","Paraguay","58","Gross Production Value (constant 2014-2016 thousand US$)","0111","Wheat","2019","2019","1000 USD","187245","E","Estimated value"
"QV","Value of Agricultural Production","600","Paraguay","58","Gross Production Value (constant 2014-2016 thousand US$)","0111","Wheat","2020","2020","1000 USD","179643","E","Estimated value"
"QV","Value of Agricultural Production","600","Paraguay","58","Gross Production Value (constant 2014-2016 thousand US$)","0111","Wheat","2021","2021","1000 USD","127924","E","Estimated value"
"QV","Value of Agricultural Production","600","Paraguay","58","Gross Production Value (constant 2014-2016 thousand US$)","0111","Wheat","2022","2022","1000 USD","134142","E","Estimated value"
"QV","Value of Agricultural Production","600","Paraguay","58","Gross Production Value (constant 2014-2016 thousand US$)","0111","Wheat","2023","2023","1000 USD","133579","E","Estimated value"
"QV","Value of Agricultural Production","600","Paraguay","58","Gross Production Value (constant 2014-2016 thousand US$)","0111","Wheat","2024","2024","1000 USD","105853","E","Estimated value"
"QV","Value of Agricultural Production","604","Peru","58","Gross Production Value (constant 2014-2016 thousand US$)","0112","Maize (corn)","2014","2014","1000 USD","781407","E","Estimated value"
"QV","Value of Agricultural Production","604","Peru","58","Gross Production Value (constant 2014-2016 thousand US$)","0112","Maize (corn)","2015","2015","1000 USD","892154","E","Estimated value"
"QV","Value of Agricultural Production","604","Peru","58","Gross Production Value (constant 2014-2016 thousand US$)","0112","Maize (corn)","2016","2016","1000 USD","805069","E","Estimated value"
"QV","Value of Agricultural Production","604","Peru","58","Gross Production Value (constant 2014-2016 thousand US$)","0112","Maize (corn)","2017","2017","1000 USD","778256","E","Estimated value"
"QV","Value of Agricultural Production","604","Peru","58","Gross Production Value (constant 2014-2016 thousand US$)","0112","Maize (corn)","2018","2018","1000 USD","805476","E","Estimated value"
"QV","Value of Agricultural Production","604","Peru","58","Gross Production Value (constant 2014-2016 thousand US$)","0112","Maize (corn)","2019","2019","1000 USD","805069","E","Estimated value"
"QV","Value of Agricultural Production","604","Peru","58","Gross Production Value (constant 2014-2016 thousand US$)","0112","Maize (corn)","2020","2020","1000 USD","739899","E","Estimated value"
"QV","Value of Agricultural Production","604","Peru","58","Gross Production Value (constant 2014-2016 thousand US$)","0112","Maize (corn)","2021","2021","1000 USD","808441","E","Estimated value"
"QV","Value of Agricultural Production","604","Peru","58","Gross Production Value (constant 2014-2016 thousand US$)","0112","Maize (corn)","2022","2022","1000 USD","823457","E","Estimated value"
"QV","Value of Agricultural Production","604","Peru","58","Gross Production Value (constant 2014-2016 thousand US$)","0112","Maize (corn)","2023","2023","1000 USD","839199","E","Estimated value"
"QV","Value of Agricultural Production","604","Peru","58","Gross Production Value (constant 2014-2016 thousand US$)","0112","Maize (corn)","2024","2024","1000 USD","861324","E","Estimated value"
"QV","Value of Agricultural Production","604","Peru","58","Gross Production Value (constant 2014-2016 thousand US$)","0113","Rice","2014","2014","1000 USD","1033295","E","Estimated value"
"QV","Value of Agricultural Production","604","Peru","58","Gross Production Value (constant 2014-2016 thousand US$)","0113","Rice","2015","2015","1000 USD","1124186","E","Estimated value"
"QV","Value of Agricultural Production","604","Peru","58","Gross Production Value (constant 2014-2016 thousand US$)","0113","Rice","2016","2016","1000 USD","1138299","E","Estimated value"
"QV","Value of Agricultural Production","604","Peru","58","Gross Production Value (constant 2014-2016 thousand US$)","0113","Rice","2017","2017","1000 USD","1111393","E","Estimated value"
"QV","Value of Agricultural Production","604","Peru","58","Gross Production Value (constant 2014-2016 thousand US$)","0113","Rice","2018","2018","1000 USD","1269192","E","Estimated value"
"QV","Value of Agricultural Production","604","Peru","58","Gross Production Value (constant 2014-2016 thousand US$)","0113","Rice","2019","2019","1000 USD","1138299","E","Estimated value"
"QV","Value of Agricultural Production","604","Peru","58","Gross Production Value (constant 2014-2016 thousand US$)","0113","Rice","2020","2020","1000 USD","1225065","E","Estimated value"
"QV","Value of Agricultural Production","604","Peru","58","Gross Production Value (constant 2014-2016 thousand US$)","0113","Rice","2021","2021","1000 USD","1262252","E","Estimated value"
"QV","Value of Agricultural Production","604","Peru","58","Gross Production Value (constant 2014-2016 thousand US$)","0113","Rice","2022","2022","1000 USD","1194204","E","Estimated value"
"QV","Value of Agricultural Production","604","Peru","58","Gross Production Value (constant 2014-2016 thousand US$)","0113","Rice","2023","2023","1000 USD","1213710","E","Estimated value"
"QV","Value of Agricultural Production","604","Peru","58","Gross Production Value (constant 2014-2016 thousand US$)","0113","Rice","2024","2024","1000 USD","1298634","E","Estimated value"
"QV","Value of Agricultural Production","604","Peru","58","Gross Production Value (constant 2014-2016 thousand US$)","0141","Soya beans","2014","2014","1000 USD","1609","E","Estimated value"
"QV","Value of Agricultural Production","604","Peru","58","Gross Production Value (constant 2014-2016 thousand US$)","0141","Soya beans","2015","2015","1000 USD","1451","E","Estimated value"
"QV","Value of Agricultural Production","604","Peru","58","Gross Production Value (constant 2014-2016 thousand US$)","0141","Soya beans","2016","2016","1000 USD","1041","E","Estimated value"
"QV","Value of Agricultural Production","604","Peru","58","Gross Production Value (constant 2014-2016 thousand US$)","0141","Soya beans","2017","2017","1000 USD","1201","E","Estimated value"
"QV","Value of Agricultural Production","604","Peru","58","Gross Production Value (constant 2014-2016 thousand US$)","0141","Soya beans","2018","2018","1000 USD","1162","E","Estimated value"
"QV","Value of Agricultural Production","604","Peru","58","Gross Production Value (constant 2014-2016 thousand US$)","0141","Soya beans","2019","2019","1000 USD","1120","E","Estimated value"
"QV","Value of Agricultural Production","604","Peru","58","Gross Production Value (constant 2014-2016 thousand US$)","0141","Soya beans","2020","2020","1000 USD","1165","E","Estimated value"
"QV","Value of Agricultural Production","604","Peru","58","Gross Production Value (constant 2014-2016 thousand US$)","0141","Soya beans","2021","2021","1000 USD","1279","E","Estimated value"
"QV","Value of Agricultural Production","604","Peru","58","Gross Production Value (constant 2014-2016 thousand US$)","0141","Soya beans","2022","2022","1000 USD","1280","E","Estimated value"
"QV","Value of Agricultural Production","604","Peru","58","Gross Production Value (constant 2014-2016 thousand US$)","0141","Soya beans","2023","2023","1000 USD","2068","E","Estimated value"
"QV","Value of Agricultural Production","604","Peru","58","Gross Production Value (constant 2014-2016 thousand US$)","0141","Soya beans","2024","2024","1000 USD","1694","E","Estimated value"
"QV","Value of Agricultural Production","604","Peru","58","Gross Production Value (constant 2014-2016 thousand US$)","0111","Wheat","2014","2014","1000 USD","105605","E","Estimated value"
"QV","Value of Agricultural Production","604","Peru","58","Gross Production Value (constant 2014-2016 thousand US$)","0111","Wheat","2015","2015","1000 USD","103649","E","Estimated value"
"QV","Value of Agricultural Production","604","Peru","58","Gross Production Value (constant 2014-2016 thousand US$)","0111","Wheat","2016","2016","1000 USD","90922","E","Estimated value"
"QV","Value of Agricultural Production","604","Peru","58","Gross Production Value (constant 2014-2016 thousand US$)","0111","Wheat","2017","2017","1000 USD","92674","E","Estimated value"
"QV","Value of Agricultural Production","604","Peru","58","Gross Production Value (constant 2014-2016 thousand US$)","0111","Wheat","2018","2018","1000 USD","94192","E","Estimated value"
"QV","Value of Agricultural Production","604","Peru","58","Gross Production Value (constant 2014-2016 thousand US$)","0111","Wheat","2019","2019","1000 USD","90922","E","Estimated value"
"QV","Value of Agricultural Production","604","Peru","58","Gross Production Value (constant 2014-2016 thousand US$)","0111","Wheat","2020","2020","1000 USD","90134","E","Estimated value"
"QV","Value of Agricultural Production","604","Peru","58","Gross Production Value (constant 2014-2016 thousand US$)","0111","Wheat","2021","2021","1000 USD","97968","E","Estimated value"
"QV","Value of Agricultural Production","604","Peru","58","Gross Production Value (constant 2014-2016 thousand US$)","0111","Wheat","2022","2022","1000 USD","102469","E","Estimated value"
"QV","Value of Agricultural Production","604","Peru","58","Gross Production Value (constant 2014-2016 thousand US$)","0111","Wheat","2023","2023","1000 USD","93593","E","Estimated value"
"QV","Value of Agricultural Production","604","Peru","58","Gross Production Value (constant 2014-2016 thousand US$)","0111","Wheat","2024","2024","1000 USD","98185","E","Estimated value"
"QV","Value of Agricultural Production","608","Philippines","58","Gross Production Value (constant 2014-2016 thousand US$)","0112","Maize (corn)","2014","2014","1000 USD","2241315","E","Estimated value"
"QV","Value of Agricultural Production","608","Philippines","58","Gross Production Value (constant 2014-2016 thousand US$)","0112","Maize (corn)","2015","2015","1000 USD","2168673","E","Estimated value"
"QV","Value of Agricultural Production","608","Philippines","58","Gross Production Value (constant 2014-2016 thousand US$)","0112","Maize (corn)","2016","2016","1000 USD","2082161","E","Estimated value"
"QV","Value of Agricultural Production","608","Philippines","58","Gross Production Value (constant 2014-2016 thousand US$)","0112","Maize (corn)","2017","2017","1000 USD","2282938","E","Estimated value"
"QV","Value of Agricultural Production","608","Philippines","58","Gross Production Value (constant 2014-2016 thousand US$)","0112","Maize (corn)","2018","2018","1000 USD","2241695","E","Estimated value"
"QV","Value of Agricultural Production","608","Philippines","58","Gross Production Value (constant 2014-2016 thousand US$)","0112","Maize (corn)","2019","2019","1000 USD","2301379","E","Estimated value"
"QV","Value of Agricultural Production","608","Philippines","58","Gross Production Value (constant 2014-2016 thousand US$)","0112","Maize (corn)","2020","2020","1000 USD","2341674","E","Estimated value"
"QV","Value of Agricultural Production","608","Philippines","58","Gross Production Value (constant 2014-2016 thousand US$)","0112","Maize (corn)","2021","2021","1000 USD","2390317","E","Estimated value"
"QV","Value of Agricultural Production","608","Philippines","58","Gross Production Value (constant 2014-2016 thousand US$)","0112","Maize (corn)","2022","2022","1000 USD","2381208","E","Estimated value"
"QV","Value of Agricultural Production","608","Philippines","58","Gross Production Value (constant 2014-2016 thousand US$)","0112","Maize (corn)","2023","2023","1000 USD","2424299","E","Estimated value"
"QV","Value of Agricultural Production","608","Philippines","58","Gross Production Value (constant 2014-2016 thousand US$)","0112","Maize (corn)","2024","2024","1000 USD","2347337","E","Estimated value"
"QV","Value of Agricultural Production","608","Philippines","58","Gross Production Value (constant 2014-2016 thousand US$)","0113","Rice","2014","2014","1000 USD","7586880","E","Estimated value"
"QV","Value of Agricultural Production","608","Philippines","58","Gross Production Value (constant 2014-2016 thousand US$)","0113","Rice","2015","2015","1000 USD","7259695","E","Estimated value"
"QV","Value of Agricultural Production","608","Philippines","58","Gross Production Value (constant 2014-2016 thousand US$)","0113","Rice","2016","2016","1000 USD","7050665","E","Estimated value"
"QV","Value of Agricultural Production","608","Philippines","58","Gross Production Value (constant 2014-2016 thousand US$)","0113","Rice","2017","2017","1000 USD","7710284","E","Estimated value"
"QV","Value of Agricultural Production","608","Philippines","58","Gross Production Value (constant 2014-2016 thousand US$)","0113","Rice","2018","2018","1000 USD","7626186","E","Estimated value"
"QV","Value of Agricultural Production","608","Philippines","58","Gross Production Value (constant 2014-2016 thousand US$)","0113","Rice","2019","2019","1000 USD","7525682","E","Estimated value"
"QV","Value of Agricultural Production","608","Philippines","58","Gross Production Value (constant 2014-2016 thousand US$)","0113","Rice","2020","2020","1000 USD","7717687","E","Estimated value"
"QV","Value of Agricultural Production","608","Philippines","58","Gross Production Value (constant 2014-2016 thousand US$)","0113","Rice","2021","2021","1000 USD","7983804","E","Estimated value"
"QV","Value of Agricultural Production","608","Philippines","58","Gross Production Value (constant 2014-2016 thousand US$)","0113","Rice","2022","2022","1000 USD","7902344","E","Estimated value"
"QV","Value of Agricultural Production","608","Philippines","58","Gross Production Value (constant 2014-2016 thousand US$)","0113","Rice","2023","2023","1000 USD","8023560","E","Estimated value"
"QV","Value of Agricultural Production","608","Philippines","58","Gross Production Value (constant 2014-2016 thousand US$)","0113","Rice","2024","2024","1000 USD","7634602","E","Estimated value"
"QV","Value of Agricultural Production","608","Philippines","58","Gross Production Value (constant 2014-2016 thousand US$)","0141","Soya beans","2014","2014","1000 USD","357","E","Estimated value"
"QV","Value of Agricultural Production","608","Philippines","58","Gross Production Value (constant 2014-2016 thousand US$)","0141","Soya beans","2015","2015","1000 USD","280","E","Estimated value"
"QV","Value of Agricultural Production","608","Philippines","58","Gross Production Value (constant 2014-2016 thousand US$)","0141","Soya beans","2016","2016","1000 USD","280","E","Estimated value"
"QV","Value of Agricultural Production","608","Philippines","58","Gross Production Value (constant 2014-2016 thousand US$)","0141","Soya beans","2017","2017","1000 USD","342","E","Estimated value"
"QV","Value of Agricultural Production","608","Philippines","58","Gross Production Value (constant 2014-2016 thousand US$)","0141","Soya beans","2018","2018","1000 USD","338","E","Estimated value"
"QV","Value of Agricultural Production","608","Philippines","58","Gross Production Value (constant 2014-2016 thousand US$)","0141","Soya beans","2019","2019","1000 USD","339","E","Estimated value"
"QV","Value of Agricultural Production","608","Philippines","58","Gross Production Value (constant 2014-2016 thousand US$)","0141","Soya beans","2020","2020","1000 USD","285","E","Estimated value"
"QV","Value of Agricultural Production","608","Philippines","58","Gross Production Value (constant 2014-2016 thousand US$)","0141","Soya beans","2021","2021","1000 USD","209","E","Estimated value"
"QV","Value of Agricultural Production","608","Philippines","58","Gross Production Value (constant 2014-2016 thousand US$)","0141","Soya beans","2022","2022","1000 USD","322","E","Estimated value"
"QV","Value of Agricultural Production","608","Philippines","58","Gross Production Value (constant 2014-2016 thousand US$)","0141","Soya beans","2023","2023","1000 USD","317","E","Estimated value"
"QV","Value of Agricultural Production","608","Philippines","58","Gross Production Value (constant 2014-2016 thousand US$)","0141","Soya beans","2024","2024","1000 USD","260","E","Estimated value"
"QV","Value of Agricultural Production","616","Poland","58","Gross Production Value (constant 2014-2016 thousand US$)","0112","Maize (corn)","2014","2014","1000 USD","682347","E","Estimated value"
"QV","Value of Agricultural Production","616","Poland","58","Gross Production Value (constant 2014-2016 thousand US$)","0112","Maize (corn)","2015","2015","1000 USD","481969","E","Estimated value"
"QV","Value of Agricultural Production","616","Poland","58","Gross Production Value (constant 2014-2016 thousand US$)","0112","Maize (corn)","2016","2016","1000 USD","663184","E","Estimated value"
"QV","Value of Agricultural Production","616","Poland","58","Gross Production Value (constant 2014-2016 thousand US$)","0112","Maize (corn)","2017","2017","1000 USD","614117","E","Estimated value"
"QV","Value of Agricultural Production","616","Poland","58","Gross Production Value (constant 2014-2016 thousand US$)","0141","Soya beans","2016","2016","1000 USD","5197","E","Estimated value"
"QV","Value of Agricultural Production","616","Poland","58","Gross Production Value (constant 2014-2016 thousand US$)","0141","Soya beans","2017","2017","1000 USD","7153","E","Estimated value"
"QV","Value of Agricultural Production","616","Poland","58","Gross Production Value (constant 2014-2016 thousand US$)","0111","Wheat","2014","2014","1000 USD","2138940","E","Estimated value"
"QV","Value of Agricultural Production","616","Poland","58","Gross Production Value (constant 2014-2016 thousand US$)","0111","Wheat","2015","2015","1000 USD","2015540","E","Estimated value"
"QV","Value of Agricultural Production","616","Poland","58","Gross Production Value (constant 2014-2016 thousand US$)","0111","Wheat","2016","2016","1000 USD","1991649","E","Estimated value"
"QV","Value of Agricultural Production","616","Poland","58","Gross Production Value (constant 2014-2016 thousand US$)","0111","Wheat","2017","2017","1000 USD","2145752","E","Estimated value"
"QV","Value of Agricultural Production","620","Portugal","58","Gross Production Value (constant 2014-2016 thousand US$)","0112","Maize (corn)","2014","2014","1000 USD","179000","E","Estimated value"
"QV","Value of Agricultural Production","620","Portugal","58","Gross Production Value (constant 2014-2016 thousand US$)","0112","Maize (corn)","2015","2015","1000 USD","165141","E","Estimated value"
"QV","Value of Agricultural Production","620","Portugal","58","Gross Production Value (constant 2014-2016 thousand US$)","0112","Maize (corn)","2016","2016","1000 USD","141811","E","Estimated value"
"QV","Value of Agricultural Production","620","Portugal","58","Gross Production Value (constant 2014-2016 thousand US$)","0112","Maize (corn)","2017","2017","1000 USD","148693","E","Estimated value"
"QV","Value of Agricultural Production","620","Portugal","58","Gross Production Value (constant 2014-2016 thousand US$)","0113","Rice","2014","2014","1000 USD","57445","E","Estimated value"
"QV","Value of Agricultural Production","620","Portugal","58","Gross Production Value (constant 2014-2016 thousand US$)","0113","Rice","2015","2015","1000 USD","63486","E","Estimated value"
"QV","Value of Agricultural Production","620","Portugal","58","Gross Production Value (constant 2014-2016 thousand US$)","0113","Rice","2016","2016","1000 USD","58120","E","Estimated value"
"QV","Value of Agricultural Production","620","Portugal","58","Gross Production Value (constant 2014-2016 thousand US$)","0113","Rice","2017","2017","1000 USD","61721","E","Estimated value"
"QV","Value of Agricultural Production","620","Portugal","58","Gross Production Value (constant 2014-2016 thousand US$)","0111","Wheat","2014","2014","1000 USD","22499","E","Estimated value"
"QV","Value of Agricultural Production","620","Portugal","58","Gross Production Value (constant 2014-2016 thousand US$)","0111","Wheat","2015","2015","1000 USD","18309","E","Estimated value"
"QV","Value of Agricultural Production","620","Portugal","58","Gross Production Value (constant 2014-2016 thousand US$)","0111","Wheat","2016","2016","1000 USD","20501","E","Estimated value"
"QV","Value of Agricultural Production","620","Portugal","58","Gross Production Value (constant 2014-2016 thousand US$)","0111","Wheat","2017","2017","1000 USD","13576","E","Estimated value"
"QV","Value of Agricultural Production","630","Puerto Rico","58","Gross Production Value (constant 2014-2016 thousand US$)","0112","Maize (corn)","2014","2014","1000 USD","15","E","Estimated value"
"QV","Value of Agricultural Production","630","Puerto Rico","58","Gross Production Value (constant 2014-2016 thousand US$)","0112","Maize (corn)","2015","2015","1000 USD","19","E","Estimated value"
"QV","Value of Agricultural Production","630","Puerto Rico","58","Gross Production Value (constant 2014-2016 thousand US$)","0112","Maize (corn)","2016","2016","1000 USD","24","E","Estimated value"
"QV","Value of Agricultural Production","630","Puerto Rico","58","Gross Production Value (constant 2014-2016 thousand US$)","0112","Maize (corn)","2017","2017","1000 USD","27","E","Estimated value"
"QV","Value of Agricultural Production","630","Puerto Rico","58","Gross Production Value (constant 2014-2016 thousand US$)","0112","Maize (corn)","2018","2018","1000 USD","29","E","Estimated value"
"QV","Value of Agricultural Production","630","Puerto Rico","58","Gross Production Value (constant 2014-2016 thousand US$)","0112","Maize (corn)","2019","2019","1000 USD","105","E","Estimated value"
"QV","Value of Agricultural Production","630","Puerto Rico","58","Gross Production Value (constant 2014-2016 thousand US$)","0112","Maize (corn)","2020","2020","1000 USD","211","E","Estimated value"
"QV","Value of Agricultural Production","630","Puerto Rico","58","Gross Production Value (constant 2014-2016 thousand US$)","0112","Maize (corn)","2021","2021","1000 USD","311","E","Estimated value"
"QV","Value of Agricultural Production","630","Puerto Rico","58","Gross Production Value (constant 2014-2016 thousand US$)","0112","Maize (corn)","2022","2022","1000 USD","558","E","Estimated value"
"QV","Value of Agricultural Production","630","Puerto Rico","58","Gross Production Value (constant 2014-2016 thousand US$)","0112","Maize (corn)","2023","2023","1000 USD","494","E","Estimated value"
"QV","Value of Agricultural Production","630","Puerto Rico","58","Gross Production Value (constant 2014-2016 thousand US$)","0112","Maize (corn)","2024","2024","1000 USD","337","E","Estimated value"
"QV","Value of Agricultural Production","630","Puerto Rico","58","Gross Production Value (constant 2014-2016 thousand US$)","0113","Rice","2014","2014","1000 USD","74","E","Estimated value"
"QV","Value of Agricultural Production","630","Puerto Rico","58","Gross Production Value (constant 2014-2016 thousand US$)","0113","Rice","2015","2015","1000 USD","441","E","Estimated value"
"QV","Value of Agricultural Production","630","Puerto Rico","58","Gross Production Value (constant 2014-2016 thousand US$)","0113","Rice","2016","2016","1000 USD","916","E","Estimated value"
"QV","Value of Agricultural Production","630","Puerto Rico","58","Gross Production Value (constant 2014-2016 thousand US$)","0113","Rice","2017","2017","1000 USD","1442","E","Estimated value"
"QV","Value of Agricultural Production","630","Puerto Rico","58","Gross Production Value (constant 2014-2016 thousand US$)","0113","Rice","2018","2018","1000 USD","2092","E","Estimated value"
"QV","Value of Agricultural Production","630","Puerto Rico","58","Gross Production Value (constant 2014-2016 thousand US$)","0113","Rice","2019","2019","1000 USD","2766","E","Estimated value"
"QV","Value of Agricultural Production","630","Puerto Rico","58","Gross Production Value (constant 2014-2016 thousand US$)","0113","Rice","2020","2020","1000 USD","3442","E","Estimated value"
"QV","Value of Agricultural Production","630","Puerto Rico","58","Gross Production Value (constant 2014-2016 thousand US$)","0113","Rice","2021","2021","1000 USD","4118","E","Estimated value"
"QV","Value of Agricultural Production","630","Puerto Rico","58","Gross Production Value (constant 2014-2016 thousand US$)","0113","Rice","2022","2022","1000 USD","4795","E","Estimated value"
"QV","Value of Agricultural Production","630","Puerto Rico","58","Gross Production Value (constant 2014-2016 thousand US$)","0113","Rice","2023","2023","1000 USD","5472","E","Estimated value"
"QV","Value of Agricultural Production","630","Puerto Rico","58","Gross Production Value (constant 2014-2016 thousand US$)","0113","Rice","2024","2024","1000 USD","5273","E","Estimated value"
"QV","Value of Agricultural Production","634","Qatar","58","Gross Production Value (constant 2014-2016 thousand US$)","0112","Maize (corn)","2014","2014","1000 USD","596","E","Estimated value"
"QV","Value of Agricultural Production","634","Qatar","58","Gross Production Value (constant 2014-2016 thousand US$)","0112","Maize (corn)","2015","2015","1000 USD","302","E","Estimated value"
"QV","Value of Agricultural Production","634","Qatar","58","Gross Production Value (constant 2014-2016 thousand US$)","0112","Maize (corn)","2016","2016","1000 USD","198","E","Estimated value"
"QV","Value of Agricultural Production","634","Qatar","58","Gross Production Value (constant 2014-2016 thousand US$)","0112","Maize (corn)","2017","2017","1000 USD","222","E","Estimated value"
"QV","Value of Agricultural Production","634","Qatar","58","Gross Production Value (constant 2014-2016 thousand US$)","0112","Maize (corn)","2018","2018","1000 USD","643","E","Estimated value"
"QV","Value of Agricultural Production","634","Qatar","58","Gross Production Value (constant 2014-2016 thousand US$)","0112","Maize (corn)","2019","2019","1000 USD","213","E","Estimated value"
"QV","Value of Agricultural Production","634","Qatar","58","Gross Production Value (constant 2014-2016 thousand US$)","0112","Maize (corn)","2020","2020","1000 USD","326","E","Estimated value"
"QV","Value of Agricultural Production","634","Qatar","58","Gross Production Value (constant 2014-2016 thousand US$)","0112","Maize (corn)","2021","2021","1000 USD","968","E","Estimated value"
"QV","Value of Agricultural Production","634","Qatar","58","Gross Production Value (constant 2014-2016 thousand US$)","0112","Maize (corn)","2022","2022","1000 USD","397","E","Estimated value"
"QV","Value of Agricultural Production","634","Qatar","58","Gross Production Value (constant 2014-2016 thousand US$)","0112","Maize (corn)","2023","2023","1000 USD","694","E","Estimated value"
"QV","Value of Agricultural Production","634","Qatar","58","Gross Production Value (constant 2014-2016 thousand US$)","0112","Maize (corn)","2024","2024","1000 USD","553","E","Estimated value"
"QV","Value of Agricultural Production","634","Qatar","58","Gross Production Value (constant 2014-2016 thousand US$)","0111","Wheat","2014","2014","1000 USD","2","E","Estimated value"
"QV","Value of Agricultural Production","634","Qatar","58","Gross Production Value (constant 2014-2016 thousand US$)","0111","Wheat","2016","2016","1000 USD","2","E","Estimated value"
"QV","Value of Agricultural Production","634","Qatar","58","Gross Production Value (constant 2014-2016 thousand US$)","0111","Wheat","2017","2017","1000 USD","6","E","Estimated value"
"QV","Value of Agricultural Production","634","Qatar","58","Gross Production Value (constant 2014-2016 thousand US$)","0111","Wheat","2018","2018","1000 USD","6","E","Estimated value"
"QV","Value of Agricultural Production","634","Qatar","58","Gross Production Value (constant 2014-2016 thousand US$)","0111","Wheat","2019","2019","1000 USD","1","E","Estimated value"
"QV","Value of Agricultural Production","634","Qatar","58","Gross Production Value (constant 2014-2016 thousand US$)","0111","Wheat","2020","2020","1000 USD","1","E","Estimated value"
"QV","Value of Agricultural Production","634","Qatar","58","Gross Production Value (constant 2014-2016 thousand US$)","0111","Wheat","2021","2021","1000 USD","98","E","Estimated value"
"QV","Value of Agricultural Production","634","Qatar","58","Gross Production Value (constant 2014-2016 thousand US$)","0111","Wheat","2022","2022","1000 USD","0","E","Estimated value"
"QV","Value of Agricultural Production","634","Qatar","58","Gross Production Value (constant 2014-2016 thousand US$)","0111","Wheat","2023","2023","1000 USD","1","E","Estimated value"
"QV","Value of Agricultural Production","634","Qatar","58","Gross Production Value (constant 2014-2016 thousand US$)","0111","Wheat","2024","2024","1000 USD","8","E","Estimated value"
"QV","Value of Agricultural Production","410","Republic of Korea","58","Gross Production Value (constant 2014-2016 thousand US$)","0112","Maize (corn)","2014","2014","1000 USD","52422","E","Estimated value"
"QV","Value of Agricultural Production","410","Republic of Korea","58","Gross Production Value (constant 2014-2016 thousand US$)","0112","Maize (corn)","2015","2015","1000 USD","50015","E","Estimated value"
"QV","Value of Agricultural Production","410","Republic of Korea","58","Gross Production Value (constant 2014-2016 thousand US$)","0112","Maize (corn)","2016","2016","1000 USD","47099","E","Estimated value"
"QV","Value of Agricultural Production","410","Republic of Korea","58","Gross Production Value (constant 2014-2016 thousand US$)","0112","Maize (corn)","2017","2017","1000 USD","46400","E","Estimated value"
"QV","Value of Agricultural Production","410","Republic of Korea","58","Gross Production Value (constant 2014-2016 thousand US$)","0112","Maize (corn)","2018","2018","1000 USD","49867","E","Estimated value"
"QV","Value of Agricultural Production","410","Republic of Korea","58","Gross Production Value (constant 2014-2016 thousand US$)","0112","Maize (corn)","2019","2019","1000 USD","48796","E","Estimated value"
"QV","Value of Agricultural Production","410","Republic of Korea","58","Gross Production Value (constant 2014-2016 thousand US$)","0112","Maize (corn)","2020","2020","1000 USD","58659","E","Estimated value"
"QV","Value of Agricultural Production","410","Republic of Korea","58","Gross Production Value (constant 2014-2016 thousand US$)","0112","Maize (corn)","2021","2021","1000 USD","60817","E","Estimated value"
"QV","Value of Agricultural Production","410","Republic of Korea","58","Gross Production Value (constant 2014-2016 thousand US$)","0112","Maize (corn)","2022","2022","1000 USD","58305","E","Estimated value"
"QV","Value of Agricultural Production","410","Republic of Korea","58","Gross Production Value (constant 2014-2016 thousand US$)","0112","Maize (corn)","2023","2023","1000 USD","58170","E","Estimated value"
"QV","Value of Agricultural Production","410","Republic of Korea","58","Gross Production Value (constant 2014-2016 thousand US$)","0112","Maize (corn)","2024","2024","1000 USD","56891","E","Estimated value"
"QV","Value of Agricultural Production","410","Republic of Korea","58","Gross Production Value (constant 2014-2016 thousand US$)","0113","Rice","2014","2014","1000 USD","9673897","E","Estimated value"
"QV","Value of Agricultural Production","410","Republic of Korea","58","Gross Production Value (constant 2014-2016 thousand US$)","0113","Rice","2015","2015","1000 USD","9902707","E","Estimated value"
"QV","Value of Agricultural Production","410","Republic of Korea","58","Gross Production Value (constant 2014-2016 thousand US$)","0113","Rice","2016","2016","1000 USD","9651461","E","Estimated value"
"QV","Value of Agricultural Production","410","Republic of Korea","58","Gross Production Value (constant 2014-2016 thousand US$)","0113","Rice","2017","2017","1000 USD","9069663","E","Estimated value"
"QV","Value of Agricultural Production","410","Republic of Korea","58","Gross Production Value (constant 2014-2016 thousand US$)","0113","Rice","2018","2018","1000 USD","8915033","E","Estimated value"
"QV","Value of Agricultural Production","410","Republic of Korea","58","Gross Production Value (constant 2014-2016 thousand US$)","0113","Rice","2019","2019","1000 USD","8607273","E","Estimated value"
"QV","Value of Agricultural Production","410","Republic of Korea","58","Gross Production Value (constant 2014-2016 thousand US$)","0113","Rice","2020","2020","1000 USD","8087481","E","Estimated value"
"QV","Value of Agricultural Production","410","Republic of Korea","58","Gross Production Value (constant 2014-2016 thousand US$)","0113","Rice","2021","2021","1000 USD","8941802","E","Estimated value"
"QV","Value of Agricultural Production","410","Republic of Korea","58","Gross Production Value (constant 2014-2016 thousand US$)","0113","Rice","2022","2022","1000 USD","8576627","E","Estimated value"
"QV","Value of Agricultural Production","410","Republic of Korea","58","Gross Production Value (constant 2014-2016 thousand US$)","0113","Rice","2023","2023","1000 USD","8404374","E","Estimated value"
"QV","Value of Agricultural Production","410","Republic of Korea","58","Gross Production Value (constant 2014-2016 thousand US$)","0113","Rice","2024","2024","1000 USD","8207514","E","Estimated value"
"QV","Value of Agricultural Production","410","Republic of Korea","58","Gross Production Value (constant 2014-2016 thousand US$)","0141","Soya beans","2014","2014","1000 USD","477727","E","Estimated value"
"QV","Value of Agricultural Production","410","Republic of Korea","58","Gross Production Value (constant 2014-2016 thousand US$)","0141","Soya beans","2015","2015","1000 USD","355049","E","Estimated value"
"QV","Value of Agricultural Production","410","Republic of Korea","58","Gross Production Value (constant 2014-2016 thousand US$)","0141","Soya beans","2016","2016","1000 USD","258809","E","Estimated value"
"QV","Value of Agricultural Production","410","Republic of Korea","58","Gross Production Value (constant 2014-2016 thousand US$)","0141","Soya beans","2017","2017","1000 USD","293784","E","Estimated value"
"QV","Value of Agricultural Production","410","Republic of Korea","58","Gross Production Value (constant 2014-2016 thousand US$)","0141","Soya beans","2018","2018","1000 USD","306703","E","Estimated value"
"QV","Value of Agricultural Production","410","Republic of Korea","58","Gross Production Value (constant 2014-2016 thousand US$)","0141","Soya beans","2019","2019","1000 USD","361347","E","Estimated value"
"QV","Value of Agricultural Production","410","Republic of Korea","58","Gross Production Value (constant 2014-2016 thousand US$)","0141","Soya beans","2020","2020","1000 USD","277600","E","Estimated value"
"QV","Value of Agricultural Production","410","Republic of Korea","58","Gross Production Value (constant 2014-2016 thousand US$)","0141","Soya beans","2021","2021","1000 USD","380011","E","Estimated value"
"QV","Value of Agricultural Production","410","Republic of Korea","58","Gross Production Value (constant 2014-2016 thousand US$)","0141","Soya beans","2022","2022","1000 USD","445681","E","Estimated value"
"QV","Value of Agricultural Production","410","Republic of Korea","58","Gross Production Value (constant 2014-2016 thousand US$)","0141","Soya beans","2023","2023","1000 USD","485308","E","Estimated value"
"QV","Value of Agricultural Production","410","Republic of Korea","58","Gross Production Value (constant 2014-2016 thousand US$)","0141","Soya beans","2024","2024","1000 USD","531538","E","Estimated value"
"QV","Value of Agricultural Production","410","Republic of Korea","58","Gross Production Value (constant 2014-2016 thousand US$)","0111","Wheat","2014","2014","1000 USD","16352","E","Estimated value"
"QV","Value of Agricultural Production","410","Republic of Korea","58","Gross Production Value (constant 2014-2016 thousand US$)","0111","Wheat","2015","2015","1000 USD","18464","E","Estimated value"
"QV","Value of Agricultural Production","410","Republic of Korea","58","Gross Production Value (constant 2014-2016 thousand US$)","0111","Wheat","2016","2016","1000 USD","27037","E","Estimated value"
"QV","Value of Agricultural Production","410","Republic of Korea","58","Gross Production Value (constant 2014-2016 thousand US$)","0111","Wheat","2017","2017","1000 USD","26142","E","Estimated value"
"QV","Value of Agricultural Production","410","Republic of Korea","58","Gross Production Value (constant 2014-2016 thousand US$)","0111","Wheat","2018","2018","1000 USD","18014","E","Estimated value"
"QV","Value of Agricultural Production","410","Republic of Korea","58","Gross Production Value (constant 2014-2016 thousand US$)","0111","Wheat","2019","2019","1000 USD","10495","E","Estimated value"
"QV","Value of Agricultural Production","410","Republic of Korea","58","Gross Production Value (constant 2014-2016 thousand US$)","0111","Wheat","2020","2020","1000 USD","11865","E","Estimated value"
"QV","Value of Agricultural Production","410","Republic of Korea","58","Gross Production Value (constant 2014-2016 thousand US$)","0111","Wheat","2021","2021","1000 USD","18388","E","Estimated value"
"QV","Value of Agricultural Production","410","Republic of Korea","58","Gross Production Value (constant 2014-2016 thousand US$)","0111","Wheat","2022","2022","1000 USD","24143","E","Estimated value"
"QV","Value of Agricultural Production","410","Republic of Korea","58","Gross Production Value (constant 2014-2016 thousand US$)","0111","Wheat","2023","2023","1000 USD","36190","E","Estimated value"
"QV","Value of Agricultural Production","410","Republic of Korea","58","Gross Production Value (constant 2014-2016 thousand US$)","0111","Wheat","2024","2024","1000 USD","26108","E","Estimated value"
"QV","Value of Agricultural Production","498","Republic of Moldova","58","Gross Production Value (constant 2014-2016 thousand US$)","0112","Maize (corn)","2014","2014","1000 USD","213122","E","Estimated value"
"QV","Value of Agricultural Production","498","Republic of Moldova","58","Gross Production Value (constant 2014-2016 thousand US$)","0112","Maize (corn)","2015","2015","1000 USD","147462","E","Estimated value"
"QV","Value of Agricultural Production","498","Republic of Moldova","58","Gross Production Value (constant 2014-2016 thousand US$)","0112","Maize (corn)","2016","2016","1000 USD","190691","E","Estimated value"
"QV","Value of Agricultural Production","498","Republic of Moldova","58","Gross Production Value (constant 2014-2016 thousand US$)","0112","Maize (corn)","2017","2017","1000 USD","242743","E","Estimated value"
"QV","Value of Agricultural Production","498","Republic of Moldova","58","Gross Production Value (constant 2014-2016 thousand US$)","0112","Maize (corn)","2018","2018","1000 USD","283998","E","Estimated value"
"QV","Value of Agricultural Production","498","Republic of Moldova","58","Gross Production Value (constant 2014-2016 thousand US$)","0112","Maize (corn)","2019","2019","1000 USD","291683","E","Estimated value"
"QV","Value of Agricultural Production","498","Republic of Moldova","58","Gross Production Value (constant 2014-2016 thousand US$)","0112","Maize (corn)","2020","2020","1000 USD","107527","E","Estimated value"
"QV","Value of Agricultural Production","498","Republic of Moldova","58","Gross Production Value (constant 2014-2016 thousand US$)","0112","Maize (corn)","2021","2021","1000 USD","382456","E","Estimated value"
"QV","Value of Agricultural Production","498","Republic of Moldova","58","Gross Production Value (constant 2014-2016 thousand US$)","0112","Maize (corn)","2022","2022","1000 USD","103025","E","Estimated value"
"QV","Value of Agricultural Production","498","Republic of Moldova","58","Gross Production Value (constant 2014-2016 thousand US$)","0112","Maize (corn)","2023","2023","1000 USD","185081","E","Estimated value"
"QV","Value of Agricultural Production","498","Republic of Moldova","58","Gross Production Value (constant 2014-2016 thousand US$)","0112","Maize (corn)","2024","2024","1000 USD","98178","E","Estimated value"
"QV","Value of Agricultural Production","498","Republic of Moldova","58","Gross Production Value (constant 2014-2016 thousand US$)","0141","Soya beans","2014","2014","1000 USD","35632","E","Estimated value"
"QV","Value of Agricultural Production","498","Republic of Moldova","58","Gross Production Value (constant 2014-2016 thousand US$)","0141","Soya beans","2015","2015","1000 USD","15620","E","Estimated value"
"QV","Value of Agricultural Production","498","Republic of Moldova","58","Gross Production Value (constant 2014-2016 thousand US$)","0141","Soya beans","2016","2016","1000 USD","13738","E","Estimated value"
"QV","Value of Agricultural Production","498","Republic of Moldova","58","Gross Production Value (constant 2014-2016 thousand US$)","0141","Soya beans","2017","2017","1000 USD","15173","E","Estimated value"
"QV","Value of Agricultural Production","498","Republic of Moldova","58","Gross Production Value (constant 2014-2016 thousand US$)","0141","Soya beans","2018","2018","1000 USD","18812","E","Estimated value"
"QV","Value of Agricultural Production","498","Republic of Moldova","58","Gross Production Value (constant 2014-2016 thousand US$)","0141","Soya beans","2019","2019","1000 USD","20950","E","Estimated value"
"QV","Value of Agricultural Production","498","Republic of Moldova","58","Gross Production Value (constant 2014-2016 thousand US$)","0141","Soya beans","2020","2020","1000 USD","10880","E","Estimated value"
"QV","Value of Agricultural Production","498","Republic of Moldova","58","Gross Production Value (constant 2014-2016 thousand US$)","0141","Soya beans","2021","2021","1000 USD","16477","E","Estimated value"
"QV","Value of Agricultural Production","498","Republic of Moldova","58","Gross Production Value (constant 2014-2016 thousand US$)","0141","Soya beans","2022","2022","1000 USD","10552","E","Estimated value"
"QV","Value of Agricultural Production","498","Republic of Moldova","58","Gross Production Value (constant 2014-2016 thousand US$)","0141","Soya beans","2023","2023","1000 USD","12530","E","Estimated value"
"QV","Value of Agricultural Production","498","Republic of Moldova","58","Gross Production Value (constant 2014-2016 thousand US$)","0141","Soya beans","2024","2024","1000 USD","10291","E","Estimated value"
"QV","Value of Agricultural Production","498","Republic of Moldova","58","Gross Production Value (constant 2014-2016 thousand US$)","0111","Wheat","2014","2014","1000 USD","139451","E","Estimated value"
"QV","Value of Agricultural Production","498","Republic of Moldova","58","Gross Production Value (constant 2014-2016 thousand US$)","0111","Wheat","2015","2015","1000 USD","116743","E","Estimated value"
"QV","Value of Agricultural Production","498","Republic of Moldova","58","Gross Production Value (constant 2014-2016 thousand US$)","0111","Wheat","2016","2016","1000 USD","163658","E","Estimated value"
"QV","Value of Agricultural Production","498","Republic of Moldova","58","Gross Production Value (constant 2014-2016 thousand US$)","0111","Wheat","2017","2017","1000 USD","158314","E","Estimated value"
"QV","Value of Agricultural Production","498","Republic of Moldova","58","Gross Production Value (constant 2014-2016 thousand US$)","0111","Wheat","2018","2018","1000 USD","147185","E","Estimated value"
"QV","Value of Agricultural Production","498","Republic of Moldova","58","Gross Production Value (constant 2014-2016 thousand US$)","0111","Wheat","2019","2019","1000 USD","145249","E","Estimated value"
"QV","Value of Agricultural Production","498","Republic of Moldova","58","Gross Production Value (constant 2014-2016 thousand US$)","0111","Wheat","2020","2020","1000 USD","72117","E","Estimated value"
"QV","Value of Agricultural Production","498","Republic of Moldova","58","Gross Production Value (constant 2014-2016 thousand US$)","0111","Wheat","2021","2021","1000 USD","198126","E","Estimated value"
"QV","Value of Agricultural Production","498","Republic of Moldova","58","Gross Production Value (constant 2014-2016 thousand US$)","0111","Wheat","2022","2022","1000 USD","108227","E","Estimated value"
"QV","Value of Agricultural Production","498","Republic of Moldova","58","Gross Production Value (constant 2014-2016 thousand US$)","0111","Wheat","2023","2023","1000 USD","196835","E","Estimated value"
"QV","Value of Agricultural Production","498","Republic of Moldova","58","Gross Production Value (constant 2014-2016 thousand US$)","0111","Wheat","2024","2024","1000 USD","151236","E","Estimated value"
"QV","Value of Agricultural Production","642","Romania","58","Gross Production Value (constant 2014-2016 thousand US$)","0112","Maize (corn)","2014","2014","1000 USD","2393536","E","Estimated value"
"QV","Value of Agricultural Production","642","Romania","58","Gross Production Value (constant 2014-2016 thousand US$)","0112","Maize (corn)","2015","2015","1000 USD","1801139","E","Estimated value"
"QV","Value of Agricultural Production","642","Romania","58","Gross Production Value (constant 2014-2016 thousand US$)","0112","Maize (corn)","2016","2016","1000 USD","2145536","E","Estimated value"
"QV","Value of Agricultural Production","642","Romania","58","Gross Production Value (constant 2014-2016 thousand US$)","0112","Maize (corn)","2017","2017","1000 USD","2860231","E","Estimated value"
"QV","Value of Agricultural Production","642","Romania","58","Gross Production Value (constant 2014-2016 thousand US$)","0113","Rice","2014","2014","1000 USD","24826","E","Estimated value"
"QV","Value of Agricultural Production","642","Romania","58","Gross Production Value (constant 2014-2016 thousand US$)","0113","Rice","2015","2015","1000 USD","27362","E","Estimated value"
"QV","Value of Agricultural Production","642","Romania","58","Gross Production Value (constant 2014-2016 thousand US$)","0113","Rice","2016","2016","1000 USD","23988","E","Estimated value"
"QV","Value of Agricultural Production","642","Romania","58","Gross Production Value (constant 2014-2016 thousand US$)","0113","Rice","2017","2017","1000 USD","23810","E","Estimated value"
"QV","Value of Agricultural Production","642","Romania","58","Gross Production Value (constant 2014-2016 thousand US$)","0141","Soya beans","2014","2014","1000 USD","74491","E","Estimated value"
"QV","Value of Agricultural Production","642","Romania","58","Gross Production Value (constant 2014-2016 thousand US$)","0141","Soya beans","2015","2015","1000 USD","96214","E","Estimated value"
"QV","Value of Agricultural Production","642","Romania","58","Gross Production Value (constant 2014-2016 thousand US$)","0141","Soya beans","2016","2016","1000 USD","96699","E","Estimated value"
"QV","Value of Agricultural Production","642","Romania","58","Gross Production Value (constant 2014-2016 thousand US$)","0141","Soya beans","2017","2017","1000 USD","144470","E","Estimated value"
"QV","Value of Agricultural Production","642","Romania","58","Gross Production Value (constant 2014-2016 thousand US$)","0111","Wheat","2014","2014","1000 USD","1433185","E","Estimated value"
"QV","Value of Agricultural Production","642","Romania","58","Gross Production Value (constant 2014-2016 thousand US$)","0111","Wheat","2015","2015","1000 USD","1504535","E","Estimated value"
"QV","Value of Agricultural Production","642","Romania","58","Gross Production Value (constant 2014-2016 thousand US$)","0111","Wheat","2016","2016","1000 USD","1593100","E","Estimated value"
"QV","Value of Agricultural Production","642","Romania","58","Gross Production Value (constant 2014-2016 thousand US$)","0111","Wheat","2017","2017","1000 USD","1896150","E","Estimated value"
"QV","Value of Agricultural Production","643","Russian Federation","58","Gross Production Value (constant 2014-2016 thousand US$)","0112","Maize (corn)","2014","2014","1000 USD","1527782","E","Estimated value"
"QV","Value of Agricultural Production","643","Russian Federation","58","Gross Production Value (constant 2014-2016 thousand US$)","0112","Maize (corn)","2015","2015","1000 USD","1776004","E","Estimated value"
"QV","Value of Agricultural Production","643","Russian Federation","58","Gross Production Value (constant 2014-2016 thousand US$)","0112","Maize (corn)","2016","2016","1000 USD","2060242","E","Estimated value"
"QV","Value of Agricultural Production","643","Russian Federation","58","Gross Production Value (constant 2014-2016 thousand US$)","0112","Maize (corn)","2017","2017","1000 USD","1780696","E","Estimated value"
"QV","Value of Agricultural Production","643","Russian Federation","58","Gross Production Value (constant 2014-2016 thousand US$)","0112","Maize (corn)","2018","2018","1000 USD","1539495","E","Estimated value"
"QV","Value of Agricultural Production","643","Russian Federation","58","Gross Production Value (constant 2014-2016 thousand US$)","0112","Maize (corn)","2019","2019","1000 USD","1925526","E","Estimated value"
"QV","Value of Agricultural Production","643","Russian Federation","58","Gross Production Value (constant 2014-2016 thousand US$)","0112","Maize (corn)","2020","2020","1000 USD","1871175","E","Estimated value"
"QV","Value of Agricultural Production","643","Russian Federation","58","Gross Production Value (constant 2014-2016 thousand US$)","0112","Maize (corn)","2021","2021","1000 USD","2054308","E","Estimated value"
"QV","Value of Agricultural Production","643","Russian Federation","58","Gross Production Value (constant 2014-2016 thousand US$)","0112","Maize (corn)","2022","2022","1000 USD","2138550","E","Estimated value"
"QV","Value of Agricultural Production","643","Russian Federation","58","Gross Production Value (constant 2014-2016 thousand US$)","0112","Maize (corn)","2023","2023","1000 USD","2022278","E","Estimated value"
"QV","Value of Agricultural Production","643","Russian Federation","58","Gross Production Value (constant 2014-2016 thousand US$)","0112","Maize (corn)","2024","2024","1000 USD","1881258","E","Estimated value"
"QV","Value of Agricultural Production","643","Russian Federation","58","Gross Production Value (constant 2014-2016 thousand US$)","0113","Rice","2014","2014","1000 USD","313146","E","Estimated value"
"QV","Value of Agricultural Production","643","Russian Federation","58","Gross Production Value (constant 2014-2016 thousand US$)","0113","Rice","2015","2015","1000 USD","331422","E","Estimated value"
"QV","Value of Agricultural Production","643","Russian Federation","58","Gross Production Value (constant 2014-2016 thousand US$)","0113","Rice","2016","2016","1000 USD","322799","E","Estimated value"
"QV","Value of Agricultural Production","643","Russian Federation","58","Gross Production Value (constant 2014-2016 thousand US$)","0113","Rice","2017","2017","1000 USD","294647","E","Estimated value"
"QV","Value of Agricultural Production","643","Russian Federation","58","Gross Production Value (constant 2014-2016 thousand US$)","0113","Rice","2018","2018","1000 USD","310057","E","Estimated value"
"QV","Value of Agricultural Production","643","Russian Federation","58","Gross Production Value (constant 2014-2016 thousand US$)","0113","Rice","2019","2019","1000 USD","328107","E","Estimated value"
"QV","Value of Agricultural Production","643","Russian Federation","58","Gross Production Value (constant 2014-2016 thousand US$)","0113","Rice","2020","2020","1000 USD","340996","E","Estimated value"
"QV","Value of Agricultural Production","643","Russian Federation","58","Gross Production Value (constant 2014-2016 thousand US$)","0113","Rice","2021","2021","1000 USD","321462","E","Estimated value"
"QV","Value of Agricultural Production","643","Russian Federation","58","Gross Production Value (constant 2014-2016 thousand US$)","0113","Rice","2022","2022","1000 USD","274779","E","Estimated value"
"QV","Value of Agricultural Production","643","Russian Federation","58","Gross Production Value (constant 2014-2016 thousand US$)","0113","Rice","2023","2023","1000 USD","320443","E","Estimated value"
"QV","Value of Agricultural Production","643","Russian Federation","58","Gross Production Value (constant 2014-2016 thousand US$)","0113","Rice","2024","2024","1000 USD","375961","E","Estimated value"
"QV","Value of Agricultural Production","643","Russian Federation","58","Gross Production Value (constant 2014-2016 thousand US$)","0141","Soya beans","2014","2014","1000 USD","870121","E","Estimated value"
"QV","Value of Agricultural Production","643","Russian Federation","58","Gross Production Value (constant 2014-2016 thousand US$)","0141","Soya beans","2015","2015","1000 USD","996985","E","Estimated value"
"QV","Value of Agricultural Production","643","Russian Federation","58","Gross Production Value (constant 2014-2016 thousand US$)","0141","Soya beans","2016","2016","1000 USD","1156950","E","Estimated value"
"QV","Value of Agricultural Production","643","Russian Federation","58","Gross Production Value (constant 2014-2016 thousand US$)","0141","Soya beans","2017","2017","1000 USD","1333296","E","Estimated value"
"QV","Value of Agricultural Production","643","Russian Federation","58","Gross Production Value (constant 2014-2016 thousand US$)","0141","Soya beans","2018","2018","1000 USD","1482444","E","Estimated value"
"QV","Value of Agricultural Production","643","Russian Federation","58","Gross Production Value (constant 2014-2016 thousand US$)","0141","Soya beans","2019","2019","1000 USD","1605073","E","Estimated value"
"QV","Value of Agricultural Production","643","Russian Federation","58","Gross Production Value (constant 2014-2016 thousand US$)","0141","Soya beans","2020","2020","1000 USD","1585796","E","Estimated value"
"QV","Value of Agricultural Production","643","Russian Federation","58","Gross Production Value (constant 2014-2016 thousand US$)","0141","Soya beans","2021","2021","1000 USD","1752311","E","Estimated value"
"QV","Value of Agricultural Production","643","Russian Federation","58","Gross Production Value (constant 2014-2016 thousand US$)","0141","Soya beans","2022","2022","1000 USD","2209999","E","Estimated value"
"QV","Value of Agricultural Production","643","Russian Federation","58","Gross Production Value (constant 2014-2016 thousand US$)","0141","Soya beans","2023","2023","1000 USD","2510713","E","Estimated value"
"QV","Value of Agricultural Production","643","Russian Federation","58","Gross Production Value (constant 2014-2016 thousand US$)","0141","Soya beans","2024","2024","1000 USD","2576978","E","Estimated value"
"QV","Value of Agricultural Production","643","Russian Federation","58","Gross Production Value (constant 2014-2016 thousand US$)","0111","Wheat","2014","2014","1000 USD","9038794","E","Estimated value"
"QV","Value of Agricultural Production","643","Russian Federation","58","Gross Production Value (constant 2014-2016 thousand US$)","0111","Wheat","2015","2015","1000 USD","9352808","E","Estimated value"
"QV","Value of Agricultural Production","643","Russian Federation","58","Gross Production Value (constant 2014-2016 thousand US$)","0111","Wheat","2016","2016","1000 USD","11102682","E","Estimated value"
"QV","Value of Agricultural Production","643","Russian Federation","58","Gross Production Value (constant 2014-2016 thousand US$)","0111","Wheat","2017","2017","1000 USD","13018611","E","Estimated value"
"QV","Value of Agricultural Production","643","Russian Federation","58","Gross Production Value (constant 2014-2016 thousand US$)","0111","Wheat","2018","2018","1000 USD","10919589","E","Estimated value"
"QV","Value of Agricultural Production","643","Russian Federation","58","Gross Production Value (constant 2014-2016 thousand US$)","0111","Wheat","2019","2019","1000 USD","11270255","E","Estimated value"
"QV","Value of Agricultural Production","643","Russian Federation","58","Gross Production Value (constant 2014-2016 thousand US$)","0111","Wheat","2020","2020","1000 USD","13002532","E","Estimated value"
"QV","Value of Agricultural Production","643","Russian Federation","58","Gross Production Value (constant 2014-2016 thousand US$)","0111","Wheat","2021","2021","1000 USD","11513705","E","Estimated value"
"QV","Value of Agricultural Production","643","Russian Federation","58","Gross Production Value (constant 2014-2016 thousand US$)","0111","Wheat","2022","2022","1000 USD","15778384","E","Estimated value"
"QV","Value of Agricultural Production","643","Russian Federation","58","Gross Production Value (constant 2014-2016 thousand US$)","0111","Wheat","2023","2023","1000 USD","14043033","E","Estimated value"
"QV","Value of Agricultural Production","643","Russian Federation","58","Gross Production Value (constant 2014-2016 thousand US$)","0111","Wheat","2024","2024","1000 USD","12501735","E","Estimated value"
"QV","Value of Agricultural Production","646","Rwanda","58","Gross Production Value (constant 2014-2016 thousand US$)","0112","Maize (corn)","2014","2014","1000 USD","124864","E","Estimated value"
"QV","Value of Agricultural Production","646","Rwanda","58","Gross Production Value (constant 2014-2016 thousand US$)","0112","Maize (corn)","2015","2015","1000 USD","129430","E","Estimated value"
"QV","Value of Agricultural Production","646","Rwanda","58","Gross Production Value (constant 2014-2016 thousand US$)","0112","Maize (corn)","2016","2016","1000 USD","130873","E","Estimated value"
"QV","Value of Agricultural Production","646","Rwanda","58","Gross Production Value (constant 2014-2016 thousand US$)","0112","Maize (corn)","2017","2017","1000 USD","143466","E","Estimated value"
"QV","Value of Agricultural Production","646","Rwanda","58","Gross Production Value (constant 2014-2016 thousand US$)","0112","Maize (corn)","2018","2018","1000 USD","148335","E","Estimated value"
"QV","Value of Agricultural Production","646","Rwanda","58","Gross Production Value (constant 2014-2016 thousand US$)","0112","Maize (corn)","2019","2019","1000 USD","147291","E","Estimated value"
"QV","Value of Agricultural Production","646","Rwanda","58","Gross Production Value (constant 2014-2016 thousand US$)","0112","Maize (corn)","2020","2020","1000 USD","156877","E","Estimated value"
"QV","Value of Agricultural Production","646","Rwanda","58","Gross Production Value (constant 2014-2016 thousand US$)","0112","Maize (corn)","2021","2021","1000 USD","168784","E","Estimated value"
"QV","Value of Agricultural Production","646","Rwanda","58","Gross Production Value (constant 2014-2016 thousand US$)","0112","Maize (corn)","2022","2022","1000 USD","160336","E","Estimated value"
"QV","Value of Agricultural Production","646","Rwanda","58","Gross Production Value (constant 2014-2016 thousand US$)","0112","Maize (corn)","2023","2023","1000 USD","177809","E","Estimated value"
"QV","Value of Agricultural Production","646","Rwanda","58","Gross Production Value (constant 2014-2016 thousand US$)","0112","Maize (corn)","2024","2024","1000 USD","219279","E","Estimated value"
"QV","Value of Agricultural Production","646","Rwanda","58","Gross Production Value (constant 2014-2016 thousand US$)","0113","Rice","2014","2014","1000 USD","64302","E","Estimated value"
"QV","Value of Agricultural Production","646","Rwanda","58","Gross Production Value (constant 2014-2016 thousand US$)","0113","Rice","2015","2015","1000 USD","86152","E","Estimated value"
"QV","Value of Agricultural Production","646","Rwanda","58","Gross Production Value (constant 2014-2016 thousand US$)","0113","Rice","2016","2016","1000 USD","97744","E","Estimated value"
"QV","Value of Agricultural Production","646","Rwanda","58","Gross Production Value (constant 2014-2016 thousand US$)","0113","Rice","2017","2017","1000 USD","96341","E","Estimated value"
"QV","Value of Agricultural Production","646","Rwanda","58","Gross Production Value (constant 2014-2016 thousand US$)","0113","Rice","2018","2018","1000 USD","100693","E","Estimated value"
"QV","Value of Agricultural Production","646","Rwanda","58","Gross Production Value (constant 2014-2016 thousand US$)","0113","Rice","2019","2019","1000 USD","116341","E","Estimated value"
"QV","Value of Agricultural Production","646","Rwanda","58","Gross Production Value (constant 2014-2016 thousand US$)","0113","Rice","2020","2020","1000 USD","103014","E","Estimated value"
"QV","Value of Agricultural Production","646","Rwanda","58","Gross Production Value (constant 2014-2016 thousand US$)","0113","Rice","2021","2021","1000 USD","116501","E","Estimated value"
"QV","Value of Agricultural Production","646","Rwanda","58","Gross Production Value (constant 2014-2016 thousand US$)","0113","Rice","2022","2022","1000 USD","119434","E","Estimated value"
"QV","Value of Agricultural Production","646","Rwanda","58","Gross Production Value (constant 2014-2016 thousand US$)","0113","Rice","2023","2023","1000 USD","118154","E","Estimated value"
"QV","Value of Agricultural Production","646","Rwanda","58","Gross Production Value (constant 2014-2016 thousand US$)","0113","Rice","2024","2024","1000 USD","125497","E","Estimated value"
"QV","Value of Agricultural Production","646","Rwanda","58","Gross Production Value (constant 2014-2016 thousand US$)","0141","Soya beans","2014","2014","1000 USD","11589","E","Estimated value"
"QV","Value of Agricultural Production","646","Rwanda","58","Gross Production Value (constant 2014-2016 thousand US$)","0141","Soya beans","2015","2015","1000 USD","14074","E","Estimated value"
"QV","Value of Agricultural Production","646","Rwanda","58","Gross Production Value (constant 2014-2016 thousand US$)","0141","Soya beans","2016","2016","1000 USD","14206","E","Estimated value"
"QV","Value of Agricultural Production","646","Rwanda","58","Gross Production Value (constant 2014-2016 thousand US$)","0141","Soya beans","2017","2017","1000 USD","15495","E","Estimated value"
"QV","Value of Agricultural Production","646","Rwanda","58","Gross Production Value (constant 2014-2016 thousand US$)","0141","Soya beans","2018","2018","1000 USD","14767","E","Estimated value"
"QV","Value of Agricultural Production","646","Rwanda","58","Gross Production Value (constant 2014-2016 thousand US$)","0141","Soya beans","2019","2019","1000 USD","15878","E","Estimated value"
"QV","Value of Agricultural Production","646","Rwanda","58","Gross Production Value (constant 2014-2016 thousand US$)","0141","Soya beans","2020","2020","1000 USD","15379","E","Estimated value"
"QV","Value of Agricultural Production","646","Rwanda","58","Gross Production Value (constant 2014-2016 thousand US$)","0141","Soya beans","2021","2021","1000 USD","17388","E","Estimated value"
"QV","Value of Agricultural Production","646","Rwanda","58","Gross Production Value (constant 2014-2016 thousand US$)","0141","Soya beans","2022","2022","1000 USD","22048","E","Estimated value"
"QV","Value of Agricultural Production","646","Rwanda","58","Gross Production Value (constant 2014-2016 thousand US$)","0141","Soya beans","2023","2023","1000 USD","19178","E","Estimated value"
"QV","Value of Agricultural Production","646","Rwanda","58","Gross Production Value (constant 2014-2016 thousand US$)","0141","Soya beans","2024","2024","1000 USD","23763","E","Estimated value"
"QV","Value of Agricultural Production","646","Rwanda","58","Gross Production Value (constant 2014-2016 thousand US$)","0111","Wheat","2014","2014","1000 USD","5184","E","Estimated value"
"QV","Value of Agricultural Production","646","Rwanda","58","Gross Production Value (constant 2014-2016 thousand US$)","0111","Wheat","2015","2015","1000 USD","5255","E","Estimated value"
"QV","Value of Agricultural Production","646","Rwanda","58","Gross Production Value (constant 2014-2016 thousand US$)","0111","Wheat","2016","2016","1000 USD","6523","E","Estimated value"
"QV","Value of Agricultural Production","646","Rwanda","58","Gross Production Value (constant 2014-2016 thousand US$)","0111","Wheat","2017","2017","1000 USD","7182","E","Estimated value"
"QV","Value of Agricultural Production","646","Rwanda","58","Gross Production Value (constant 2014-2016 thousand US$)","0111","Wheat","2018","2018","1000 USD","8857","E","Estimated value"
"QV","Value of Agricultural Production","646","Rwanda","58","Gross Production Value (constant 2014-2016 thousand US$)","0111","Wheat","2019","2019","1000 USD","10311","E","Estimated value"
"QV","Value of Agricultural Production","646","Rwanda","58","Gross Production Value (constant 2014-2016 thousand US$)","0111","Wheat","2020","2020","1000 USD","8421","E","Estimated value"
"QV","Value of Agricultural Production","646","Rwanda","58","Gross Production Value (constant 2014-2016 thousand US$)","0111","Wheat","2021","2021","1000 USD","8995","E","Estimated value"
"QV","Value of Agricultural Production","646","Rwanda","58","Gross Production Value (constant 2014-2016 thousand US$)","0111","Wheat","2022","2022","1000 USD","9122","E","Estimated value"
"QV","Value of Agricultural Production","646","Rwanda","58","Gross Production Value (constant 2014-2016 thousand US$)","0111","Wheat","2023","2023","1000 USD","10948","E","Estimated value"
"QV","Value of Agricultural Production","646","Rwanda","58","Gross Production Value (constant 2014-2016 thousand US$)","0111","Wheat","2024","2024","1000 USD","10791","E","Estimated value"
"QV","Value of Agricultural Production","670","Saint Vincent and the Grenadines","58","Gross Production Value (constant 2014-2016 thousand US$)","0112","Maize (corn)","2014","2014","1000 USD","1213","E","Estimated value"
"QV","Value of Agricultural Production","670","Saint Vincent and the Grenadines","58","Gross Production Value (constant 2014-2016 thousand US$)","0112","Maize (corn)","2015","2015","1000 USD","1097","E","Estimated value"
"QV","Value of Agricultural Production","670","Saint Vincent and the Grenadines","58","Gross Production Value (constant 2014-2016 thousand US$)","0112","Maize (corn)","2016","2016","1000 USD","1225","E","Estimated value"
"QV","Value of Agricultural Production","670","Saint Vincent and the Grenadines","58","Gross Production Value (constant 2014-2016 thousand US$)","0112","Maize (corn)","2017","2017","1000 USD","1598","E","Estimated value"
"QV","Value of Agricultural Production","670","Saint Vincent and the Grenadines","58","Gross Production Value (constant 2014-2016 thousand US$)","0112","Maize (corn)","2018","2018","1000 USD","1458","E","Estimated value"
"QV","Value of Agricultural Production","670","Saint Vincent and the Grenadines","58","Gross Production Value (constant 2014-2016 thousand US$)","0112","Maize (corn)","2019","2019","1000 USD","1274","E","Estimated value"
"QV","Value of Agricultural Production","670","Saint Vincent and the Grenadines","58","Gross Production Value (constant 2014-2016 thousand US$)","0112","Maize (corn)","2020","2020","1000 USD","1200","E","Estimated value"
"QV","Value of Agricultural Production","670","Saint Vincent and the Grenadines","58","Gross Production Value (constant 2014-2016 thousand US$)","0112","Maize (corn)","2021","2021","1000 USD","1126","E","Estimated value"
"QV","Value of Agricultural Production","670","Saint Vincent and the Grenadines","58","Gross Production Value (constant 2014-2016 thousand US$)","0112","Maize (corn)","2022","2022","1000 USD","906","E","Estimated value"
"QV","Value of Agricultural Production","670","Saint Vincent and the Grenadines","58","Gross Production Value (constant 2014-2016 thousand US$)","0112","Maize (corn)","2023","2023","1000 USD","896","E","Estimated value"
"QV","Value of Agricultural Production","670","Saint Vincent and the Grenadines","58","Gross Production Value (constant 2014-2016 thousand US$)","0112","Maize (corn)","2024","2024","1000 USD","604","E","Estimated value"
"QV","Value of Agricultural Production","682","Saudi Arabia","58","Gross Production Value (constant 2014-2016 thousand US$)","0112","Maize (corn)","2014","2014","1000 USD","41326","E","Estimated value"
"QV","Value of Agricultural Production","682","Saudi Arabia","58","Gross Production Value (constant 2014-2016 thousand US$)","0112","Maize (corn)","2015","2015","1000 USD","41326","E","Estimated value"
"QV","Value of Agricultural Production","682","Saudi Arabia","58","Gross Production Value (constant 2014-2016 thousand US$)","0112","Maize (corn)","2016","2016","1000 USD","41326","E","Estimated value"
"QV","Value of Agricultural Production","682","Saudi Arabia","58","Gross Production Value (constant 2014-2016 thousand US$)","0112","Maize (corn)","2017","2017","1000 USD","41326","E","Estimated value"
"QV","Value of Agricultural Production","682","Saudi Arabia","58","Gross Production Value (constant 2014-2016 thousand US$)","0112","Maize (corn)","2018","2018","1000 USD","7952","E","Estimated value"
"QV","Value of Agricultural Production","682","Saudi Arabia","58","Gross Production Value (constant 2014-2016 thousand US$)","0112","Maize (corn)","2019","2019","1000 USD","24607","E","Estimated value"
"QV","Value of Agricultural Production","682","Saudi Arabia","58","Gross Production Value (constant 2014-2016 thousand US$)","0112","Maize (corn)","2020","2020","1000 USD","30582","E","Estimated value"
"QV","Value of Agricultural Production","682","Saudi Arabia","58","Gross Production Value (constant 2014-2016 thousand US$)","0112","Maize (corn)","2021","2021","1000 USD","30478","E","Estimated value"
"QV","Value of Agricultural Production","682","Saudi Arabia","58","Gross Production Value (constant 2014-2016 thousand US$)","0112","Maize (corn)","2022","2022","1000 USD","30220","E","Estimated value"
"QV","Value of Agricultural Production","682","Saudi Arabia","58","Gross Production Value (constant 2014-2016 thousand US$)","0112","Maize (corn)","2023","2023","1000 USD","32917","E","Estimated value"
"QV","Value of Agricultural Production","682","Saudi Arabia","58","Gross Production Value (constant 2014-2016 thousand US$)","0112","Maize (corn)","2024","2024","1000 USD","34839","E","Estimated value"
"QV","Value of Agricultural Production","682","Saudi Arabia","58","Gross Production Value (constant 2014-2016 thousand US$)","0111","Wheat","2014","2014","1000 USD","301176","E","Estimated value"
"QV","Value of Agricultural Production","682","Saudi Arabia","58","Gross Production Value (constant 2014-2016 thousand US$)","0111","Wheat","2015","2015","1000 USD","290800","E","Estimated value"
"QV","Value of Agricultural Production","682","Saudi Arabia","58","Gross Production Value (constant 2014-2016 thousand US$)","0111","Wheat","2016","2016","1000 USD","259312","E","Estimated value"
"QV","Value of Agricultural Production","682","Saudi Arabia","58","Gross Production Value (constant 2014-2016 thousand US$)","0111","Wheat","2017","2017","1000 USD","260263","E","Estimated value"
"QV","Value of Agricultural Production","682","Saudi Arabia","58","Gross Production Value (constant 2014-2016 thousand US$)","0111","Wheat","2018","2018","1000 USD","245798","E","Estimated value"
"QV","Value of Agricultural Production","682","Saudi Arabia","58","Gross Production Value (constant 2014-2016 thousand US$)","0111","Wheat","2019","2019","1000 USD","209651","E","Estimated value"
"QV","Value of Agricultural Production","682","Saudi Arabia","58","Gross Production Value (constant 2014-2016 thousand US$)","0111","Wheat","2020","2020","1000 USD","232448","E","Estimated value"
"QV","Value of Agricultural Production","682","Saudi Arabia","58","Gross Production Value (constant 2014-2016 thousand US$)","0111","Wheat","2021","2021","1000 USD","256767","E","Estimated value"
"QV","Value of Agricultural Production","682","Saudi Arabia","58","Gross Production Value (constant 2014-2016 thousand US$)","0111","Wheat","2022","2022","1000 USD","335324","E","Estimated value"
"QV","Value of Agricultural Production","682","Saudi Arabia","58","Gross Production Value (constant 2014-2016 thousand US$)","0111","Wheat","2023","2023","1000 USD","550949","E","Estimated value"
"QV","Value of Agricultural Production","682","Saudi Arabia","58","Gross Production Value (constant 2014-2016 thousand US$)","0111","Wheat","2024","2024","1000 USD","343872","E","Estimated value"
"QV","Value of Agricultural Production","686","Senegal","58","Gross Production Value (constant 2014-2016 thousand US$)","0112","Maize (corn)","2014","2014","1000 USD","53698","E","Estimated value"
"QV","Value of Agricultural Production","686","Senegal","58","Gross Production Value (constant 2014-2016 thousand US$)","0112","Maize (corn)","2015","2015","1000 USD","91422","E","Estimated value"
"QV","Value of Agricultural Production","686","Senegal","58","Gross Production Value (constant 2014-2016 thousand US$)","0112","Maize (corn)","2016","2016","1000 USD","120314","E","Estimated value"
"QV","Value of Agricultural Production","686","Senegal","58","Gross Production Value (constant 2014-2016 thousand US$)","0112","Maize (corn)","2017","2017","1000 USD","123288","E","Estimated value"
"QV","Value of Agricultural Production","686","Senegal","58","Gross Production Value (constant 2014-2016 thousand US$)","0112","Maize (corn)","2018","2018","1000 USD","145914","E","Estimated value"
"QV","Value of Agricultural Production","686","Senegal","58","Gross Production Value (constant 2014-2016 thousand US$)","0112","Maize (corn)","2019","2019","1000 USD","159443","E","Estimated value"
"QV","Value of Agricultural Production","686","Senegal","58","Gross Production Value (constant 2014-2016 thousand US$)","0112","Maize (corn)","2020","2020","1000 USD","228898","E","Estimated value"
"QV","Value of Agricultural Production","686","Senegal","58","Gross Production Value (constant 2014-2016 thousand US$)","0112","Maize (corn)","2021","2021","1000 USD","226716","E","Estimated value"
"QV","Value of Agricultural Production","686","Senegal","58","Gross Production Value (constant 2014-2016 thousand US$)","0112","Maize (corn)","2022","2022","1000 USD","236669","E","Estimated value"
"QV","Value of Agricultural Production","686","Senegal","58","Gross Production Value (constant 2014-2016 thousand US$)","0112","Maize (corn)","2023","2023","1000 USD","256883","E","Estimated value"
"QV","Value of Agricultural Production","686","Senegal","58","Gross Production Value (constant 2014-2016 thousand US$)","0112","Maize (corn)","2024","2024","1000 USD","232538","E","Estimated value"
"QV","Value of Agricultural Production","686","Senegal","58","Gross Production Value (constant 2014-2016 thousand US$)","0113","Rice","2014","2014","1000 USD","124399","E","Estimated value"
"QV","Value of Agricultural Production","686","Senegal","58","Gross Production Value (constant 2014-2016 thousand US$)","0113","Rice","2015","2015","1000 USD","201689","E","Estimated value"
"QV","Value of Agricultural Production","686","Senegal","58","Gross Production Value (constant 2014-2016 thousand US$)","0113","Rice","2016","2016","1000 USD","211576","E","Estimated value"
"QV","Value of Agricultural Production","686","Senegal","58","Gross Production Value (constant 2014-2016 thousand US$)","0113","Rice","2017","2017","1000 USD","225037","E","Estimated value"
"QV","Value of Agricultural Production","686","Senegal","58","Gross Production Value (constant 2014-2016 thousand US$)","0113","Rice","2018","2018","1000 USD","268501","E","Estimated value"
"QV","Value of Agricultural Production","686","Senegal","58","Gross Production Value (constant 2014-2016 thousand US$)","0113","Rice","2019","2019","1000 USD","257184","E","Estimated value"
"QV","Value of Agricultural Production","686","Senegal","58","Gross Production Value (constant 2014-2016 thousand US$)","0113","Rice","2020","2020","1000 USD","300353","E","Estimated value"
"QV","Value of Agricultural Production","686","Senegal","58","Gross Production Value (constant 2014-2016 thousand US$)","0113","Rice","2021","2021","1000 USD","307563","E","Estimated value"
"QV","Value of Agricultural Production","686","Senegal","58","Gross Production Value (constant 2014-2016 thousand US$)","0113","Rice","2022","2022","1000 USD","313571","E","Estimated value"
"QV","Value of Agricultural Production","686","Senegal","58","Gross Production Value (constant 2014-2016 thousand US$)","0113","Rice","2023","2023","1000 USD","338178","E","Estimated value"
"QV","Value of Agricultural Production","686","Senegal","58","Gross Production Value (constant 2014-2016 thousand US$)","0113","Rice","2024","2024","1000 USD","351597","E","Estimated value"
"QV","Value of Agricultural Production","688","Serbia","58","Gross Production Value (constant 2014-2016 thousand US$)","0112","Maize (corn)","2014","2014","1000 USD","1153128","E","Estimated value"
"QV","Value of Agricultural Production","688","Serbia","58","Gross Production Value (constant 2014-2016 thousand US$)","0112","Maize (corn)","2015","2015","1000 USD","791054","E","Estimated value"
"QV","Value of Agricultural Production","688","Serbia","58","Gross Production Value (constant 2014-2016 thousand US$)","0112","Maize (corn)","2016","2016","1000 USD","1069765","E","Estimated value"
"QV","Value of Agricultural Production","688","Serbia","58","Gross Production Value (constant 2014-2016 thousand US$)","0112","Maize (corn)","2017","2017","1000 USD","582739","E","Estimated value"
"QV","Value of Agricultural Production","688","Serbia","58","Gross Production Value (constant 2014-2016 thousand US$)","0112","Maize (corn)","2018","2018","1000 USD","1010021","E","Estimated value"
"QV","Value of Agricultural Production","688","Serbia","58","Gross Production Value (constant 2014-2016 thousand US$)","0112","Maize (corn)","2019","2019","1000 USD","1065095","E","Estimated value"
"QV","Value of Agricultural Production","688","Serbia","58","Gross Production Value (constant 2014-2016 thousand US$)","0112","Maize (corn)","2020","2020","1000 USD","1141675","E","Estimated value"
"QV","Value of Agricultural Production","688","Serbia","58","Gross Production Value (constant 2014-2016 thousand US$)","0112","Maize (corn)","2021","2021","1000 USD","874046","E","Estimated value"
"QV","Value of Agricultural Production","688","Serbia","58","Gross Production Value (constant 2014-2016 thousand US$)","0112","Maize (corn)","2022","2022","1000 USD","621157","E","Estimated value"
"QV","Value of Agricultural Production","688","Serbia","58","Gross Production Value (constant 2014-2016 thousand US$)","0112","Maize (corn)","2023","2023","1000 USD","961616","E","Estimated value"
"QV","Value of Agricultural Production","688","Serbia","58","Gross Production Value (constant 2014-2016 thousand US$)","0112","Maize (corn)","2024","2024","1000 USD","740655","E","Estimated value"
"QV","Value of Agricultural Production","688","Serbia","58","Gross Production Value (constant 2014-2016 thousand US$)","0141","Soya beans","2014","2014","1000 USD","203647","E","Estimated value"
"QV","Value of Agricultural Production","688","Serbia","58","Gross Production Value (constant 2014-2016 thousand US$)","0141","Soya beans","2015","2015","1000 USD","169525","E","Estimated value"
"QV","Value of Agricultural Production","688","Serbia","58","Gross Production Value (constant 2014-2016 thousand US$)","0141","Soya beans","2016","2016","1000 USD","215043","E","Estimated value"
"QV","Value of Agricultural Production","688","Serbia","58","Gross Production Value (constant 2014-2016 thousand US$)","0141","Soya beans","2017","2017","1000 USD","172077","E","Estimated value"
"QV","Value of Agricultural Production","688","Serbia","58","Gross Production Value (constant 2014-2016 thousand US$)","0141","Soya beans","2018","2018","1000 USD","240844","E","Estimated value"
"QV","Value of Agricultural Production","688","Serbia","58","Gross Production Value (constant 2014-2016 thousand US$)","0141","Soya beans","2019","2019","1000 USD","261322","E","Estimated value"
"QV","Value of Agricultural Production","688","Serbia","58","Gross Production Value (constant 2014-2016 thousand US$)","0141","Soya beans","2020","2020","1000 USD","280376","E","Estimated value"
"QV","Value of Agricultural Production","688","Serbia","58","Gross Production Value (constant 2014-2016 thousand US$)","0141","Soya beans","2021","2021","1000 USD","201523","E","Estimated value"
"QV","Value of Agricultural Production","688","Serbia","58","Gross Production Value (constant 2014-2016 thousand US$)","0141","Soya beans","2022","2022","1000 USD","148681","E","Estimated value"
"QV","Value of Agricultural Production","688","Serbia","58","Gross Production Value (constant 2014-2016 thousand US$)","0141","Soya beans","2023","2023","1000 USD","223784","E","Estimated value"
"QV","Value of Agricultural Production","688","Serbia","58","Gross Production Value (constant 2014-2016 thousand US$)","0141","Soya beans","2024","2024","1000 USD","129377","E","Estimated value"
"QV","Value of Agricultural Production","688","Serbia","58","Gross Production Value (constant 2014-2016 thousand US$)","0111","Wheat","2014","2014","1000 USD","396938","E","Estimated value"
"QV","Value of Agricultural Production","688","Serbia","58","Gross Production Value (constant 2014-2016 thousand US$)","0111","Wheat","2015","2015","1000 USD","403756","E","Estimated value"
"QV","Value of Agricultural Production","688","Serbia","58","Gross Production Value (constant 2014-2016 thousand US$)","0111","Wheat","2016","2016","1000 USD","479634","E","Estimated value"
"QV","Value of Agricultural Production","688","Serbia","58","Gross Production Value (constant 2014-2016 thousand US$)","0111","Wheat","2017","2017","1000 USD","378385","E","Estimated value"
"QV","Value of Agricultural Production","688","Serbia","58","Gross Production Value (constant 2014-2016 thousand US$)","0111","Wheat","2018","2018","1000 USD","489123","E","Estimated value"
"QV","Value of Agricultural Production","688","Serbia","58","Gross Production Value (constant 2014-2016 thousand US$)","0111","Wheat","2019","2019","1000 USD","421455","E","Estimated value"
"QV","Value of Agricultural Production","688","Serbia","58","Gross Production Value (constant 2014-2016 thousand US$)","0111","Wheat","2020","2020","1000 USD","477799","E","Estimated value"
"QV","Value of Agricultural Production","688","Serbia","58","Gross Production Value (constant 2014-2016 thousand US$)","0111","Wheat","2021","2021","1000 USD","572379","E","Estimated value"
"QV","Value of Agricultural Production","688","Serbia","58","Gross Production Value (constant 2014-2016 thousand US$)","0111","Wheat","2022","2022","1000 USD","517095","E","Estimated value"
"QV","Value of Agricultural Production","688","Serbia","58","Gross Production Value (constant 2014-2016 thousand US$)","0111","Wheat","2023","2023","1000 USD","573442","E","Estimated value"
"QV","Value of Agricultural Production","688","Serbia","58","Gross Production Value (constant 2014-2016 thousand US$)","0111","Wheat","2024","2024","1000 USD","482294","E","Estimated value"
"QV","Value of Agricultural Production","694","Sierra Leone","58","Gross Production Value (constant 2014-2016 thousand US$)","0112","Maize (corn)","2014","2014","1000 USD","22363","E","Estimated value"
"QV","Value of Agricultural Production","694","Sierra Leone","58","Gross Production Value (constant 2014-2016 thousand US$)","0112","Maize (corn)","2015","2015","1000 USD","24305","E","Estimated value"
"QV","Value of Agricultural Production","694","Sierra Leone","58","Gross Production Value (constant 2014-2016 thousand US$)","0112","Maize (corn)","2016","2016","1000 USD","13490","E","Estimated value"
"QV","Value of Agricultural Production","694","Sierra Leone","58","Gross Production Value (constant 2014-2016 thousand US$)","0112","Maize (corn)","2017","2017","1000 USD","24089","E","Estimated value"
"QV","Value of Agricultural Production","694","Sierra Leone","58","Gross Production Value (constant 2014-2016 thousand US$)","0112","Maize (corn)","2018","2018","1000 USD","24694","E","Estimated value"
"QV","Value of Agricultural Production","694","Sierra Leone","58","Gross Production Value (constant 2014-2016 thousand US$)","0112","Maize (corn)","2019","2019","1000 USD","41568","E","Estimated value"
"QV","Value of Agricultural Production","694","Sierra Leone","58","Gross Production Value (constant 2014-2016 thousand US$)","0112","Maize (corn)","2020","2020","1000 USD","28528","E","Estimated value"
"QV","Value of Agricultural Production","694","Sierra Leone","58","Gross Production Value (constant 2014-2016 thousand US$)","0112","Maize (corn)","2021","2021","1000 USD","24225","E","Estimated value"
"QV","Value of Agricultural Production","694","Sierra Leone","58","Gross Production Value (constant 2014-2016 thousand US$)","0112","Maize (corn)","2022","2022","1000 USD","25789","E","Estimated value"
"QV","Value of Agricultural Production","694","Sierra Leone","58","Gross Production Value (constant 2014-2016 thousand US$)","0112","Maize (corn)","2023","2023","1000 USD","27179","E","Estimated value"
"QV","Value of Agricultural Production","694","Sierra Leone","58","Gross Production Value (constant 2014-2016 thousand US$)","0112","Maize (corn)","2024","2024","1000 USD","29488","E","Estimated value"
"QV","Value of Agricultural Production","694","Sierra Leone","58","Gross Production Value (constant 2014-2016 thousand US$)","0113","Rice","2014","2014","1000 USD","827291","E","Estimated value"
"QV","Value of Agricultural Production","694","Sierra Leone","58","Gross Production Value (constant 2014-2016 thousand US$)","0113","Rice","2015","2015","1000 USD","598946","E","Estimated value"
"QV","Value of Agricultural Production","694","Sierra Leone","58","Gross Production Value (constant 2014-2016 thousand US$)","0113","Rice","2016","2016","1000 USD","601428","E","Estimated value"
"QV","Value of Agricultural Production","694","Sierra Leone","58","Gross Production Value (constant 2014-2016 thousand US$)","0113","Rice","2017","2017","1000 USD","616395","E","Estimated value"
"QV","Value of Agricultural Production","694","Sierra Leone","58","Gross Production Value (constant 2014-2016 thousand US$)","0113","Rice","2018","2018","1000 USD","631254","E","Estimated value"
"QV","Value of Agricultural Production","694","Sierra Leone","58","Gross Production Value (constant 2014-2016 thousand US$)","0113","Rice","2019","2019","1000 USD","651009","E","Estimated value"
"QV","Value of Agricultural Production","694","Sierra Leone","58","Gross Production Value (constant 2014-2016 thousand US$)","0113","Rice","2020","2020","1000 USD","721322","E","Estimated value"
"QV","Value of Agricultural Production","694","Sierra Leone","58","Gross Production Value (constant 2014-2016 thousand US$)","0113","Rice","2021","2021","1000 USD","1359720","E","Estimated value"
"QV","Value of Agricultural Production","694","Sierra Leone","58","Gross Production Value (constant 2014-2016 thousand US$)","0113","Rice","2022","2022","1000 USD","959889","E","Estimated value"
"QV","Value of Agricultural Production","694","Sierra Leone","58","Gross Production Value (constant 2014-2016 thousand US$)","0113","Rice","2023","2023","1000 USD","903821","E","Estimated value"
"QV","Value of Agricultural Production","694","Sierra Leone","58","Gross Production Value (constant 2014-2016 thousand US$)","0113","Rice","2024","2024","1000 USD","955628","E","Estimated value"
"QV","Value of Agricultural Production","703","Slovakia","58","Gross Production Value (constant 2014-2016 thousand US$)","0112","Maize (corn)","2014","2014","1000 USD","282651","E","Estimated value"
"QV","Value of Agricultural Production","703","Slovakia","58","Gross Production Value (constant 2014-2016 thousand US$)","0112","Maize (corn)","2015","2015","1000 USD","144781","E","Estimated value"
"QV","Value of Agricultural Production","703","Slovakia","58","Gross Production Value (constant 2014-2016 thousand US$)","0112","Maize (corn)","2016","2016","1000 USD","266457","E","Estimated value"
"QV","Value of Agricultural Production","703","Slovakia","58","Gross Production Value (constant 2014-2016 thousand US$)","0112","Maize (corn)","2017","2017","1000 USD","166119","E","Estimated value"
"QV","Value of Agricultural Production","703","Slovakia","58","Gross Production Value (constant 2014-2016 thousand US$)","0141","Soya beans","2014","2014","1000 USD","32914","E","Estimated value"
"QV","Value of Agricultural Production","703","Slovakia","58","Gross Production Value (constant 2014-2016 thousand US$)","0141","Soya beans","2015","2015","1000 USD","24355","E","Estimated value"
"QV","Value of Agricultural Production","703","Slovakia","58","Gross Production Value (constant 2014-2016 thousand US$)","0141","Soya beans","2016","2016","1000 USD","36279","E","Estimated value"
"QV","Value of Agricultural Production","703","Slovakia","58","Gross Production Value (constant 2014-2016 thousand US$)","0141","Soya beans","2017","2017","1000 USD","40185","E","Estimated value"
"QV","Value of Agricultural Production","703","Slovakia","58","Gross Production Value (constant 2014-2016 thousand US$)","0111","Wheat","2014","2014","1000 USD","355782","E","Estimated value"
"QV","Value of Agricultural Production","703","Slovakia","58","Gross Production Value (constant 2014-2016 thousand US$)","0111","Wheat","2015","2015","1000 USD","357453","E","Estimated value"
"QV","Value of Agricultural Production","703","Slovakia","58","Gross Production Value (constant 2014-2016 thousand US$)","0111","Wheat","2016","2016","1000 USD","417896","E","Estimated value"
"QV","Value of Agricultural Production","703","Slovakia","58","Gross Production Value (constant 2014-2016 thousand US$)","0111","Wheat","2017","2017","1000 USD","303980","E","Estimated value"
"QV","Value of Agricultural Production","705","Slovenia","58","Gross Production Value (constant 2014-2016 thousand US$)","0112","Maize (corn)","2014","2014","1000 USD","53391","E","Estimated value"
"QV","Value of Agricultural Production","705","Slovenia","58","Gross Production Value (constant 2014-2016 thousand US$)","0112","Maize (corn)","2015","2015","1000 USD","51583","E","Estimated value"
"QV","Value of Agricultural Production","705","Slovenia","58","Gross Production Value (constant 2014-2016 thousand US$)","0112","Maize (corn)","2016","2016","1000 USD","52725","E","Estimated value"
"QV","Value of Agricultural Production","705","Slovenia","58","Gross Production Value (constant 2014-2016 thousand US$)","0112","Maize (corn)","2017","2017","1000 USD","41451","E","Estimated value"
"QV","Value of Agricultural Production","705","Slovenia","58","Gross Production Value (constant 2014-2016 thousand US$)","0141","Soya beans","2014","2014","1000 USD","384","E","Estimated value"
"QV","Value of Agricultural Production","705","Slovenia","58","Gross Production Value (constant 2014-2016 thousand US$)","0141","Soya beans","2015","2015","1000 USD","1720","E","Estimated value"
"QV","Value of Agricultural Production","705","Slovenia","58","Gross Production Value (constant 2014-2016 thousand US$)","0141","Soya beans","2016","2016","1000 USD","2710","E","Estimated value"
"QV","Value of Agricultural Production","705","Slovenia","58","Gross Production Value (constant 2014-2016 thousand US$)","0141","Soya beans","2017","2017","1000 USD","2830","E","Estimated value"
"QV","Value of Agricultural Production","705","Slovenia","58","Gross Production Value (constant 2014-2016 thousand US$)","0111","Wheat","2014","2014","1000 USD","32282","E","Estimated value"
"QV","Value of Agricultural Production","705","Slovenia","58","Gross Production Value (constant 2014-2016 thousand US$)","0111","Wheat","2015","2015","1000 USD","29266","E","Estimated value"
"QV","Value of Agricultural Production","705","Slovenia","58","Gross Production Value (constant 2014-2016 thousand US$)","0111","Wheat","2016","2016","1000 USD","30404","E","Estimated value"
"QV","Value of Agricultural Production","705","Slovenia","58","Gross Production Value (constant 2014-2016 thousand US$)","0111","Wheat","2017","2017","1000 USD","26266","E","Estimated value"
"QV","Value of Agricultural Production","710","South Africa","58","Gross Production Value (constant 2014-2016 thousand US$)","0112","Maize (corn)","2014","2014","1000 USD","2746757","E","Estimated value"
"QV","Value of Agricultural Production","710","South Africa","58","Gross Production Value (constant 2014-2016 thousand US$)","0112","Maize (corn)","2015","2015","1000 USD","2048753","E","Estimated value"
"QV","Value of Agricultural Production","710","South Africa","58","Gross Production Value (constant 2014-2016 thousand US$)","0112","Maize (corn)","2016","2016","1000 USD","1583335","E","Estimated value"
"QV","Value of Agricultural Production","710","South Africa","58","Gross Production Value (constant 2014-2016 thousand US$)","0112","Maize (corn)","2017","2017","1000 USD","3383041","E","Estimated value"
"QV","Value of Agricultural Production","710","South Africa","58","Gross Production Value (constant 2014-2016 thousand US$)","0112","Maize (corn)","2018","2018","1000 USD","2525855","E","Estimated value"
"QV","Value of Agricultural Production","710","South Africa","58","Gross Production Value (constant 2014-2016 thousand US$)","0112","Maize (corn)","2019","2019","1000 USD","2279169","E","Estimated value"
"QV","Value of Agricultural Production","710","South Africa","58","Gross Production Value (constant 2014-2016 thousand US$)","0112","Maize (corn)","2020","2020","1000 USD","3053921","E","Estimated value"
"QV","Value of Agricultural Production","710","South Africa","58","Gross Production Value (constant 2014-2016 thousand US$)","0112","Maize (corn)","2021","2021","1000 USD","3144796","E","Estimated value"
"QV","Value of Agricultural Production","710","South Africa","58","Gross Production Value (constant 2014-2016 thousand US$)","0112","Maize (corn)","2022","2022","1000 USD","2981918","E","Estimated value"
"QV","Value of Agricultural Production","710","South Africa","58","Gross Production Value (constant 2014-2016 thousand US$)","0112","Maize (corn)","2023","2023","1000 USD","3166963","E","Estimated value"
"QV","Value of Agricultural Production","710","South Africa","58","Gross Production Value (constant 2014-2016 thousand US$)","0112","Maize (corn)","2024","2024","1000 USD","2476900","E","Estimated value"
"QV","Value of Agricultural Production","710","South Africa","58","Gross Production Value (constant 2014-2016 thousand US$)","0113","Rice","2014","2014","1000 USD","1362","E","Estimated value"
"QV","Value of Agricultural Production","710","South Africa","58","Gross Production Value (constant 2014-2016 thousand US$)","0113","Rice","2015","2015","1000 USD","1369","E","Estimated value"
"QV","Value of Agricultural Production","710","South Africa","58","Gross Production Value (constant 2014-2016 thousand US$)","0113","Rice","2016","2016","1000 USD","1371","E","Estimated value"
"QV","Value of Agricultural Production","710","South Africa","58","Gross Production Value (constant 2014-2016 thousand US$)","0113","Rice","2017","2017","1000 USD","1372","E","Estimated value"
"QV","Value of Agricultural Production","710","South Africa","58","Gross Production Value (constant 2014-2016 thousand US$)","0113","Rice","2018","2018","1000 USD","1372","E","Estimated value"
"QV","Value of Agricultural Production","710","South Africa","58","Gross Production Value (constant 2014-2016 thousand US$)","0113","Rice","2019","2019","1000 USD","1372","E","Estimated value"
"QV","Value of Agricultural Production","710","South Africa","58","Gross Production Value (constant 2014-2016 thousand US$)","0113","Rice","2020","2020","1000 USD","1372","E","Estimated value"
"QV","Value of Agricultural Production","710","South Africa","58","Gross Production Value (constant 2014-2016 thousand US$)","0113","Rice","2021","2021","1000 USD","1372","E","Estimated value"
"QV","Value of Agricultural Production","710","South Africa","58","Gross Production Value (constant 2014-2016 thousand US$)","0113","Rice","2022","2022","1000 USD","1373","E","Estimated value"
"QV","Value of Agricultural Production","710","South Africa","58","Gross Production Value (constant 2014-2016 thousand US$)","0113","Rice","2023","2023","1000 USD","1373","E","Estimated value"
"QV","Value of Agricultural Production","710","South Africa","58","Gross Production Value (constant 2014-2016 thousand US$)","0113","Rice","2024","2024","1000 USD","1373","E","Estimated value"
"QV","Value of Agricultural Production","710","South Africa","58","Gross Production Value (constant 2014-2016 thousand US$)","0141","Soya beans","2014","2014","1000 USD","411897","E","Estimated value"
"QV","Value of Agricultural Production","710","South Africa","58","Gross Production Value (constant 2014-2016 thousand US$)","0141","Soya beans","2015","2015","1000 USD","464904","E","Estimated value"
"QV","Value of Agricultural Production","710","South Africa","58","Gross Production Value (constant 2014-2016 thousand US$)","0141","Soya beans","2016","2016","1000 USD","322392","E","Estimated value"
"QV","Value of Agricultural Production","710","South Africa","58","Gross Production Value (constant 2014-2016 thousand US$)","0141","Soya beans","2017","2017","1000 USD","571789","E","Estimated value"
"QV","Value of Agricultural Production","710","South Africa","58","Gross Production Value (constant 2014-2016 thousand US$)","0141","Soya beans","2018","2018","1000 USD","669115","E","Estimated value"
"QV","Value of Agricultural Production","710","South Africa","58","Gross Production Value (constant 2014-2016 thousand US$)","0141","Soya beans","2019","2019","1000 USD","508503","E","Estimated value"
"QV","Value of Agricultural Production","710","South Africa","58","Gross Production Value (constant 2014-2016 thousand US$)","0141","Soya beans","2020","2020","1000 USD","541157","E","Estimated value"
"QV","Value of Agricultural Production","710","South Africa","58","Gross Production Value (constant 2014-2016 thousand US$)","0141","Soya beans","2021","2021","1000 USD","824228","E","Estimated value"
"QV","Value of Agricultural Production","710","South Africa","58","Gross Production Value (constant 2014-2016 thousand US$)","0141","Soya beans","2022","2022","1000 USD","968913","E","Estimated value"
"QV","Value of Agricultural Production","710","South Africa","58","Gross Production Value (constant 2014-2016 thousand US$)","0141","Soya beans","2023","2023","1000 USD","1203537","E","Estimated value"
"QV","Value of Agricultural Production","710","South Africa","58","Gross Production Value (constant 2014-2016 thousand US$)","0141","Soya beans","2024","2024","1000 USD","802938","E","Estimated value"
"QV","Value of Agricultural Production","710","South Africa","58","Gross Production Value (constant 2014-2016 thousand US$)","0111","Wheat","2014","2014","1000 USD","483482","E","Estimated value"
"QV","Value of Agricultural Production","710","South Africa","58","Gross Production Value (constant 2014-2016 thousand US$)","0111","Wheat","2015","2015","1000 USD","397836","E","Estimated value"
"QV","Value of Agricultural Production","710","South Africa","58","Gross Production Value (constant 2014-2016 thousand US$)","0111","Wheat","2016","2016","1000 USD","527686","E","Estimated value"
"QV","Value of Agricultural Production","710","South Africa","58","Gross Production Value (constant 2014-2016 thousand US$)","0111","Wheat","2017","2017","1000 USD","424083","E","Estimated value"
"QV","Value of Agricultural Production","710","South Africa","58","Gross Production Value (constant 2014-2016 thousand US$)","0111","Wheat","2018","2018","1000 USD","516082","E","Estimated value"
"QV","Value of Agricultural Production","710","South Africa","58","Gross Production Value (constant 2014-2016 thousand US$)","0111","Wheat","2019","2019","1000 USD","424083","E","Estimated value"
"QV","Value of Agricultural Production","710","South Africa","58","Gross Production Value (constant 2014-2016 thousand US$)","0111","Wheat","2020","2020","1000 USD","585704","E","Estimated value"
"QV","Value of Agricultural Production","710","South Africa","58","Gross Production Value (constant 2014-2016 thousand US$)","0111","Wheat","2021","2021","1000 USD","631289","E","Estimated value"
"QV","Value of Agricultural Production","710","South Africa","58","Gross Production Value (constant 2014-2016 thousand US$)","0111","Wheat","2022","2022","1000 USD","582941","E","Estimated value"
"QV","Value of Agricultural Production","710","South Africa","58","Gross Production Value (constant 2014-2016 thousand US$)","0111","Wheat","2023","2023","1000 USD","566364","E","Estimated value"
"QV","Value of Agricultural Production","710","South Africa","58","Gross Production Value (constant 2014-2016 thousand US$)","0111","Wheat","2024","2024","1000 USD","531800","E","Estimated value"
"QV","Value of Agricultural Production","724","Spain","58","Gross Production Value (constant 2014-2016 thousand US$)","0112","Maize (corn)","2014","2014","1000 USD","961006","E","Estimated value"
"QV","Value of Agricultural Production","724","Spain","58","Gross Production Value (constant 2014-2016 thousand US$)","0112","Maize (corn)","2015","2015","1000 USD","918395","E","Estimated value"
"QV","Value of Agricultural Production","724","Spain","58","Gross Production Value (constant 2014-2016 thousand US$)","0112","Maize (corn)","2016","2016","1000 USD","818816","E","Estimated value"
"QV","Value of Agricultural Production","724","Spain","58","Gross Production Value (constant 2014-2016 thousand US$)","0112","Maize (corn)","2017","2017","1000 USD","759688","E","Estimated value"
"QV","Value of Agricultural Production","724","Spain","58","Gross Production Value (constant 2014-2016 thousand US$)","0113","Rice","2014","2014","1000 USD","291507","E","Estimated value"
"QV","Value of Agricultural Production","724","Spain","58","Gross Production Value (constant 2014-2016 thousand US$)","0113","Rice","2015","2015","1000 USD","286742","E","Estimated value"
"QV","Value of Agricultural Production","724","Spain","58","Gross Production Value (constant 2014-2016 thousand US$)","0113","Rice","2016","2016","1000 USD","282806","E","Estimated value"
"QV","Value of Agricultural Production","724","Spain","58","Gross Production Value (constant 2014-2016 thousand US$)","0113","Rice","2017","2017","1000 USD","282731","E","Estimated value"
"QV","Value of Agricultural Production","724","Spain","58","Gross Production Value (constant 2014-2016 thousand US$)","0141","Soya beans","2014","2014","1000 USD","1494","E","Estimated value"
"QV","Value of Agricultural Production","724","Spain","58","Gross Production Value (constant 2014-2016 thousand US$)","0141","Soya beans","2015","2015","1000 USD","2314","E","Estimated value"
"QV","Value of Agricultural Production","724","Spain","58","Gross Production Value (constant 2014-2016 thousand US$)","0141","Soya beans","2016","2016","1000 USD","1617","E","Estimated value"
"QV","Value of Agricultural Production","724","Spain","58","Gross Production Value (constant 2014-2016 thousand US$)","0141","Soya beans","2017","2017","1000 USD","2592","E","Estimated value"
"QV","Value of Agricultural Production","724","Spain","58","Gross Production Value (constant 2014-2016 thousand US$)","0111","Wheat","2014","2014","1000 USD","1489535","E","Estimated value"
"QV","Value of Agricultural Production","724","Spain","58","Gross Production Value (constant 2014-2016 thousand US$)","0111","Wheat","2015","2015","1000 USD","1464513","E","Estimated value"
"QV","Value of Agricultural Production","724","Spain","58","Gross Production Value (constant 2014-2016 thousand US$)","0111","Wheat","2016","2016","1000 USD","1812175","E","Estimated value"
"QV","Value of Agricultural Production","724","Spain","58","Gross Production Value (constant 2014-2016 thousand US$)","0111","Wheat","2017","2017","1000 USD","1122308","E","Estimated value"
"QV","Value of Agricultural Production","144","Sri Lanka","58","Gross Production Value (constant 2014-2016 thousand US$)","0112","Maize (corn)","2014","2014","1000 USD","65128","E","Estimated value"
"QV","Value of Agricultural Production","144","Sri Lanka","58","Gross Production Value (constant 2014-2016 thousand US$)","0112","Maize (corn)","2015","2015","1000 USD","61304","E","Estimated value"
"QV","Value of Agricultural Production","144","Sri Lanka","58","Gross Production Value (constant 2014-2016 thousand US$)","0112","Maize (corn)","2016","2016","1000 USD","65889","E","Estimated value"
"QV","Value of Agricultural Production","144","Sri Lanka","58","Gross Production Value (constant 2014-2016 thousand US$)","0112","Maize (corn)","2017","2017","1000 USD","52867","E","Estimated value"
"QV","Value of Agricultural Production","144","Sri Lanka","58","Gross Production Value (constant 2014-2016 thousand US$)","0112","Maize (corn)","2018","2018","1000 USD","72933","E","Estimated value"
"QV","Value of Agricultural Production","144","Sri Lanka","58","Gross Production Value (constant 2014-2016 thousand US$)","0112","Maize (corn)","2019","2019","1000 USD","66345","E","Estimated value"
"QV","Value of Agricultural Production","144","Sri Lanka","58","Gross Production Value (constant 2014-2016 thousand US$)","0112","Maize (corn)","2020","2020","1000 USD","84676","E","Estimated value"
"QV","Value of Agricultural Production","144","Sri Lanka","58","Gross Production Value (constant 2014-2016 thousand US$)","0112","Maize (corn)","2021","2021","1000 USD","127598","E","Estimated value"
"QV","Value of Agricultural Production","144","Sri Lanka","58","Gross Production Value (constant 2014-2016 thousand US$)","0112","Maize (corn)","2022","2022","1000 USD","69962","E","Estimated value"
"QV","Value of Agricultural Production","144","Sri Lanka","58","Gross Production Value (constant 2014-2016 thousand US$)","0112","Maize (corn)","2023","2023","1000 USD","59755","E","Estimated value"
"QV","Value of Agricultural Production","144","Sri Lanka","58","Gross Production Value (constant 2014-2016 thousand US$)","0112","Maize (corn)","2024","2024","1000 USD","60362","E","Estimated value"
"QV","Value of Agricultural Production","144","Sri Lanka","58","Gross Production Value (constant 2014-2016 thousand US$)","0113","Rice","2014","2014","1000 USD","971685","E","Estimated value"
"QV","Value of Agricultural Production","144","Sri Lanka","58","Gross Production Value (constant 2014-2016 thousand US$)","0113","Rice","2015","2015","1000 USD","1384959","E","Estimated value"
"QV","Value of Agricultural Production","144","Sri Lanka","58","Gross Production Value (constant 2014-2016 thousand US$)","0113","Rice","2016","2016","1000 USD","1270313","E","Estimated value"
"QV","Value of Agricultural Production","144","Sri Lanka","58","Gross Production Value (constant 2014-2016 thousand US$)","0113","Rice","2017","2017","1000 USD","684908","E","Estimated value"
"QV","Value of Agricultural Production","144","Sri Lanka","58","Gross Production Value (constant 2014-2016 thousand US$)","0113","Rice","2018","2018","1000 USD","1129416","E","Estimated value"
"QV","Value of Agricultural Production","144","Sri Lanka","58","Gross Production Value (constant 2014-2016 thousand US$)","0113","Rice","2019","2019","1000 USD","1319737","E","Estimated value"
"QV","Value of Agricultural Production","144","Sri Lanka","58","Gross Production Value (constant 2014-2016 thousand US$)","0113","Rice","2020","2020","1000 USD","1471731","E","Estimated value"
"QV","Value of Agricultural Production","144","Sri Lanka","58","Gross Production Value (constant 2014-2016 thousand US$)","0113","Rice","2021","2021","1000 USD","1479971","E","Estimated value"
"QV","Value of Agricultural Production","144","Sri Lanka","58","Gross Production Value (constant 2014-2016 thousand US$)","0113","Rice","2022","2022","1000 USD","975106","E","Estimated value"
"QV","Value of Agricultural Production","144","Sri Lanka","58","Gross Production Value (constant 2014-2016 thousand US$)","0113","Rice","2023","2023","1000 USD","1297140","E","Estimated value"
"QV","Value of Agricultural Production","144","Sri Lanka","58","Gross Production Value (constant 2014-2016 thousand US$)","0113","Rice","2024","2024","1000 USD","1350315","E","Estimated value"
"QV","Value of Agricultural Production","144","Sri Lanka","58","Gross Production Value (constant 2014-2016 thousand US$)","0141","Soya beans","2014","2014","1000 USD","6591","E","Estimated value"
"QV","Value of Agricultural Production","144","Sri Lanka","58","Gross Production Value (constant 2014-2016 thousand US$)","0141","Soya beans","2015","2015","1000 USD","6566","E","Estimated value"
"QV","Value of Agricultural Production","144","Sri Lanka","58","Gross Production Value (constant 2014-2016 thousand US$)","0141","Soya beans","2016","2016","1000 USD","9542","E","Estimated value"
"QV","Value of Agricultural Production","144","Sri Lanka","58","Gross Production Value (constant 2014-2016 thousand US$)","0141","Soya beans","2017","2017","1000 USD","13942","E","Estimated value"
"QV","Value of Agricultural Production","144","Sri Lanka","58","Gross Production Value (constant 2014-2016 thousand US$)","0141","Soya beans","2018","2018","1000 USD","2427","E","Estimated value"
"QV","Value of Agricultural Production","144","Sri Lanka","58","Gross Production Value (constant 2014-2016 thousand US$)","0141","Soya beans","2019","2019","1000 USD","2133","E","Estimated value"
"QV","Value of Agricultural Production","144","Sri Lanka","58","Gross Production Value (constant 2014-2016 thousand US$)","0141","Soya beans","2020","2020","1000 USD","7648","E","Estimated value"
"QV","Value of Agricultural Production","144","Sri Lanka","58","Gross Production Value (constant 2014-2016 thousand US$)","0141","Soya beans","2021","2021","1000 USD","3683","E","Estimated value"
"QV","Value of Agricultural Production","144","Sri Lanka","58","Gross Production Value (constant 2014-2016 thousand US$)","0141","Soya beans","2022","2022","1000 USD","3729","E","Estimated value"
"QV","Value of Agricultural Production","144","Sri Lanka","58","Gross Production Value (constant 2014-2016 thousand US$)","0141","Soya beans","2023","2023","1000 USD","7552","E","Estimated value"
"QV","Value of Agricultural Production","144","Sri Lanka","58","Gross Production Value (constant 2014-2016 thousand US$)","0141","Soya beans","2024","2024","1000 USD","6015","E","Estimated value"
"QV","Value of Agricultural Production","729","Sudan","58","Gross Production Value (constant 2014-2016 thousand US$)","0111","Wheat","2014","2014","1000 USD","203307","E","Estimated value"
"QV","Value of Agricultural Production","729","Sudan","58","Gross Production Value (constant 2014-2016 thousand US$)","0111","Wheat","2015","2015","1000 USD","334661","E","Estimated value"
"QV","Value of Agricultural Production","729","Sudan","58","Gross Production Value (constant 2014-2016 thousand US$)","0111","Wheat","2016","2016","1000 USD","221789","E","Estimated value"
"QV","Value of Agricultural Production","729","Sudan","58","Gross Production Value (constant 2014-2016 thousand US$)","0111","Wheat","2017","2017","1000 USD","199008","E","Estimated value"
"QV","Value of Agricultural Production","729","Sudan","58","Gross Production Value (constant 2014-2016 thousand US$)","0111","Wheat","2018","2018","1000 USD","301736","E","Estimated value"
"QV","Value of Agricultural Production","729","Sudan","58","Gross Production Value (constant 2014-2016 thousand US$)","0111","Wheat","2019","2019","1000 USD","312052","E","Estimated value"
"QV","Value of Agricultural Production","729","Sudan","58","Gross Production Value (constant 2014-2016 thousand US$)","0111","Wheat","2020","2020","1000 USD","308432","E","Estimated value"
"QV","Value of Agricultural Production","729","Sudan","58","Gross Production Value (constant 2014-2016 thousand US$)","0111","Wheat","2021","2021","1000 USD","290724","E","Estimated value"
"QV","Value of Agricultural Production","729","Sudan","58","Gross Production Value (constant 2014-2016 thousand US$)","0111","Wheat","2022","2022","1000 USD","204712","E","Estimated value"
"QV","Value of Agricultural Production","729","Sudan","58","Gross Production Value (constant 2014-2016 thousand US$)","0111","Wheat","2023","2023","1000 USD","162430","E","Estimated value"
"QV","Value of Agricultural Production","729","Sudan","58","Gross Production Value (constant 2014-2016 thousand US$)","0111","Wheat","2024","2024","1000 USD","210751","E","Estimated value"
"QV","Value of Agricultural Production","740","Suriname","58","Gross Production Value (constant 2014-2016 thousand US$)","0112","Maize (corn)","2014","2014","1000 USD","163","E","Estimated value"
"QV","Value of Agricultural Production","740","Suriname","58","Gross Production Value (constant 2014-2016 thousand US$)","0112","Maize (corn)","2015","2015","1000 USD","153","E","Estimated value"
"QV","Value of Agricultural Production","740","Suriname","58","Gross Production Value (constant 2014-2016 thousand US$)","0112","Maize (corn)","2016","2016","1000 USD","166","E","Estimated value"
"QV","Value of Agricultural Production","740","Suriname","58","Gross Production Value (constant 2014-2016 thousand US$)","0112","Maize (corn)","2017","2017","1000 USD","161","E","Estimated value"
"QV","Value of Agricultural Production","740","Suriname","58","Gross Production Value (constant 2014-2016 thousand US$)","0112","Maize (corn)","2018","2018","1000 USD","159","E","Estimated value"
"QV","Value of Agricultural Production","740","Suriname","58","Gross Production Value (constant 2014-2016 thousand US$)","0112","Maize (corn)","2019","2019","1000 USD","265","E","Estimated value"
"QV","Value of Agricultural Production","740","Suriname","58","Gross Production Value (constant 2014-2016 thousand US$)","0112","Maize (corn)","2020","2020","1000 USD","71","E","Estimated value"
"QV","Value of Agricultural Production","740","Suriname","58","Gross Production Value (constant 2014-2016 thousand US$)","0112","Maize (corn)","2021","2021","1000 USD","50","E","Estimated value"
"QV","Value of Agricultural Production","740","Suriname","58","Gross Production Value (constant 2014-2016 thousand US$)","0112","Maize (corn)","2022","2022","1000 USD","54","E","Estimated value"
"QV","Value of Agricultural Production","740","Suriname","58","Gross Production Value (constant 2014-2016 thousand US$)","0112","Maize (corn)","2023","2023","1000 USD","196","E","Estimated value"
"QV","Value of Agricultural Production","740","Suriname","58","Gross Production Value (constant 2014-2016 thousand US$)","0112","Maize (corn)","2024","2024","1000 USD","208","E","Estimated value"
"QV","Value of Agricultural Production","740","Suriname","58","Gross Production Value (constant 2014-2016 thousand US$)","0113","Rice","2014","2014","1000 USD","46421","E","Estimated value"
"QV","Value of Agricultural Production","740","Suriname","58","Gross Production Value (constant 2014-2016 thousand US$)","0113","Rice","2015","2015","1000 USD","45175","E","Estimated value"
"QV","Value of Agricultural Production","740","Suriname","58","Gross Production Value (constant 2014-2016 thousand US$)","0113","Rice","2016","2016","1000 USD","46796","E","Estimated value"
"QV","Value of Agricultural Production","740","Suriname","58","Gross Production Value (constant 2014-2016 thousand US$)","0113","Rice","2017","2017","1000 USD","48706","E","Estimated value"
"QV","Value of Agricultural Production","740","Suriname","58","Gross Production Value (constant 2014-2016 thousand US$)","0113","Rice","2018","2018","1000 USD","46096","E","Estimated value"
"QV","Value of Agricultural Production","740","Suriname","58","Gross Production Value (constant 2014-2016 thousand US$)","0113","Rice","2019","2019","1000 USD","46154","E","Estimated value"
"QV","Value of Agricultural Production","740","Suriname","58","Gross Production Value (constant 2014-2016 thousand US$)","0113","Rice","2020","2020","1000 USD","42043","E","Estimated value"
"QV","Value of Agricultural Production","740","Suriname","58","Gross Production Value (constant 2014-2016 thousand US$)","0113","Rice","2021","2021","1000 USD","44385","E","Estimated value"
"QV","Value of Agricultural Production","740","Suriname","58","Gross Production Value (constant 2014-2016 thousand US$)","0113","Rice","2022","2022","1000 USD","31004","E","Estimated value"
"QV","Value of Agricultural Production","740","Suriname","58","Gross Production Value (constant 2014-2016 thousand US$)","0113","Rice","2023","2023","1000 USD","38518","E","Estimated value"
"QV","Value of Agricultural Production","740","Suriname","58","Gross Production Value (constant 2014-2016 thousand US$)","0113","Rice","2024","2024","1000 USD","38019","E","Estimated value"
"QV","Value of Agricultural Production","740","Suriname","58","Gross Production Value (constant 2014-2016 thousand US$)","0141","Soya beans","2014","2014","1000 USD","29","E","Estimated value"
"QV","Value of Agricultural Production","740","Suriname","58","Gross Production Value (constant 2014-2016 thousand US$)","0141","Soya beans","2015","2015","1000 USD","29","E","Estimated value"
"QV","Value of Agricultural Production","740","Suriname","58","Gross Production Value (constant 2014-2016 thousand US$)","0141","Soya beans","2016","2016","1000 USD","23","E","Estimated value"
"QV","Value of Agricultural Production","740","Suriname","58","Gross Production Value (constant 2014-2016 thousand US$)","0141","Soya beans","2017","2017","1000 USD","23","E","Estimated value"
"QV","Value of Agricultural Production","740","Suriname","58","Gross Production Value (constant 2014-2016 thousand US$)","0141","Soya beans","2018","2018","1000 USD","23","E","Estimated value"
"QV","Value of Agricultural Production","740","Suriname","58","Gross Production Value (constant 2014-2016 thousand US$)","0141","Soya beans","2019","2019","1000 USD","36","E","Estimated value"
"QV","Value of Agricultural Production","740","Suriname","58","Gross Production Value (constant 2014-2016 thousand US$)","0141","Soya beans","2020","2020","1000 USD","16","E","Estimated value"
"QV","Value of Agricultural Production","740","Suriname","58","Gross Production Value (constant 2014-2016 thousand US$)","0141","Soya beans","2021","2021","1000 USD","16","E","Estimated value"
"QV","Value of Agricultural Production","740","Suriname","58","Gross Production Value (constant 2014-2016 thousand US$)","0141","Soya beans","2022","2022","1000 USD","16","E","Estimated value"
"QV","Value of Agricultural Production","740","Suriname","58","Gross Production Value (constant 2014-2016 thousand US$)","0141","Soya beans","2023","2023","1000 USD","10","E","Estimated value"
"QV","Value of Agricultural Production","740","Suriname","58","Gross Production Value (constant 2014-2016 thousand US$)","0141","Soya beans","2024","2024","1000 USD","8","E","Estimated value"
"QV","Value of Agricultural Production","752","Sweden","58","Gross Production Value (constant 2014-2016 thousand US$)","0111","Wheat","2014","2014","1000 USD","545559","E","Estimated value"
"QV","Value of Agricultural Production","752","Sweden","58","Gross Production Value (constant 2014-2016 thousand US$)","0111","Wheat","2015","2015","1000 USD","583386","E","Estimated value"
"QV","Value of Agricultural Production","752","Sweden","58","Gross Production Value (constant 2014-2016 thousand US$)","0111","Wheat","2016","2016","1000 USD","501032","E","Estimated value"
"QV","Value of Agricultural Production","752","Sweden","58","Gross Production Value (constant 2014-2016 thousand US$)","0111","Wheat","2017","2017","1000 USD","583068","E","Estimated value"
"QV","Value of Agricultural Production","756","Switzerland","58","Gross Production Value (constant 2014-2016 thousand US$)","0112","Maize (corn)","2014","2014","1000 USD","54702","E","Estimated value"
"QV","Value of Agricultural Production","756","Switzerland","58","Gross Production Value (constant 2014-2016 thousand US$)","0112","Maize (corn)","2015","2015","1000 USD","36576","E","Estimated value"
"QV","Value of Agricultural Production","756","Switzerland","58","Gross Production Value (constant 2014-2016 thousand US$)","0112","Maize (corn)","2016","2016","1000 USD","46741","E","Estimated value"
"QV","Value of Agricultural Production","756","Switzerland","58","Gross Production Value (constant 2014-2016 thousand US$)","0112","Maize (corn)","2017","2017","1000 USD","52583","E","Estimated value"
"QV","Value of Agricultural Production","756","Switzerland","58","Gross Production Value (constant 2014-2016 thousand US$)","0112","Maize (corn)","2018","2018","1000 USD","43649","E","Estimated value"
"QV","Value of Agricultural Production","756","Switzerland","58","Gross Production Value (constant 2014-2016 thousand US$)","0112","Maize (corn)","2019","2019","1000 USD","56523","E","Estimated value"
"QV","Value of Agricultural Production","756","Switzerland","58","Gross Production Value (constant 2014-2016 thousand US$)","0112","Maize (corn)","2020","2020","1000 USD","71110","E","Estimated value"
"QV","Value of Agricultural Production","756","Switzerland","58","Gross Production Value (constant 2014-2016 thousand US$)","0112","Maize (corn)","2021","2021","1000 USD","31790","E","Estimated value"
"QV","Value of Agricultural Production","756","Switzerland","58","Gross Production Value (constant 2014-2016 thousand US$)","0112","Maize (corn)","2022","2022","1000 USD","40562","E","Estimated value"
"QV","Value of Agricultural Production","756","Switzerland","58","Gross Production Value (constant 2014-2016 thousand US$)","0112","Maize (corn)","2023","2023","1000 USD","43798","E","Estimated value"
"QV","Value of Agricultural Production","756","Switzerland","58","Gross Production Value (constant 2014-2016 thousand US$)","0112","Maize (corn)","2024","2024","1000 USD","50737","E","Estimated value"
"QV","Value of Agricultural Production","756","Switzerland","58","Gross Production Value (constant 2014-2016 thousand US$)","0141","Soya beans","2014","2014","1000 USD","3686","E","Estimated value"
"QV","Value of Agricultural Production","756","Switzerland","58","Gross Production Value (constant 2014-2016 thousand US$)","0141","Soya beans","2015","2015","1000 USD","3849","E","Estimated value"
"QV","Value of Agricultural Production","756","Switzerland","58","Gross Production Value (constant 2014-2016 thousand US$)","0141","Soya beans","2016","2016","1000 USD","4273","E","Estimated value"
"QV","Value of Agricultural Production","756","Switzerland","58","Gross Production Value (constant 2014-2016 thousand US$)","0141","Soya beans","2017","2017","1000 USD","5357","E","Estimated value"
"QV","Value of Agricultural Production","756","Switzerland","58","Gross Production Value (constant 2014-2016 thousand US$)","0141","Soya beans","2018","2018","1000 USD","3551","E","Estimated value"
"QV","Value of Agricultural Production","756","Switzerland","58","Gross Production Value (constant 2014-2016 thousand US$)","0141","Soya beans","2019","2019","1000 USD","5080","E","Estimated value"
"QV","Value of Agricultural Production","756","Switzerland","58","Gross Production Value (constant 2014-2016 thousand US$)","0141","Soya beans","2020","2020","1000 USD","4982","E","Estimated value"
"QV","Value of Agricultural Production","756","Switzerland","58","Gross Production Value (constant 2014-2016 thousand US$)","0141","Soya beans","2021","2021","1000 USD","5538","E","Estimated value"
"QV","Value of Agricultural Production","756","Switzerland","58","Gross Production Value (constant 2014-2016 thousand US$)","0141","Soya beans","2022","2022","1000 USD","5863","E","Estimated value"
"QV","Value of Agricultural Production","756","Switzerland","58","Gross Production Value (constant 2014-2016 thousand US$)","0141","Soya beans","2023","2023","1000 USD","6598","E","Estimated value"
"QV","Value of Agricultural Production","756","Switzerland","58","Gross Production Value (constant 2014-2016 thousand US$)","0141","Soya beans","2024","2024","1000 USD","7102","E","Estimated value"
"QV","Value of Agricultural Production","756","Switzerland","58","Gross Production Value (constant 2014-2016 thousand US$)","0111","Wheat","2014","2014","1000 USD","266489","E","Estimated value"
"QV","Value of Agricultural Production","756","Switzerland","58","Gross Production Value (constant 2014-2016 thousand US$)","0111","Wheat","2015","2015","1000 USD","255087","E","Estimated value"
"QV","Value of Agricultural Production","756","Switzerland","58","Gross Production Value (constant 2014-2016 thousand US$)","0111","Wheat","2016","2016","1000 USD","187095","E","Estimated value"
"QV","Value of Agricultural Production","756","Switzerland","58","Gross Production Value (constant 2014-2016 thousand US$)","0111","Wheat","2017","2017","1000 USD","256681","E","Estimated value"
"QV","Value of Agricultural Production","756","Switzerland","58","Gross Production Value (constant 2014-2016 thousand US$)","0111","Wheat","2018","2018","1000 USD","247437","E","Estimated value"
"QV","Value of Agricultural Production","756","Switzerland","58","Gross Production Value (constant 2014-2016 thousand US$)","0111","Wheat","2019","2019","1000 USD","240670","E","Estimated value"
"QV","Value of Agricultural Production","756","Switzerland","58","Gross Production Value (constant 2014-2016 thousand US$)","0111","Wheat","2020","2020","1000 USD","255794","E","Estimated value"
"QV","Value of Agricultural Production","756","Switzerland","58","Gross Production Value (constant 2014-2016 thousand US$)","0111","Wheat","2021","2021","1000 USD","222107","E","Estimated value"
"QV","Value of Agricultural Production","756","Switzerland","58","Gross Production Value (constant 2014-2016 thousand US$)","0111","Wheat","2022","2022","1000 USD","235449","E","Estimated value"
"QV","Value of Agricultural Production","756","Switzerland","58","Gross Production Value (constant 2014-2016 thousand US$)","0111","Wheat","2023","2023","1000 USD","216476","E","Estimated value"
"QV","Value of Agricultural Production","756","Switzerland","58","Gross Production Value (constant 2014-2016 thousand US$)","0111","Wheat","2024","2024","1000 USD","150852","E","Estimated value"
"QV","Value of Agricultural Production","762","Tajikistan","58","Gross Production Value (constant 2014-2016 thousand US$)","0112","Maize (corn)","2014","2014","1000 USD","49127","E","Estimated value"
"QV","Value of Agricultural Production","762","Tajikistan","58","Gross Production Value (constant 2014-2016 thousand US$)","0112","Maize (corn)","2015","2015","1000 USD","50727","E","Estimated value"
"QV","Value of Agricultural Production","762","Tajikistan","58","Gross Production Value (constant 2014-2016 thousand US$)","0112","Maize (corn)","2016","2016","1000 USD","52648","E","Estimated value"
"QV","Value of Agricultural Production","762","Tajikistan","58","Gross Production Value (constant 2014-2016 thousand US$)","0112","Maize (corn)","2017","2017","1000 USD","55263","E","Estimated value"
"QV","Value of Agricultural Production","762","Tajikistan","58","Gross Production Value (constant 2014-2016 thousand US$)","0112","Maize (corn)","2018","2018","1000 USD","60046","E","Estimated value"
"QV","Value of Agricultural Production","762","Tajikistan","58","Gross Production Value (constant 2014-2016 thousand US$)","0112","Maize (corn)","2019","2019","1000 USD","58919","E","Estimated value"
"QV","Value of Agricultural Production","762","Tajikistan","58","Gross Production Value (constant 2014-2016 thousand US$)","0112","Maize (corn)","2020","2020","1000 USD","46042","E","Estimated value"
"QV","Value of Agricultural Production","762","Tajikistan","58","Gross Production Value (constant 2014-2016 thousand US$)","0112","Maize (corn)","2021","2021","1000 USD","85963","E","Estimated value"
"QV","Value of Agricultural Production","762","Tajikistan","58","Gross Production Value (constant 2014-2016 thousand US$)","0112","Maize (corn)","2022","2022","1000 USD","55656","E","Estimated value"
"QV","Value of Agricultural Production","762","Tajikistan","58","Gross Production Value (constant 2014-2016 thousand US$)","0112","Maize (corn)","2023","2023","1000 USD","50596","E","Estimated value"
"QV","Value of Agricultural Production","762","Tajikistan","58","Gross Production Value (constant 2014-2016 thousand US$)","0112","Maize (corn)","2024","2024","1000 USD","86013","E","Estimated value"
"QV","Value of Agricultural Production","762","Tajikistan","58","Gross Production Value (constant 2014-2016 thousand US$)","0113","Rice","2014","2014","1000 USD","38276","E","Estimated value"
"QV","Value of Agricultural Production","762","Tajikistan","58","Gross Production Value (constant 2014-2016 thousand US$)","0113","Rice","2015","2015","1000 USD","41089","E","Estimated value"
"QV","Value of Agricultural Production","762","Tajikistan","58","Gross Production Value (constant 2014-2016 thousand US$)","0113","Rice","2016","2016","1000 USD","46197","E","Estimated value"
"QV","Value of Agricultural Production","762","Tajikistan","58","Gross Production Value (constant 2014-2016 thousand US$)","0113","Rice","2017","2017","1000 USD","46814","E","Estimated value"
"QV","Value of Agricultural Production","762","Tajikistan","58","Gross Production Value (constant 2014-2016 thousand US$)","0113","Rice","2018","2018","1000 USD","43310","E","Estimated value"
"QV","Value of Agricultural Production","762","Tajikistan","58","Gross Production Value (constant 2014-2016 thousand US$)","0113","Rice","2019","2019","1000 USD","50969","E","Estimated value"
"QV","Value of Agricultural Production","762","Tajikistan","58","Gross Production Value (constant 2014-2016 thousand US$)","0113","Rice","2020","2020","1000 USD","63878","E","Estimated value"
"QV","Value of Agricultural Production","762","Tajikistan","58","Gross Production Value (constant 2014-2016 thousand US$)","0113","Rice","2021","2021","1000 USD","67853","E","Estimated value"
"QV","Value of Agricultural Production","762","Tajikistan","58","Gross Production Value (constant 2014-2016 thousand US$)","0113","Rice","2022","2022","1000 USD","70318","E","Estimated value"
"QV","Value of Agricultural Production","762","Tajikistan","58","Gross Production Value (constant 2014-2016 thousand US$)","0113","Rice","2023","2023","1000 USD","77503","E","Estimated value"
"QV","Value of Agricultural Production","762","Tajikistan","58","Gross Production Value (constant 2014-2016 thousand US$)","0113","Rice","2024","2024","1000 USD","78315","E","Estimated value"
"QV","Value of Agricultural Production","762","Tajikistan","58","Gross Production Value (constant 2014-2016 thousand US$)","0141","Soya beans","2014","2014","1000 USD","9","E","Estimated value"
"QV","Value of Agricultural Production","762","Tajikistan","58","Gross Production Value (constant 2014-2016 thousand US$)","0141","Soya beans","2015","2015","1000 USD","10","E","Estimated value"
"QV","Value of Agricultural Production","762","Tajikistan","58","Gross Production Value (constant 2014-2016 thousand US$)","0141","Soya beans","2016","2016","1000 USD","9","E","Estimated value"
"QV","Value of Agricultural Production","762","Tajikistan","58","Gross Production Value (constant 2014-2016 thousand US$)","0141","Soya beans","2017","2017","1000 USD","9","E","Estimated value"
"QV","Value of Agricultural Production","762","Tajikistan","58","Gross Production Value (constant 2014-2016 thousand US$)","0141","Soya beans","2018","2018","1000 USD","9","E","Estimated value"
"QV","Value of Agricultural Production","762","Tajikistan","58","Gross Production Value (constant 2014-2016 thousand US$)","0141","Soya beans","2019","2019","1000 USD","9","E","Estimated value"
"QV","Value of Agricultural Production","762","Tajikistan","58","Gross Production Value (constant 2014-2016 thousand US$)","0141","Soya beans","2020","2020","1000 USD","9","E","Estimated value"
"QV","Value of Agricultural Production","762","Tajikistan","58","Gross Production Value (constant 2014-2016 thousand US$)","0141","Soya beans","2021","2021","1000 USD","9","E","Estimated value"
"QV","Value of Agricultural Production","762","Tajikistan","58","Gross Production Value (constant 2014-2016 thousand US$)","0141","Soya beans","2022","2022","1000 USD","9","E","Estimated value"
"QV","Value of Agricultural Production","762","Tajikistan","58","Gross Production Value (constant 2014-2016 thousand US$)","0141","Soya beans","2023","2023","1000 USD","9","E","Estimated value"
"QV","Value of Agricultural Production","762","Tajikistan","58","Gross Production Value (constant 2014-2016 thousand US$)","0141","Soya beans","2024","2024","1000 USD","9","E","Estimated value"
"QV","Value of Agricultural Production","762","Tajikistan","58","Gross Production Value (constant 2014-2016 thousand US$)","0111","Wheat","2014","2014","1000 USD","210418","E","Estimated value"
"QV","Value of Agricultural Production","762","Tajikistan","58","Gross Production Value (constant 2014-2016 thousand US$)","0111","Wheat","2015","2015","1000 USD","217202","E","Estimated value"
"QV","Value of Agricultural Production","762","Tajikistan","58","Gross Production Value (constant 2014-2016 thousand US$)","0111","Wheat","2016","2016","1000 USD","222222","E","Estimated value"
"QV","Value of Agricultural Production","762","Tajikistan","58","Gross Production Value (constant 2014-2016 thousand US$)","0111","Wheat","2017","2017","1000 USD","217999","E","Estimated value"
"QV","Value of Agricultural Production","762","Tajikistan","58","Gross Production Value (constant 2014-2016 thousand US$)","0111","Wheat","2018","2018","1000 USD","188760","E","Estimated value"
"QV","Value of Agricultural Production","762","Tajikistan","58","Gross Production Value (constant 2014-2016 thousand US$)","0111","Wheat","2019","2019","1000 USD","202789","E","Estimated value"
"QV","Value of Agricultural Production","762","Tajikistan","58","Gross Production Value (constant 2014-2016 thousand US$)","0111","Wheat","2020","2020","1000 USD","204998","E","Estimated value"
"QV","Value of Agricultural Production","762","Tajikistan","58","Gross Production Value (constant 2014-2016 thousand US$)","0111","Wheat","2021","2021","1000 USD","206452","E","Estimated value"
"QV","Value of Agricultural Production","762","Tajikistan","58","Gross Production Value (constant 2014-2016 thousand US$)","0111","Wheat","2022","2022","1000 USD","226388","E","Estimated value"
"QV","Value of Agricultural Production","762","Tajikistan","58","Gross Production Value (constant 2014-2016 thousand US$)","0111","Wheat","2023","2023","1000 USD","208509","E","Estimated value"
"QV","Value of Agricultural Production","762","Tajikistan","58","Gross Production Value (constant 2014-2016 thousand US$)","0111","Wheat","2024","2024","1000 USD","213415","E","Estimated value"
"QV","Value of Agricultural Production","764","Thailand","58","Gross Production Value (constant 2014-2016 thousand US$)","0112","Maize (corn)","2014","2014","1000 USD","1033205","E","Estimated value"
"QV","Value of Agricultural Production","764","Thailand","58","Gross Production Value (constant 2014-2016 thousand US$)","0112","Maize (corn)","2015","2015","1000 USD","1017046","E","Estimated value"
"QV","Value of Agricultural Production","764","Thailand","58","Gross Production Value (constant 2014-2016 thousand US$)","0112","Maize (corn)","2016","2016","1000 USD","944073","E","Estimated value"
"QV","Value of Agricultural Production","764","Thailand","58","Gross Production Value (constant 2014-2016 thousand US$)","0112","Maize (corn)","2017","2017","1000 USD","1036708","E","Estimated value"
"QV","Value of Agricultural Production","764","Thailand","58","Gross Production Value (constant 2014-2016 thousand US$)","0112","Maize (corn)","2018","2018","1000 USD","1090078","E","Estimated value"
"QV","Value of Agricultural Production","764","Thailand","58","Gross Production Value (constant 2014-2016 thousand US$)","0112","Maize (corn)","2019","2019","1000 USD","975227","E","Estimated value"
"QV","Value of Agricultural Production","764","Thailand","58","Gross Production Value (constant 2014-2016 thousand US$)","0112","Maize (corn)","2020","2020","1000 USD","1073103","E","Estimated value"
"QV","Value of Agricultural Production","764","Thailand","58","Gross Production Value (constant 2014-2016 thousand US$)","0112","Maize (corn)","2021","2021","1000 USD","1042489","E","Estimated value"
"QV","Value of Agricultural Production","764","Thailand","58","Gross Production Value (constant 2014-2016 thousand US$)","0112","Maize (corn)","2022","2022","1000 USD","1010816","E","Estimated value"
"QV","Value of Agricultural Production","764","Thailand","58","Gross Production Value (constant 2014-2016 thousand US$)","0112","Maize (corn)","2023","2023","1000 USD","992204","E","Estimated value"
"QV","Value of Agricultural Production","764","Thailand","58","Gross Production Value (constant 2014-2016 thousand US$)","0112","Maize (corn)","2024","2024","1000 USD","980202","E","Estimated value"
"QV","Value of Agricultural Production","764","Thailand","58","Gross Production Value (constant 2014-2016 thousand US$)","0113","Rice","2014","2014","1000 USD","8795727","E","Estimated value"
"QV","Value of Agricultural Production","764","Thailand","58","Gross Production Value (constant 2014-2016 thousand US$)","0113","Rice","2015","2015","1000 USD","7258027","E","Estimated value"
"QV","Value of Agricultural Production","764","Thailand","58","Gross Production Value (constant 2014-2016 thousand US$)","0113","Rice","2016","2016","1000 USD","6936907","E","Estimated value"
"QV","Value of Agricultural Production","764","Thailand","58","Gross Production Value (constant 2014-2016 thousand US$)","0113","Rice","2017","2017","1000 USD","7722176","E","Estimated value"
"QV","Value of Agricultural Production","764","Thailand","58","Gross Production Value (constant 2014-2016 thousand US$)","0113","Rice","2018","2018","1000 USD","8110577","E","Estimated value"
"QV","Value of Agricultural Production","764","Thailand","58","Gross Production Value (constant 2014-2016 thousand US$)","0113","Rice","2019","2019","1000 USD","7643678","E","Estimated value"
"QV","Value of Agricultural Production","764","Thailand","58","Gross Production Value (constant 2014-2016 thousand US$)","0113","Rice","2020","2020","1000 USD","7580827","E","Estimated value"
"QV","Value of Agricultural Production","764","Thailand","58","Gross Production Value (constant 2014-2016 thousand US$)","0113","Rice","2021","2021","1000 USD","7859667","E","Estimated value"
"QV","Value of Agricultural Production","764","Thailand","58","Gross Production Value (constant 2014-2016 thousand US$)","0113","Rice","2022","2022","1000 USD","8047099","E","Estimated value"
"QV","Value of Agricultural Production","764","Thailand","58","Gross Production Value (constant 2014-2016 thousand US$)","0113","Rice","2023","2023","1000 USD","8284146","E","Estimated value"
"QV","Value of Agricultural Production","764","Thailand","58","Gross Production Value (constant 2014-2016 thousand US$)","0113","Rice","2024","2024","1000 USD","8210671","E","Estimated value"
"QV","Value of Agricultural Production","764","Thailand","58","Gross Production Value (constant 2014-2016 thousand US$)","0141","Soya beans","2014","2014","1000 USD","26557","E","Estimated value"
"QV","Value of Agricultural Production","764","Thailand","58","Gross Production Value (constant 2014-2016 thousand US$)","0141","Soya beans","2015","2015","1000 USD","25950","E","Estimated value"
"QV","Value of Agricultural Production","764","Thailand","58","Gross Production Value (constant 2014-2016 thousand US$)","0141","Soya beans","2016","2016","1000 USD","17204","E","Estimated value"
"QV","Value of Agricultural Production","764","Thailand","58","Gross Production Value (constant 2014-2016 thousand US$)","0141","Soya beans","2017","2017","1000 USD","19511","E","Estimated value"
"QV","Value of Agricultural Production","764","Thailand","58","Gross Production Value (constant 2014-2016 thousand US$)","0141","Soya beans","2018","2018","1000 USD","18753","E","Estimated value"
"QV","Value of Agricultural Production","764","Thailand","58","Gross Production Value (constant 2014-2016 thousand US$)","0141","Soya beans","2019","2019","1000 USD","11973","E","Estimated value"
"QV","Value of Agricultural Production","764","Thailand","58","Gross Production Value (constant 2014-2016 thousand US$)","0141","Soya beans","2020","2020","1000 USD","10387","E","Estimated value"
"QV","Value of Agricultural Production","764","Thailand","58","Gross Production Value (constant 2014-2016 thousand US$)","0141","Soya beans","2021","2021","1000 USD","9673","E","Estimated value"
"QV","Value of Agricultural Production","764","Thailand","58","Gross Production Value (constant 2014-2016 thousand US$)","0141","Soya beans","2022","2022","1000 USD","9430","E","Estimated value"
"QV","Value of Agricultural Production","764","Thailand","58","Gross Production Value (constant 2014-2016 thousand US$)","0141","Soya beans","2023","2023","1000 USD","7698","E","Estimated value"
"QV","Value of Agricultural Production","764","Thailand","58","Gross Production Value (constant 2014-2016 thousand US$)","0141","Soya beans","2024","2024","1000 USD","7447","E","Estimated value"
"QV","Value of Agricultural Production","764","Thailand","58","Gross Production Value (constant 2014-2016 thousand US$)","0111","Wheat","2014","2014","1000 USD","306","E","Estimated value"
"QV","Value of Agricultural Production","764","Thailand","58","Gross Production Value (constant 2014-2016 thousand US$)","0111","Wheat","2015","2015","1000 USD","295","E","Estimated value"
"QV","Value of Agricultural Production","764","Thailand","58","Gross Production Value (constant 2014-2016 thousand US$)","0111","Wheat","2016","2016","1000 USD","304","E","Estimated value"
"QV","Value of Agricultural Production","764","Thailand","58","Gross Production Value (constant 2014-2016 thousand US$)","0111","Wheat","2017","2017","1000 USD","315","E","Estimated value"
"QV","Value of Agricultural Production","764","Thailand","58","Gross Production Value (constant 2014-2016 thousand US$)","0111","Wheat","2018","2018","1000 USD","304","E","Estimated value"
"QV","Value of Agricultural Production","764","Thailand","58","Gross Production Value (constant 2014-2016 thousand US$)","0111","Wheat","2019","2019","1000 USD","308","E","Estimated value"
"QV","Value of Agricultural Production","764","Thailand","58","Gross Production Value (constant 2014-2016 thousand US$)","0111","Wheat","2020","2020","1000 USD","309","E","Estimated value"
"QV","Value of Agricultural Production","764","Thailand","58","Gross Production Value (constant 2014-2016 thousand US$)","0111","Wheat","2021","2021","1000 USD","307","E","Estimated value"
"QV","Value of Agricultural Production","764","Thailand","58","Gross Production Value (constant 2014-2016 thousand US$)","0111","Wheat","2022","2022","1000 USD","308","E","Estimated value"
"QV","Value of Agricultural Production","764","Thailand","58","Gross Production Value (constant 2014-2016 thousand US$)","0111","Wheat","2023","2023","1000 USD","308","E","Estimated value"
"QV","Value of Agricultural Production","764","Thailand","58","Gross Production Value (constant 2014-2016 thousand US$)","0111","Wheat","2024","2024","1000 USD","307","E","Estimated value"
"QV","Value of Agricultural Production","626","Timor-Leste","58","Gross Production Value (constant 2014-2016 thousand US$)","0112","Maize (corn)","2014","2014","1000 USD","149511","E","Estimated value"
"QV","Value of Agricultural Production","626","Timor-Leste","58","Gross Production Value (constant 2014-2016 thousand US$)","0112","Maize (corn)","2015","2015","1000 USD","207709","E","Estimated value"
"QV","Value of Agricultural Production","626","Timor-Leste","58","Gross Production Value (constant 2014-2016 thousand US$)","0112","Maize (corn)","2016","2016","1000 USD","140891","E","Estimated value"
"QV","Value of Agricultural Production","626","Timor-Leste","58","Gross Production Value (constant 2014-2016 thousand US$)","0112","Maize (corn)","2017","2017","1000 USD","109427","E","Estimated value"
"QV","Value of Agricultural Production","626","Timor-Leste","58","Gross Production Value (constant 2014-2016 thousand US$)","0112","Maize (corn)","2018","2018","1000 USD","125788","E","Estimated value"
"QV","Value of Agricultural Production","626","Timor-Leste","58","Gross Production Value (constant 2014-2016 thousand US$)","0112","Maize (corn)","2019","2019","1000 USD","110434","E","Estimated value"
"QV","Value of Agricultural Production","626","Timor-Leste","58","Gross Production Value (constant 2014-2016 thousand US$)","0112","Maize (corn)","2020","2020","1000 USD","113229","E","Estimated value"
"QV","Value of Agricultural Production","626","Timor-Leste","58","Gross Production Value (constant 2014-2016 thousand US$)","0112","Maize (corn)","2021","2021","1000 USD","81790","E","Estimated value"
"QV","Value of Agricultural Production","626","Timor-Leste","58","Gross Production Value (constant 2014-2016 thousand US$)","0112","Maize (corn)","2022","2022","1000 USD","126936","E","Estimated value"
"QV","Value of Agricultural Production","626","Timor-Leste","58","Gross Production Value (constant 2014-2016 thousand US$)","0112","Maize (corn)","2023","2023","1000 USD","124018","E","Estimated value"
"QV","Value of Agricultural Production","626","Timor-Leste","58","Gross Production Value (constant 2014-2016 thousand US$)","0112","Maize (corn)","2024","2024","1000 USD","102132","E","Estimated value"
"QV","Value of Agricultural Production","626","Timor-Leste","58","Gross Production Value (constant 2014-2016 thousand US$)","0113","Rice","2014","2014","1000 USD","118123","E","Estimated value"
"QV","Value of Agricultural Production","626","Timor-Leste","58","Gross Production Value (constant 2014-2016 thousand US$)","0113","Rice","2015","2015","1000 USD","95139","E","Estimated value"
"QV","Value of Agricultural Production","626","Timor-Leste","58","Gross Production Value (constant 2014-2016 thousand US$)","0113","Rice","2016","2016","1000 USD","79792","E","Estimated value"
"QV","Value of Agricultural Production","626","Timor-Leste","58","Gross Production Value (constant 2014-2016 thousand US$)","0113","Rice","2017","2017","1000 USD","82604","E","Estimated value"
"QV","Value of Agricultural Production","626","Timor-Leste","58","Gross Production Value (constant 2014-2016 thousand US$)","0113","Rice","2018","2018","1000 USD","75802","E","Estimated value"
"QV","Value of Agricultural Production","626","Timor-Leste","58","Gross Production Value (constant 2014-2016 thousand US$)","0113","Rice","2019","2019","1000 USD","63597","E","Estimated value"
"QV","Value of Agricultural Production","626","Timor-Leste","58","Gross Production Value (constant 2014-2016 thousand US$)","0113","Rice","2020","2020","1000 USD","66470","E","Estimated value"
"QV","Value of Agricultural Production","626","Timor-Leste","58","Gross Production Value (constant 2014-2016 thousand US$)","0113","Rice","2021","2021","1000 USD","60449","E","Estimated value"
"QV","Value of Agricultural Production","626","Timor-Leste","58","Gross Production Value (constant 2014-2016 thousand US$)","0113","Rice","2022","2022","1000 USD","113703","E","Estimated value"
"QV","Value of Agricultural Production","626","Timor-Leste","58","Gross Production Value (constant 2014-2016 thousand US$)","0113","Rice","2023","2023","1000 USD","110378","E","Estimated value"
"QV","Value of Agricultural Production","626","Timor-Leste","58","Gross Production Value (constant 2014-2016 thousand US$)","0113","Rice","2024","2024","1000 USD","82451","E","Estimated value"
"QV","Value of Agricultural Production","626","Timor-Leste","58","Gross Production Value (constant 2014-2016 thousand US$)","0141","Soya beans","2014","2014","1000 USD","2409","E","Estimated value"
"QV","Value of Agricultural Production","626","Timor-Leste","58","Gross Production Value (constant 2014-2016 thousand US$)","0141","Soya beans","2015","2015","1000 USD","2424","E","Estimated value"
"QV","Value of Agricultural Production","626","Timor-Leste","58","Gross Production Value (constant 2014-2016 thousand US$)","0141","Soya beans","2016","2016","1000 USD","2369","E","Estimated value"
"QV","Value of Agricultural Production","626","Timor-Leste","58","Gross Production Value (constant 2014-2016 thousand US$)","0141","Soya beans","2017","2017","1000 USD","2199","E","Estimated value"
"QV","Value of Agricultural Production","626","Timor-Leste","58","Gross Production Value (constant 2014-2016 thousand US$)","0141","Soya beans","2018","2018","1000 USD","2171","E","Estimated value"
"QV","Value of Agricultural Production","626","Timor-Leste","58","Gross Production Value (constant 2014-2016 thousand US$)","0141","Soya beans","2019","2019","1000 USD","2137","E","Estimated value"
"QV","Value of Agricultural Production","626","Timor-Leste","58","Gross Production Value (constant 2014-2016 thousand US$)","0141","Soya beans","2020","2020","1000 USD","2058","E","Estimated value"
"QV","Value of Agricultural Production","626","Timor-Leste","58","Gross Production Value (constant 2014-2016 thousand US$)","0141","Soya beans","2021","2021","1000 USD","885","E","Estimated value"
"QV","Value of Agricultural Production","626","Timor-Leste","58","Gross Production Value (constant 2014-2016 thousand US$)","0141","Soya beans","2022","2022","1000 USD","1898","E","Estimated value"
"QV","Value of Agricultural Production","626","Timor-Leste","58","Gross Production Value (constant 2014-2016 thousand US$)","0141","Soya beans","2023","2023","1000 USD","2085","E","Estimated value"
"QV","Value of Agricultural Production","626","Timor-Leste","58","Gross Production Value (constant 2014-2016 thousand US$)","0141","Soya beans","2024","2024","1000 USD","2105","E","Estimated value"
"QV","Value of Agricultural Production","768","Togo","58","Gross Production Value (constant 2014-2016 thousand US$)","0112","Maize (corn)","2014","2014","1000 USD","226639","E","Estimated value"
"QV","Value of Agricultural Production","768","Togo","58","Gross Production Value (constant 2014-2016 thousand US$)","0112","Maize (corn)","2015","2015","1000 USD","216196","E","Estimated value"
"QV","Value of Agricultural Production","768","Togo","58","Gross Production Value (constant 2014-2016 thousand US$)","0112","Maize (corn)","2016","2016","1000 USD","224966","E","Estimated value"
"QV","Value of Agricultural Production","768","Togo","58","Gross Production Value (constant 2014-2016 thousand US$)","0112","Maize (corn)","2017","2017","1000 USD","232528","E","Estimated value"
"QV","Value of Agricultural Production","768","Togo","58","Gross Production Value (constant 2014-2016 thousand US$)","0112","Maize (corn)","2018","2018","1000 USD","241218","E","Estimated value"
"QV","Value of Agricultural Production","768","Togo","58","Gross Production Value (constant 2014-2016 thousand US$)","0112","Maize (corn)","2019","2019","1000 USD","248143","E","Estimated value"
"QV","Value of Agricultural Production","768","Togo","58","Gross Production Value (constant 2014-2016 thousand US$)","0112","Maize (corn)","2020","2020","1000 USD","240782","E","Estimated value"
"QV","Value of Agricultural Production","768","Togo","58","Gross Production Value (constant 2014-2016 thousand US$)","0112","Maize (corn)","2021","2021","1000 USD","252750","E","Estimated value"
"QV","Value of Agricultural Production","768","Togo","58","Gross Production Value (constant 2014-2016 thousand US$)","0112","Maize (corn)","2022","2022","1000 USD","260375","E","Estimated value"
"QV","Value of Agricultural Production","768","Togo","58","Gross Production Value (constant 2014-2016 thousand US$)","0112","Maize (corn)","2023","2023","1000 USD","275598","E","Estimated value"
"QV","Value of Agricultural Production","768","Togo","58","Gross Production Value (constant 2014-2016 thousand US$)","0112","Maize (corn)","2024","2024","1000 USD","274782","E","Estimated value"
"QV","Value of Agricultural Production","768","Togo","58","Gross Production Value (constant 2014-2016 thousand US$)","0113","Rice","2014","2014","1000 USD","58218","E","Estimated value"
"QV","Value of Agricultural Production","768","Togo","58","Gross Production Value (constant 2014-2016 thousand US$)","0113","Rice","2015","2015","1000 USD","55472","E","Estimated value"
"QV","Value of Agricultural Production","768","Togo","58","Gross Production Value (constant 2014-2016 thousand US$)","0113","Rice","2016","2016","1000 USD","53958","E","Estimated value"
"QV","Value of Agricultural Production","768","Togo","58","Gross Production Value (constant 2014-2016 thousand US$)","0113","Rice","2017","2017","1000 USD","55301","E","Estimated value"
"QV","Value of Agricultural Production","768","Togo","58","Gross Production Value (constant 2014-2016 thousand US$)","0113","Rice","2018","2018","1000 USD","57257","E","Estimated value"
"QV","Value of Agricultural Production","768","Togo","58","Gross Production Value (constant 2014-2016 thousand US$)","0113","Rice","2019","2019","1000 USD","57873","E","Estimated value"
"QV","Value of Agricultural Production","768","Togo","58","Gross Production Value (constant 2014-2016 thousand US$)","0113","Rice","2020","2020","1000 USD","62910","E","Estimated value"
"QV","Value of Agricultural Production","768","Togo","58","Gross Production Value (constant 2014-2016 thousand US$)","0113","Rice","2021","2021","1000 USD","65149","E","Estimated value"
"QV","Value of Agricultural Production","768","Togo","58","Gross Production Value (constant 2014-2016 thousand US$)","0113","Rice","2022","2022","1000 USD","66749","E","Estimated value"
"QV","Value of Agricultural Production","768","Togo","58","Gross Production Value (constant 2014-2016 thousand US$)","0113","Rice","2023","2023","1000 USD","72059","E","Estimated value"
"QV","Value of Agricultural Production","768","Togo","58","Gross Production Value (constant 2014-2016 thousand US$)","0113","Rice","2024","2024","1000 USD","70918","E","Estimated value"
"QV","Value of Agricultural Production","768","Togo","58","Gross Production Value (constant 2014-2016 thousand US$)","0141","Soya beans","2014","2014","1000 USD","6868","E","Estimated value"
"QV","Value of Agricultural Production","768","Togo","58","Gross Production Value (constant 2014-2016 thousand US$)","0141","Soya beans","2015","2015","1000 USD","9239","E","Estimated value"
"QV","Value of Agricultural Production","768","Togo","58","Gross Production Value (constant 2014-2016 thousand US$)","0141","Soya beans","2016","2016","1000 USD","15183","E","Estimated value"
"QV","Value of Agricultural Production","768","Togo","58","Gross Production Value (constant 2014-2016 thousand US$)","0141","Soya beans","2017","2017","1000 USD","22302","E","Estimated value"
"QV","Value of Agricultural Production","768","Togo","58","Gross Production Value (constant 2014-2016 thousand US$)","0141","Soya beans","2018","2018","1000 USD","34137","E","Estimated value"
"QV","Value of Agricultural Production","768","Togo","58","Gross Production Value (constant 2014-2016 thousand US$)","0141","Soya beans","2019","2019","1000 USD","45474","E","Estimated value"
"QV","Value of Agricultural Production","768","Togo","58","Gross Production Value (constant 2014-2016 thousand US$)","0141","Soya beans","2020","2020","1000 USD","57113","E","Estimated value"
"QV","Value of Agricultural Production","768","Togo","58","Gross Production Value (constant 2014-2016 thousand US$)","0141","Soya beans","2021","2021","1000 USD","76721","E","Estimated value"
"QV","Value of Agricultural Production","768","Togo","58","Gross Production Value (constant 2014-2016 thousand US$)","0141","Soya beans","2022","2022","1000 USD","87381","E","Estimated value"
"QV","Value of Agricultural Production","768","Togo","58","Gross Production Value (constant 2014-2016 thousand US$)","0141","Soya beans","2023","2023","1000 USD","96084","E","Estimated value"
"QV","Value of Agricultural Production","768","Togo","58","Gross Production Value (constant 2014-2016 thousand US$)","0141","Soya beans","2024","2024","1000 USD","105080","E","Estimated value"
"QV","Value of Agricultural Production","780","Trinidad and Tobago","58","Gross Production Value (constant 2014-2016 thousand US$)","0113","Rice","2014","2014","1000 USD","1318","E","Estimated value"
"QV","Value of Agricultural Production","780","Trinidad and Tobago","58","Gross Production Value (constant 2014-2016 thousand US$)","0113","Rice","2015","2015","1000 USD","860","E","Estimated value"
"QV","Value of Agricultural Production","780","Trinidad and Tobago","58","Gross Production Value (constant 2014-2016 thousand US$)","0113","Rice","2016","2016","1000 USD","825","E","Estimated value"
"QV","Value of Agricultural Production","780","Trinidad and Tobago","58","Gross Production Value (constant 2014-2016 thousand US$)","0113","Rice","2017","2017","1000 USD","733","E","Estimated value"
"QV","Value of Agricultural Production","780","Trinidad and Tobago","58","Gross Production Value (constant 2014-2016 thousand US$)","0113","Rice","2018","2018","1000 USD","265","E","Estimated value"
"QV","Value of Agricultural Production","780","Trinidad and Tobago","58","Gross Production Value (constant 2014-2016 thousand US$)","0113","Rice","2019","2019","1000 USD","260","E","Estimated value"
"QV","Value of Agricultural Production","780","Trinidad and Tobago","58","Gross Production Value (constant 2014-2016 thousand US$)","0113","Rice","2020","2020","1000 USD","332","E","Estimated value"
"QV","Value of Agricultural Production","780","Trinidad and Tobago","58","Gross Production Value (constant 2014-2016 thousand US$)","0113","Rice","2021","2021","1000 USD","159","E","Estimated value"
"QV","Value of Agricultural Production","780","Trinidad and Tobago","58","Gross Production Value (constant 2014-2016 thousand US$)","0113","Rice","2022","2022","1000 USD","57","E","Estimated value"
"QV","Value of Agricultural Production","780","Trinidad and Tobago","58","Gross Production Value (constant 2014-2016 thousand US$)","0113","Rice","2023","2023","1000 USD","148","E","Estimated value"
"QV","Value of Agricultural Production","780","Trinidad and Tobago","58","Gross Production Value (constant 2014-2016 thousand US$)","0113","Rice","2024","2024","1000 USD","355","E","Estimated value"
"QV","Value of Agricultural Production","788","Tunisia","58","Gross Production Value (constant 2014-2016 thousand US$)","0111","Wheat","2014","2014","1000 USD","469083","E","Estimated value"
"QV","Value of Agricultural Production","788","Tunisia","58","Gross Production Value (constant 2014-2016 thousand US$)","0111","Wheat","2015","2015","1000 USD","282928","E","Estimated value"
"QV","Value of Agricultural Production","788","Tunisia","58","Gross Production Value (constant 2014-2016 thousand US$)","0111","Wheat","2016","2016","1000 USD","287276","E","Estimated value"
"QV","Value of Agricultural Production","788","Tunisia","58","Gross Production Value (constant 2014-2016 thousand US$)","0111","Wheat","2017","2017","1000 USD","342371","E","Estimated value"
"QV","Value of Agricultural Production","788","Tunisia","58","Gross Production Value (constant 2014-2016 thousand US$)","0111","Wheat","2018","2018","1000 USD","333411","E","Estimated value"
"QV","Value of Agricultural Production","788","Tunisia","58","Gross Production Value (constant 2014-2016 thousand US$)","0111","Wheat","2019","2019","1000 USD","451101","E","Estimated value"
"QV","Value of Agricultural Production","788","Tunisia","58","Gross Production Value (constant 2014-2016 thousand US$)","0111","Wheat","2020","2020","1000 USD","323056","E","Estimated value"
"QV","Value of Agricultural Production","788","Tunisia","58","Gross Production Value (constant 2014-2016 thousand US$)","0111","Wheat","2021","2021","1000 USD","369871","E","Estimated value"
"QV","Value of Agricultural Production","788","Tunisia","58","Gross Production Value (constant 2014-2016 thousand US$)","0111","Wheat","2022","2022","1000 USD","351889","E","Estimated value"
"QV","Value of Agricultural Production","788","Tunisia","58","Gross Production Value (constant 2014-2016 thousand US$)","0111","Wheat","2023","2023","1000 USD","145716","E","Estimated value"
"QV","Value of Agricultural Production","788","Tunisia","58","Gross Production Value (constant 2014-2016 thousand US$)","0111","Wheat","2024","2024","1000 USD","356540","E","Estimated value"
"QV","Value of Agricultural Production","792","Türkiye","58","Gross Production Value (constant 2014-2016 thousand US$)","0112","Maize (corn)","2014","2014","1000 USD","1479266","E","Estimated value"
"QV","Value of Agricultural Production","792","Türkiye","58","Gross Production Value (constant 2014-2016 thousand US$)","0112","Maize (corn)","2015","2015","1000 USD","1591143","E","Estimated value"
"QV","Value of Agricultural Production","792","Türkiye","58","Gross Production Value (constant 2014-2016 thousand US$)","0112","Maize (corn)","2016","2016","1000 USD","1591143","E","Estimated value"
"QV","Value of Agricultural Production","792","Türkiye","58","Gross Production Value (constant 2014-2016 thousand US$)","0112","Maize (corn)","2017","2017","1000 USD","1466835","E","Estimated value"
"QV","Value of Agricultural Production","792","Türkiye","58","Gross Production Value (constant 2014-2016 thousand US$)","0112","Maize (corn)","2018","2018","1000 USD","1417112","E","Estimated value"
"QV","Value of Agricultural Production","792","Türkiye","58","Gross Production Value (constant 2014-2016 thousand US$)","0112","Maize (corn)","2019","2019","1000 USD","1491697","E","Estimated value"
"QV","Value of Agricultural Production","792","Türkiye","58","Gross Production Value (constant 2014-2016 thousand US$)","0112","Maize (corn)","2020","2020","1000 USD","1616005","E","Estimated value"
"QV","Value of Agricultural Production","792","Türkiye","58","Gross Production Value (constant 2014-2016 thousand US$)","0112","Maize (corn)","2021","2021","1000 USD","1678159","E","Estimated value"
"QV","Value of Agricultural Production","792","Türkiye","58","Gross Production Value (constant 2014-2016 thousand US$)","0112","Maize (corn)","2022","2022","1000 USD","2113237","E","Estimated value"
"QV","Value of Agricultural Production","792","Türkiye","58","Gross Production Value (constant 2014-2016 thousand US$)","0112","Maize (corn)","2023","2023","1000 USD","2237545","E","Estimated value"
"QV","Value of Agricultural Production","792","Türkiye","58","Gross Production Value (constant 2014-2016 thousand US$)","0112","Maize (corn)","2024","2024","1000 USD","2013791","E","Estimated value"
"QV","Value of Agricultural Production","792","Türkiye","58","Gross Production Value (constant 2014-2016 thousand US$)","0113","Rice","2014","2014","1000 USD","541651","E","Estimated value"
"QV","Value of Agricultural Production","792","Türkiye","58","Gross Production Value (constant 2014-2016 thousand US$)","0113","Rice","2015","2015","1000 USD","600384","E","Estimated value"
"QV","Value of Agricultural Production","792","Türkiye","58","Gross Production Value (constant 2014-2016 thousand US$)","0113","Rice","2016","2016","1000 USD","600384","E","Estimated value"
"QV","Value of Agricultural Production","792","Türkiye","58","Gross Production Value (constant 2014-2016 thousand US$)","0113","Rice","2017","2017","1000 USD","587332","E","Estimated value"
"QV","Value of Agricultural Production","792","Türkiye","58","Gross Production Value (constant 2014-2016 thousand US$)","0113","Rice","2018","2018","1000 USD","613436","E","Estimated value"
"QV","Value of Agricultural Production","792","Türkiye","58","Gross Production Value (constant 2014-2016 thousand US$)","0113","Rice","2019","2019","1000 USD","652591","E","Estimated value"
"QV","Value of Agricultural Production","792","Türkiye","58","Gross Production Value (constant 2014-2016 thousand US$)","0113","Rice","2020","2020","1000 USD","639540","E","Estimated value"
"QV","Value of Agricultural Production","792","Türkiye","58","Gross Production Value (constant 2014-2016 thousand US$)","0113","Rice","2021","2021","1000 USD","652591","E","Estimated value"
"QV","Value of Agricultural Production","792","Türkiye","58","Gross Production Value (constant 2014-2016 thousand US$)","0113","Rice","2022","2022","1000 USD","619962","E","Estimated value"
"QV","Value of Agricultural Production","792","Türkiye","58","Gross Production Value (constant 2014-2016 thousand US$)","0113","Rice","2023","2023","1000 USD","587332","E","Estimated value"
"QV","Value of Agricultural Production","792","Türkiye","58","Gross Production Value (constant 2014-2016 thousand US$)","0113","Rice","2024","2024","1000 USD","664991","E","Estimated value"
"QV","Value of Agricultural Production","792","Türkiye","58","Gross Production Value (constant 2014-2016 thousand US$)","0141","Soya beans","2014","2014","1000 USD","65098","E","Estimated value"
"QV","Value of Agricultural Production","792","Türkiye","58","Gross Production Value (constant 2014-2016 thousand US$)","0141","Soya beans","2015","2015","1000 USD","69872","E","Estimated value"
"QV","Value of Agricultural Production","792","Türkiye","58","Gross Production Value (constant 2014-2016 thousand US$)","0141","Soya beans","2016","2016","1000 USD","71608","E","Estimated value"
"QV","Value of Agricultural Production","792","Türkiye","58","Gross Production Value (constant 2014-2016 thousand US$)","0141","Soya beans","2017","2017","1000 USD","60758","E","Estimated value"
"QV","Value of Agricultural Production","792","Türkiye","58","Gross Production Value (constant 2014-2016 thousand US$)","0141","Soya beans","2018","2018","1000 USD","60758","E","Estimated value"
"QV","Value of Agricultural Production","792","Türkiye","58","Gross Production Value (constant 2014-2016 thousand US$)","0141","Soya beans","2019","2019","1000 USD","65098","E","Estimated value"
"QV","Value of Agricultural Production","792","Türkiye","58","Gross Production Value (constant 2014-2016 thousand US$)","0141","Soya beans","2020","2020","1000 USD","67365","E","Estimated value"
"QV","Value of Agricultural Production","792","Türkiye","58","Gross Production Value (constant 2014-2016 thousand US$)","0141","Soya beans","2021","2021","1000 USD","78985","E","Estimated value"
"QV","Value of Agricultural Production","792","Türkiye","58","Gross Production Value (constant 2014-2016 thousand US$)","0141","Soya beans","2022","2022","1000 USD","67268","E","Estimated value"
"QV","Value of Agricultural Production","792","Türkiye","58","Gross Production Value (constant 2014-2016 thousand US$)","0141","Soya beans","2023","2023","1000 USD","59673","E","Estimated value"
"QV","Value of Agricultural Production","792","Türkiye","58","Gross Production Value (constant 2014-2016 thousand US$)","0141","Soya beans","2024","2024","1000 USD","78117","E","Estimated value"
"QV","Value of Agricultural Production","792","Türkiye","58","Gross Production Value (constant 2014-2016 thousand US$)","0111","Wheat","2014","2014","1000 USD","5628835","E","Estimated value"
"QV","Value of Agricultural Production","792","Türkiye","58","Gross Production Value (constant 2014-2016 thousand US$)","0111","Wheat","2015","2015","1000 USD","6695351","E","Estimated value"
"QV","Value of Agricultural Production","792","Türkiye","58","Gross Production Value (constant 2014-2016 thousand US$)","0111","Wheat","2016","2016","1000 USD","6102842","E","Estimated value"
"QV","Value of Agricultural Production","792","Türkiye","58","Gross Production Value (constant 2014-2016 thousand US$)","0111","Wheat","2017","2017","1000 USD","6369471","E","Estimated value"
"QV","Value of Agricultural Production","792","Türkiye","58","Gross Production Value (constant 2014-2016 thousand US$)","0111","Wheat","2018","2018","1000 USD","5925090","E","Estimated value"
"QV","Value of Agricultural Production","792","Türkiye","58","Gross Production Value (constant 2014-2016 thousand US$)","0111","Wheat","2019","2019","1000 USD","5628835","E","Estimated value"
"QV","Value of Agricultural Production","792","Türkiye","58","Gross Production Value (constant 2014-2016 thousand US$)","0111","Wheat","2020","2020","1000 USD","6073217","E","Estimated value"
"QV","Value of Agricultural Production","792","Türkiye","58","Gross Production Value (constant 2014-2016 thousand US$)","0111","Wheat","2021","2021","1000 USD","5228892","E","Estimated value"
"QV","Value of Agricultural Production","792","Türkiye","58","Gross Production Value (constant 2014-2016 thousand US$)","0111","Wheat","2022","2022","1000 USD","5851026","E","Estimated value"
"QV","Value of Agricultural Production","792","Türkiye","58","Gross Production Value (constant 2014-2016 thousand US$)","0111","Wheat","2023","2023","1000 USD","6517599","E","Estimated value"
"QV","Value of Agricultural Production","792","Türkiye","58","Gross Production Value (constant 2014-2016 thousand US$)","0111","Wheat","2024","2024","1000 USD","6162093","E","Estimated value"
"QV","Value of Agricultural Production","795","Turkmenistan","58","Gross Production Value (constant 2014-2016 thousand US$)","0112","Maize (corn)","2014","2014","1000 USD","32781","E","Estimated value"
"QV","Value of Agricultural Production","795","Turkmenistan","58","Gross Production Value (constant 2014-2016 thousand US$)","0112","Maize (corn)","2015","2015","1000 USD","33437","E","Estimated value"
"QV","Value of Agricultural Production","795","Turkmenistan","58","Gross Production Value (constant 2014-2016 thousand US$)","0112","Maize (corn)","2016","2016","1000 USD","6748","E","Estimated value"
"QV","Value of Agricultural Production","795","Turkmenistan","58","Gross Production Value (constant 2014-2016 thousand US$)","0112","Maize (corn)","2017","2017","1000 USD","7321","E","Estimated value"
"QV","Value of Agricultural Production","795","Turkmenistan","58","Gross Production Value (constant 2014-2016 thousand US$)","0112","Maize (corn)","2018","2018","1000 USD","6409","E","Estimated value"
"QV","Value of Agricultural Production","795","Turkmenistan","58","Gross Production Value (constant 2014-2016 thousand US$)","0112","Maize (corn)","2019","2019","1000 USD","8802","E","Estimated value"
"QV","Value of Agricultural Production","795","Turkmenistan","58","Gross Production Value (constant 2014-2016 thousand US$)","0112","Maize (corn)","2020","2020","1000 USD","9380","E","Estimated value"
"QV","Value of Agricultural Production","795","Turkmenistan","58","Gross Production Value (constant 2014-2016 thousand US$)","0112","Maize (corn)","2021","2021","1000 USD","7626","E","Estimated value"
"QV","Value of Agricultural Production","795","Turkmenistan","58","Gross Production Value (constant 2014-2016 thousand US$)","0112","Maize (corn)","2022","2022","1000 USD","7624","E","Estimated value"
"QV","Value of Agricultural Production","795","Turkmenistan","58","Gross Production Value (constant 2014-2016 thousand US$)","0112","Maize (corn)","2023","2023","1000 USD","2880","E","Estimated value"
"QV","Value of Agricultural Production","795","Turkmenistan","58","Gross Production Value (constant 2014-2016 thousand US$)","0112","Maize (corn)","2024","2024","1000 USD","4419","E","Estimated value"
"QV","Value of Agricultural Production","795","Turkmenistan","58","Gross Production Value (constant 2014-2016 thousand US$)","0113","Rice","2014","2014","1000 USD","63335","E","Estimated value"
"QV","Value of Agricultural Production","795","Turkmenistan","58","Gross Production Value (constant 2014-2016 thousand US$)","0113","Rice","2015","2015","1000 USD","67448","E","Estimated value"
"QV","Value of Agricultural Production","795","Turkmenistan","58","Gross Production Value (constant 2014-2016 thousand US$)","0113","Rice","2016","2016","1000 USD","69331","E","Estimated value"
"QV","Value of Agricultural Production","795","Turkmenistan","58","Gross Production Value (constant 2014-2016 thousand US$)","0113","Rice","2017","2017","1000 USD","65510","E","Estimated value"
"QV","Value of Agricultural Production","795","Turkmenistan","58","Gross Production Value (constant 2014-2016 thousand US$)","0113","Rice","2018","2018","1000 USD","65670","E","Estimated value"
"QV","Value of Agricultural Production","795","Turkmenistan","58","Gross Production Value (constant 2014-2016 thousand US$)","0113","Rice","2019","2019","1000 USD","69973","E","Estimated value"
"QV","Value of Agricultural Production","795","Turkmenistan","58","Gross Production Value (constant 2014-2016 thousand US$)","0113","Rice","2020","2020","1000 USD","70931","E","Estimated value"
"QV","Value of Agricultural Production","795","Turkmenistan","58","Gross Production Value (constant 2014-2016 thousand US$)","0113","Rice","2021","2021","1000 USD","70914","E","Estimated value"
"QV","Value of Agricultural Production","795","Turkmenistan","58","Gross Production Value (constant 2014-2016 thousand US$)","0113","Rice","2022","2022","1000 USD","70973","E","Estimated value"
"QV","Value of Agricultural Production","795","Turkmenistan","58","Gross Production Value (constant 2014-2016 thousand US$)","0113","Rice","2023","2023","1000 USD","71246","E","Estimated value"
"QV","Value of Agricultural Production","795","Turkmenistan","58","Gross Production Value (constant 2014-2016 thousand US$)","0113","Rice","2024","2024","1000 USD","70356","E","Estimated value"
"QV","Value of Agricultural Production","795","Turkmenistan","58","Gross Production Value (constant 2014-2016 thousand US$)","0111","Wheat","2014","2014","1000 USD","408227","E","Estimated value"
"QV","Value of Agricultural Production","795","Turkmenistan","58","Gross Production Value (constant 2014-2016 thousand US$)","0111","Wheat","2015","2015","1000 USD","478306","E","Estimated value"
"QV","Value of Agricultural Production","795","Turkmenistan","58","Gross Production Value (constant 2014-2016 thousand US$)","0111","Wheat","2016","2016","1000 USD","545882","E","Estimated value"
"QV","Value of Agricultural Production","795","Turkmenistan","58","Gross Production Value (constant 2014-2016 thousand US$)","0111","Wheat","2017","2017","1000 USD","540173","E","Estimated value"
"QV","Value of Agricultural Production","795","Turkmenistan","58","Gross Production Value (constant 2014-2016 thousand US$)","0111","Wheat","2018","2018","1000 USD","369634","E","Estimated value"
"QV","Value of Agricultural Production","795","Turkmenistan","58","Gross Production Value (constant 2014-2016 thousand US$)","0111","Wheat","2019","2019","1000 USD","562682","E","Estimated value"
"QV","Value of Agricultural Production","795","Turkmenistan","58","Gross Production Value (constant 2014-2016 thousand US$)","0111","Wheat","2020","2020","1000 USD","503730","E","Estimated value"
"QV","Value of Agricultural Production","795","Turkmenistan","58","Gross Production Value (constant 2014-2016 thousand US$)","0111","Wheat","2021","2021","1000 USD","442246","E","Estimated value"
"QV","Value of Agricultural Production","795","Turkmenistan","58","Gross Production Value (constant 2014-2016 thousand US$)","0111","Wheat","2022","2022","1000 USD","425237","E","Estimated value"
"QV","Value of Agricultural Production","795","Turkmenistan","58","Gross Production Value (constant 2014-2016 thousand US$)","0111","Wheat","2023","2023","1000 USD","374208","E","Estimated value"
"QV","Value of Agricultural Production","795","Turkmenistan","58","Gross Production Value (constant 2014-2016 thousand US$)","0111","Wheat","2024","2024","1000 USD","452452","E","Estimated value"
"QV","Value of Agricultural Production","804","Ukraine","58","Gross Production Value (constant 2014-2016 thousand US$)","0112","Maize (corn)","2014","2014","1000 USD","4006954","E","Estimated value"
"QV","Value of Agricultural Production","804","Ukraine","58","Gross Production Value (constant 2014-2016 thousand US$)","0112","Maize (corn)","2015","2015","1000 USD","3280104","E","Estimated value"
"QV","Value of Agricultural Production","804","Ukraine","58","Gross Production Value (constant 2014-2016 thousand US$)","0112","Maize (corn)","2016","2016","1000 USD","3947588","E","Estimated value"
"QV","Value of Agricultural Production","804","Ukraine","58","Gross Production Value (constant 2014-2016 thousand US$)","0112","Maize (corn)","2017","2017","1000 USD","3468688","E","Estimated value"
"QV","Value of Agricultural Production","804","Ukraine","58","Gross Production Value (constant 2014-2016 thousand US$)","0112","Maize (corn)","2018","2018","1000 USD","5034007","E","Estimated value"
"QV","Value of Agricultural Production","804","Ukraine","58","Gross Production Value (constant 2014-2016 thousand US$)","0112","Maize (corn)","2019","2019","1000 USD","5045115","E","Estimated value"
"QV","Value of Agricultural Production","804","Ukraine","58","Gross Production Value (constant 2014-2016 thousand US$)","0112","Maize (corn)","2020","2020","1000 USD","4259143","E","Estimated value"
"QV","Value of Agricultural Production","804","Ukraine","58","Gross Production Value (constant 2014-2016 thousand US$)","0112","Maize (corn)","2021","2021","1000 USD","5921091","E","Estimated value"
"QV","Value of Agricultural Production","804","Ukraine","58","Gross Production Value (constant 2014-2016 thousand US$)","0112","Maize (corn)","2022","2022","1000 USD","3682160","E","Estimated value"
"QV","Value of Agricultural Production","804","Ukraine","58","Gross Production Value (constant 2014-2016 thousand US$)","0112","Maize (corn)","2023","2023","1000 USD","4363209","E","Estimated value"
"QV","Value of Agricultural Production","804","Ukraine","58","Gross Production Value (constant 2014-2016 thousand US$)","0112","Maize (corn)","2024","2024","1000 USD","3777327","E","Estimated value"
"QV","Value of Agricultural Production","804","Ukraine","58","Gross Production Value (constant 2014-2016 thousand US$)","0113","Rice","2014","2014","1000 USD","16535","E","Estimated value"
"QV","Value of Agricultural Production","804","Ukraine","58","Gross Production Value (constant 2014-2016 thousand US$)","0113","Rice","2015","2015","1000 USD","20315","E","Estimated value"
"QV","Value of Agricultural Production","804","Ukraine","58","Gross Production Value (constant 2014-2016 thousand US$)","0113","Rice","2016","2016","1000 USD","21026","E","Estimated value"
"QV","Value of Agricultural Production","804","Ukraine","58","Gross Production Value (constant 2014-2016 thousand US$)","0113","Rice","2017","2017","1000 USD","20779","E","Estimated value"
"QV","Value of Agricultural Production","804","Ukraine","58","Gross Production Value (constant 2014-2016 thousand US$)","0113","Rice","2018","2018","1000 USD","22492","E","Estimated value"
"QV","Value of Agricultural Production","804","Ukraine","58","Gross Production Value (constant 2014-2016 thousand US$)","0113","Rice","2019","2019","1000 USD","17734","E","Estimated value"
"QV","Value of Agricultural Production","804","Ukraine","58","Gross Production Value (constant 2014-2016 thousand US$)","0113","Rice","2020","2020","1000 USD","19720","E","Estimated value"
"QV","Value of Agricultural Production","804","Ukraine","58","Gross Production Value (constant 2014-2016 thousand US$)","0113","Rice","2021","2021","1000 USD","16080","E","Estimated value"
"QV","Value of Agricultural Production","804","Ukraine","58","Gross Production Value (constant 2014-2016 thousand US$)","0113","Rice","2022","2022","1000 USD","1004","E","Estimated value"
"QV","Value of Agricultural Production","804","Ukraine","58","Gross Production Value (constant 2014-2016 thousand US$)","0113","Rice","2023","2023","1000 USD","3601","E","Estimated value"
"QV","Value of Agricultural Production","804","Ukraine","58","Gross Production Value (constant 2014-2016 thousand US$)","0113","Rice","2024","2024","1000 USD","4875","E","Estimated value"
"QV","Value of Agricultural Production","804","Ukraine","58","Gross Production Value (constant 2014-2016 thousand US$)","0141","Soya beans","2014","2014","1000 USD","1398308","E","Estimated value"
"QV","Value of Agricultural Production","804","Ukraine","58","Gross Production Value (constant 2014-2016 thousand US$)","0141","Soya beans","2015","2015","1000 USD","1415840","E","Estimated value"
"QV","Value of Agricultural Production","804","Ukraine","58","Gross Production Value (constant 2014-2016 thousand US$)","0141","Soya beans","2016","2016","1000 USD","1540613","E","Estimated value"
"QV","Value of Agricultural Production","804","Ukraine","58","Gross Production Value (constant 2014-2016 thousand US$)","0141","Soya beans","2017","2017","1000 USD","1404590","E","Estimated value"
"QV","Value of Agricultural Production","804","Ukraine","58","Gross Production Value (constant 2014-2016 thousand US$)","0141","Soya beans","2018","2018","1000 USD","1606812","E","Estimated value"
"QV","Value of Agricultural Production","804","Ukraine","58","Gross Production Value (constant 2014-2016 thousand US$)","0141","Soya beans","2019","2019","1000 USD","1332311","E","Estimated value"
"QV","Value of Agricultural Production","804","Ukraine","58","Gross Production Value (constant 2014-2016 thousand US$)","0141","Soya beans","2020","2020","1000 USD","1007747","E","Estimated value"
"QV","Value of Agricultural Production","804","Ukraine","58","Gross Production Value (constant 2014-2016 thousand US$)","0141","Soya beans","2021","2021","1000 USD","1258284","E","Estimated value"
"QV","Value of Agricultural Production","804","Ukraine","58","Gross Production Value (constant 2014-2016 thousand US$)","0141","Soya beans","2022","2022","1000 USD","1240490","E","Estimated value"
"QV","Value of Agricultural Production","804","Ukraine","58","Gross Production Value (constant 2014-2016 thousand US$)","0141","Soya beans","2023","2023","1000 USD","1708312","E","Estimated value"
"QV","Value of Agricultural Production","804","Ukraine","58","Gross Production Value (constant 2014-2016 thousand US$)","0141","Soya beans","2024","2024","1000 USD","2390055","E","Estimated value"
"QV","Value of Agricultural Production","804","Ukraine","58","Gross Production Value (constant 2014-2016 thousand US$)","0111","Wheat","2014","2014","1000 USD","3328370","E","Estimated value"
"QV","Value of Agricultural Production","804","Ukraine","58","Gross Production Value (constant 2014-2016 thousand US$)","0111","Wheat","2015","2015","1000 USD","3662137","E","Estimated value"
"QV","Value of Agricultural Production","804","Ukraine","58","Gross Production Value (constant 2014-2016 thousand US$)","0111","Wheat","2016","2016","1000 USD","3602334","E","Estimated value"
"QV","Value of Agricultural Production","804","Ukraine","58","Gross Production Value (constant 2014-2016 thousand US$)","0111","Wheat","2017","2017","1000 USD","3617537","E","Estimated value"
"QV","Value of Agricultural Production","804","Ukraine","58","Gross Production Value (constant 2014-2016 thousand US$)","0111","Wheat","2018","2018","1000 USD","3402749","E","Estimated value"
"QV","Value of Agricultural Production","804","Ukraine","58","Gross Production Value (constant 2014-2016 thousand US$)","0111","Wheat","2019","2019","1000 USD","3915854","E","Estimated value"
"QV","Value of Agricultural Production","804","Ukraine","58","Gross Production Value (constant 2014-2016 thousand US$)","0111","Wheat","2020","2020","1000 USD","3438568","E","Estimated value"
"QV","Value of Agricultural Production","804","Ukraine","58","Gross Production Value (constant 2014-2016 thousand US$)","0111","Wheat","2021","2021","1000 USD","4442153","E","Estimated value"
"QV","Value of Agricultural Production","804","Ukraine","58","Gross Production Value (constant 2014-2016 thousand US$)","0111","Wheat","2022","2022","1000 USD","2861187","E","Estimated value"
"QV","Value of Agricultural Production","804","Ukraine","58","Gross Production Value (constant 2014-2016 thousand US$)","0111","Wheat","2023","2023","1000 USD","2984850","E","Estimated value"
"QV","Value of Agricultural Production","804","Ukraine","58","Gross Production Value (constant 2014-2016 thousand US$)","0111","Wheat","2024","2024","1000 USD","3097471","E","Estimated value"
"QV","Value of Agricultural Production","826","United Kingdom of Great Britain and Northern Ireland","58","Gross Production Value (constant 2014-2016 thousand US$)","0111","Wheat","2014","2014","1000 USD","3366374","E","Estimated value"
"QV","Value of Agricultural Production","826","United Kingdom of Great Britain and Northern Ireland","58","Gross Production Value (constant 2014-2016 thousand US$)","0111","Wheat","2015","2015","1000 USD","3333532","E","Estimated value"
"QV","Value of Agricultural Production","826","United Kingdom of Great Britain and Northern Ireland","58","Gross Production Value (constant 2014-2016 thousand US$)","0111","Wheat","2016","2016","1000 USD","2915726","E","Estimated value"
"QV","Value of Agricultural Production","826","United Kingdom of Great Britain and Northern Ireland","58","Gross Production Value (constant 2014-2016 thousand US$)","0111","Wheat","2017","2017","1000 USD","3007760","E","Estimated value"
"QV","Value of Agricultural Production","826","United Kingdom of Great Britain and Northern Ireland","58","Gross Production Value (constant 2014-2016 thousand US$)","0111","Wheat","2018","2018","1000 USD","2747873","E","Estimated value"
"QV","Value of Agricultural Production","826","United Kingdom of Great Britain and Northern Ireland","58","Gross Production Value (constant 2014-2016 thousand US$)","0111","Wheat","2019","2019","1000 USD","3289136","E","Estimated value"
"QV","Value of Agricultural Production","826","United Kingdom of Great Britain and Northern Ireland","58","Gross Production Value (constant 2014-2016 thousand US$)","0111","Wheat","2020","2020","1000 USD","1957872","E","Estimated value"
"QV","Value of Agricultural Production","826","United Kingdom of Great Britain and Northern Ireland","58","Gross Production Value (constant 2014-2016 thousand US$)","0111","Wheat","2021","2021","1000 USD","2835651","E","Estimated value"
"QV","Value of Agricultural Production","826","United Kingdom of Great Britain and Northern Ireland","58","Gross Production Value (constant 2014-2016 thousand US$)","0111","Wheat","2022","2022","1000 USD","3150273","E","Estimated value"
"QV","Value of Agricultural Production","826","United Kingdom of Great Britain and Northern Ireland","58","Gross Production Value (constant 2014-2016 thousand US$)","0111","Wheat","2023","2023","1000 USD","2834029","E","Estimated value"
"QV","Value of Agricultural Production","826","United Kingdom of Great Britain and Northern Ireland","58","Gross Production Value (constant 2014-2016 thousand US$)","0111","Wheat","2024","2024","1000 USD","2259520","E","Estimated value"
"QV","Value of Agricultural Production","834","United Republic of Tanzania","58","Gross Production Value (constant 2014-2016 thousand US$)","0112","Maize (corn)","2014","2014","1000 USD","1286239","E","Estimated value"
"QV","Value of Agricultural Production","834","United Republic of Tanzania","58","Gross Production Value (constant 2014-2016 thousand US$)","0112","Maize (corn)","2015","2015","1000 USD","1126934","E","Estimated value"
"QV","Value of Agricultural Production","834","United Republic of Tanzania","58","Gross Production Value (constant 2014-2016 thousand US$)","0112","Maize (corn)","2016","2016","1000 USD","1173942","E","Estimated value"
"QV","Value of Agricultural Production","834","United Republic of Tanzania","58","Gross Production Value (constant 2014-2016 thousand US$)","0112","Maize (corn)","2017","2017","1000 USD","1275464","E","Estimated value"
"QV","Value of Agricultural Production","834","United Republic of Tanzania","58","Gross Production Value (constant 2014-2016 thousand US$)","0112","Maize (corn)","2018","2018","1000 USD","1197645","E","Estimated value"
"QV","Value of Agricultural Production","834","United Republic of Tanzania","58","Gross Production Value (constant 2014-2016 thousand US$)","0112","Maize (corn)","2019","2019","1000 USD","1079058","E","Estimated value"
"QV","Value of Agricultural Production","834","United Republic of Tanzania","58","Gross Production Value (constant 2014-2016 thousand US$)","0112","Maize (corn)","2020","2020","1000 USD","1281237","E","Estimated value"
"QV","Value of Agricultural Production","834","United Republic of Tanzania","58","Gross Production Value (constant 2014-2016 thousand US$)","0112","Maize (corn)","2021","2021","1000 USD","1343858","E","Estimated value"
"QV","Value of Agricultural Production","834","United Republic of Tanzania","58","Gross Production Value (constant 2014-2016 thousand US$)","0112","Maize (corn)","2022","2022","1000 USD","1248018","E","Estimated value"
"QV","Value of Agricultural Production","834","United Republic of Tanzania","58","Gross Production Value (constant 2014-2016 thousand US$)","0112","Maize (corn)","2023","2023","1000 USD","1529418","E","Estimated value"
"QV","Value of Agricultural Production","834","United Republic of Tanzania","58","Gross Production Value (constant 2014-2016 thousand US$)","0112","Maize (corn)","2024","2024","1000 USD","1925197","E","Estimated value"
"QV","Value of Agricultural Production","834","United Republic of Tanzania","58","Gross Production Value (constant 2014-2016 thousand US$)","0113","Rice","2014","2014","1000 USD","910458","E","Estimated value"
"QV","Value of Agricultural Production","834","United Republic of Tanzania","58","Gross Production Value (constant 2014-2016 thousand US$)","0113","Rice","2015","2015","1000 USD","1035129","E","Estimated value"
"QV","Value of Agricultural Production","834","United Republic of Tanzania","58","Gross Production Value (constant 2014-2016 thousand US$)","0113","Rice","2016","2016","1000 USD","1191134","E","Estimated value"
"QV","Value of Agricultural Production","834","United Republic of Tanzania","58","Gross Production Value (constant 2014-2016 thousand US$)","0113","Rice","2017","2017","1000 USD","851651","E","Estimated value"
"QV","Value of Agricultural Production","834","United Republic of Tanzania","58","Gross Production Value (constant 2014-2016 thousand US$)","0113","Rice","2018","2018","1000 USD","1186206","E","Estimated value"
"QV","Value of Agricultural Production","834","United Republic of Tanzania","58","Gross Production Value (constant 2014-2016 thousand US$)","0113","Rice","2019","2019","1000 USD","1207031","E","Estimated value"
"QV","Value of Agricultural Production","834","United Republic of Tanzania","58","Gross Production Value (constant 2014-2016 thousand US$)","0113","Rice","2020","2020","1000 USD","1572720","E","Estimated value"
"QV","Value of Agricultural Production","834","United Republic of Tanzania","58","Gross Production Value (constant 2014-2016 thousand US$)","0113","Rice","2021","2021","1000 USD","1405253","E","Estimated value"
"QV","Value of Agricultural Production","834","United Republic of Tanzania","58","Gross Production Value (constant 2014-2016 thousand US$)","0113","Rice","2022","2022","1000 USD","1436516","E","Estimated value"
"QV","Value of Agricultural Production","834","United Republic of Tanzania","58","Gross Production Value (constant 2014-2016 thousand US$)","0113","Rice","2023","2023","1000 USD","1246365","E","Estimated value"
"QV","Value of Agricultural Production","834","United Republic of Tanzania","58","Gross Production Value (constant 2014-2016 thousand US$)","0113","Rice","2024","2024","1000 USD","1407594","E","Estimated value"
"QV","Value of Agricultural Production","834","United Republic of Tanzania","58","Gross Production Value (constant 2014-2016 thousand US$)","0141","Soya beans","2014","2014","1000 USD","4029","E","Estimated value"
"QV","Value of Agricultural Production","834","United Republic of Tanzania","58","Gross Production Value (constant 2014-2016 thousand US$)","0141","Soya beans","2015","2015","1000 USD","4032","E","Estimated value"
"QV","Value of Agricultural Production","834","United Republic of Tanzania","58","Gross Production Value (constant 2014-2016 thousand US$)","0141","Soya beans","2016","2016","1000 USD","4488","E","Estimated value"
"QV","Value of Agricultural Production","834","United Republic of Tanzania","58","Gross Production Value (constant 2014-2016 thousand US$)","0141","Soya beans","2017","2017","1000 USD","4103","E","Estimated value"
"QV","Value of Agricultural Production","834","United Republic of Tanzania","58","Gross Production Value (constant 2014-2016 thousand US$)","0141","Soya beans","2018","2018","1000 USD","14258","E","Estimated value"
"QV","Value of Agricultural Production","834","United Republic of Tanzania","58","Gross Production Value (constant 2014-2016 thousand US$)","0141","Soya beans","2019","2019","1000 USD","15349","E","Estimated value"
"QV","Value of Agricultural Production","834","United Republic of Tanzania","58","Gross Production Value (constant 2014-2016 thousand US$)","0141","Soya beans","2020","2020","1000 USD","30093","E","Estimated value"
"QV","Value of Agricultural Production","834","United Republic of Tanzania","58","Gross Production Value (constant 2014-2016 thousand US$)","0141","Soya beans","2021","2021","1000 USD","50155","E","Estimated value"
"QV","Value of Agricultural Production","834","United Republic of Tanzania","58","Gross Production Value (constant 2014-2016 thousand US$)","0141","Soya beans","2022","2022","1000 USD","40124","E","Estimated value"
"QV","Value of Agricultural Production","834","United Republic of Tanzania","58","Gross Production Value (constant 2014-2016 thousand US$)","0141","Soya beans","2023","2023","1000 USD","25980","E","Estimated value"
"QV","Value of Agricultural Production","834","United Republic of Tanzania","58","Gross Production Value (constant 2014-2016 thousand US$)","0141","Soya beans","2024","2024","1000 USD","28580","E","Estimated value"
"QV","Value of Agricultural Production","834","United Republic of Tanzania","58","Gross Production Value (constant 2014-2016 thousand US$)","0111","Wheat","2014","2014","1000 USD","70022","E","Estimated value"
"QV","Value of Agricultural Production","834","United Republic of Tanzania","58","Gross Production Value (constant 2014-2016 thousand US$)","0111","Wheat","2015","2015","1000 USD","30392","E","Estimated value"
"QV","Value of Agricultural Production","834","United Republic of Tanzania","58","Gross Production Value (constant 2014-2016 thousand US$)","0111","Wheat","2016","2016","1000 USD","31866","E","Estimated value"
"QV","Value of Agricultural Production","834","United Republic of Tanzania","58","Gross Production Value (constant 2014-2016 thousand US$)","0111","Wheat","2017","2017","1000 USD","21160","E","Estimated value"
"QV","Value of Agricultural Production","834","United Republic of Tanzania","58","Gross Production Value (constant 2014-2016 thousand US$)","0111","Wheat","2018","2018","1000 USD","23753","E","Estimated value"
"QV","Value of Agricultural Production","834","United Republic of Tanzania","58","Gross Production Value (constant 2014-2016 thousand US$)","0111","Wheat","2019","2019","1000 USD","26578","E","Estimated value"
"QV","Value of Agricultural Production","834","United Republic of Tanzania","58","Gross Production Value (constant 2014-2016 thousand US$)","0111","Wheat","2020","2020","1000 USD","32401","E","Estimated value"
"QV","Value of Agricultural Production","834","United Republic of Tanzania","58","Gross Production Value (constant 2014-2016 thousand US$)","0111","Wheat","2021","2021","1000 USD","29351","E","Estimated value"
"QV","Value of Agricultural Production","834","United Republic of Tanzania","58","Gross Production Value (constant 2014-2016 thousand US$)","0111","Wheat","2022","2022","1000 USD","27673","E","Estimated value"
"QV","Value of Agricultural Production","834","United Republic of Tanzania","58","Gross Production Value (constant 2014-2016 thousand US$)","0111","Wheat","2023","2023","1000 USD","36278","E","Estimated value"
"QV","Value of Agricultural Production","834","United Republic of Tanzania","58","Gross Production Value (constant 2014-2016 thousand US$)","0111","Wheat","2024","2024","1000 USD","49896","E","Estimated value"
"QV","Value of Agricultural Production","840","United States of America","58","Gross Production Value (constant 2014-2016 thousand US$)","0112","Maize (corn)","2014","2014","1000 USD","50552760","E","Estimated value"
"QV","Value of Agricultural Production","840","United States of America","58","Gross Production Value (constant 2014-2016 thousand US$)","0112","Maize (corn)","2015","2015","1000 USD","48368088","E","Estimated value"
"QV","Value of Agricultural Production","840","United States of America","58","Gross Production Value (constant 2014-2016 thousand US$)","0112","Maize (corn)","2016","2016","1000 USD","57716705","E","Estimated value"
"QV","Value of Agricultural Production","840","United States of America","58","Gross Production Value (constant 2014-2016 thousand US$)","0112","Maize (corn)","2017","2017","1000 USD","51953444","E","Estimated value"
"QV","Value of Agricultural Production","840","United States of America","58","Gross Production Value (constant 2014-2016 thousand US$)","0112","Maize (corn)","2018","2018","1000 USD","50996701","E","Estimated value"
"QV","Value of Agricultural Production","840","United States of America","58","Gross Production Value (constant 2014-2016 thousand US$)","0112","Maize (corn)","2019","2019","1000 USD","48434695","E","Estimated value"
"QV","Value of Agricultural Production","840","United States of America","58","Gross Production Value (constant 2014-2016 thousand US$)","0112","Maize (corn)","2020","2020","1000 USD","50182623","E","Estimated value"
"QV","Value of Agricultural Production","840","United States of America","58","Gross Production Value (constant 2014-2016 thousand US$)","0112","Maize (corn)","2021","2021","1000 USD","53405713","E","Estimated value"
"QV","Value of Agricultural Production","840","United States of America","58","Gross Production Value (constant 2014-2016 thousand US$)","0112","Maize (corn)","2022","2022","1000 USD","48543524","E","Estimated value"
"QV","Value of Agricultural Production","840","United States of America","58","Gross Production Value (constant 2014-2016 thousand US$)","0112","Maize (corn)","2023","2023","1000 USD","54557224","E","Estimated value"
"QV","Value of Agricultural Production","840","United States of America","58","Gross Production Value (constant 2014-2016 thousand US$)","0112","Maize (corn)","2024","2024","1000 USD","52868577","E","Estimated value"
"QV","Value of Agricultural Production","840","United States of America","58","Gross Production Value (constant 2014-2016 thousand US$)","0113","Rice","2014","2014","1000 USD","2664348","E","Estimated value"
"QV","Value of Agricultural Production","840","United States of America","58","Gross Production Value (constant 2014-2016 thousand US$)","0113","Rice","2015","2015","1000 USD","2306184","E","Estimated value"
"QV","Value of Agricultural Production","840","United States of America","58","Gross Production Value (constant 2014-2016 thousand US$)","0113","Rice","2016","2016","1000 USD","2687490","E","Estimated value"
"QV","Value of Agricultural Production","840","United States of America","58","Gross Production Value (constant 2014-2016 thousand US$)","0113","Rice","2017","2017","1000 USD","2136947","E","Estimated value"
"QV","Value of Agricultural Production","840","United States of America","58","Gross Production Value (constant 2014-2016 thousand US$)","0113","Rice","2018","2018","1000 USD","2683747","E","Estimated value"
"QV","Value of Agricultural Production","840","United States of America","58","Gross Production Value (constant 2014-2016 thousand US$)","0113","Rice","2019","2019","1000 USD","2219390","E","Estimated value"
"QV","Value of Agricultural Production","840","United States of America","58","Gross Production Value (constant 2014-2016 thousand US$)","0113","Rice","2020","2020","1000 USD","2727883","E","Estimated value"
"QV","Value of Agricultural Production","840","United States of America","58","Gross Production Value (constant 2014-2016 thousand US$)","0113","Rice","2021","2021","1000 USD","2290705","E","Estimated value"
"QV","Value of Agricultural Production","840","United States of America","58","Gross Production Value (constant 2014-2016 thousand US$)","0113","Rice","2022","2022","1000 USD","1918886","E","Estimated value"
"QV","Value of Agricultural Production","840","United States of America","58","Gross Production Value (constant 2014-2016 thousand US$)","0113","Rice","2023","2023","1000 USD","2617299","E","Estimated value"
"QV","Value of Agricultural Production","840","United States of America","58","Gross Production Value (constant 2014-2016 thousand US$)","0113","Rice","2024","2024","1000 USD","2663365","E","Estimated value"
"QV","Value of Agricultural Production","840","United States of America","58","Gross Production Value (constant 2014-2016 thousand US$)","0141","Soya beans","2014","2014","1000 USD","37336003","E","Estimated value"
"QV","Value of Agricultural Production","840","United States of America","58","Gross Production Value (constant 2014-2016 thousand US$)","0141","Soya beans","2015","2015","1000 USD","37362576","E","Estimated value"
"QV","Value of Agricultural Production","840","United States of America","58","Gross Production Value (constant 2014-2016 thousand US$)","0141","Soya beans","2016","2016","1000 USD","40848071","E","Estimated value"
"QV","Value of Agricultural Production","840","United States of America","58","Gross Production Value (constant 2014-2016 thousand US$)","0141","Soya beans","2017","2017","1000 USD","41942696","E","Estimated value"
"QV","Value of Agricultural Production","840","United States of America","58","Gross Production Value (constant 2014-2016 thousand US$)","0141","Soya beans","2018","2018","1000 USD","42099729","E","Estimated value"
"QV","Value of Agricultural Production","840","United States of America","58","Gross Production Value (constant 2014-2016 thousand US$)","0141","Soya beans","2019","2019","1000 USD","33769037","E","Estimated value"
"QV","Value of Agricultural Production","840","United States of America","58","Gross Production Value (constant 2014-2016 thousand US$)","0141","Soya beans","2020","2020","1000 USD","40085630","E","Estimated value"
"QV","Value of Agricultural Production","840","United States of America","58","Gross Production Value (constant 2014-2016 thousand US$)","0141","Soya beans","2021","2021","1000 USD","42445258","E","Estimated value"
"QV","Value of Agricultural Production","840","United States of America","58","Gross Production Value (constant 2014-2016 thousand US$)","0141","Soya beans","2022","2022","1000 USD","40599772","E","Estimated value"
"QV","Value of Agricultural Production","840","United States of America","58","Gross Production Value (constant 2014-2016 thousand US$)","0141","Soya beans","2023","2023","1000 USD","39569905","E","Estimated value"
"QV","Value of Agricultural Production","840","United States of America","58","Gross Production Value (constant 2014-2016 thousand US$)","0141","Soya beans","2024","2024","1000 USD","41513530","E","Estimated value"
"QV","Value of Agricultural Production","840","United States of America","58","Gross Production Value (constant 2014-2016 thousand US$)","0111","Wheat","2014","2014","1000 USD","9981629","E","Estimated value"
"QV","Value of Agricultural Production","840","United States of America","58","Gross Production Value (constant 2014-2016 thousand US$)","0111","Wheat","2015","2015","1000 USD","10106957","E","Estimated value"
"QV","Value of Agricultural Production","840","United States of America","58","Gross Production Value (constant 2014-2016 thousand US$)","0111","Wheat","2016","2016","1000 USD","11372503","E","Estimated value"
"QV","Value of Agricultural Production","840","United States of America","58","Gross Production Value (constant 2014-2016 thousand US$)","0111","Wheat","2017","2017","1000 USD","8575746","E","Estimated value"
"QV","Value of Agricultural Production","840","United States of America","58","Gross Production Value (constant 2014-2016 thousand US$)","0111","Wheat","2018","2018","1000 USD","9286303","E","Estimated value"
"QV","Value of Agricultural Production","840","United States of America","58","Gross Production Value (constant 2014-2016 thousand US$)","0111","Wheat","2019","2019","1000 USD","9517141","E","Estimated value"
"QV","Value of Agricultural Production","840","United States of America","58","Gross Production Value (constant 2014-2016 thousand US$)","0111","Wheat","2020","2020","1000 USD","9004964","E","Estimated value"
"QV","Value of Agricultural Production","840","United States of America","58","Gross Production Value (constant 2014-2016 thousand US$)","0111","Wheat","2021","2021","1000 USD","8109468","E","Estimated value"
"QV","Value of Agricultural Production","840","United States of America","58","Gross Production Value (constant 2014-2016 thousand US$)","0111","Wheat","2022","2022","1000 USD","8126507","E","Estimated value"
"QV","Value of Agricultural Production","840","United States of America","58","Gross Production Value (constant 2014-2016 thousand US$)","0111","Wheat","2023","2023","1000 USD","8925821","E","Estimated value"
"QV","Value of Agricultural Production","840","United States of America","58","Gross Production Value (constant 2014-2016 thousand US$)","0111","Wheat","2024","2024","1000 USD","9710654","E","Estimated value"
"QV","Value of Agricultural Production","858","Uruguay","58","Gross Production Value (constant 2014-2016 thousand US$)","0112","Maize (corn)","2014","2014","1000 USD","117729","E","Estimated value"
"QV","Value of Agricultural Production","858","Uruguay","58","Gross Production Value (constant 2014-2016 thousand US$)","0112","Maize (corn)","2015","2015","1000 USD","99898","E","Estimated value"
"QV","Value of Agricultural Production","858","Uruguay","58","Gross Production Value (constant 2014-2016 thousand US$)","0112","Maize (corn)","2016","2016","1000 USD","101566","E","Estimated value"
"QV","Value of Agricultural Production","858","Uruguay","58","Gross Production Value (constant 2014-2016 thousand US$)","0112","Maize (corn)","2017","2017","1000 USD","98229","E","Estimated value"
"QV","Value of Agricultural Production","858","Uruguay","58","Gross Production Value (constant 2014-2016 thousand US$)","0112","Maize (corn)","2018","2018","1000 USD","64443","E","Estimated value"
"QV","Value of Agricultural Production","858","Uruguay","58","Gross Production Value (constant 2014-2016 thousand US$)","0112","Maize (corn)","2019","2019","1000 USD","170181","E","Estimated value"
"QV","Value of Agricultural Production","858","Uruguay","58","Gross Production Value (constant 2014-2016 thousand US$)","0112","Maize (corn)","2020","2020","1000 USD","159148","E","Estimated value"
"QV","Value of Agricultural Production","858","Uruguay","58","Gross Production Value (constant 2014-2016 thousand US$)","0112","Maize (corn)","2021","2021","1000 USD","160483","E","Estimated value"
"QV","Value of Agricultural Production","858","Uruguay","58","Gross Production Value (constant 2014-2016 thousand US$)","0112","Maize (corn)","2022","2022","1000 USD","183111","E","Estimated value"
"QV","Value of Agricultural Production","858","Uruguay","58","Gross Production Value (constant 2014-2016 thousand US$)","0112","Maize (corn)","2023","2023","1000 USD","55455","E","Estimated value"
"QV","Value of Agricultural Production","858","Uruguay","58","Gross Production Value (constant 2014-2016 thousand US$)","0112","Maize (corn)","2024","2024","1000 USD","121308","E","Estimated value"
"QV","Value of Agricultural Production","858","Uruguay","58","Gross Production Value (constant 2014-2016 thousand US$)","0113","Rice","2014","2014","1000 USD","308849","E","Estimated value"
"QV","Value of Agricultural Production","858","Uruguay","58","Gross Production Value (constant 2014-2016 thousand US$)","0113","Rice","2015","2015","1000 USD","319799","E","Estimated value"
"QV","Value of Agricultural Production","858","Uruguay","58","Gross Production Value (constant 2014-2016 thousand US$)","0113","Rice","2016","2016","1000 USD","298856","E","Estimated value"
"QV","Value of Agricultural Production","858","Uruguay","58","Gross Production Value (constant 2014-2016 thousand US$)","0113","Rice","2017","2017","1000 USD","322887","E","Estimated value"
"QV","Value of Agricultural Production","858","Uruguay","58","Gross Production Value (constant 2014-2016 thousand US$)","0113","Rice","2018","2018","1000 USD","285645","E","Estimated value"
"QV","Value of Agricultural Production","858","Uruguay","58","Gross Production Value (constant 2014-2016 thousand US$)","0113","Rice","2019","2019","1000 USD","274879","E","Estimated value"
"QV","Value of Agricultural Production","858","Uruguay","58","Gross Production Value (constant 2014-2016 thousand US$)","0113","Rice","2020","2020","1000 USD","276940","E","Estimated value"
"QV","Value of Agricultural Production","858","Uruguay","58","Gross Production Value (constant 2014-2016 thousand US$)","0113","Rice","2021","2021","1000 USD","299847","E","Estimated value"
"QV","Value of Agricultural Production","858","Uruguay","58","Gross Production Value (constant 2014-2016 thousand US$)","0113","Rice","2022","2022","1000 USD","320211","E","Estimated value"
"QV","Value of Agricultural Production","858","Uruguay","58","Gross Production Value (constant 2014-2016 thousand US$)","0113","Rice","2023","2023","1000 USD","314438","E","Estimated value"
"QV","Value of Agricultural Production","858","Uruguay","58","Gross Production Value (constant 2014-2016 thousand US$)","0113","Rice","2024","2024","1000 USD","299137","E","Estimated value"
"QV","Value of Agricultural Production","858","Uruguay","58","Gross Production Value (constant 2014-2016 thousand US$)","0141","Soya beans","2014","2014","1000 USD","1221436","E","Estimated value"
"QV","Value of Agricultural Production","858","Uruguay","58","Gross Production Value (constant 2014-2016 thousand US$)","0141","Soya beans","2015","2015","1000 USD","1200660","E","Estimated value"
"QV","Value of Agricultural Production","858","Uruguay","58","Gross Production Value (constant 2014-2016 thousand US$)","0141","Soya beans","2016","2016","1000 USD","852704","E","Estimated value"
"QV","Value of Agricultural Production","858","Uruguay","58","Gross Production Value (constant 2014-2016 thousand US$)","0141","Soya beans","2017","2017","1000 USD","1240437","E","Estimated value"
"QV","Value of Agricultural Production","858","Uruguay","58","Gross Production Value (constant 2014-2016 thousand US$)","0141","Soya beans","2018","2018","1000 USD","515175","E","Estimated value"
"QV","Value of Agricultural Production","858","Uruguay","58","Gross Production Value (constant 2014-2016 thousand US$)","0141","Soya beans","2019","2019","1000 USD","1092141","E","Estimated value"
"QV","Value of Agricultural Production","858","Uruguay","58","Gross Production Value (constant 2014-2016 thousand US$)","0141","Soya beans","2020","2020","1000 USD","768515","E","Estimated value"
"QV","Value of Agricultural Production","858","Uruguay","58","Gross Production Value (constant 2014-2016 thousand US$)","0141","Soya beans","2021","2021","1000 USD","659223","E","Estimated value"
"QV","Value of Agricultural Production","858","Uruguay","58","Gross Production Value (constant 2014-2016 thousand US$)","0141","Soya beans","2022","2022","1000 USD","1072136","E","Estimated value"
"QV","Value of Agricultural Production","858","Uruguay","58","Gross Production Value (constant 2014-2016 thousand US$)","0141","Soya beans","2023","2023","1000 USD","250173","E","Estimated value"
"QV","Value of Agricultural Production","858","Uruguay","58","Gross Production Value (constant 2014-2016 thousand US$)","0141","Soya beans","2024","2024","1000 USD","1183667","E","Estimated value"
"QV","Value of Agricultural Production","858","Uruguay","58","Gross Production Value (constant 2014-2016 thousand US$)","0111","Wheat","2014","2014","1000 USD","301622","E","Estimated value"
"QV","Value of Agricultural Production","858","Uruguay","58","Gross Production Value (constant 2014-2016 thousand US$)","0111","Wheat","2015","2015","1000 USD","211734","E","Estimated value"
"QV","Value of Agricultural Production","858","Uruguay","58","Gross Production Value (constant 2014-2016 thousand US$)","0111","Wheat","2016","2016","1000 USD","234364","E","Estimated value"
"QV","Value of Agricultural Production","858","Uruguay","58","Gross Production Value (constant 2014-2016 thousand US$)","0111","Wheat","2017","2017","1000 USD","148962","E","Estimated value"
"QV","Value of Agricultural Production","858","Uruguay","58","Gross Production Value (constant 2014-2016 thousand US$)","0111","Wheat","2018","2018","1000 USD","86583","E","Estimated value"
"QV","Value of Agricultural Production","858","Uruguay","58","Gross Production Value (constant 2014-2016 thousand US$)","0111","Wheat","2019","2019","1000 USD","143176","E","Estimated value"
"QV","Value of Agricultural Production","858","Uruguay","58","Gross Production Value (constant 2014-2016 thousand US$)","0111","Wheat","2020","2020","1000 USD","152760","E","Estimated value"
"QV","Value of Agricultural Production","858","Uruguay","58","Gross Production Value (constant 2014-2016 thousand US$)","0111","Wheat","2021","2021","1000 USD","184264","E","Estimated value"
"QV","Value of Agricultural Production","858","Uruguay","58","Gross Production Value (constant 2014-2016 thousand US$)","0111","Wheat","2022","2022","1000 USD","252487","E","Estimated value"
"QV","Value of Agricultural Production","858","Uruguay","58","Gross Production Value (constant 2014-2016 thousand US$)","0111","Wheat","2023","2023","1000 USD","264432","E","Estimated value"
"QV","Value of Agricultural Production","858","Uruguay","58","Gross Production Value (constant 2014-2016 thousand US$)","0111","Wheat","2024","2024","1000 USD","254911","E","Estimated value"
"QV","Value of Agricultural Production","548","Vanuatu","58","Gross Production Value (constant 2014-2016 thousand US$)","0112","Maize (corn)","2014","2014","1000 USD","1301","E","Estimated value"
"QV","Value of Agricultural Production","548","Vanuatu","58","Gross Production Value (constant 2014-2016 thousand US$)","0112","Maize (corn)","2015","2015","1000 USD","1277","E","Estimated value"
"QV","Value of Agricultural Production","548","Vanuatu","58","Gross Production Value (constant 2014-2016 thousand US$)","0112","Maize (corn)","2016","2016","1000 USD","1297","E","Estimated value"
"QV","Value of Agricultural Production","548","Vanuatu","58","Gross Production Value (constant 2014-2016 thousand US$)","0112","Maize (corn)","2017","2017","1000 USD","1322","E","Estimated value"
"QV","Value of Agricultural Production","548","Vanuatu","58","Gross Production Value (constant 2014-2016 thousand US$)","0112","Maize (corn)","2018","2018","1000 USD","1340","E","Estimated value"
"QV","Value of Agricultural Production","548","Vanuatu","58","Gross Production Value (constant 2014-2016 thousand US$)","0112","Maize (corn)","2019","2019","1000 USD","1363","E","Estimated value"
"QV","Value of Agricultural Production","548","Vanuatu","58","Gross Production Value (constant 2014-2016 thousand US$)","0112","Maize (corn)","2020","2020","1000 USD","1382","E","Estimated value"
"QV","Value of Agricultural Production","548","Vanuatu","58","Gross Production Value (constant 2014-2016 thousand US$)","0112","Maize (corn)","2021","2021","1000 USD","1399","E","Estimated value"
"QV","Value of Agricultural Production","548","Vanuatu","58","Gross Production Value (constant 2014-2016 thousand US$)","0112","Maize (corn)","2022","2022","1000 USD","1441","E","Estimated value"
"QV","Value of Agricultural Production","548","Vanuatu","58","Gross Production Value (constant 2014-2016 thousand US$)","0112","Maize (corn)","2023","2023","1000 USD","1438","E","Estimated value"
"QV","Value of Agricultural Production","548","Vanuatu","58","Gross Production Value (constant 2014-2016 thousand US$)","0112","Maize (corn)","2024","2024","1000 USD","1441","E","Estimated value"
"QV","Value of Agricultural Production","862","Venezuela (Bolivarian Republic of)","58","Gross Production Value (constant 2014-2016 thousand US$)","0112","Maize (corn)","2014","2014","1000 USD","24825529","E","Estimated value"
"QV","Value of Agricultural Production","862","Venezuela (Bolivarian Republic of)","58","Gross Production Value (constant 2014-2016 thousand US$)","0113","Rice","2014","2014","1000 USD","6777510","E","Estimated value"
"QV","Value of Agricultural Production","862","Venezuela (Bolivarian Republic of)","58","Gross Production Value (constant 2014-2016 thousand US$)","0141","Soya beans","2014","2014","1000 USD","4426","E","Estimated value"
"QV","Value of Agricultural Production","862","Venezuela (Bolivarian Republic of)","58","Gross Production Value (constant 2014-2016 thousand US$)","0111","Wheat","2014","2014","1000 USD","1120","E","Estimated value"
"QV","Value of Agricultural Production","704","Viet Nam","58","Gross Production Value (constant 2014-2016 thousand US$)","0112","Maize (corn)","2014","2014","1000 USD","1648587","E","Estimated value"
"QV","Value of Agricultural Production","704","Viet Nam","58","Gross Production Value (constant 2014-2016 thousand US$)","0112","Maize (corn)","2015","2015","1000 USD","1675442","E","Estimated value"
"QV","Value of Agricultural Production","704","Viet Nam","58","Gross Production Value (constant 2014-2016 thousand US$)","0112","Maize (corn)","2016","2016","1000 USD","1661778","E","Estimated value"
"QV","Value of Agricultural Production","704","Viet Nam","58","Gross Production Value (constant 2014-2016 thousand US$)","0112","Maize (corn)","2017","2017","1000 USD","1619197","E","Estimated value"
"QV","Value of Agricultural Production","704","Viet Nam","58","Gross Production Value (constant 2014-2016 thousand US$)","0112","Maize (corn)","2018","2018","1000 USD","1544504","E","Estimated value"
"QV","Value of Agricultural Production","704","Viet Nam","58","Gross Production Value (constant 2014-2016 thousand US$)","0112","Maize (corn)","2019","2019","1000 USD","1499537","E","Estimated value"
"QV","Value of Agricultural Production","704","Viet Nam","58","Gross Production Value (constant 2014-2016 thousand US$)","0112","Maize (corn)","2020","2020","1000 USD","1444386","E","Estimated value"
"QV","Value of Agricultural Production","704","Viet Nam","58","Gross Production Value (constant 2014-2016 thousand US$)","0112","Maize (corn)","2021","2021","1000 USD","1408983","E","Estimated value"
"QV","Value of Agricultural Production","704","Viet Nam","58","Gross Production Value (constant 2014-2016 thousand US$)","0112","Maize (corn)","2022","2022","1000 USD","1401685","E","Estimated value"
"QV","Value of Agricultural Production","704","Viet Nam","58","Gross Production Value (constant 2014-2016 thousand US$)","0112","Maize (corn)","2023","2023","1000 USD","1406079","E","Estimated value"
"QV","Value of Agricultural Production","704","Viet Nam","58","Gross Production Value (constant 2014-2016 thousand US$)","0112","Maize (corn)","2024","2024","1000 USD","1394973","E","Estimated value"
"QV","Value of Agricultural Production","704","Viet Nam","58","Gross Production Value (constant 2014-2016 thousand US$)","0113","Rice","2014","2014","1000 USD","13207636","E","Estimated value"
"QV","Value of Agricultural Production","704","Viet Nam","58","Gross Production Value (constant 2014-2016 thousand US$)","0113","Rice","2015","2015","1000 USD","13241806","E","Estimated value"
"QV","Value of Agricultural Production","704","Viet Nam","58","Gross Production Value (constant 2014-2016 thousand US$)","0113","Rice","2016","2016","1000 USD","12660762","E","Estimated value"
"QV","Value of Agricultural Production","704","Viet Nam","58","Gross Production Value (constant 2014-2016 thousand US$)","0113","Rice","2017","2017","1000 USD","12558469","E","Estimated value"
"QV","Value of Agricultural Production","704","Viet Nam","58","Gross Production Value (constant 2014-2016 thousand US$)","0113","Rice","2018","2018","1000 USD","12935122","E","Estimated value"
"QV","Value of Agricultural Production","704","Viet Nam","58","Gross Production Value (constant 2014-2016 thousand US$)","0113","Rice","2019","2019","1000 USD","12773379","E","Estimated value"
"QV","Value of Agricultural Production","704","Viet Nam","58","Gross Production Value (constant 2014-2016 thousand US$)","0113","Rice","2020","2020","1000 USD","12558855","E","Estimated value"
"QV","Value of Agricultural Production","704","Viet Nam","58","Gross Production Value (constant 2014-2016 thousand US$)","0113","Rice","2021","2021","1000 USD","12878290","E","Estimated value"
"QV","Value of Agricultural Production","704","Viet Nam","58","Gross Production Value (constant 2014-2016 thousand US$)","0113","Rice","2022","2022","1000 USD","12528254","E","Estimated value"
"QV","Value of Agricultural Production","704","Viet Nam","58","Gross Production Value (constant 2014-2016 thousand US$)","0113","Rice","2023","2023","1000 USD","12774006","E","Estimated value"
"QV","Value of Agricultural Production","704","Viet Nam","58","Gross Production Value (constant 2014-2016 thousand US$)","0113","Rice","2024","2024","1000 USD","12760152","E","Estimated value"
"QV","Value of Agricultural Production","704","Viet Nam","58","Gross Production Value (constant 2014-2016 thousand US$)","0141","Soya beans","2014","2014","1000 USD","130378","E","Estimated value"
"QV","Value of Agricultural Production","704","Viet Nam","58","Gross Production Value (constant 2014-2016 thousand US$)","0141","Soya beans","2015","2015","1000 USD","121876","E","Estimated value"
"QV","Value of Agricultural Production","704","Viet Nam","58","Gross Production Value (constant 2014-2016 thousand US$)","0141","Soya beans","2016","2016","1000 USD","133832","E","Estimated value"
"QV","Value of Agricultural Production","704","Viet Nam","58","Gross Production Value (constant 2014-2016 thousand US$)","0141","Soya beans","2017","2017","1000 USD","84828","E","Estimated value"
"QV","Value of Agricultural Production","704","Viet Nam","58","Gross Production Value (constant 2014-2016 thousand US$)","0141","Soya beans","2018","2018","1000 USD","67749","E","Estimated value"
"QV","Value of Agricultural Production","704","Viet Nam","58","Gross Production Value (constant 2014-2016 thousand US$)","0141","Soya beans","2019","2019","1000 USD","64347","E","Estimated value"
"QV","Value of Agricultural Production","704","Viet Nam","58","Gross Production Value (constant 2014-2016 thousand US$)","0141","Soya beans","2020","2020","1000 USD","54471","E","Estimated value"
"QV","Value of Agricultural Production","704","Viet Nam","58","Gross Production Value (constant 2014-2016 thousand US$)","0141","Soya beans","2021","2021","1000 USD","49252","E","Estimated value"
"QV","Value of Agricultural Production","704","Viet Nam","58","Gross Production Value (constant 2014-2016 thousand US$)","0141","Soya beans","2022","2022","1000 USD","43429","E","Estimated value"
"QV","Value of Agricultural Production","704","Viet Nam","58","Gross Production Value (constant 2014-2016 thousand US$)","0141","Soya beans","2023","2023","1000 USD","40061","E","Estimated value"
"QV","Value of Agricultural Production","704","Viet Nam","58","Gross Production Value (constant 2014-2016 thousand US$)","0141","Soya beans","2024","2024","1000 USD","38416","E","Estimated value"
"QV","Value of Agricultural Production","887","Yemen","58","Gross Production Value (constant 2014-2016 thousand US$)","0112","Maize (corn)","2014","2014","1000 USD","50035","E","Estimated value"
"QV","Value of Agricultural Production","887","Yemen","58","Gross Production Value (constant 2014-2016 thousand US$)","0112","Maize (corn)","2015","2015","1000 USD","32523","E","Estimated value"
"QV","Value of Agricultural Production","887","Yemen","58","Gross Production Value (constant 2014-2016 thousand US$)","0112","Maize (corn)","2016","2016","1000 USD","28254","E","Estimated value"
"QV","Value of Agricultural Production","887","Yemen","58","Gross Production Value (constant 2014-2016 thousand US$)","0112","Maize (corn)","2017","2017","1000 USD","28251","E","Estimated value"
"QV","Value of Agricultural Production","887","Yemen","58","Gross Production Value (constant 2014-2016 thousand US$)","0112","Maize (corn)","2018","2018","1000 USD","27907","E","Estimated value"
"QV","Value of Agricultural Production","887","Yemen","58","Gross Production Value (constant 2014-2016 thousand US$)","0112","Maize (corn)","2019","2019","1000 USD","36984","E","Estimated value"
"QV","Value of Agricultural Production","887","Yemen","58","Gross Production Value (constant 2014-2016 thousand US$)","0112","Maize (corn)","2020","2020","1000 USD","65986","E","Estimated value"
"QV","Value of Agricultural Production","887","Yemen","58","Gross Production Value (constant 2014-2016 thousand US$)","0112","Maize (corn)","2021","2021","1000 USD","72279","E","Estimated value"
"QV","Value of Agricultural Production","887","Yemen","58","Gross Production Value (constant 2014-2016 thousand US$)","0112","Maize (corn)","2022","2022","1000 USD","74001","E","Estimated value"
"QV","Value of Agricultural Production","887","Yemen","58","Gross Production Value (constant 2014-2016 thousand US$)","0112","Maize (corn)","2023","2023","1000 USD","45952","E","Estimated value"
"QV","Value of Agricultural Production","887","Yemen","58","Gross Production Value (constant 2014-2016 thousand US$)","0112","Maize (corn)","2024","2024","1000 USD","44420","E","Estimated value"
"QV","Value of Agricultural Production","887","Yemen","58","Gross Production Value (constant 2014-2016 thousand US$)","0111","Wheat","2014","2014","1000 USD","151571","E","Estimated value"
"QV","Value of Agricultural Production","887","Yemen","58","Gross Production Value (constant 2014-2016 thousand US$)","0111","Wheat","2015","2015","1000 USD","98521","E","Estimated value"
"QV","Value of Agricultural Production","887","Yemen","58","Gross Production Value (constant 2014-2016 thousand US$)","0111","Wheat","2016","2016","1000 USD","75635","E","Estimated value"
"QV","Value of Agricultural Production","887","Yemen","58","Gross Production Value (constant 2014-2016 thousand US$)","0111","Wheat","2017","2017","1000 USD","75425","E","Estimated value"
"QV","Value of Agricultural Production","887","Yemen","58","Gross Production Value (constant 2014-2016 thousand US$)","0111","Wheat","2018","2018","1000 USD","72712","E","Estimated value"
"QV","Value of Agricultural Production","887","Yemen","58","Gross Production Value (constant 2014-2016 thousand US$)","0111","Wheat","2019","2019","1000 USD","79117","E","Estimated value"
"QV","Value of Agricultural Production","887","Yemen","58","Gross Production Value (constant 2014-2016 thousand US$)","0111","Wheat","2020","2020","1000 USD","102511","E","Estimated value"
"QV","Value of Agricultural Production","887","Yemen","58","Gross Production Value (constant 2014-2016 thousand US$)","0111","Wheat","2021","2021","1000 USD","91427","E","Estimated value"
"QV","Value of Agricultural Production","887","Yemen","58","Gross Production Value (constant 2014-2016 thousand US$)","0111","Wheat","2022","2022","1000 USD","78855","E","Estimated value"
"QV","Value of Agricultural Production","887","Yemen","58","Gross Production Value (constant 2014-2016 thousand US$)","0111","Wheat","2023","2023","1000 USD","78855","E","Estimated value"
"QV","Value of Agricultural Production","887","Yemen","58","Gross Production Value (constant 2014-2016 thousand US$)","0111","Wheat","2024","2024","1000 USD","77278","E","Estimated value"
"QV","Value of Agricultural Production","894","Zambia","58","Gross Production Value (constant 2014-2016 thousand US$)","0112","Maize (corn)","2014","2014","1000 USD","532282","E","Estimated value"
"QV","Value of Agricultural Production","894","Zambia","58","Gross Production Value (constant 2014-2016 thousand US$)","0112","Maize (corn)","2015","2015","1000 USD","415926","E","Estimated value"
"QV","Value of Agricultural Production","894","Zambia","58","Gross Production Value (constant 2014-2016 thousand US$)","0112","Maize (corn)","2016","2016","1000 USD","456408","E","Estimated value"
"QV","Value of Agricultural Production","894","Zambia","58","Gross Production Value (constant 2014-2016 thousand US$)","0112","Maize (corn)","2017","2017","1000 USD","572930","E","Estimated value"
"QV","Value of Agricultural Production","894","Zambia","58","Gross Production Value (constant 2014-2016 thousand US$)","0112","Maize (corn)","2018","2018","1000 USD","380451","E","Estimated value"
"QV","Value of Agricultural Production","894","Zambia","58","Gross Production Value (constant 2014-2016 thousand US$)","0112","Maize (corn)","2019","2019","1000 USD","318414","E","Estimated value"
"QV","Value of Agricultural Production","894","Zambia","58","Gross Production Value (constant 2014-2016 thousand US$)","0112","Maize (corn)","2020","2020","1000 USD","538128","E","Estimated value"
"QV","Value of Agricultural Production","894","Zambia","58","Gross Production Value (constant 2014-2016 thousand US$)","0112","Maize (corn)","2021","2021","1000 USD","575106","E","Estimated value"
"QV","Value of Agricultural Production","894","Zambia","58","Gross Production Value (constant 2014-2016 thousand US$)","0112","Maize (corn)","2022","2022","1000 USD","429909","E","Estimated value"
"QV","Value of Agricultural Production","894","Zambia","58","Gross Production Value (constant 2014-2016 thousand US$)","0112","Maize (corn)","2023","2023","1000 USD","518146","E","Estimated value"
"QV","Value of Agricultural Production","894","Zambia","58","Gross Production Value (constant 2014-2016 thousand US$)","0112","Maize (corn)","2024","2024","1000 USD","240058","E","Estimated value"
"QV","Value of Agricultural Production","894","Zambia","58","Gross Production Value (constant 2014-2016 thousand US$)","0113","Rice","2014","2014","1000 USD","63533","E","Estimated value"
"QV","Value of Agricultural Production","894","Zambia","58","Gross Production Value (constant 2014-2016 thousand US$)","0113","Rice","2015","2015","1000 USD","32655","E","Estimated value"
"QV","Value of Agricultural Production","894","Zambia","58","Gross Production Value (constant 2014-2016 thousand US$)","0113","Rice","2016","2016","1000 USD","34141","E","Estimated value"
"QV","Value of Agricultural Production","894","Zambia","58","Gross Production Value (constant 2014-2016 thousand US$)","0113","Rice","2017","2017","1000 USD","49176","E","Estimated value"
"QV","Value of Agricultural Production","894","Zambia","58","Gross Production Value (constant 2014-2016 thousand US$)","0113","Rice","2018","2018","1000 USD","55115","E","Estimated value"
"QV","Value of Agricultural Production","894","Zambia","58","Gross Production Value (constant 2014-2016 thousand US$)","0113","Rice","2019","2019","1000 USD","37864","E","Estimated value"
"QV","Value of Agricultural Production","894","Zambia","58","Gross Production Value (constant 2014-2016 thousand US$)","0113","Rice","2020","2020","1000 USD","44322","E","Estimated value"
"QV","Value of Agricultural Production","894","Zambia","58","Gross Production Value (constant 2014-2016 thousand US$)","0113","Rice","2021","2021","1000 USD","84313","E","Estimated value"
"QV","Value of Agricultural Production","894","Zambia","58","Gross Production Value (constant 2014-2016 thousand US$)","0113","Rice","2022","2022","1000 USD","79710","E","Estimated value"
"QV","Value of Agricultural Production","894","Zambia","58","Gross Production Value (constant 2014-2016 thousand US$)","0113","Rice","2023","2023","1000 USD","80222","E","Estimated value"
"QV","Value of Agricultural Production","894","Zambia","58","Gross Production Value (constant 2014-2016 thousand US$)","0113","Rice","2024","2024","1000 USD","31441","E","Estimated value"
"QV","Value of Agricultural Production","894","Zambia","58","Gross Production Value (constant 2014-2016 thousand US$)","0141","Soya beans","2014","2014","1000 USD","35274","E","Estimated value"
"QV","Value of Agricultural Production","894","Zambia","58","Gross Production Value (constant 2014-2016 thousand US$)","0141","Soya beans","2015","2015","1000 USD","37274","E","Estimated value"
"QV","Value of Agricultural Production","894","Zambia","58","Gross Production Value (constant 2014-2016 thousand US$)","0141","Soya beans","2016","2016","1000 USD","44053","E","Estimated value"
"QV","Value of Agricultural Production","894","Zambia","58","Gross Production Value (constant 2014-2016 thousand US$)","0141","Soya beans","2017","2017","1000 USD","57875","E","Estimated value"
"QV","Value of Agricultural Production","894","Zambia","58","Gross Production Value (constant 2014-2016 thousand US$)","0141","Soya beans","2018","2018","1000 USD","49855","E","Estimated value"
"QV","Value of Agricultural Production","894","Zambia","58","Gross Production Value (constant 2014-2016 thousand US$)","0141","Soya beans","2019","2019","1000 USD","46342","E","Estimated value"
"QV","Value of Agricultural Production","894","Zambia","58","Gross Production Value (constant 2014-2016 thousand US$)","0141","Soya beans","2020","2020","1000 USD","48891","E","Estimated value"
"QV","Value of Agricultural Production","894","Zambia","58","Gross Production Value (constant 2014-2016 thousand US$)","0141","Soya beans","2021","2021","1000 USD","67707","E","Estimated value"
"QV","Value of Agricultural Production","894","Zambia","58","Gross Production Value (constant 2014-2016 thousand US$)","0141","Soya beans","2022","2022","1000 USD","78287","E","Estimated value"
"QV","Value of Agricultural Production","894","Zambia","58","Gross Production Value (constant 2014-2016 thousand US$)","0141","Soya beans","2023","2023","1000 USD","125177","E","Estimated value"
"QV","Value of Agricultural Production","894","Zambia","58","Gross Production Value (constant 2014-2016 thousand US$)","0141","Soya beans","2024","2024","1000 USD","27948","E","Estimated value"
"QV","Value of Agricultural Production","716","Zimbabwe","58","Gross Production Value (constant 2014-2016 thousand US$)","0112","Maize (corn)","2014","2014","1000 USD","354234","E","Estimated value"
"QV","Value of Agricultural Production","716","Zimbabwe","58","Gross Production Value (constant 2014-2016 thousand US$)","0112","Maize (corn)","2015","2015","1000 USD","233548","E","Estimated value"
"QV","Value of Agricultural Production","716","Zimbabwe","58","Gross Production Value (constant 2014-2016 thousand US$)","0112","Maize (corn)","2016","2016","1000 USD","185960","E","Estimated value"
"QV","Value of Agricultural Production","716","Zimbabwe","58","Gross Production Value (constant 2014-2016 thousand US$)","0112","Maize (corn)","2017","2017","1000 USD","556834","E","Estimated value"
"QV","Value of Agricultural Production","716","Zimbabwe","58","Gross Production Value (constant 2014-2016 thousand US$)","0112","Maize (corn)","2018","2018","1000 USD","566836","E","Estimated value"
"QV","Value of Agricultural Production","716","Zimbabwe","58","Gross Production Value (constant 2014-2016 thousand US$)","0112","Maize (corn)","2019","2019","1000 USD","281211","E","Estimated value"
"QV","Value of Agricultural Production","716","Zimbabwe","58","Gross Production Value (constant 2014-2016 thousand US$)","0112","Maize (corn)","2020","2020","1000 USD","436853","E","Estimated value"
"QV","Value of Agricultural Production","716","Zimbabwe","58","Gross Production Value (constant 2014-2016 thousand US$)","0112","Maize (corn)","2021","2021","1000 USD","533978","E","Estimated value"
"QV","Value of Agricultural Production","716","Zimbabwe","58","Gross Production Value (constant 2014-2016 thousand US$)","0112","Maize (corn)","2022","2022","1000 USD","315773","E","Estimated value"
"QV","Value of Agricultural Production","716","Zimbabwe","58","Gross Production Value (constant 2014-2016 thousand US$)","0112","Maize (corn)","2023","2023","1000 USD","370939","E","Estimated value"
"QV","Value of Agricultural Production","716","Zimbabwe","58","Gross Production Value (constant 2014-2016 thousand US$)","0112","Maize (corn)","2024","2024","1000 USD","230607","E","Estimated value"
"QV","Value of Agricultural Production","716","Zimbabwe","58","Gross Production Value (constant 2014-2016 thousand US$)","0141","Soya beans","2014","2014","1000 USD","39706","E","Estimated value"
"QV","Value of Agricultural Production","716","Zimbabwe","58","Gross Production Value (constant 2014-2016 thousand US$)","0141","Soya beans","2015","2015","1000 USD","23251","E","Estimated value"
"QV","Value of Agricultural Production","716","Zimbabwe","58","Gross Production Value (constant 2014-2016 thousand US$)","0141","Soya beans","2016","2016","1000 USD","26584","E","Estimated value"
"QV","Value of Agricultural Production","716","Zimbabwe","58","Gross Production Value (constant 2014-2016 thousand US$)","0141","Soya beans","2017","2017","1000 USD","20306","E","Estimated value"
"QV","Value of Agricultural Production","716","Zimbabwe","58","Gross Production Value (constant 2014-2016 thousand US$)","0141","Soya beans","2018","2018","1000 USD","38793","E","Estimated value"
"QV","Value of Agricultural Production","716","Zimbabwe","58","Gross Production Value (constant 2014-2016 thousand US$)","0141","Soya beans","2019","2019","1000 USD","12827","E","Estimated value"
"QV","Value of Agricultural Production","716","Zimbabwe","58","Gross Production Value (constant 2014-2016 thousand US$)","0141","Soya beans","2020","2020","1000 USD","33209","E","Estimated value"
"QV","Value of Agricultural Production","716","Zimbabwe","58","Gross Production Value (constant 2014-2016 thousand US$)","0141","Soya beans","2021","2021","1000 USD","30285","E","Estimated value"
"QV","Value of Agricultural Production","716","Zimbabwe","58","Gross Production Value (constant 2014-2016 thousand US$)","0141","Soya beans","2022","2022","1000 USD","30163","E","Estimated value"
"QV","Value of Agricultural Production","716","Zimbabwe","58","Gross Production Value (constant 2014-2016 thousand US$)","0141","Soya beans","2023","2023","1000 USD","39523","E","Estimated value"
"QV","Value of Agricultural Production","716","Zimbabwe","58","Gross Production Value (constant 2014-2016 thousand US$)","0141","Soya beans","2024","2024","1000 USD","38572","E","Estimated value"
"QV","Value of Agricultural Production","716","Zimbabwe","58","Gross Production Value (constant 2014-2016 thousand US$)","0111","Wheat","2014","2014","1000 USD","19547","E","Estimated value"
"QV","Value of Agricultural Production","716","Zimbabwe","58","Gross Production Value (constant 2014-2016 thousand US$)","0111","Wheat","2015","2015","1000 USD","22138","E","Estimated value"
"QV","Value of Agricultural Production","716","Zimbabwe","58","Gross Production Value (constant 2014-2016 thousand US$)","0111","Wheat","2016","2016","1000 USD","20528","E","Estimated value"
"QV","Value of Agricultural Production","716","Zimbabwe","58","Gross Production Value (constant 2014-2016 thousand US$)","0111","Wheat","2017","2017","1000 USD","18919","E","Estimated value"
"QV","Value of Agricultural Production","716","Zimbabwe","58","Gross Production Value (constant 2014-2016 thousand US$)","0111","Wheat","2018","2018","1000 USD","21990","E","Estimated value"
"QV","Value of Agricultural Production","716","Zimbabwe","58","Gross Production Value (constant 2014-2016 thousand US$)","0111","Wheat","2019","2019","1000 USD","46269","E","Estimated value"
"QV","Value of Agricultural Production","716","Zimbabwe","58","Gross Production Value (constant 2014-2016 thousand US$)","0111","Wheat","2020","2020","1000 USD","103856","E","Estimated value"
"QV","Value of Agricultural Production","716","Zimbabwe","58","Gross Production Value (constant 2014-2016 thousand US$)","0111","Wheat","2021","2021","1000 USD","164784","E","Estimated value"
"QV","Value of Agricultural Production","716","Zimbabwe","58","Gross Production Value (constant 2014-2016 thousand US$)","0111","Wheat","2022","2022","1000 USD","122167","E","Estimated value"
"QV","Value of Agricultural Production","716","Zimbabwe","58","Gross Production Value (constant 2014-2016 thousand US$)","0111","Wheat","2023","2023","1000 USD","227719","E","Estimated value"
"QV","Value of Agricultural Production","716","Zimbabwe","58","Gross Production Value (constant 2014-2016 thousand US$)","0111","Wheat","2024","2024","1000 USD","263880","E","Estimated value"
